prov,route,route.name,point,pointID,lat,long,obs,year,month,day,visit,visitID,start,cloud,temp,ppt,wind,dir,bkgd,both.prim.sec,spcd,bef,m1,m2,m3,m4,m5,lebi,yera.nesp,vira,sora,pbgr,m10.15,after,distance,prev_point,observationID,m0.5,m5.10,m10.15_secondary,max.count,af_of,duck_nM,duck_nF,n_young,notes
NB,28,Beech Lake,10,NB28-10,NA,NA,LEB,2021,7,14,2,NB28-10-02-LEB,8:28,8,NA,0,3,S,1,Y,PBGR,0,0,0,0,0,0,0,0,0,0,A,0,V,50-100,N,NA,NA,NA,NA,NA,NA,NA,NA,NA,
NB,28,Beech Lake,10,NB28-10,NA,NA,LEB,2021,7,14,2,NB28-10-02-LEB,8:28,8,NA,0,3,S,1,Y,AMBI,0,0,0,0,0,0,0,0,0,0,0,AV,0,50-100,N,NA,NA,NA,NA,NA,NA,NA,NA,NA,Croaking
NB,28,Beech Lake,6,NB28-06,NA,NA,LEB,2021,7,14,2,NB28-06-02-LEB,7:00,7,NA,0,0,NA,1,Y,VIRA,0,0,0,0,0,0,0,A,A,0,0,0,0,>100,N,NA,NA,NA,NA,NA,NA,NA,NA,NA,
NB,28,Beech Lake,5,NB28-05,NA,NA,LEB,2021,7,14,2,NB28-05-02-LEB,6:37,8,NA,0,1,SE,1,Y,PBGR,0,0,0,0,0,0,0,A,0,0,0,0,0,>100,N,NA,NA,NA,NA,NA,NA,NA,NA,NA,VERY distant!
NB,28,Beech Lake,4,NB28-04,NA,NA,LEB,2021,7,14,2,NB28-04-02-LEB,6:14,8,NA,0,0,NA,1,Y,AMBI,0,0,0,0,0,0,0,0,0,0,0,0,V,50-100,N,NA,NA,NA,NA,NA,NA,NA,NA,NA,
NB,28,Beech Lake,3,NB28-03,NA,NA,LEB,2021,7,14,2,NB28-03-02-LEB,5:52,8,NA,0,1,SE,0,Y,VIRA,0,0,0,0,0,0,0,0,0,0,0,AV,0,>100,N,NA,NA,NA,NA,NA,NA,NA,NA,NA,
NB,28,Beech Lake,1,NB28-01,NA,NA,LEB,2021,7,14,2,NB28-01-02-LEB,5:23,8,NA,0,2,SE,0,Y,VIRA,0,0,0,0,0,0,0,0,A,0,0,0,0,50-100,N,NA,NA,NA,NA,NA,NA,NA,NA,NA,
NB,28,Beech Lake,1,NB28-01,NA,NA,LEB,2021,7,14,2,NB28-01-02-LEB,5:23,8,NA,0,2,SE,0,Y,SORA,0,0,0,0,0,0,0,0,0,A,0,0,A,>100,N,NA,NA,NA,NA,NA,NA,NA,NA,NA,
NB,37,Westcock,1,NB37-01,NA,NA,KIO,2021,6,9,1,NB37-01-01-KIO,5:00,6,NA,0,1,W,1,Y,NESP,A,A,A,A,A,A,A,A,A,A,0,A,0,50-100,N,NA,NA,NA,NA,NA,NA,NA,NA,NA,Might be >4 total NESP
NB,37,Westcock,1,NB37-01,NA,NA,KIO,2021,6,9,1,NB37-01-01-KIO,5:00,6,NA,0,1,W,1,Y,NESP,A,A,A,A,A,A,A,A,A,A,0,A,0,50-100,N,NA,NA,NA,NA,NA,NA,NA,NA,NA,
NB,37,Westcock,1,NB37-01,NA,NA,KIO,2021,6,9,1,NB37-01-01-KIO,5:00,6,NA,0,1,W,1,Y,NESP,0,0,0,0,0,A,A,A,A,A,0,A,0,<50,N,NA,NA,NA,NA,NA,NA,NA,NA,NA,
NB,37,Westcock,1,NB37-01,NA,NA,KIO,2021,6,9,1,NB37-01-01-KIO,5:00,6,NA,0,1,W,1,Y,NESP,0,0,0,0,0,0,0,0,0,A,0,A,0,50-100,N,NA,NA,NA,NA,NA,NA,NA,NA,NA,Probably heard before but only now knew it was a 4th
NB,37,Westcock,1,NB37-01,NA,NA,KIO,2021,6,9,1,NB37-01-01-KIO,5:00,6,NA,0,1,W,1,Y,WILL,0,0,0,0,0,0,0,0,0,0,A,0,0,>100,N,NA,NA,NA,NA,NA,NA,NA,NA,NA,
NB,37,Westcock,2,NB37-02,NA,NA,KIO,2021,6,9,1,NB37-02-01-KIO,5:28,6,NA,0,1,W,1,Y,NESP,0,0,A,0,0,0,0,0,0,0,0,0,0,<50,N,NA,NA,NA,NA,NA,NA,NA,NA,NA,
NB,37,Westcock,2,NB37-02,NA,NA,KIO,2021,6,9,1,NB37-02-01-KIO,5:28,6,NA,0,1,W,1,Y,NESP,0,0,0,0,A,0,A,0,0,0,A,0,A,50-100,N,NA,NA,NA,NA,NA,NA,NA,NA,NA,
NB,37,Westcock,2,NB37-02,NA,NA,KIO,2021,6,9,1,NB37-02-01-KIO,5:28,6,NA,0,1,W,1,Y,NESP,0,0,0,0,0,0,0,A,0,0,A,0,A,50-100,N,NA,NA,NA,NA,NA,NA,NA,NA,NA,
NB,37,Westcock,2,NB37-02,NA,NA,KIO,2021,6,9,1,NB37-02-01-KIO,5:28,6,NA,0,1,W,1,Y,NESP,0,0,0,0,0,0,0,0,0,A,0,0,0,50-100,N,NA,NA,NA,NA,NA,NA,NA,NA,NA,
NB,37,Westcock,3,NB37-03,NA,NA,KIO,2021,6,9,1,NB37-03-01-KIO,5:50,10,NA,0,0,NA,1,Y,NESP,A,A,A,A,A,0,0,0,A,0,0,0,0,<50,N,NA,NA,NA,NA,NA,NA,NA,NA,NA,
NB,37,Westcock,3,NB37-03,NA,NA,KIO,2021,6,9,1,NB37-03-01-KIO,5:50,10,NA,0,0,NA,1,Y,NESP,0,A,A,A,0,0,A,0,0,A,0,A,0,<50,N,NA,NA,NA,NA,NA,NA,NA,NA,NA,
NB,37,Westcock,4,NB37-04,NA,NA,KIO,2021,6,9,1,NB37-04-01-KIO,6:12,10,NA,0,1,W,2,Y,NESP,A,0,0,0,0,0,0,0,0,0,0,A,0,<50,N,NA,NA,NA,NA,NA,NA,NA,NA,NA,
NB,37,Westcock,4,NB37-04,NA,NA,KIO,2021,6,9,1,NB37-04-01-KIO,6:12,10,NA,0,1,W,2,Y,NESP,0,A,A,A,0,0,0,0,A,0,0,A,A,<50,N,NA,NA,NA,NA,NA,NA,NA,NA,NA,
NB,37,Westcock,4,NB37-04,NA,NA,KIO,2021,6,9,1,NB37-04-01-KIO,6:12,10,NA,0,1,W,2,Y,NESP,0,A,A,A,0,A,0,A,0,0,0,A,0,<50,N,NA,NA,NA,NA,NA,NA,NA,NA,NA,Might be two
NB,37,Westcock,4,NB37-04,NA,NA,KIO,2021,6,9,1,NB37-04-01-KIO,6:12,10,NA,0,1,W,2,Y,NESP,0,0,0,A,0,A,0,A,A,0,0,0,0,50-100,N,NA,NA,NA,NA,NA,NA,NA,NA,NA,
NB,37,Westcock,5,NB37-05,NA,NA,KIO,2021,6,9,1,NB37-05-01-KIO,6:34,10,NA,0,1,W,2,Y,NESP,V,A,0,0,0,A,0,0,0,0,0,A,0,<50,N,NA,NA,NA,NA,NA,NA,NA,NA,NA,
NB,37,Westcock,5,NB37-05,NA,NA,KIO,2021,6,9,1,NB37-05-01-KIO,6:34,10,NA,0,1,W,2,Y,NESP,0,0,A,0,0,0,0,A,0,0,0,0,0,50-100,N,NA,NA,NA,NA,NA,NA,NA,NA,NA,
NB,37,Westcock,5,NB37-05,NA,NA,KIO,2021,6,9,1,NB37-05-01-KIO,6:34,10,NA,0,1,W,2,Y,NESP,0,0,0,0,A,0,A,V,V,V,V,AV,V,<50,N,NA,NA,NA,NA,NA,NA,NA,NA,NA,
NB,37,Westcock,5,NB37-05,NA,NA,KIO,2021,6,9,1,NB37-05-01-KIO,6:34,10,NA,0,1,W,2,Y,NESP,0,0,0,0,0,A,A,0,0,A,0,A,0,<50,N,NA,NA,NA,NA,NA,NA,NA,NA,NA,
NB,37,Westcock,5,NB37-05,NA,NA,KIO,2021,6,9,1,NB37-05-01-KIO,6:34,10,NA,0,1,W,2,Y,NESP,0,0,0,0,0,0,0,0,0,0,A,A,0,<50,N,NA,NA,NA,NA,NA,NA,NA,NA,NA,
NB,37,Westcock,6,NB37-06,NA,NA,KIO,2021,6,9,1,NB37-06-01-KIO,6:57,10,NA,0,0,NA,2,Y,NESP,0,A,A,A,A,A,A,0,0,0,0,0,0,<50,N,NA,NA,NA,NA,NA,NA,NA,NA,NA,
NB,37,Westcock,6,NB37-06,NA,NA,KIO,2021,6,9,1,NB37-06-01-KIO,6:57,10,NA,0,0,NA,2,Y,NESP,0,A,A,0,A,0,0,0,0,0,0,A,0,<50,N,NA,NA,NA,NA,NA,NA,NA,NA,NA,
NB,37,Westcock,6,NB37-06,NA,NA,KIO,2021,6,9,1,NB37-06-01-KIO,6:57,10,NA,0,0,NA,2,Y,NESP,0,0,A,0,0,0,A,A,0,0,A,0,0,<50,N,NA,NA,NA,NA,NA,NA,NA,NA,NA,
NB,37,Westcock,6,NB37-06,NA,NA,KIO,2021,6,9,1,NB37-06-01-KIO,6:57,10,NA,0,0,NA,2,Y,NESP,0,0,0,0,0,A,0,0,0,0,0,A,0,50-100,N,NA,NA,NA,NA,NA,NA,NA,NA,NA,
NB,37,Westcock,6,NB37-06,NA,NA,KIO,2021,6,9,1,NB37-06-01-KIO,6:57,10,NA,0,0,NA,2,Y,NESP,0,0,0,0,0,0,A,0,0,A,0,A,0,<50,N,NA,NA,NA,NA,NA,NA,NA,NA,NA,
NB,37,Westcock,7,NB37-07,NA,NA,KIO,2021,6,9,1,NB37-07-01-KIO,7:20,10,NA,0,1,W,3,Y,NESP,A,A,0,A,0,0,0,A,0,0,0,A,0,<50,N,NA,NA,NA,NA,NA,NA,NA,NA,NA,
NB,37,Westcock,7,NB37-07,NA,NA,KIO,2021,6,9,1,NB37-07-01-KIO,7:20,10,NA,0,1,W,3,Y,NESP,0,0,0,A,A,A,A,0,0,A,0,0,0,<50,N,NA,NA,NA,NA,NA,NA,NA,NA,NA,
NB,37,Westcock,7,NB37-07,NA,NA,KIO,2021,6,9,1,NB37-07-01-KIO,7:20,10,NA,0,1,W,3,Y,NESP,0,0,0,A,0,0,0,0,0,0,A,A,0,<50,N,NA,NA,NA,NA,NA,NA,NA,NA,NA,
NB,37,Westcock,7,NB37-07,NA,NA,KIO,2021,6,9,1,NB37-07-01-KIO,7:20,10,NA,0,1,W,3,Y,NESP,0,0,0,0,A,A,A,0,0,0,0,0,0,<50,N,NA,NA,NA,NA,NA,NA,NA,NA,NA,
NB,37,Westcock,7,NB37-07,NA,NA,KIO,2021,6,9,1,NB37-07-01-KIO,7:20,10,NA,0,1,W,3,Y,NESP,0,0,0,0,0,0,0,V,0,0,0,0,0,<50,N,NA,NA,NA,NA,NA,NA,NA,NA,NA,
NB,37,Westcock,8,NB37-08,NA,NA,KIO,2021,6,9,1,NB37-08-01-KIO,7:45,10,NA,0,2,W,1,Y,NESP,0,0,0,0,0,0,A,A,A,A,A,A,0,<50,N,NA,NA,NA,NA,NA,NA,NA,NA,NA,Might be >3
NB,37,Westcock,8,NB37-08,NA,NA,KIO,2021,6,9,1,NB37-08-01-KIO,7:45,10,NA,0,2,W,1,Y,NESP,0,0,0,0,0,0,0,A,0,0,0,A,A,50-100,N,NA,NA,NA,NA,NA,NA,NA,NA,NA,
NB,37,Westcock,8,NB37-08,NA,NA,KIO,2021,6,9,1,NB37-08-01-KIO,7:45,10,NA,0,2,W,1,Y,NESP,0,0,0,0,0,0,0,0,0,A,0,A,A,<50,N,NA,NA,NA,NA,NA,NA,NA,NA,NA,
NB,37,Westcock,9,NB37-09,NA,NA,KIO,2021,6,9,1,NB37-09-01-KIO,8:07,10,NA,0,1,W,1,Y,NESP,0,0,0,0,0,0,0,A,0,A,0,A,0,50-100,N,NA,NA,NA,NA,NA,NA,NA,NA,NA,
NB,37,Westcock,10,NB37-10,NA,NA,KIO,2021,6,9,1,NB37-10-01-KIO,8:29,8,NA,0,0,NA,1,Y,NESP,0,A,0,0,0,A,0,0,0,0,0,0,0,<50,N,NA,NA,NA,NA,NA,NA,NA,NA,NA,
NB,37,Westcock,10,NB37-10,NA,NA,KIO,2021,6,9,1,NB37-10-01-KIO,8:29,8,NA,0,0,NA,1,Y,NESP,0,A,0,0,0,0,0,A,0,0,0,0,0,<50,N,NA,NA,NA,NA,NA,NA,NA,NA,NA,
NB,37,Westcock,10,NB37-10,NA,NA,KIO,2021,6,9,1,NB37-10-01-KIO,8:29,8,NA,0,0,NA,1,Y,NESP,0,0,0,0,0,0,0,0,0,A,0,A,0,<50,N,NA,NA,NA,NA,NA,NA,NA,NA,NA,Could be one of the other 2 and just moved closer
NB,35,Beaubassin,1,NB35-01,NA,NA,KIO,2021,6,11,1,NB35-01-01-KIO,5:05,0,NA,1,1,SW,2,Y,PBGR,0,0,0,0,0,0,0,0,0,0,0,A,0,50-100,N,NA,NA,NA,NA,NA,NA,NA,NA,NA,
NB,35,Beaubassin,1,NB35-01,NA,NA,KIO,2021,6,11,1,NB35-01-01-KIO,5:05,0,NA,1,1,SW,2,Y,SORA,0,0,0,0,0,0,0,0,0,0,0,A,0,50-100,N,NA,NA,NA,NA,NA,NA,NA,NA,NA,
NB,35,Beaubassin,2,NB35-02,NA,NA,KIO,2021,6,11,1,NB35-02-01-KIO,5:36,1,NA,1,0,NA,3,Y,SORA,0,A,0,0,0,0,0,0,A,0,0,0,0,>100,Y,NA,NA,NA,NA,NA,NA,NA,NA,NA,
NB,35,Beaubassin,2,NB35-02,NA,NA,KIO,2021,6,11,1,NB35-02-01-KIO,5:36,1,NA,1,0,NA,3,Y,PBGR,0,0,0,0,0,A,0,0,0,0,0,0,0,>100,Y,NA,NA,NA,NA,NA,NA,NA,NA,NA,
NB,35,Beaubassin,3,NB35-03,NA,NA,KIO,2021,6,11,1,NB35-03-01-KIO,6:10,1,NA,0,2,SW,4,Y,SORA,0,0,0,0,0,0,0,A,0,0,0,0,0,50-100,N,NA,NA,NA,NA,NA,NA,NA,NA,NA,
NB,35,Beaubassin,3,NB35-03,NA,NA,KIO,2021,6,11,1,NB35-03-01-KIO,6:10,1,NA,0,2,SW,4,Y,SORA,0,0,0,0,0,0,0,0,0,A ,0,0,0,<50,N,NA,NA,NA,NA,NA,NA,NA,NA,NA,
NB,35,Beaubassin,3,NB35-03,NA,NA,KIO,2021,6,11,1,NB35-03-01-KIO,6:10,1,NA,0,2,SW,4,Y,VIRA,0,0,0,0,0,0,0,0,0,0,0,A,0,>100,N,NA,NA,NA,NA,NA,NA,NA,NA,NA,
NB,35,Beaubassin,4,NB35-04,NA,NA,KIO,2021,6,11,1,NB35-04-01-KIO,6:35,1,NA,0,1,SW,1,Y,PBGR,0,0,A,0,0,0,0,0,0,0,0,0,0,50-100,Y,NA,NA,NA,NA,NA,NA,NA,NA,NA,
NB,35,Beaubassin,4,NB35-04,NA,NA,KIO,2021,6,11,1,NB35-04-01-KIO,6:35,1,NA,0,1,SW,1,Y,PBGR,0,0,0,0,0,0,A,0,0,0,0,0,0,>100,N,NA,NA,NA,NA,NA,NA,NA,NA,NA,
NB,35,Beaubassin,4,NB35-04,NA,NA,KIO,2021,6,11,1,NB35-04-01-KIO,6:35,1,NA,0,1,SW,1,Y,VIRA,0,0,0,0,0,0,0,0,A,0,0,0,0,>100,Y,NA,NA,NA,NA,NA,NA,NA,NA,NA,
NB,35,Beaubassin,4,NB35-04,NA,NA,KIO,2021,6,11,1,NB35-04-01-KIO,6:35,1,NA,0,1,SW,1,Y,NESP,0,0,0,0,0,0,0,0,0,A,A,A,0,<50,N,NA,NA,NA,NA,NA,NA,NA,NA,NA,
NB,35,Beaubassin,4,NB35-04,NA,NA,KIO,2021,6,11,1,NB35-04-01-KIO,6:35,1,NA,0,1,SW,1,Y,SORA,,,,,,,,,,,,,,>100,Y,NA,NA,NA,NA,NA,NA,NA,NA,NA,Time periods not noted
NB,35,Beaubassin,5,NB35-05,NA,NA,KIO,2021,6,11,1,NB35-05-01-KIO,7:03,1,NA,0,2,SW,1,Y,SORA,0,0,0,0,0,0,0,A,0,0,0,0,0,>100,Y,NA,NA,NA,NA,NA,NA,NA,NA,NA,
NB,35,Beaubassin,5,NB35-05,NA,NA,KIO,2021,6,11,1,NB35-05-01-KIO,7:03,1,NA,0,2,SW,1,Y,NESP,0,0,0,0,0,0,0,0,0,A,0,0,0,<50,N,NA,NA,NA,NA,NA,NA,NA,NA,NA,
NB,35,Beaubassin,5,NB35-05,NA,NA,KIO,2021,6,11,1,NB35-05-01-KIO,7:03,1,NA,0,2,SW,1,Y,NESP,0,0,0,0,0,0,0,0,0,0,A,0,0,50-100,Y,NA,NA,NA,NA,NA,NA,NA,NA,NA,Assume it's the same individual as earlier
NB,35,Beaubassin,6,NB35-06,NA,NA,KIO,2021,6,11,1,NB35-06-01-KIO,7:30,1,NA,0,2,SW,0,Y,NESP,A,A,A,A,AV,AV,A,0,AV,AV,AV,AV,0,<50,N,NA,NA,NA,NA,NA,NA,NA,NA,NA,
NB,35,Beaubassin,6,NB35-06,NA,NA,KIO,2021,6,11,1,NB35-06-01-KIO,7:30,1,NA,0,2,SW,0,Y,NESP,A,A,A,A,0,0,0,0,0,0,0,0,0,<50,N,NA,NA,NA,NA,NA,NA,NA,NA,NA,
NB,35,Beaubassin,6,NB35-06,NA,NA,KIO,2021,6,11,1,NB35-06-01-KIO,7:30,1,NA,0,2,SW,0,Y,NESP,0,0,0,A,A,0,0,0,A,A,0,A,0,<50,N,NA,NA,NA,NA,NA,NA,NA,NA,NA,
NB,35,Beaubassin,7,NB35-07,NA,NA,KIO,2021,6,11,1,NB35-07-01-KIO,8:16,2,NA,0,4,SW,1,Y,PBGR,0,0,A,0,0,0,0,0,0,0,0,A,0,50-100,N,NA,NA,NA,NA,NA,NA,NA,NA,NA,
NB,38,Midgic,7,NB38-07,NA,NA,LMA,2021,7,14,2,NB38-07-02-LMA,8:34,6,NA,0,3,S,1,Y,VIRA,0,0,0,0,0,0,0,0,A,0,A,0,0,<50,N,NA,NA,NA,NA,NA,NA,NA,NA,NA,
NB,38,Midgic,6,NB38-06,NA,NA,LMA,2021,7,14,2,NB38-06-02-LMA,8:07,6,NA,0,1,var,1,Y,VIRA,0,0,0,0,0,0,0,0,A,0,A,A,0,<50,N,NA,NA,NA,NA,NA,NA,NA,NA,NA,
NB,38,Midgic,6,NB38-06,NA,NA,LMA,2021,7,14,2,NB38-06-02-LMA,8:07,6,NA,0,1,var,1,Y,AMBI,0,0,0,0,0,0,0,0,V,0,0,0,0,>100,Y,NA,NA,NA,NA,NA,NA,NA,NA,NA,Flying
NB,38,Midgic,6,NB38-06,NA,NA,LMA,2021,7,14,2,NB38-06-02-LMA,8:07,6,NA,0,1,var,1,Y,VIRA,0,0,0,0,0,0,0,0,0,A,0,0,0,50-100,Y,NA,NA,NA,NA,NA,NA,NA,NA,NA,
NB,38,Midgic,6,NB38-06,NA,NA,LMA,2021,7,14,2,NB38-06-02-LMA,8:07,6,NA,0,1,var,1,Y,PBGR,0,0,0,0,0,0,0,0,0,A,0,0,0,50-100,Y,NA,NA,NA,NA,NA,NA,NA,NA,NA,
NB,38,Midgic,5,NB38-05,NA,NA,LMA,2021,7,14,2,NB38-05-02-LMA,7:28,5,NA,0,2,SW,1,Y,AMBI,AV,0,0,0,0,0,0,0,0,0,0,0,0,<50,N,NA,NA,NA,NA,NA,NA,NA,NA,NA,
NB,38,Midgic,5,NB38-05,NA,NA,LMA,2021,7,14,2,NB38-05-02-LMA,7:28,5,NA,0,2,SW,1,Y,AMBI,A,0,0,0,0,0,0,0,0,0,0,0,0,<50,N,NA,NA,NA,NA,NA,NA,NA,NA,NA,
NB,38,Midgic,3,NB38-03,NA,NA,LMA,2021,7,14,2,NB38-03-02-LMA,6:34,6,NA,0,1,var,1,Y,NESP,0,0,0,0,0,0,0,0,0,0,0,A,0,>100,N,NA,NA,NA,NA,NA,NA,NA,NA,NA,
NB,38,Midgic,2,NB38-02,NA,NA,LMA,2021,7,14,2,NB38-02-02-LMA,6:05,7,NA,0,1,var,1,Y,PBGR,0,0,A,0,0,0,0,0,0,0,AV,AV,AV,<50,N,NA,NA,NA,NA,NA,NA,NA,NA,NA,Small calls
NB,38,Midgic,2,NB38-02,NA,NA,LMA,2021,7,14,2,NB38-02-02-LMA,6:05,7,NA,0,1,var,1,Y,PBGR,0,0,0,0,0,0,0,0,0,0,V,V,V,<50,N,NA,NA,NA,NA,NA,NA,NA,NA,NA,juvenile
NB,38,Midgic,2,NB38-02,NA,NA,LMA,2021,7,14,2,NB38-02-02-LMA,6:05,7,NA,0,1,var,1,Y,PBGR,0,0,0,0,0,0,0,0,0,0,V,V,V,<50,N,NA,NA,NA,NA,NA,NA,NA,NA,NA,juvenile
NB,38,Midgic,2,NB38-02,NA,NA,LMA,2021,7,14,2,NB38-02-02-LMA,6:05,7,NA,0,1,var,1,Y,PBGR,0,0,0,0,0,0,0,0,0,0,V,V,V,<50,N,NA,NA,NA,NA,NA,NA,NA,NA,NA,juvenile
NB,38,Midgic,1,NB38-01,NA,NA,LMA,2021,7,14,2,NB38-01-02-LMA,5:37,6,12,0,1,var,1,Y,SORA,0,0,0,0,0,0,0,0,0,A,0,0,0,>100,N,NA,NA,NA,NA,NA,NA,NA,NA,NA,
NB,38,Midgic,1,NB38-01,NA,NA,LMA,2021,7,14,2,NB38-01-02-LMA,5:37,6,12,0,1,var,1,Y,VIRA,0,0,0,0,0,0,0,0,0,0,0,A,0,>100,N,NA,NA,NA,NA,NA,NA,NA,NA,NA,
NB,35,Beaubassin,1,NB35-01,NA,NA,LEB,2021,7,13,2,NB35-01-02-LEB,5:36,2,11,0,3,NA,3,Y,SORA,0,0,0,0,0,0,0,0,A,A,0,0,0,<50,N,NA,NA,NA,NA,NA,NA,NA,NA,NA,
NB,35,Beaubassin,2,NB35-02,NA,NA,LEB,2021,7,13,2,NB35-02-02-LEB,6:09,1,12,0,1,E,4,Y,SORA,0,0,0,0,0,0,A,0,0,0,0,0,0,>100,N,NA,NA,NA,NA,NA,NA,NA,NA,NA,
NB,35,Beaubassin,3,NB35-03,NA,NA,LEB,2021,7,13,2,NB35-03-02-LEB,6:37,1,12,0,1,E,4,Y,SORA,0,0,0,0,0,0,0,0,0,0,A,AV,0,<50,N,NA,NA,NA,NA,NA,NA,NA,NA,NA,
NB,35,Beaubassin,4,NB35-04,NA,NA,LEB,2021,7,13,2,NB35-04-02-LEB,7:09,0,12,0,1,E,3,Y,NESP,A,A,0,0,0,A,0,0,0,0,0,0,A,50-100,N,NA,NA,NA,NA,NA,NA,NA,NA,NA,
NB,35,Beaubassin,4,NB35-04,NA,NA,LEB,2021,7,13,2,NB35-04-02-LEB,7:09,0,12,0,1,E,3,Y,MAWR,A,A,A,A,A,0,0,0,0,0,0,0,A,50-100,N,NA,NA,NA,NA,NA,NA,NA,NA,NA,
NB,35,Beaubassin,4,NB35-04,NA,NA,LEB,2021,7,13,2,NB35-04-02-LEB,7:09,0,12,0,1,E,3,Y,MAWR,0,A,A,A,A,0,0,0,0,0,0,0,A,<50,N,NA,NA,NA,NA,NA,NA,NA,NA,NA,
NB,35,Beaubassin,4,NB35-04,NA,NA,LEB,2021,7,13,2,NB35-04-02-LEB,7:09,0,12,0,1,E,3,Y,SORA,A,0,0,0,A,0,0,0,0,0,0,0,0,>100,Y,NA,NA,NA,NA,NA,NA,NA,NA,NA,
NB,35,Beaubassin,4,NB35-04,NA,NA,LEB,2021,7,13,2,NB35-04-02-LEB,7:09,0,12,0,1,E,3,Y,VIRA,0,0,0,0,A,A,0,0,A,0,0,0,0,50-100,N,NA,NA,NA,NA,NA,NA,NA,NA,NA,
NB,35,Beaubassin,4,NB35-04,NA,NA,LEB,2021,7,13,2,NB35-04-02-LEB,7:09,0,12,0,1,E,3,Y,NESP,0,0,0,0,A,A,0,0,0,0,0,0,0,50-100,N,NA,NA,NA,NA,NA,NA,NA,NA,NA,
NB,35,Beaubassin,4,NB35-04,NA,NA,LEB,2021,7,13,2,NB35-04-02-LEB,7:09,0,12,0,1,E,3,Y,NESP,A,0,0,0,0,0,0,A,V,V,0,0,V,<50,N,NA,NA,NA,NA,NA,NA,NA,NA,NA,Approached during playback
NB,35,Beaubassin,4,NB35-04,NA,NA,LEB,2021,7,13,2,NB35-04-02-LEB,7:09,0,12,0,1,E,3,Y,SORA,0,0,0,0,0,0,0,0,0,A,0,0,0,<50,N,NA,NA,NA,NA,NA,NA,NA,NA,NA,
NB,35,Beaubassin,4,NB35-04,NA,NA,LEB,2021,7,13,2,NB35-04-02-LEB,7:09,0,12,0,1,E,3,Y,VIRA,0,0,0,0,0,0,0,0,0,A,0,0,0,50-100,N,NA,NA,NA,NA,NA,NA,NA,NA,NA,
NB,35,Beaubassin,4,NB35-04,NA,NA,LEB,2021,7,13,2,NB35-04-02-LEB,7:09,0,12,0,1,E,3,Y,NESP,0,0,0,0,0,0,0,0,0,0,0,V,A,<50,N,NA,NA,NA,NA,NA,NA,NA,NA,NA,
NB,35,Beaubassin,5,NB35-05,NA,NA,LEB,2021,7,13,2,NB35-05-02-LEB,7:46,0,13,0,1,E,2,Y,PBGR,V,0,0,0,0,0,V,V,0,V,V,0,0,<50,N,NA,NA,NA,NA,NA,NA,NA,NA,NA,
NB,35,Beaubassin,5,NB35-05,NA,NA,LEB,2021,7,13,2,NB35-05-02-LEB,7:46,0,13,0,1,E,2,Y,NESP,0,0,0,0,0,0,0,0,0,AV,0,0,0,<50,N,NA,NA,NA,NA,NA,NA,NA,NA,NA,
NB,35,Beaubassin,5,NB35-05,NA,NA,LEB,2021,7,13,2,NB35-05-02-LEB,7:46,0,13,0,1,E,2,Y,NESP,0,0,0,0,0,0,0,0,0,0,0,A,0,50-100,N,NA,NA,NA,NA,NA,NA,NA,NA,NA,
NB,35,Beaubassin,6,NB35-06,NA,NA,LEB,2021,7,13,2,NB35-06-02-LEB,8:06,0,12,0,2,SE,1,Y,NESP,A,A,A,A,A,A,A,A,0,A,0,A,A,50-100,N,NA,NA,NA,NA,NA,NA,NA,NA,NA,
NB,35,Beaubassin,6,NB35-06,NA,NA,LEB,2021,7,13,2,NB35-06-02-LEB,8:06,0,12,0,2,SE,1,Y,NESP,0,0,0,0,A,A,0,A,0,A,0,A,0,50-100,N,NA,NA,NA,NA,NA,NA,NA,NA,NA,
NB,35,Beaubassin,6,NB35-06,NA,NA,LEB,2021,7,13,2,NB35-06-02-LEB,8:06,0,12,0,2,SE,1,Y,NESP,0,0,0,0,A,A,V,V,0,A,AV,AV,A,<50,N,NA,NA,NA,NA,NA,NA,NA,NA,NA,
NB,35,Beaubassin,6,NB35-06,NA,NA,LEB,2021,7,13,2,NB35-06-02-LEB,8:06,0,12,0,2,SE,1,Y,NESP,0,0,0,0,0,0,A,A,A,A,A,A,A,50-100,N,NA,NA,NA,NA,NA,NA,NA,NA,NA,
NB,35,Beaubassin,6,NB35-06,NA,NA,LEB,2021,7,13,2,NB35-06-02-LEB,8:06,0,12,0,2,SE,1,Y,NESP,0,0,0,0,0,0,0,0,0,AV,AV,AV,A,<50,N,NA,NA,NA,NA,NA,NA,NA,NA,NA,
NB,35,Beaubassin,6,NB35-06,NA,NA,LEB,2021,7,13,2,NB35-06-02-LEB,8:06,0,12,0,2,SE,1,Y,NESP,0,0,0,0,0,0,0,0,0,0,0,0,A,<50,N,NA,NA,NA,NA,NA,NA,NA,NA,NA,
NB,35,Beaubassin,7,NB35-07,NA,NA,LEB,2021,7,13,2,NB35-07-02-LEB,9:11,1,19,0,2,S,1,Y,NESP,A,A,0,0,A,A,AV,0,0,0,0,A,0,50-100,N,NA,NA,NA,NA,NA,NA,NA,NA,NA,
NB,35,Beaubassin,7,NB35-07,NA,NA,LEB,2021,7,13,2,NB35-07-02-LEB,9:11,1,19,0,2,S,1,Y,SORA,0,A,0,0,0,0,0,0,0,0,0,0,0,>100,N,NA,NA,NA,NA,NA,NA,NA,NA,NA,
NB,35,Beaubassin,7,NB35-07,NA,NA,LEB,2021,7,13,2,NB35-07-02-LEB,9:11,1,19,0,2,S,1,Y,NESP,0,0,0,0,0,0,0,V,0,0,0,AV,A,<50,N,NA,NA,NA,NA,NA,NA,NA,NA,NA,Approached during playback
NB,35,Beaubassin,7,NB35-07,NA,NA,LEB,2021,7,13,2,NB35-07-02-LEB,9:11,1,19,0,2,S,1,Y,PBGR,0,0,0,0,0,0,0,0,0,0,0,0,A,50-100,N,NA,NA,NA,NA,NA,NA,NA,NA,NA,
NB,37,Westcock,1,NB37-01,NA,NA,LMA,2021,7,13,2,NB37-01-02-LMA,5:15,2,11,0,0,NA,1,Y,NESP,A,A,0,A,0,0,0,AV,AV,AV,AV,0,0,<50,N,NA,NA,NA,NA,NA,NA,NA,NA,NA,Approached during playback
NB,37,Westcock,2,NB37-02,NA,NA,LMA,2021,7,13,2,NB37-02-02-LMA,5:46,2,NA,0,0,NA,1,Y,NESP,V,0,0,0,0,0,0,0,0,AV,A,A,0,<50,N,NA,NA,NA,NA,NA,NA,NA,NA,NA,Display flight and very quiet calls
NB,37,Westcock,2,NB37-02,NA,NA,LMA,2021,7,13,2,NB37-02-02-LMA,5:46,2,NA,0,0,NA,1,Y,NESP,0,0,0,0,0,A,0,0,0,V,V,0,0,<50,N,NA,NA,NA,NA,NA,NA,NA,NA,NA,
NB,37,Westcock,2,NB37-02,NA,NA,LMA,2021,7,13,2,NB37-02-02-LMA,5:46,2,NA,0,0,NA,1,Y,NESP,0,0,0,0,0,0,0,0,0,0,0,A,0,50-100,N,NA,NA,NA,NA,NA,NA,NA,NA,NA,
NB,37,Westcock,3,NB37-03,NA,NA,LMA,2021,7,13,2,NB37-03-02-LMA,6:08,1,NA,0,0,NA,1,Y,NESP,0,0,0,A,A,0,V,V,0,0,A,AV,0,<50,N,NA,NA,NA,NA,NA,NA,NA,NA,NA,Approached during playback
NB,37,Westcock,3,NB37-03,NA,NA,LMA,2021,7,13,2,NB37-03-02-LMA,6:08,1,NA,0,0,NA,1,Y,NESP,0,0,0,0,0,0,V,V,0,0,A,AV,0,<50,N,NA,NA,NA,NA,NA,NA,NA,NA,NA,Approached during playback
NB,37,Westcock,3,NB37-03,NA,NA,LMA,2021,7,13,2,NB37-03-02-LMA,6:08,1,NA,0,0,NA,1,Y,NESP,0,0,0,0,0,0,V,0,A,0,A,AV,0,<50,N,NA,NA,NA,NA,NA,NA,NA,NA,NA,
NB,37,Westcock,3,NB37-03,NA,NA,LMA,2021,7,13,2,NB37-03-02-LMA,6:08,1,NA,0,0,NA,1,Y,NESP,0,0,0,0,0,0,V,0,0,0,0,0,0,<50,N,NA,NA,NA,NA,NA,NA,NA,NA,NA,
NB,37,Westcock,4,NB37-04,NA,NA,LMA,2021,7,13,2,NB37-04-02-LMA,6:32,0,NA,0,0,NA,1,Y,NESP,A,A,A,A,0,0,0,V,V,A,A,A,A,<50,N,NA,NA,NA,NA,NA,NA,NA,NA,NA,"Approached during playback. First two NESP flying together most of the survey, one (or both?) regularly displaying"
NB,37,Westcock,4,NB37-04,NA,NA,LMA,2021,7,13,2,NB37-04-02-LMA,6:32,0,NA,0,0,NA,1,Y,NESP,0,0,0,AV,0,0,0,0,V,AV,AV,AV,AV,<50,N,NA,NA,NA,NA,NA,NA,NA,NA,NA,Approached during playback
NB,37,Westcock,4,NB37-04,NA,NA,LMA,2021,7,13,2,NB37-04-02-LMA,6:32,0,NA,0,0,NA,1,Y,NESP,0,0,0,A,0,0,0,0,0,A,0,A,0,50-100,N,NA,NA,NA,NA,NA,NA,NA,NA,NA,
NB,37,Westcock,5,NB37-05,NA,NA,LMA,2021,7,13,2,NB37-05-02-LMA,6:57,0,NA,0,0,NA,2,Y,NESP,0,0,0,0,0,0,A,V,V,V,V,A,A,<50,N,NA,NA,NA,NA,NA,NA,NA,NA,NA,Approached during playback
NB,37,Westcock,5,NB37-05,NA,NA,LMA,2021,7,13,2,NB37-05-02-LMA,6:57,0,NA,0,0,NA,2,Y,NESP,0,0,0,0,0,0,0,V,V,V,V,0,0,<50,N,NA,NA,NA,NA,NA,NA,NA,NA,NA,
NB,37,Westcock,5,NB37-05,NA,NA,LMA,2021,7,13,2,NB37-05-02-LMA,6:57,0,NA,0,0,NA,2,Y,NESP,0,0,0,0,0,0,0,0,0,0,0,A,0,<50,N,NA,NA,NA,NA,NA,NA,NA,NA,NA,
NB,37,Westcock,6,NB37-06,NA,NA,LMA,2021,7,13,2,NB37-06-02-LMA,7:22,0,NA,0,0,NA,1,Y,NESP,A,0,A,0,0,A,V,V,AV,,,V,V,<50,N,NA,NA,NA,NA,NA,NA,NA,NA,NA,Approached during playback. Speaker issues during SORA and PBGR playback
NB,37,Westcock,6,NB37-06,NA,NA,LMA,2021,7,13,2,NB37-06-02-LMA,7:22,0,NA,0,0,NA,1,Y,NESP,A,0,A,A,0,A,A,AV,0,,,AV,AV,<50,N,NA,NA,NA,NA,NA,NA,NA,NA,NA,Approached during playback. Speaker issues during SORA and PBGR playback
NB,37,Westcock,6,NB37-06,NA,NA,LMA,2021,7,13,2,NB37-06-02-LMA,7:22,0,NA,0,0,NA,1,Y,NESP,V,V,AV,AV,V,AV,A,AV,AV,,,V,A,<50,N,NA,NA,NA,NA,NA,NA,NA,NA,NA,Approached during playback. Speaker issues during SORA and PBGR playback
NB,37,Westcock,6,NB37-06,NA,NA,LMA,2021,7,13,2,NB37-06-02-LMA,7:22,0,NA,0,0,NA,1,Y,NESP,V,V,0,0,0,AV,A,V,A,,,AV,A,<50,N,NA,NA,NA,NA,NA,NA,NA,NA,NA,Approached during playback. Speaker issues during SORA and PBGR playback
NB,37,Westcock,6,NB37-06,NA,NA,LMA,2021,7,13,2,NB37-06-02-LMA,7:22,0,NA,0,0,NA,1,Y,NESP,0,0,0,0,0,V,0,V,V,,,V,0,<50,N,NA,NA,NA,NA,NA,NA,NA,NA,NA,Speaker issues during SORA and PBGR playback
NB,37,Westcock,7,NB37-07,NA,NA,LMA,2021,7,13,2,NB37-07-02-LMA,7:50,0,NA,0,2,W,1,Y,NESP,A,0,0,0,A,0,0,AV,A,A,0,0,0,<50,N,NA,NA,NA,NA,NA,NA,NA,NA,NA,Display during playback
NB,37,Westcock,7,NB37-07,NA,NA,LMA,2021,7,13,2,NB37-07-02-LMA,7:50,0,NA,0,2,W,1,Y,NESP,0,0,0,0,0,0,0,0,0,A,A,A,0,50-100,N,NA,NA,NA,NA,NA,NA,NA,NA,NA,
NB,37,Westcock,8,NB37-08,NA,NA,LMA,2021,7,13,2,NB37-08-02-LMA,8:17,0,NA,0,2,W,1,Y,NESP,A,AV,AV,A,0,0,0,V,V,A,V,AV,A,<50,Y,NA,NA,NA,NA,NA,NA,NA,NA,NA,Approached during playback
NB,37,Westcock,8,NB37-08,NA,NA,LMA,2021,7,13,2,NB37-08-02-LMA,8:17,0,NA,0,2,W,1,Y,NESP,0,0,A,0,0,0,0,A,A,A,0,0,0,50-100,N,NA,NA,NA,NA,NA,NA,NA,NA,NA,
NB,37,Westcock,8,NB37-08,NA,NA,LMA,2021,7,13,2,NB37-08-02-LMA,8:17,0,NA,0,2,W,1,Y,NESP,0,0,0,0,0,0,0,0,V,0,0,0,0,<50,N,NA,NA,NA,NA,NA,NA,NA,NA,NA,
NB,37,Westcock,8,NB37-08,NA,NA,LMA,2021,7,13,2,NB37-08-02-LMA,8:17,0,NA,0,2,W,1,Y,NESP,0,0,0,0,0,0,0,V,0,V,0,A,A,<50,N,NA,NA,NA,NA,NA,NA,NA,NA,NA,
NB,37,Westcock,8,NB37-08,NA,NA,LMA,2021,7,13,2,NB37-08-02-LMA,8:17,0,NA,0,2,W,1,Y,NESP,0,0,0,0,0,0,0,V,0,0,0,0,0,<50,N,NA,NA,NA,NA,NA,NA,NA,NA,NA,
NB,37,Westcock,9,NB37-09,NA,NA,LMA,2021,7,13,2,NB37-09-02-LMA,8:42,0,NA,0,1,NW,1,Y,NESP,0,0,0,A,0,0,0,0,0,0,A,A,0,50-100,N,NA,NA,NA,NA,NA,NA,NA,NA,NA,
NB,37,Westcock,10,NB37-10,NA,NA,LMA,2021,7,13,2,NB37-10-02-LMA,9:05,0,NA,0,1,var,1,Y,NESP,0,A,0,A,A,A,A,A,A,A,A,A,0,<50,N,NA,NA,NA,NA,NA,NA,NA,NA,NA,
NB,37,Westcock,10,NB37-10,NA,NA,LMA,2021,7,13,2,NB37-10-02-LMA,9:05,0,NA,0,1,var,1,Y,NESP,0,0,0,0,0,0,A,A,0,A,0,A,A,50-100,N,NA,NA,NA,NA,NA,NA,NA,NA,NA,
NB,37,Westcock,10,NB37-10,NA,NA,LMA,2021,7,13,2,NB37-10-02-LMA,9:05,0,NA,0,1,var,1,Y,NESP,0,0,0,0,0,0,A,0,0,0,0,A,0,<50,N,NA,NA,NA,NA,NA,NA,NA,NA,NA,
NB,51,Musquash,1,NB51-01,NA,NA,SBO,2021,6,2,1,NB51-01-01-SBO,5:09,0,7,0,1,SSW,1,N,MAWR,A,A,A,A,A,A,A,A,A,A,A,A,A,<50,N,NA,NA,NA,NA,NA,NA,NA,NA,NA,
NB,51,Musquash,1,NB51-01,NA,NA,SBO,2021,6,2,1,NB51-01-01-SBO,5:09,0,7,0,1,SSW,1,N,PBGR,0,A,0,0,0,0,0,0,0,A,A,0,0,50-100,N,NA,NA,NA,NA,NA,NA,NA,NA,NA,
NB,51,Musquash,1,NB51-01,NA,NA,SBO,2021,6,2,1,NB51-01-01-SBO,5:09,0,7,0,1,SSW,1,N,MAWR,0,0,0,0,0,A,0,0,0,A,0,0,0,<50,N,NA,NA,NA,NA,NA,NA,NA,NA,NA,
NB,51,Musquash,1,NB51-01,NA,NA,SBO,2021,6,2,1,NB51-01-01-SBO,5:09,0,7,0,1,SSW,1,N,AMBI,0,0,0,0,0,0,0,0,0,0,0,0,A,50-100,N,NA,NA,NA,NA,NA,NA,NA,NA,NA,
NB,51,Musquash,2,NB51-02,NA,NA,SBO,2021,6,2,1,NB51-02-01-SBO,5:45,0,7,0,0,NA,2,N,MAWR,A,A,A,A,A,V,A,A,A,A,A,A,A,<50,Y,NA,NA,NA,NA,NA,NA,NA,NA,NA,
NB,51,Musquash,2,NB51-02,NA,NA,SBO,2021,6,2,1,NB51-02-01-SBO,5:45,0,7,0,0,NA,2,N,MAWR,A,A,0,A,A,A,A,A,A,A,A,A,A,<50,Y,NA,NA,NA,NA,NA,NA,NA,NA,NA,
NB,51,Musquash,2,NB51-02,NA,NA,SBO,2021,6,2,1,NB51-02-01-SBO,5:45,0,7,0,0,NA,2,N,AMBI,A,0,0,0,0,0,0,0,0,0,0,0,0,50-100,Y,NA,NA,NA,NA,NA,NA,NA,NA,NA,
NB,51,Musquash,2,NB51-02,NA,NA,SBO,2021,6,2,1,NB51-02-01-SBO,5:45,0,7,0,0,NA,2,N,MAWR,0,0,A,A,A,A,A,A,A,A,A,A,A,50-100,N,NA,NA,NA,NA,NA,NA,NA,NA,NA,
NB,51,Musquash,2,NB51-02,NA,NA,SBO,2021,6,2,1,NB51-02-01-SBO,5:45,0,7,0,0,NA,2,N,SORA,0,0,0,0,0,0,0,0,A,A,0,0,0,50-100,N,NA,NA,NA,NA,NA,NA,NA,NA,NA,
NB,51,Musquash,2,NB51-02,NA,NA,SBO,2021,6,2,1,NB51-02-01-SBO,5:45,0,7,0,0,NA,2,N,VIRA,0,0,0,0,0,0,0,0,A,0,A,0,0,>100,N,NA,NA,NA,NA,NA,NA,NA,NA,NA,
NB,51,Musquash,3,NB51-03,NA,NA,SBO,2021,6,2,1,NB51-03-01-SBO,6:20,0,9,0,0,NA,2,N,MAWR,AV,0,A,V,V,A,0,A,0,0,0,A,0,<50,N,NA,NA,NA,NA,NA,NA,NA,NA,NA,
NB,51,Musquash,3,NB51-03,NA,NA,SBO,2021,6,2,1,NB51-03-01-SBO,6:20,0,9,0,0,NA,2,N,MAWR,0,0,A,V,A,A,0,A,A,A,0,A,0,50-100,N,NA,NA,NA,NA,NA,NA,NA,NA,NA,
NB,51,Musquash,3,NB51-03,NA,NA,SBO,2021,6,2,1,NB51-03-01-SBO,6:20,0,9,0,0,NA,2,N,MAWR,0,0,A,A,A,A,0,A,A,A,0,A,0,50-100,N,NA,NA,NA,NA,NA,NA,NA,NA,NA,
NB,51,Musquash,3,NB51-03,NA,NA,SBO,2021,6,2,1,NB51-03-01-SBO,6:20,0,9,0,0,NA,2,N,AMBI,0,0,0,0,0,0,V,0,0,0,0,0,0,>100,Y,NA,NA,NA,NA,NA,NA,NA,NA,NA,Flying
NB,51,Musquash,3,NB51-03,NA,NA,SBO,2021,6,2,1,NB51-03-01-SBO,6:20,0,9,0,0,NA,2,N,SORA,0,0,0,0,0,0,0,A,0,0,0,0,0,50-100,Y,NA,NA,NA,NA,NA,NA,NA,NA,NA,
NB,51,Musquash,3,NB51-03,NA,NA,SBO,2021,6,2,1,NB51-03-01-SBO,6:20,0,9,0,0,NA,2,N,AMBI,0,0,0,0,0,0,0,0,0,A,0,0,0,>100,Y,NA,NA,NA,NA,NA,NA,NA,NA,NA,
NB,51,Musquash,3,NB51-03,NA,NA,SBO,2021,6,2,1,NB51-03-01-SBO,6:20,0,9,0,0,NA,2,N,MAWR,0,0,0,0,0,0,0,0,0,0,0,A,0,50-100,N,NA,NA,NA,NA,NA,NA,NA,NA,NA,
NB,51,Musquash,3,NB51-03,NA,NA,SBO,2021,6,2,1,NB51-03-01-SBO,6:20,0,9,0,0,NA,2,N,MAWR,0,0,0,0,A,A,A,A,A,A,A,V,0,>100,N,NA,NA,NA,NA,NA,NA,NA,NA,NA,
NB,51,Musquash,3,NB51-03,NA,NA,SBO,2021,6,2,1,NB51-03-01-SBO,6:20,0,9,0,0,NA,2,N,MAWR,0,0,0,0,A,A,A,A,A,A,A,V,0,>100,N,NA,NA,NA,NA,NA,NA,NA,NA,NA,
NB,51,Musquash,3,NB51-03,NA,NA,SBO,2021,6,2,1,NB51-03-01-SBO,6:20,0,9,0,0,NA,2,N,MAWR,0,0,0,0,A,A,A,A,A,A,A,V,0,>100,N,NA,NA,NA,NA,NA,NA,NA,NA,NA,
NB,51,Musquash,4,NB51-04,NA,NA,SBO,2021,6,2,1,NB51-04-01-SBO,7:22,0,13,0,1,SSW,3,N,MAWR,V,A,0,0,0,0,0,0,0,0,A,A,0,<50,N,NA,NA,NA,NA,NA,NA,NA,NA,NA,
NB,51,Musquash,4,NB51-04,NA,NA,SBO,2021,6,2,1,NB51-04-01-SBO,7:22,0,13,0,1,SSW,3,N,MAWR,0,A,0,0,0,0,0,0,0,0,A,A,0,<50,N,NA,NA,NA,NA,NA,NA,NA,NA,NA,
NB,51,Musquash,4,NB51-04,NA,NA,SBO,2021,6,2,1,NB51-04-01-SBO,7:22,0,13,0,1,SSW,3,N,MAWR,0,0,0,A,A,A,A,A,V,A,A,A,0,<50,N,NA,NA,NA,NA,NA,NA,NA,NA,NA,
NB,51,Musquash,4,NB51-04,NA,NA,SBO,2021,6,2,1,NB51-04-01-SBO,7:22,0,13,0,1,SSW,3,N,MAWR,0,0,0,0,0,0,0,0,0,0,A,A,0,>100,N,NA,NA,NA,NA,NA,NA,NA,NA,NA,
NB,51,Musquash,4,NB51-04,NA,NA,SBO,2021,6,2,1,NB51-04-01-SBO,7:22,0,13,0,1,SSW,3,N,SORA,0,0,0,0,0,0,0,0,0,0,0,A,0,>100,Y,NA,NA,NA,NA,NA,NA,NA,NA,NA,
NB,51,Musquash,4,NB51-04,NA,NA,SBO,2021,6,2,1,NB51-04-01-SBO,7:22,0,13,0,1,SSW,3,N,VIRA,0,0,0,0,0,0,0,0,0,0,0,A,0,50-100,N,NA,NA,NA,NA,NA,NA,NA,NA,NA,
NB,51,Musquash,5,NB51-05,NA,NA,SBO,2021,6,2,1,NB51-05-01-SBO,8:00,0,12,0,4,SSW,3,N,MAWR,0,A,0,0,0,A,A,A,A,A,0,A,0,<50,N,NA,NA,NA,NA,NA,NA,NA,NA,NA,Prev point not noted; assuming N based on distances
NB,51,Musquash,5,NB51-05,NA,NA,SBO,2021,6,2,1,NB51-05-01-SBO,8:00,0,12,0,4,SSW,3,N,MAWR,0,A,0,0,0,0,A,A,0,A,0,A,0,50-100,NA,NA,NA,NA,NA,NA,NA,NA,NA,NA,Prev point not noted
NB,51,Musquash,5,NB51-05,NA,NA,SBO,2021,6,2,1,NB51-05-01-SBO,8:00,0,12,0,4,SSW,3,N,MAWR,0,A,A,0,0,0,A,A,0,A,A,A,0,<50,N,NA,NA,NA,NA,NA,NA,NA,NA,NA,Prev point not noted; assuming N based on distances
NB,51,Musquash,5,NB51-05,NA,NA,SBO,2021,6,2,1,NB51-05-01-SBO,8:00,0,12,0,4,SSW,3,N,MAWR,0,0,0,0,0,0,0,0,A,0,0,A,0,<50,N,NA,NA,NA,NA,NA,NA,NA,NA,NA,Prev point not noted; assuming N based on distances
NB,51,Musquash,5,NB51-05,NA,NA,SBO,2021,6,2,1,NB51-05-01-SBO,8:00,0,12,0,4,SSW,3,N,AMBI,0,0,0,0,0,0,0,0,0,0,0,A,0,50-100,Y,NA,NA,NA,NA,NA,NA,NA,NA,NA,
NB,51,Musquash,5,NB51-05,NA,NA,SBO,2021,6,2,1,NB51-05-01-SBO,8:00,0,12,0,4,SSW,3,N,VIRA,0,0,0,0,0,0,0,0,0,0,0,A,0,50-100,Y,NA,NA,NA,NA,NA,NA,NA,NA,NA,
NB,51,Musquash,1,NB51-01,NA,NA,SBO,2021,6,18,2,NB51-01-02-SBO,5:05,0,6,0,0,NA,3,N,MAWR,A,A,A,A,A,A,0,0,0,A,0,A,0,<50,Y,NA,NA,NA,NA,NA,NA,NA,NA,NA,"Before/after columns not separated; assuming all noted are ""before"""
NB,51,Musquash,1,NB51-01,NA,NA,SBO,2021,6,18,2,NB51-01-02-SBO,5:05,0,6,0,0,NA,3,N,PBGR,A,0,0,0,0,0,0,0,0,0,0,0,0,>100,Y,NA,NA,NA,NA,NA,NA,NA,NA,NA,
NB,51,Musquash,1,NB51-01,NA,NA,SBO,2021,6,18,2,NB51-01-02-SBO,5:05,0,6,0,0,NA,3,N,MAWR,0,A,0,0,0,0,A,0,0,0,0,0,0,<50,N,NA,NA,NA,NA,NA,NA,NA,NA,NA,
NB,51,Musquash,2,NB51-02,NA,NA,SBO,2021,6,18,2,NB51-02-02-SBO,5:35,0,6,0,0,NA,3,N,MAWR,0,A,A,A,A,A,0,0,0,0,0,0,0,<50,Y,NA,NA,NA,NA,NA,NA,NA,NA,NA,
NB,51,Musquash,2,NB51-02,NA,NA,SBO,2021,6,18,2,NB51-02-02-SBO,5:35,0,6,0,0,NA,3,N,MAWR,0,V,A,A,V,A,A,0,0,A,A,A,0,<50,N,NA,NA,NA,NA,NA,NA,NA,NA,NA,
NB,51,Musquash,2,NB51-02,NA,NA,SBO,2021,6,18,2,NB51-02-02-SBO,5:35,0,6,0,0,NA,3,N,MAWR,0,A,A,A,A,A,A,V,V,A,A,A,0,<50,Y,NA,NA,NA,NA,NA,NA,NA,NA,NA,
NB,51,Musquash,2,NB51-02,NA,NA,SBO,2021,6,18,2,NB51-02-02-SBO,5:35,0,6,0,0,NA,3,N,LEBI,0,0,0,0,0,A,A,A,A,A,A,A,0,<50,N,NA,NA,NA,NA,NA,NA,NA,NA,NA,
NB,51,Musquash,2,NB51-02,NA,NA,SBO,2021,6,18,2,NB51-02-02-SBO,5:35,0,6,0,0,NA,3,N,MAWR,0,0,0,0,0,0,0,0,0,0,0,V,0,50-100,N,NA,NA,NA,NA,NA,NA,NA,NA,NA,
NB,51,Musquash,3,NB51-03,NA,NA,SBO,2021,6,18,2,NB51-03-02-SBO,6:00,0,9,0,1,SW,3,N,MAWR,0,A,A,0,A,0,0,A,0,A,0,0,0,50-100,N,NA,NA,NA,NA,NA,NA,NA,NA,NA,
NB,51,Musquash,3,NB51-03,NA,NA,SBO,2021,6,18,2,NB51-03-02-SBO,6:00,0,9,0,1,SW,3,N,MAWR,0,A,A,0,A,0,A,0,0,0,0,A,0,<50,N,NA,NA,NA,NA,NA,NA,NA,NA,NA,
NB,51,Musquash,3,NB51-03,NA,NA,SBO,2021,6,18,2,NB51-03-02-SBO,6:00,0,9,0,1,SW,3,N,MAWR,0,A,A,V,A,0,A,A,A,A,A,A,0,<50,N,NA,NA,NA,NA,NA,NA,NA,NA,NA,
NB,51,Musquash,3,NB51-03,NA,NA,SBO,2021,6,18,2,NB51-03-02-SBO,6:00,0,9,0,1,SW,3,N,PBGR,0,0,0,0,0,V,V,0,0,0,V,0,0,<50,N,NA,NA,NA,NA,NA,NA,NA,NA,NA,Flew over
NB,51,Musquash,4,NB51-04,NA,NA,SBO,2021,6,18,2,NB51-04-02-SBO,6:27,0,9,0,1,SW,4-Mar,N,MAWR,0,A,0,0,0,A,V,A,A,A,A,0,0,<50,N,NA,NA,NA,NA,NA,NA,NA,NA,NA,
NB,51,Musquash,4,NB51-04,NA,NA,SBO,2021,6,18,2,NB51-04-02-SBO,6:27,0,9,0,1,SW,4-Mar,N,MAWR,0,A,0,0,V,A,V,A,A,A,A,0,0,<50,N,NA,NA,NA,NA,NA,NA,NA,NA,NA,
NB,51,Musquash,4,NB51-04,NA,NA,SBO,2021,6,18,2,NB51-04-02-SBO,6:27,0,9,0,1,SW,4-Mar,N,MAWR,V,A,0,0,0,0,0,0,0,0,0,0,0,<50,N,NA,NA,NA,NA,NA,NA,NA,NA,NA,"Before/after columns not separated; assuming all noted are ""before"""
NB,51,Musquash,4,NB51-04,NA,NA,SBO,2021,6,18,2,NB51-04-02-SBO,6:27,0,9,0,1,SW,4-Mar,N,MAWR,V,0,0,0,0,0,0,0,0,0,0,0,0,<50,N,NA,NA,NA,NA,NA,NA,NA,NA,NA,"Before/after columns not separated; assuming all noted are ""before"""
NB,51,Musquash,4,NB51-04,NA,NA,SBO,2021,6,18,2,NB51-04-02-SBO,6:27,0,9,0,1,SW,4-Mar,N,MAWR,0,0,A,A,A,A,A,0,0,0,0,0,0,50-100,N,NA,NA,NA,NA,NA,NA,NA,NA,NA,
NB,51,Musquash,5,NB51-05,NA,NA,SBO,2021,6,18,2,NB51-05-02-SBO,6:57,0,11,0,1,SW,4-Mar,N,MAWR,0,A,0,0,A,V,0,0,0,V,0,0,0,<50,N,NA,NA,NA,NA,NA,NA,NA,NA,NA,Carrying food
NB,51,Musquash,5,NB51-05,NA,NA,SBO,2021,6,18,2,NB51-05-02-SBO,6:57,0,11,0,1,SW,4-Mar,N,MAWR,0,0,0,0,0,V,0,0,0,V,0,0,0,<50,N,NA,NA,NA,NA,NA,NA,NA,NA,NA,
NS,03,Eddy Marsh,1,NS03-01,NA,NA,ZAW,2021,6,25,1,NS03-01-01-ZAW,4:58,1,10,1,2,S,2,Y,VIRA,0,0,0,A,0,0,0,A,A,0,0,A,0,50-100,N,NA,NA,NA,NA,NA,NA,NA,NA,NA,
NS,03,Eddy Marsh,1,NS03-01,NA,NA,ZAW,2021,6,25,1,NS03-01-01-ZAW,4:58,1,10,1,2,S,2,Y,MAWR,0,0,0,A,0,0,A,A,0,0,A,A,0,<50,N,NA,NA,NA,NA,NA,NA,NA,NA,NA,
NS,03,Eddy Marsh,1,NS03-01,NA,NA,ZAW,2021,6,25,1,NS03-01-01-ZAW,4:58,1,10,1,2,S,2,Y,PBGR,0,0,0,0,0,0,A,0,0,0,0,0,0,>100,N,NA,NA,NA,NA,NA,NA,NA,NA,NA,
NS,03,Eddy Marsh,1,NS03-01,NA,NA,ZAW,2021,6,25,1,NS03-01-01-ZAW,4:58,1,10,1,2,S,2,Y,SORA,0,0,0,0,0,0,0,0,A,A,A,0,0,50-100,N,NA,NA,NA,NA,NA,NA,NA,NA,NA,
NS,03,Eddy Marsh,1,NS03-01,NA,NA,ZAW,2021,6,25,1,NS03-01-01-ZAW,4:58,1,10,1,2,S,2,Y,SORA,0,0,0,0,0,0,0,0,0,A,0,0,A,>100,N,NA,NA,NA,NA,NA,NA,NA,NA,NA,
NS,03,Eddy Marsh,1,NS03-01,NA,NA,ZAW,2021,6,25,1,NS03-01-01-ZAW,4:58,1,10,1,2,S,2,Y,VIRA,0,0,0,0,0,0,0,0,0,0,0,A,0,50-100,N,NA,NA,NA,NA,NA,NA,NA,NA,NA,
NS,03,Eddy Marsh,1,NS03-01,NA,NA,ZAW,2021,6,25,1,NS03-01-01-ZAW,4:58,1,10,1,2,S,2,Y,SORA,0,0,0,0,0,0,0,0,0,0,0,0,A,>100,N,NA,NA,NA,NA,NA,NA,NA,NA,NA,
NS,03,Eddy Marsh,2,NS03-02,NA,NA,ZAW,2021,6,25,1,NS03-02-01-ZAW,5:21,2,10,1,2,S,2,Y,PBGR,A,0,0,0,0,0,0,0,0,A,0,0,0,>100,Y,NA,NA,NA,NA,NA,NA,NA,NA,NA,
NS,03,Eddy Marsh,2,NS03-02,NA,NA,ZAW,2021,6,25,1,NS03-02-01-ZAW,5:21,2,10,1,2,S,2,Y,SORA,0,0,0,0,0,0,0,0,0,A,0,0,0,<50,N,NA,NA,NA,NA,NA,NA,NA,NA,NA,
NS,03,Eddy Marsh,2,NS03-02,NA,NA,ZAW,2021,6,25,1,NS03-02-01-ZAW,5:21,2,10,1,2,S,2,Y,AMBI,0,0,0,0,0,0,0,0,0,0,A,0,0,>100,N,NA,NA,NA,NA,NA,NA,NA,NA,NA,
NS,03,Eddy Marsh,2,NS03-02,NA,NA,ZAW,2021,6,25,1,NS03-02-01-ZAW,5:21,2,10,1,2,S,2,Y,SORA,0,0,0,0,0,0,0,0,0,0,0,A,0,>100,N,NA,NA,NA,NA,NA,NA,NA,NA,NA,
NS,03,Eddy Marsh,3,NS03-03,NA,NA,ZAW,2021,6,25,1,NS03-03-01-ZAW,5:41,2,7,1,2,S,2,Y,SORA,A,A,A,A,0,0,0,0,0,A,0,A,0,50-100,N,NA,NA,NA,NA,NA,NA,NA,NA,NA,
NS,03,Eddy Marsh,3,NS03-03,NA,NA,ZAW,2021,6,25,1,NS03-03-01-ZAW,5:41,2,7,1,2,S,2,Y,VIRA,0,A,0,0,A,0,0,0,A,0,0,0,0,50-100,N,NA,NA,NA,NA,NA,NA,NA,NA,NA,
NS,03,Eddy Marsh,3,NS03-03,NA,NA,ZAW,2021,6,25,1,NS03-03-01-ZAW,5:41,2,7,1,2,S,2,Y,PBGR,0,0,0,A,0,0,0,0,0,0,0,0,0,>100,N,NA,NA,NA,NA,NA,NA,NA,NA,NA,
NS,03,Eddy Marsh,3,NS03-03,NA,NA,ZAW,2021,6,25,1,NS03-03-01-ZAW,5:41,2,7,1,2,S,2,Y,VIRA,0,0,0,0,0,0,0,0,A,0,0,A,0,50-100,N,NA,NA,NA,NA,NA,NA,NA,NA,NA,
NS,03,Eddy Marsh,3,NS03-03,NA,NA,ZAW,2021,6,25,1,NS03-03-01-ZAW,5:41,2,7,1,2,S,2,Y,MAWR,0,0,0,0,0,0,0,0,0,0,0,A,0,50-100,N,NA,NA,NA,NA,NA,NA,NA,NA,NA,
NS,03,Eddy Marsh,4,NS03-04,NA,NA,ZAW,2021,6,25,1,NS03-04-01-ZAW,6:01,1,10,1,2,S,2,Y,PBGR,0,0,0,0,0,A,0,0,0,A,0,0,0,>100,N,NA,NA,NA,NA,NA,NA,NA,NA,NA,
NS,03,Eddy Marsh,4,NS03-04,NA,NA,ZAW,2021,6,25,1,NS03-04-01-ZAW,6:01,1,10,1,2,S,2,Y,SORA,0,0,0,0,0,0,0,V,0,0,0,0,0,>100,Y,NA,NA,NA,NA,NA,NA,NA,NA,NA,
NS,03,Eddy Marsh,5,NS03-05,NA,NA,ZAW,2021,6,25,1,NS03-05-01-ZAW,6:22,2,10,1,2,S,2,Y,SORA,0,0,0,0,0,A,0,0,0,0,0,A,0,>100,Y,NA,NA,NA,NA,NA,NA,NA,NA,NA,
NS,03,Eddy Marsh,5,NS03-05,NA,NA,ZAW,2021,6,25,1,NS03-05-01-ZAW,6:22,2,10,1,2,S,2,Y,SORA,0,0,0,0,0,0,0,0,0,A,0,0,0,<50,N,NA,NA,NA,NA,NA,NA,NA,NA,NA,
NS,03,Eddy Marsh,5,NS03-05,NA,NA,ZAW,2021,6,25,1,NS03-05-01-ZAW,6:22,2,10,1,2,S,2,Y,AMBI,0,0,0,0,0,0,0,0,0,0,A,0,0,>100,N,NA,NA,NA,NA,NA,NA,NA,NA,NA,
NS,03,Eddy Marsh,6,NS03-06,NA,NA,ZAW,2021,6,25,1,NS03-06-01-ZAW,6:46,1,8,0,2,SW,2,Y,PBGR,V,0,0,0,0,0,0,0,0,0,0,0,0,<50,N,NA,NA,NA,NA,NA,NA,NA,NA,NA,
NS,03,Eddy Marsh,6,NS03-06,NA,NA,ZAW,2021,6,25,1,NS03-06-01-ZAW,6:46,1,8,0,2,SW,2,Y,SORA,A,A,0,0,A,0,0,0,0,0,0,0,0,50-100,Y,NA,NA,NA,NA,NA,NA,NA,NA,NA,
NS,03,Eddy Marsh,6,NS03-06,NA,NA,ZAW,2021,6,25,1,NS03-06-01-ZAW,6:46,1,8,0,2,SW,2,Y,MAWR,0,A,A,A,A,A,A,A,A,A,A,A,0,<50,N,NA,NA,NA,NA,NA,NA,NA,NA,NA,Turf battle!
NS,03,Eddy Marsh,6,NS03-06,NA,NA,ZAW,2021,6,25,1,NS03-06-01-ZAW,6:46,1,8,0,2,SW,2,Y,MAWR,0,0,V,V,A,A,A,A,A,0,0,A,0,<50,N,NA,NA,NA,NA,NA,NA,NA,NA,NA,Turf battle!
NS,03,Eddy Marsh,6,NS03-06,NA,NA,ZAW,2021,6,25,1,NS03-06-01-ZAW,6:46,1,8,0,2,SW,2,Y,SORA,0,0,0,0,A,0,A,0,0,A,0,A,0,<50,N,NA,NA,NA,NA,NA,NA,NA,NA,NA,
NS,03,Eddy Marsh,6,NS03-06,NA,NA,ZAW,2021,6,25,1,NS03-06-01-ZAW,6:46,1,8,0,2,SW,2,Y,SORA,0,0,0,0,0,A,0,0,0,A,0,0,0,<50,N,NA,NA,NA,NA,NA,NA,NA,NA,NA,
NS,03,Eddy Marsh,6,NS03-06,NA,NA,ZAW,2021,6,25,1,NS03-06-01-ZAW,6:46,1,8,0,2,SW,2,Y,VIRA,0,0,0,0,0,0,0,0,A,0,0,A,0,50-100,N,NA,NA,NA,NA,NA,NA,NA,NA,NA,
NS,03,Eddy Marsh,6,NS03-06,NA,NA,ZAW,2021,6,25,1,NS03-06-01-ZAW,6:46,1,8,0,2,SW,2,Y,SORA,0,0,0,0,0,0,0,0,0,0,0,A,0,>100,N,NA,NA,NA,NA,NA,NA,NA,NA,NA,
NS,03,Eddy Marsh,7,NS03-07,NA,NA,ZAW,2021,6,25,1,NS03-07-01-ZAW,7:05,1,9,0,2,SW,2,Y,SORA,0,0,A,0,0,0,0,A,0,A,0,0,0,>100,Y,NA,NA,NA,NA,NA,NA,NA,NA,NA,
NS,03,Eddy Marsh,7,NS03-07,NA,NA,ZAW,2021,6,25,1,NS03-07-01-ZAW,7:05,1,9,0,2,SW,2,Y,MAWR,0,0,0,0,A,0,0,0,0,A,0,0,0,50-100,Y,NA,NA,NA,NA,NA,NA,NA,NA,NA,
NS,03,Eddy Marsh,7,NS03-07,NA,NA,ZAW,2021,6,25,1,NS03-07-01-ZAW,7:05,1,9,0,2,SW,2,Y,VIRA,0,0,0,0,0,0,0,0,A,0,0,0,0,50-100,N,NA,NA,NA,NA,NA,NA,NA,NA,NA,
NS,03,Eddy Marsh,7,NS03-07,NA,NA,ZAW,2021,6,25,1,NS03-07-01-ZAW,7:05,1,9,0,2,SW,2,Y,VIRA,0,0,0,0,0,0,0,0,0,0,0,AV,0,<50,N,NA,NA,NA,NA,NA,NA,NA,NA,NA,Only few feet away
NS,03,Eddy Marsh,8,NS03-08,NA,NA,ZAW,2021,6,25,1,NS03-08-01-ZAW,7:26,1,9,0,2,S,2,Y,VIRA,0,0,0,0,0,0,0,0,A,0,0,0,0,<50,N,NA,NA,NA,NA,NA,NA,NA,NA,NA,
NS,03,Eddy Marsh,8,NS03-08,NA,NA,ZAW,2021,6,25,1,NS03-08-01-ZAW,7:26,1,9,0,2,S,2,Y,VIRA,0,0,0,0,0,0,0,0,0,0,A,A,0,>100,N,NA,NA,NA,NA,NA,NA,NA,NA,NA,
NS,03,Eddy Marsh,9,NS03-09,NA,NA,ZAW,2021,6,25,1,NS03-09-01-ZAW,7:45,1,9,0,2,S,2,Y,VIRA,A,0,0,0,0,0,0,0,0,0,0,0,0,<50,N,NA,NA,NA,NA,NA,NA,NA,NA,NA,
NS,03,Eddy Marsh,9,NS03-09,NA,NA,ZAW,2021,6,25,1,NS03-09-01-ZAW,7:45,1,9,0,2,S,2,Y,MAWR,0,0,0,0,A,0,0,0,0,0,0,A,A,50-100,N,NA,NA,NA,NA,NA,NA,NA,NA,NA,
NS,03,Eddy Marsh,9,NS03-09,NA,NA,ZAW,2021,6,25,1,NS03-09-01-ZAW,7:45,1,9,0,2,S,2,Y,MAWR,0,0,0,0,A,0,A,0,0,0,0,A,A,<50,N,NA,NA,NA,NA,NA,NA,NA,NA,NA,
NS,03,Eddy Marsh,9,NS03-09,NA,NA,ZAW,2021,6,25,1,NS03-09-01-ZAW,7:45,1,9,0,2,S,2,Y,VIRA,0,0,0,0,0,0,0,0,0,0,0,A,0,50-100,N,NA,NA,NA,NA,NA,NA,NA,NA,NA,
NS,03,Eddy Marsh,9,NS03-09,NA,NA,ZAW,2021,6,25,1,NS03-09-01-ZAW,7:45,1,9,0,2,S,2,Y,SORA,0,0,0,0,0,0,0,0,0,0,0,A,0,50-100,N,NA,NA,NA,NA,NA,NA,NA,NA,NA,
NS,03,Eddy Marsh,10,NS03-10,NA,NA,ZAW,2021,6,25,1,NS03-10-01-ZAW,8:06,1,9,0,2,S,2,Y,NESP,0,0,0,0,0,0,0,0,0,0,0,0,A,NA,N,NA,NA,NA,NA,NA,NA,NA,NA,NA,Heard while walking to car
NS,03,Eddy Marsh,10,NS03-10,NA,NA,ZAW,2021,6,25,1,NS03-10-01-ZAW,8:06,1,9,0,2,S,2,Y,AMBI,0,0,0,0,0,0,0,0,0,0,0,0,A,NA,NA,NA,NA,NA,NA,NA,NA,NA,NA,NA,Previous point not noted. Flushed while walking to car
NS,03,Eddy Marsh,1,NS03-01,NA,NA,ZAW,2021,6,25,1,NS03-01-01-ZAW,4:58,1,10,1,2,S,2,Y,SORA,0,A,0,0,0,0,0,0,0,A,0,0,0,50-100,N,NA,NA,NA,NA,NA,NA,NA,NA,NA,
NS,03,Eddy Marsh,1,NS03-01,NA,NA,ZAW,2021,7,13,2,NS03-01-02-ZAW,5:09,6,11,1,1,S,2,Y,MAWR,0,0,0,0,0,0,A,0,0,0,0,A,0,50-100,N,NA,NA,NA,NA,NA,NA,NA,NA,NA,
NS,03,Eddy Marsh,1,NS03-01,NA,NA,ZAW,2021,7,13,2,NS03-01-02-ZAW,5:09,6,11,1,1,S,2,Y,MAWR,0,0,0,0,0,0,0,A,A,0,0,A,A,50-100,N,NA,NA,NA,NA,NA,NA,NA,NA,NA,
NS,03,Eddy Marsh,2,NS03-02,NA,NA,ZAW,2021,7,13,2,NS03-02-02-ZAW,5:27,9,12,1,1,E,2,Y,SORA,0,A,0,0,0,0,0,0,0,0,0,0,A,>100,N,NA,NA,NA,NA,NA,NA,NA,NA,NA,
NS,03,Eddy Marsh,3,NS03-03,NA,NA,ZAW,2021,7,13,2,NS03-03-02-ZAW,5:46,3,12,1,1,E,2,Y,SORA,0,0,0,0,A,0,0,0,0,0,0,0,0,50-100,N,NA,NA,NA,NA,NA,NA,NA,NA,NA,
NS,03,Eddy Marsh,3,NS03-03,NA,NA,ZAW,2021,7,13,2,NS03-03-02-ZAW,5:46,3,12,1,1,E,2,Y,SORA,0,0,0,0,0,A,0,0,0,0,0,0,0,>100,N,NA,NA,NA,NA,NA,NA,NA,NA,NA,
NS,03,Eddy Marsh,4,NS03-04,NA,NA,ZAW,2021,7,13,2,NS03-04-02-ZAW,6:06,2,12,1,1,E,2,Y,PBGR,A,0,0,0,0,A,0,0,0,0,0,0,0,>100,N,NA,NA,NA,NA,NA,NA,NA,NA,NA,
NS,03,Eddy Marsh,4,NS03-04,NA,NA,ZAW,2021,7,13,2,NS03-04-02-ZAW,6:06,2,12,1,1,E,2,Y,PBGR,0,0,0,0,0,0,0,0,0,0,0,V,0,>100,N,NA,NA,NA,NA,NA,NA,NA,NA,NA,Pair
NS,03,Eddy Marsh,4,NS03-04,NA,NA,ZAW,2021,7,13,2,NS03-04-02-ZAW,6:06,2,12,1,1,E,2,Y,PBGR,0,0,0,0,0,0,0,0,0,0,0,V,0,>100,N,NA,NA,NA,NA,NA,NA,NA,NA,NA,Pair
NS,03,Eddy Marsh,5,NS03-05,NA,NA,ZAW,2021,7,13,2,NS03-05-02-ZAW,6:27,1,12,1,1,E,2,Y,SORA,0,0,0,0,0,0,0,0,0,A,0,0,0,>100,N,NA,NA,NA,NA,NA,NA,NA,NA,NA,
NS,03,Eddy Marsh,6,NS03-06,NA,NA,ZAW,2021,7,13,2,NS03-06-02-ZAW,6:49,1,13,1,1,E,2,Y,VIRA,0,0,0,0,0,0,0,0,A,0,0,0,0,<50,So close!,NA,NA,NA,NA,NA,NA,NA,NA,NA,
NS,03,Eddy Marsh,6,NS03-06,NA,NA,ZAW,2021,7,13,2,NS03-06-02-ZAW,6:49,1,13,1,1,E,2,Y,VIRA,0,0,0,0,0,0,0,0,A,0,0,A,0,50-100,N,NA,NA,NA,NA,NA,NA,NA,NA,NA,
NS,03,Eddy Marsh,6,NS03-06,NA,NA,ZAW,2021,7,13,2,NS03-06-02-ZAW,6:49,1,13,1,1,E,2,Y,VIRA,0,0,0,0,0,0,0,0,0,0,0,A,0,<50,N,NA,NA,NA,NA,NA,NA,NA,NA,NA,
NS,03,Eddy Marsh,7,NS03-07,NA,NA,ZAW,2021,7,13,2,NS03-07-02-ZAW,7:09,1,12,0,1,S,2,Y,VIRA,0,0,0,0,0,0,0,0,0,0,0,A,0,<50,N,NA,NA,NA,NA,NA,NA,NA,NA,NA,"Prev point not noted, assumed no"
NS,03,Eddy Marsh,8,NS03-08,NA,NA,ZAW,2021,7,13,2,NS03-08-02-ZAW,7:28,1,13,0,1,S,2,Y,MAWR,0,0,0,0,0,0,A,0,0,0,0,0,0,<50,N,NA,NA,NA,NA,NA,NA,NA,NA,NA,
NS,03,Eddy Marsh,8,NS03-08,NA,NA,ZAW,2021,7,13,2,NS03-08-02-ZAW,7:28,1,13,0,1,S,2,Y,VIRA,0,0,0,0,0,0,0,0,A,0,0,0,0,50-100,NA,NA,NA,NA,NA,NA,NA,NA,NA,NA,Prev point not noted
NS,03,Eddy Marsh,8,NS03-08,NA,NA,ZAW,2021,7,13,2,NS03-08-02-ZAW,7:28,1,13,0,1,S,2,Y,SORA,0,0,0,0,0,0,0,0,0,0,AV,0,0,<50,N,NA,NA,NA,NA,NA,NA,NA,NA,NA,
NS,03,Eddy Marsh,8,NS03-08,NA,NA,ZAW,2021,7,13,2,NS03-08-02-ZAW,7:28,1,13,0,1,S,2,Y,PBGR,0,0,0,0,0,0,0,0,0,0,0,0,V,NA,N,NA,NA,NA,NA,NA,NA,NA,NA,NA,Did not indicate distance
NS,03,Eddy Marsh,9,NS03-09,NA,NA,ZAW,2021,7,13,2,NS03-09-02-ZAW,7:50,1,14,0,1,S,3,Y,MAWR,0,0,A,A,A,A,0,0,0,0,0,A,0,50-100,N,NA,NA,NA,NA,NA,NA,NA,NA,NA,
NS,03,Eddy Marsh,9,NS03-09,NA,NA,ZAW,2021,7,13,2,NS03-09-02-ZAW,7:50,1,14,0,1,S,3,Y,VIRA,0,0,0,0,0,0,0,0,A,0,0,0,0,>100,N,NA,NA,NA,NA,NA,NA,NA,NA,NA,
NS,03,Eddy Marsh,9,NS03-09,NA,NA,ZAW,2021,7,13,2,NS03-09-02-ZAW,7:50,1,14,0,1,S,3,Y,AMBI,0,0,0,0,0,0,0,0,0,0,0,V,0,50-100,N,NA,NA,NA,NA,NA,NA,NA,NA,NA,"Previous point not noted, assuming no based on previous data"
NB,55,Saint John South,1,NB55-01,NA,NA,MAH,2021,6,27,1,NB55-01-01-MAH,5:20,10,15,1,3,s,2,Y,NESP,0,0,0,0,0,A,A,V,A,0,A,A,V,<50,N,NA,NA,NA,NA,NA,NA,NA,NA,NA,
NB,55,Saint John South,1,NB55-01,NA,NA,MAH,2021,6,27,1,NB55-01-01-MAH,5:20,10,15,1,3,s,2,Y,NESP,0,0,0,0,0,A,0,0,0,A,0,0,0,<50,N,NA,NA,NA,NA,NA,NA,NA,NA,NA,
NB,55,Saint John South,1,NB55-01,NA,NA,MAH,2021,6,27,1,NB55-01-01-MAH,5:20,10,15,1,3,s,2,Y,NESP,0,0,0,0,0,0,0,0,0,0,A,0,0,<50,N,NA,NA,NA,NA,NA,NA,NA,NA,NA,
NB,55,Saint John South,2,NB55-02,NA,NA,MAH,2021,6,27,1,NB55-02-01-MAH,5:40,10,14,1,3,S,2,Y,NESP,A,A,A,A,A,A,V,A,A,A,A,A,A,50-100,N,NA,NA,NA,NA,NA,NA,NA,NA,NA,
NB,55,Saint John South,2,NB55-02,NA,NA,MAH,2021,6,27,1,NB55-02-01-MAH,5:40,10,14,1,3,S,2,Y,NESP,0,0,A,A,A,A,0,0,0,0,0,0,0,>100,Y,NA,NA,NA,NA,NA,NA,NA,NA,NA,
NB,55,Saint John South,2,NB55-02,NA,NA,MAH,2021,6,27,1,NB55-02-01-MAH,5:40,10,14,1,3,S,2,Y,MAWR,0,0,0,0,0,A,0,0,0,0,0,0,0,50-100,N,NA,NA,NA,NA,NA,NA,NA,NA,NA,"Distance note noted, but estimated from point count"
NB,55,Saint John South,3,NB55-03,NA,NA,MAH,2021,6,27,1,NB55-03-01-MAH,6:15,10,4,1,3,S,4,Y,NESP,A,A,0,A,A,A,A,A,A,A,A,V,A,<50,N,NA,NA,NA,NA,NA,NA,NA,NA,NA,
NB,55,Saint John South,3,NB55-03,NA,NA,MAH,2021,6,27,1,NB55-03-01-MAH,6:15,10,4,1,3,S,4,Y,NESP,0,0,A,A,A,A,0,0,0,0,A,V,0,50-100,N,NA,NA,NA,NA,NA,NA,NA,NA,NA,
NB,55,Saint John South,3,NB55-03,NA,NA,MAH,2021,6,27,1,NB55-03-01-MAH,6:15,10,4,1,3,S,4,Y,NESP,0,0,0,0,A,A,A,A,0,0,0,A,A,<50,N,NA,NA,NA,NA,NA,NA,NA,NA,NA,"Distance note noted, but estimated from point count"
NB,55,Saint John South,3,NB55-03,NA,NA,MAH,2021,6,27,1,NB55-03-01-MAH,6:15,10,4,1,3,S,4,Y,NESP,0,0,0,0,0,0,0,0,0,0,0,A,0,>100,Y,NA,NA,NA,NA,NA,NA,NA,NA,NA,"Distance note noted, but estimated from point count"
NB,55,Saint John South,4,NB55-04,NA,NA,MAH,2021,6,27,1,NB55-04-01-MAH,6:40,10,17,1,3,S,1,Y,NESP,0,0,A,A,A,A,A,0,A,A,A,A,A,>100,Y,NA,NA,NA,NA,NA,NA,NA,NA,NA,
NB,55,Saint John South,4,NB55-04,NA,NA,MAH,2021,6,27,1,NB55-04-01-MAH,6:40,10,17,1,3,S,1,Y,NESP,0,0,0,A,0,A,A,V,A,A,A,A,0,>100,N,NA,NA,NA,NA,NA,NA,NA,NA,NA,
NB,55,Saint John South,4,NB55-04,NA,NA,MAH,2021,6,27,1,NB55-04-01-MAH,6:40,10,17,1,3,S,1,Y,MAWR,0,0,0,0,0,0,0,0,0,0,0,0,A,>100,N,NA,NA,NA,NA,NA,NA,NA,NA,NA,"Distance note noted, but estimated from point count"
NB,55,Saint John South,1,NB55-01,NA,NA,MAH,2021,7,2,2,NB55-01-02-MAH,5:15,9,12,1,3,SW,2,Y,NESP,A,A,A,A,A,0,0,A,A,A,0,0,A,50-100,N,NA,NA,NA,NA,NA,NA,NA,NA,NA,
NB,55,Saint John South,1,NB55-01,NA,NA,MAH,2021,7,2,2,NB55-01-02-MAH,5:15,9,12,1,3,SW,2,Y,MAWR,0,0,0,0,0,0,0,0,0,0,A,A,A,<50,N,NA,NA,NA,NA,NA,NA,NA,NA,NA,
NB,55,Saint John South,2,NB55-02,NA,NA,MAH,2021,7,2,2,NB55-02-02-MAH,5:45,9,12,1,3,S,2,Y,NESP,A,A,0,0,0,A,A,A,A,A,A,A,A,50-100,N,NA,NA,NA,NA,NA,NA,NA,NA,NA,
NB,55,Saint John South,2,NB55-02,NA,NA,MAH,2021,7,2,2,NB55-02-02-MAH,5:45,9,12,1,3,S,2,Y,NESP,0,0,0,0,0,A,0,0,A,A,0,0,0,<50,N,NA,NA,NA,NA,NA,NA,NA,NA,NA,
NB,55,Saint John South,3,NB55-03,NA,NA,MAH,2021,7,2,2,NB55-03-02-MAH,6:10,9,11,1,3,S,2,Y,NESP,A,A,A,0,0,A,A,A,A,0,A,A,0,<50,N,NA,NA,NA,NA,NA,NA,NA,NA,NA,
NB,55,Saint John South,3,NB55-03,NA,NA,MAH,2021,7,2,2,NB55-03-02-MAH,6:10,9,11,1,3,S,2,Y,NESP,0,0,0,A,A,A,0,0,0,A,A,A,A,50-100,N,NA,NA,NA,NA,NA,NA,NA,NA,NA,
NB,55,Saint John South,4,NB55-04,NA,NA,MAH,2021,7,2,2,NB55-04-02-MAH,6:35,9,12,1,3,S,2,Y,NESP,A,0,0,A,A,A,A,A,A,A,A,A,A,50-100,N,NA,NA,NA,NA,NA,NA,NA,NA,NA,
NB,55,Saint John South,4,NB55-04,NA,NA,MAH,2021,7,2,2,NB55-04-02-MAH,6:35,9,12,1,3,S,2,Y,NESP,0,0,0,0,A,0,A,A,0,0,A,A,A,>100,N,NA,NA,NA,NA,NA,NA,NA,NA,NA,
NB,55,Saint John South,4,NB55-04,NA,NA,MAH,2021,7,2,2,NB55-04-02-MAH,6:35,9,12,1,3,S,2,Y,NESP,0,0,0,0,A,A,A,0,A,A,A,A,A,>100,N,NA,NA,NA,NA,NA,NA,NA,NA,NA,
NB,57,Coles Island,4,NB57-04,NA,NA,LON,2021,6,13,1,NB57-04-01-LON,6:50,9,8,0,2,W,0,Y,PBGR,A,0,A,0,0,0,0,0,0,0,0,A,0,50-100,N,NA,NA,NA,NA,NA,NA,NA,NA,NA,
NB,57,Coles Island,4,NB57-04,NA,NA,LON,2021,6,13,1,NB57-04-01-LON,6:50,9,8,0,2,W,0,Y,SORA,0,0,A,0,0,0,0,0,0,0,0,0,0,50-100,N,NA,NA,NA,NA,NA,NA,NA,NA,NA,
NB,57,Coles Island,5,NB57-05,NA,NA,LON,2021,6,13,1,NB57-05-01-LON,7:15,3,10,0,2,NW,0,Y,PBGR,A,0,0,0,0,0,0,0,0,0,0,A,0,50-100,Y,NA,NA,NA,NA,NA,NA,NA,NA,NA,
NB,57,Coles Island,6,NB57-06,NA,NA,LON,2021,6,13,1,NB57-06-01-LON,7:53,2,10,0,1,NW,0,Y,SORA,A,0,0,0,0,0,0,0,0,0,0,0,0,50-100,N,NA,NA,NA,NA,NA,NA,NA,NA,NA,
NB,57,Coles Island,6,NB57-06,NA,NA,LON,2021,6,13,1,NB57-06-01-LON,7:53,2,10,0,1,NW,0,Y,NESP,0,0,0,0,0,A,0,0,0,0,0,0,0,50-100,N,NA,NA,NA,NA,NA,NA,NA,NA,NA,
NB,57,Coles Island,2,NB57-02,NA,NA,LON,2021,6,13,1,NB57-02-01-LON,5:58,10,9,0,3,SW,0,Y,SORA,A,0,0,0,0,0,0,0,0,0,0,0,0,50-100,N,NA,NA,NA,NA,NA,NA,NA,NA,NA,
NB,57,Coles Island,2,NB57-02,NA,NA,LON,2021,6,13,1,NB57-02-01-LON,5:58,10,9,0,3,SW,0,Y,SORA,0,0,A,0,0,0,0,0,0,0,0,0,0,>100,N,NA,NA,NA,NA,NA,NA,NA,NA,NA,
NB,57,Coles Island,2,NB57-02,NA,NA,LON,2021,6,13,1,NB57-02-01-LON,5:58,10,9,0,3,SW,0,Y,PBGR,0,0,0,A,0,0,0,0,0,0,0,0,0,>100,N,NA,NA,NA,NA,NA,NA,NA,NA,NA,
NB,57,Coles Island,2,NB57-02,NA,NA,LON,2021,6,13,1,NB57-02-01-LON,5:58,10,9,0,3,SW,0,Y,PBGR,0,0,0,0,0,0,0,0,0,0,0,0,A,50-100,N,NA,NA,NA,NA,NA,NA,NA,NA,NA,
NB,57,Coles Island,3,NB57-03,NA,NA,LON,2021,7,3,2,NB57-03-02-LON,6:35,10,12,0,2,NE,0,Y,PBGR,A,0,A,0,0,0,0,0,0,0,0,0,0,50-100,Y,NA,NA,NA,NA,NA,NA,NA,NA,NA,
NB,57,Coles Island,3,NB57-03,NA,NA,LON,2021,7,3,2,NB57-03-02-LON,6:35,10,12,0,2,NE,0,Y,PBGR,0,0,0,0,0,0,0,0,0,0,0,A,0,>100,Y,NA,NA,NA,NA,NA,NA,NA,NA,NA,
NB,57,Coles Island,5,NB57-05,NA,NA,LON,2021,7,3,2,NB57-05-02-LON,7:25,10,12,0,3,NE,0,Y,PBGR,0,0,0,0,0,0,0,0,0,0,V,0,0,>100,Y,NA,NA,NA,NA,NA,NA,NA,NA,NA,
NB,57,Coles Island,5,NB57-05,NA,NA,LON,2021,7,3,2,NB57-05-02-LON,7:25,10,12,0,3,NE,0,Y,PBGR,0,0,0,0,0,0,0,0,0,0,0,V,0,50-100,Y,NA,NA,NA,NA,NA,NA,NA,NA,NA,
NB,57,Coles Island,5,NB57-05,NA,NA,LON,2021,7,3,2,NB57-05-02-LON,7:25,10,12,0,3,NE,0,Y,SORA,0,0,0,0,0,0,0,0,0,0,0,A,0,>100,Y,NA,NA,NA,NA,NA,NA,NA,NA,NA,
NB,57,Coles Island,6,NB57-06,NA,NA,LON,2021,7,3,2,NB57-06-02-LON,8:00,10,12,0,3,NE,0,Y,NESP,0,0,0,0,0,0,0,A,0,0,0,0,0,50-100,N,NA,NA,NA,NA,NA,NA,NA,NA,NA,
NB,34,Tintamarre,1,NB34-01,NA,NA,MEB,2021,6,13,1,NB34-01-01-MEB,5:17,10,10,0,3,SW,1,y,AMBI,A,A,0,0,0,A,0,0,0,0,A,A,0,50-100,N,NA,NA,NA,NA,NA,NA,NA,NA,NA,Rooster calling/cows too
NB,34,Tintamarre,1,NB34-01,NA,NA,MEB,2021,6,13,1,NB34-01-01-MEB,5:17,10,10,0,3,SW,1,y,PBGR,0,0,A,0,0,0,V,V,V,0,A,AV,0,50-100,N,NA,NA,NA,NA,NA,NA,NA,NA,NA,
NB,34,Tintamarre,1,NB34-01,NA,NA,MEB,2021,6,13,1,NB34-01-01-MEB,5:17,10,10,0,3,SW,1,y,AMBI,0,0,0,A,0,0,0,0,A,0,0,A,0,50-100,N,NA,NA,NA,NA,NA,NA,NA,NA,NA,
NB,34,Tintamarre,1,NB34-01,NA,NA,MEB,2021,6,13,1,NB34-01-01-MEB,5:17,10,10,0,3,SW,1,y,PBGR,0,0,0,0,0,0,0,V,V,0,0,V,0,50-100,N,NA,NA,NA,NA,NA,NA,NA,NA,NA,
NB,34,Tintamarre,1,NB34-01,NA,NA,MEB,2021,6,13,1,NB34-01-01-MEB,5:17,10,10,0,3,SW,1,y,VIRA,0,0,0,0,0,0,0,0,0,A,0,0,0,>100,N,NA,NA,NA,NA,NA,NA,NA,NA,NA,
NB,34,Tintamarre,1,NB34-01,NA,NA,MEB,2021,6,13,1,NB34-01-01-MEB,5:17,10,10,0,3,SW,1,y,GOOT,0,0,0,0,0,0,0,0,0,0,0,A,0,>100,N,NA,NA,NA,NA,NA,NA,NA,NA,NA,
NB,34,Tintamarre,1,NB34-01,NA,NA,MEB,2021,6,13,1,NB34-01-01-MEB,5:17,10,10,0,3,SW,1,y,PBGR,0,0,0,0,0,0,0,0,0,0,0,A,0,50-100,N,NA,NA,NA,NA,NA,NA,NA,NA,NA,
NB,34,Tintamarre-NWA,5,NB34-05,NA,NA,MEB,2021,6,13,1,NB34-05-01-MEB,5:44,10,10,0,3,SW,1,Y,AMBI,0,AV,A,A,A,A,0,A,A,0,0,A,0,50-100,N,NA,NA,NA,NA,NA,NA,NA,NA,NA,Cows mooing
NB,34,Tintamarre-NWA,5,NB34-05,NA,NA,MEB,2021,6,13,1,NB34-05-01-MEB,5:44,10,10,0,3,SW,1,Y,PBGR,0,A,0,0,0,0,0,0,0,0,A,0,0,50-100,N,NA,NA,NA,NA,NA,NA,NA,NA,NA,
NB,34,Tintamarre-NWA,5,NB34-05,NA,NA,MEB,2021,6,13,1,NB34-05-01-MEB,5:44,10,10,0,3,SW,1,Y,AMBI,0,0,0,0,0,0,0,0,0,0,0,0,0,50-100,N,NA,NA,NA,NA,NA,NA,NA,NA,NA,
NB,34,Tintamarre-NWA,5,NB34-05,NA,NA,MEB,2021,6,13,1,NB34-05-01-MEB,5:44,10,10,0,3,SW,1,Y,PBGR,0,0,0,A,A,0,0,0,0,0,A,A,0,<50,N,NA,NA,NA,NA,NA,NA,NA,NA,NA,
NB,34,Tintamarre-NWA,5,NB34-05,NA,NA,MEB,2021,6,13,1,NB34-05-01-MEB,5:44,10,10,0,3,SW,1,Y,VIRA,0,0,0,0,0,0,0,0,A,A,0,0,0,<50,N,NA,NA,NA,NA,NA,NA,NA,NA,NA,
NB,34,Tintamarre-NWA,6,NB34-06,NA,NA,MEB,2021,6,13,1,NB34-06-01-MEB,6:12,10,10,0,3,SW,1,Y,SORA,A,0,0,A,0,0,0,A,0,A,A,A,A,50-100,N,NA,NA,NA,NA,NA,NA,NA,NA,NA,
NB,34,Tintamarre-NWA,6,NB34-06,NA,NA,MEB,2021,6,13,1,NB34-06-01-MEB,6:12,10,10,0,3,SW,1,Y,AMBI,0,A,A,0,A,0,0,0,0,A,0,A,0,>100,NA,NA,NA,NA,NA,NA,NA,NA,NA,NA,Did not indicate prev_point
NB,34,Tintamarre-NWA,6,NB34-06,NA,NA,MEB,2021,6,13,1,NB34-06-01-MEB,6:12,10,10,0,3,SW,1,Y,PBGR,0,A,0,A,0,0,0,A,0,0,A,A,0,50-100,N,NA,NA,NA,NA,NA,NA,NA,NA,NA,
NB,34,Tintamarre-NWA,6,NB34-06,NA,NA,MEB,2021,6,13,1,NB34-06-01-MEB,6:12,10,10,0,3,SW,1,Y,PBGR,0,0,A,0,0,0,0,0,0,0,A,A,0,<50,N,NA,NA,NA,NA,NA,NA,NA,NA,NA,
NB,34,Tintamarre-NWA,6,NB34-06,NA,NA,MEB,2021,6,13,1,NB34-06-01-MEB,6:12,10,10,0,3,SW,1,Y,SORA,0,0,0,A,A,0,0,0,0,A,0,A,0,<50,N,NA,NA,NA,NA,NA,NA,NA,NA,NA,
NB,34,Tintamarre-NWA,6,NB34-06,NA,NA,MEB,2021,6,13,1,NB34-06-01-MEB,6:12,10,10,0,3,SW,1,Y,SORA,0,0,0,0,A,0,0,0,A,A,0,0,A,50-100,N,NA,NA,NA,NA,NA,NA,NA,NA,NA,
NB,34,Tintamarre-NWA,6,NB34-06,NA,NA,MEB,2021,6,13,1,NB34-06-01-MEB,6:12,10,10,0,3,SW,1,Y,VIRA,0,0,0,0,0,0,0,A,A,A,0,A,A,<50,N,NA,NA,NA,NA,NA,NA,NA,NA,NA,
NB,34,Tintamarre-NWA,6,NB34-06,NA,NA,MEB,2021,6,13,1,NB34-06-01-MEB,6:12,10,10,0,3,SW,1,Y,VIRA,0,0,0,0,0,0,0,0,A,0,A,0,0,50-100,N,NA,NA,NA,NA,NA,NA,NA,NA,NA,
NB,34,Tintamarre-NWA,6,NB34-06,NA,NA,MEB,2021,6,13,1,NB34-06-01-MEB,6:12,10,10,0,3,SW,1,Y,PBGR,0,0,0,0,0,0,0,0,0,0,A,0,0,>100,N,NA,NA,NA,NA,NA,NA,NA,NA,NA,
NB,34,Tintamarre-NWA,6,NB34-06,NA,NA,MEB,2021,6,13,1,NB34-06-01-MEB,6:12,10,10,0,3,SW,1,Y,GOOT,0,0,0,0,0,0,0,0,0,0,0,A,0,>100,N,NA,NA,NA,NA,NA,NA,NA,NA,NA,Written as COOT
NB,34,Tintamarre-NWA,7,NB34-07,NA,NA,MEB,2021,6,13,1,NB34-07-01-MEB,6:39,10,10,0,3,SW,1,y,SORA,0,0,0,A,0,A,0,0,0,0,0,A,0,>100,N,NA,NA,NA,NA,NA,NA,NA,NA,NA,
NB,34,Tintamarre-NWA,7,NB34-07,NA,NA,MEB,2021,6,13,1,NB34-07-01-MEB,6:39,10,10,0,3,SW,1,y,PBGR,0,0,0,0,A,A,0,A,0,0,0,A,0,>100,N,NA,NA,NA,NA,NA,NA,NA,NA,NA,
NB,34,Tintamarre-NWA,7,NB34-07,NA,NA,MEB,2021,6,13,1,NB34-07-01-MEB,6:39,10,10,0,3,SW,1,y,VIRA,0,0,0,0,0,0,0,0,A,0,0,0,0,NA,N,NA,NA,NA,NA,NA,NA,NA,NA,NA,Did not indicate distance
NB,34,Tintamarre-NWA,7,NB34-07,NA,NA,MEB,2021,6,13,1,NB34-07-01-MEB,6:39,10,10,0,3,SW,1,y,PBGR,0,0,0,0,0,0,0,0,0,0,0,A,0,NA,N,NA,NA,NA,NA,NA,NA,NA,NA,NA,Did not indicate distance
NB,34,Tintamarre-NWA,8,NB34-08,NA,NA,MEB,2021,6,13,1,NB34-08-01-MEB,7:13,9,10,0,3,SW,1,Y,VIRA,0,0,0,A,0,0,0,0,0,0,0,0,0,<50,N,NA,NA,NA,NA,NA,NA,NA,NA,NA,
NB,34,Tintamarre-NWA,8,NB34-08,NA,NA,MEB,2021,6,13,1,NB34-08-01-MEB,7:13,9,10,0,3,SW,1,Y,SORA,0,0,0,0,0,A,0,0,0,0,0,0,0,<50,N,NA,NA,NA,NA,NA,NA,NA,NA,NA,
NB,34,Tintamarre-NWA,8,NB34-08,NA,NA,MEB,2021,6,13,1,NB34-08-01-MEB,7:13,9,10,0,3,SW,1,Y,AMBI,0,0,0,0,0,A,0,A,A,0,0,A,A,NA,NA,NA,NA,NA,NA,NA,NA,NA,NA,NA,Did not indicate distance; did not indicate prev_point
NB,34,Tintamarre-NWA,8,NB34-08,NA,NA,MEB,2021,6,13,1,NB34-08-01-MEB,7:13,9,10,0,3,SW,1,Y,VIRA,0,0,0,0,0,0,0,0,0,A,A,0,0,<50,N,NA,NA,NA,NA,NA,NA,NA,NA,NA,
NB,34,Tintamarre-NWA,8,NB34-08,NA,NA,MEB,2021,6,13,1,NB34-08-01-MEB,7:13,9,10,0,3,SW,1,Y,PBGR,0,0,0,0,0,0,0,0,0,0,A,0,0,>100,Y,NA,NA,NA,NA,NA,NA,NA,NA,NA,maybe before
NB,34,Tintamarre-NWA,8,NB34-08,NA,NA,MEB,2021,6,13,1,NB34-08-01-MEB,7:13,9,10,0,3,SW,1,Y,LEBI,0,0,0,0,0,0,0,0,0,0,0,A,0,50-100,N,NA,NA,NA,NA,NA,NA,NA,NA,NA,
NB,34,Tintamarre-NWA,9,NB34-09,NA,NA,MEB,2021,6,13,1,NB34-09-01-MEB,7:36,2,11,0,3,SW,1,Y,PBGR,0,0,0,0,0,0,0,0,A,0,0,0,0,>100,Y,NA,NA,NA,NA,NA,NA,NA,NA,NA,
NB,34,Tintamarre-NWA,9,NB34-09,NA,NA,MEB,2021,6,13,1,NB34-09-01-MEB,7:36,2,11,0,3,SW,1,Y,SORA,0,0,0,0,0,0,0,0,0,0,A,A,0,>100,Y,NA,NA,NA,NA,NA,NA,NA,NA,NA,
NB,34,Tintamarre-NWA,9,NB34-09,NA,NA,MEB,2021,6,13,1,NB34-09-01-MEB,7:36,2,11,0,3,SW,1,Y,LEBI,0,0,0,0,0,0,0,0,0,0,0,A,0,>100,N,NA,NA,NA,NA,NA,NA,NA,NA,NA,
NB,34,Tintamarre-NWA,9,NB34-09,NA,NA,MEB,2021,6,13,1,NB34-09-01-MEB,7:36,2,11,0,3,SW,1,Y,PBGR,0,0,0,0,0,0,0,0,0,0,0,0,A,>100,N,NA,NA,NA,NA,NA,NA,NA,NA,NA,
NB,34,Tintamarre-NWA,3,NB34-03,NA,NA,MEB,2021,6,13,1,NB34-03-01-MEB,8:39,3,12,0,3,SW,1,Y,PBGR,0,0,0,0,0,0,0,0,0,0,0,V,0,<50,N,NA,NA,NA,NA,NA,NA,NA,NA,NA,
NB,34,Tintamarre-NWA,3,NB34-03,NA,NA,MEB,2021,6,13,1,NB34-03-01-MEB,8:39,3,12,0,3,SW,1,Y,SORA,0,0,0,0,0,0,0,0,0,0,0,A,0,50-100,N,NA,NA,NA,NA,NA,NA,NA,NA,NA,
NB,34,Tintamarre-NWA,4,NB34-04,NA,NA,MEB,2021,6,13,1,NB34-04-01-MEB,9:07,1,12,0,3,N,1,Y,SORA,0,A,0,0,A,A,A,0,A,0,A,A,0,50-100,N,NA,NA,NA,NA,NA,NA,NA,NA,NA,
NB,34,Tintamarre-NWA,4,NB34-04,NA,NA,MEB,2021,6,13,1,NB34-04-01-MEB,9:07,1,12,0,3,N,1,Y,PBGR,0,0,0,0,0,0,A,0,0,0,A,A,0,50-100,N,NA,NA,NA,NA,NA,NA,NA,NA,NA,
NB,34,Tintamarre-NWA,4,NB34-04,NA,NA,MEB,2021,6,13,1,NB34-04-01-MEB,9:07,1,12,0,3,N,1,Y,PBGR,0,0,0,0,0,0,0,V,0,V,V,V,0,50-100,Y,NA,NA,NA,NA,NA,NA,NA,NA,NA,PT 3
NB,34,Tintamarre,1,NB34-01,NA,NA,MEB,2021,7,1,2,NB34-01-02-MEB,5:26,8,19,1,3,S,0,Y,PBGR,A,0,0,0,0,0,0,0,0,0,0,0,0,50-100,N,NA,NA,NA,NA,NA,NA,NA,NA,NA,
NB,34,Tintamarre,1,NB34-01,NA,NA,MEB,2021,7,1,2,NB34-01-02-MEB,5:26,8,19,1,3,S,0,Y,NESP,0,0,A,0,0,0,0,0,0,0,0,0,0,50-100,N,NA,NA,NA,NA,NA,NA,NA,NA,NA,
NB,34,Tintamarre,1,NB34-01,NA,NA,MEB,2021,7,1,2,NB34-01-02-MEB,5:26,8,19,1,3,S,0,Y,AMBI,0,0,0,0,AV,0,0,0,0,0,0,0,0,50-100,N,NA,NA,NA,NA,NA,NA,NA,NA,NA,
NB,34,Tintamarre,1,NB34-01,NA,NA,MEB,2021,7,1,2,NB34-01-02-MEB,5:26,8,19,1,3,S,0,Y,AMBI,0,0,0,0,0,V,0,0,0,0,0,0,0,50-100,N,NA,NA,NA,NA,NA,NA,NA,NA,NA,
NB,34,Tintamarre,1,NB34-01,NA,NA,MEB,2021,7,1,2,NB34-01-02-MEB,5:26,8,19,1,3,S,0,Y,PBGR,0,0,0,0,0,0,0,0,0,0,A,0,0,>100,N,NA,NA,NA,NA,NA,NA,NA,NA,NA,
NB,34,Tintamarre,5,NB34-05,NA,NA,MEB,2021,7,1,2,NB34-05-02-MEB,5:55,8,19,1,3,S,0,Y,VIRA,0,0,0,0,0,0,0,0,A,0,0,0,0,50-100,N,NA,NA,NA,NA,NA,NA,NA,NA,NA,
NB,34,Tintamarre,5,NB34-05,NA,NA,MEB,2021,7,1,2,NB34-05-02-MEB,5:55,8,19,1,3,S,0,Y,SORA,0,0,0,0,0,0,0,0,0,A,A,A,0,>100,N,NA,NA,NA,NA,NA,NA,NA,NA,NA,
NB,34,Tintamarre,6,NB34-06,NA,NA,MEB,2021,7,1,2,NB34-06-02-MEB,6:24,8,19,1,3,S,0,Y,PBGR,A,A,0,0,0,A,A,0,0,0,A,0,A,NA,N,NA,NA,NA,NA,NA,NA,NA,NA,NA,Did not indicate distance
NB,34,Tintamarre,6,NB34-06,NA,NA,MEB,2021,7,1,2,NB34-06-02-MEB,6:24,8,19,1,3,S,0,Y,SORA,0,A,A,0,0,A,0,0,A,A,0,A,A,<50,N,NA,NA,NA,NA,NA,NA,NA,NA,NA,
NB,34,Tintamarre,6,NB34-06,NA,NA,MEB,2021,7,1,2,NB34-06-02-MEB,6:24,8,19,1,3,S,0,Y,VIRA,0,A,A,A,A,A,A,A,A,A,A,A,0,<50,N,NA,NA,NA,NA,NA,NA,NA,NA,NA,
NB,34,Tintamarre,6,NB34-06,NA,NA,MEB,2021,7,1,2,NB34-06-02-MEB,6:24,8,19,1,3,S,0,Y,SORA,0,0,0,0,A,0,0,0,0,A,0,A,0,50-100,N,NA,NA,NA,NA,NA,NA,NA,NA,NA,
NB,34,Tintamarre,6,NB34-06,NA,NA,MEB,2021,7,1,2,NB34-06-02-MEB,6:24,8,19,1,3,S,0,Y,VIRA,0,0,0,0,A,A,0,0,0,0,A,0,0,<50,N,NA,NA,NA,NA,NA,NA,NA,NA,NA,
NB,34,Tintamarre,6,NB34-06,NA,NA,MEB,2021,7,1,2,NB34-06-02-MEB,6:24,8,19,1,3,S,0,Y,VIRA,0,0,0,0,0,0,0,0,A,A,A,0,0,<50,N,NA,NA,NA,NA,NA,NA,NA,NA,NA,
NB,34,Tintamarre,6,NB34-06,NA,NA,MEB,2021,7,1,2,NB34-06-02-MEB,6:24,8,19,1,3,S,0,Y,SORA,0,0,0,0,0,0,0,0,0,A,0,0,0,50-100,N,NA,NA,NA,NA,NA,NA,NA,NA,NA,
NB,34,Tintamarre,6,NB34-06,NA,NA,MEB,2021,7,1,2,NB34-06-02-MEB,6:24,8,19,1,3,S,0,Y,SORA,0,0,0,0,0,0,0,0,0,A,0,0,0,NA,N,NA,NA,NA,NA,NA,NA,NA,NA,NA,Did not indicate distance
NB,34,Tintamarre,6,NB34-06,NA,NA,MEB,2021,7,1,2,NB34-06-02-MEB,6:24,8,19,1,3,S,0,Y,VIRA,0,0,0,0,0,0,0,0,0,0,A,0,AV,<50,N,NA,NA,NA,NA,NA,NA,NA,NA,NA,
NB,34,Tintamarre,6,NB34-06,NA,NA,MEB,2021,7,1,2,NB34-06-02-MEB,6:24,8,19,1,3,S,0,Y,PBGR,0,0,0,0,0,0,0,0,0,0,0,0,A,NA,N,NA,NA,NA,NA,NA,NA,NA,NA,NA,Did not indicate distance
NB,34,Tintamarre,7,NB34-07,NA,NA,MEB,2021,7,1,2,NB34-07-02-MEB,6:50,10,20,1,3,S,1,Y,BLTE,AV,0,0,0,0,0,0,0,0,0,0,0,0,NA,N,NA,NA,NA,NA,NA,NA,NA,NA,NA,Flew out of marsh + away
NB,34,Tintamarre,7,NB34-07,NA,NA,MEB,2021,7,1,2,NB34-07-02-MEB,6:50,10,20,1,3,S,1,Y,PBGR,0,0,0,0,A,0,0,0,A,A,0,0,0,>100,Y,NA,NA,NA,NA,NA,NA,NA,NA,NA,
NB,34,Tintamarre,7,NB34-07,NA,NA,MEB,2021,7,1,2,NB34-07-02-MEB,6:50,10,20,1,3,S,1,Y,VIRA,0,0,0,0,0,0,0,0,A,0,0,0,0,<50,N,NA,NA,NA,NA,NA,NA,NA,NA,NA,
NB,34,Tintamarre,7,NB34-07,NA,NA,MEB,2021,7,1,2,NB34-07-02-MEB,6:50,10,20,1,3,S,1,Y,SORA,0,0,0,0,0,0,0,0,0,0,A,A,0,50-100,N,NA,NA,NA,NA,NA,NA,NA,NA,NA,
NB,34,Tintamarre,8,NB34-08,NA,NA,MEB,2021,7,1,2,NB34-08-02-MEB,7:28,10,21,1,3,S,1,Y,PBGR,A,0,0,0,0,0,0,0,0,0,0,A,0,>100,N,NA,NA,NA,NA,NA,NA,NA,NA,NA,
NB,34,Tintamarre,8,NB34-08,NA,NA,MEB,2021,7,1,2,NB34-08-02-MEB,7:28,10,21,1,3,S,1,Y,LEBI,0,0,0,0,0,0,A,0,0,0,0,A,0,>100,N,NA,NA,NA,NA,NA,NA,NA,NA,NA,
NB,34,Tintamarre,8,NB34-08,NA,NA,MEB,2021,7,1,2,NB34-08-02-MEB,7:28,10,21,1,3,S,1,Y,VIRA,0,0,0,0,0,0,0,0,A,A,V,AV,V,<50,N,NA,NA,NA,NA,NA,NA,NA,NA,NA,Very close ~10m
NB,34,Tintamarre,8,NB34-08,NA,NA,MEB,2021,7,1,2,NB34-08-02-MEB,7:28,10,21,1,3,S,1,Y,VIRA,0,0,0,0,0,0,0,0,A,A,0,A,0,<50,N,NA,NA,NA,NA,NA,NA,NA,NA,NA,
NB,34,Tintamarre,8,NB34-08,NA,NA,MEB,2021,7,1,2,NB34-08-02-MEB,7:28,10,21,1,3,S,1,Y,PBGR,0,0,0,0,0,0,0,0,0,0,A,0,0,50-100,N,NA,NA,NA,NA,NA,NA,NA,NA,NA,
NB,34,Tintamarre,8,NB34-08,NA,NA,MEB,2021,7,1,2,NB34-08-02-MEB,7:28,10,21,1,3,S,1,Y,VIRA,0,0,0,0,0,0,0,0,0,0,A,A,A,<50,N,NA,NA,NA,NA,NA,NA,NA,NA,NA,
NB,34,Tintamarre,9,NB34-09,NA,NA,MEB,2021,7,1,2,NB34-09-02-MEB,7:49,10,21,0,3,S,1,Y,NESP,0,0,0,A,A,A,A,A,A,0,A,AV,A,<50,N,NA,NA,NA,NA,NA,NA,NA,NA,NA,
NB,34,Tintamarre,9,NB34-09,NA,NA,MEB,2021,7,1,2,NB34-09-02-MEB,7:49,10,21,0,3,S,1,Y,NESP,0,0,0,0,0,A,A,A,0,0,0,A,0,<50,N,NA,NA,NA,NA,NA,NA,NA,NA,NA,
NB,34,Tintamarre,9,NB34-09,NA,NA,MEB,2021,7,1,2,NB34-09-02-MEB,7:49,10,21,0,3,S,1,Y,NESP,0,0,0,0,0,0,A,0,0,0,0,A,0,<50,N,NA,NA,NA,NA,NA,NA,NA,NA,NA,
NB,34,Tintamarre,9,NB34-09,NA,NA,MEB,2021,7,1,2,NB34-09-02-MEB,7:49,10,21,0,3,S,1,Y,NESP,0,0,0,0,0,0,0,0,0,0,0,A,0,<50,N,NA,NA,NA,NA,NA,NA,NA,NA,NA,
NB,BD,Bouctouche Dune,2,NBBD-02,46.53028,64.69284,DEM,2021,6,3,1,NBBD-02-01-DEM,5:00,0,14,0,3,SW,2,Y,NESP,0,0,A,0,0,0,0,0,0,0,0,0,0,<50,N,NA,NA,NA,NA,NA,NA,NA,NA,NA,
NB,BD,Bouctouche Dune,2,NBBD-02,46.53028,64.69284,DEM,2021,6,3,1,NBBD-02-01-DEM,5:00,0,14,0,3,SW,2,Y,NESP,0,0,0,0,0,A,0,0,0,0,0,0,A,<50,N,NA,NA,NA,NA,NA,NA,NA,NA,NA,
NB,BD,Bouctouche Dune,3,NBBD-03,46.52913,64.68922,DEM,2021,6,3,1,NBBD-03-01-DEM,5:37,0,14,0,3,SW,1,Y,NESP,0,0,0,0,0,0,0,A,0,0,0,A,0,<50,Y,NA,NA,NA,NA,NA,NA,NA,NA,NA,
NB,BD,Bouctouche Dune,3,NBBD-03,46.52913,64.68922,DEM,2021,6,3,1,NBBD-03-01-DEM,5:37,0,14,0,3,SW,1,Y,NESP,0,0,0,0,0,0,0,0,0,0,0,A,0,<50,N,NA,NA,NA,NA,NA,NA,NA,NA,NA,
NB,BD,Bouctouche Dune,4,NBBD-04,46.52705,64.68624,DEM,2021,6,3,1,NBBD-04-01-DEM,6:07,0,14,0,3,SW,2,Y,NESP,0,A,0,0,0,A,0,0,0,0,0,0,0,50-100,Y,NA,NA,NA,NA,NA,NA,NA,NA,NA,
NB,BD,Bouctouche Dune,4,NBBD-04,46.52705,64.68624,DEM,2021,6,3,1,NBBD-04-01-DEM,6:07,0,14,0,3,SW,2,Y,WILL,0,0,0,0,0,0,0,0,0,0,0,A,0,<50,N,NA,NA,NA,NA,NA,NA,NA,NA,NA,
NB,BD,Bouctouche Dune,5,NBBD-05,46.52449,64.68309,DEM,2021,6,3,1,NBBD-05-01-DEM,6:38,1,14,0,3,SW,1,Y,MAWR,0,A,0,0,0,0,0,0,A,A,0,0,0,50-100,N,NA,NA,NA,NA,NA,NA,NA,NA,NA,
NB,BD,Bouctouche Dune,5,NBBD-05,46.52449,64.68309,DEM,2021,6,3,1,NBBD-05-01-DEM,6:38,1,14,0,3,SW,1,Y,NESP,0,0,0,A,0,0,0,0,0,0,0,A,0,<50,Y,NA,NA,NA,NA,NA,NA,NA,NA,NA,
NB,BD,Bouctouche Dune,5,NBBD-05,46.52449,64.68309,DEM,2021,6,3,1,NBBD-05-01-DEM,6:38,1,14,0,3,SW,1,Y,NESP,0,0,0,0,0,A,0,0,0,0,0,0,0,<50,N,NA,NA,NA,NA,NA,NA,NA,NA,NA,
NB,BD,Bouctouche Dune,5,NBBD-05,46.52449,64.68309,DEM,2021,6,3,1,NBBD-05-01-DEM,6:38,1,14,0,3,SW,1,Y,WILL,0,0,0,0,0,A,A,0,0,0,0,0,0,<50,Y,NA,NA,NA,NA,NA,NA,NA,NA,NA,
NB,BD,Bouctouche Dune,5,NBBD-05,46.52449,64.68309,DEM,2021,6,3,1,NBBD-05-01-DEM,6:38,1,14,0,3,SW,1,Y,MAWR,0,0,0,0,0,0,0,0,0,0,0,A,NA,50-100,N,NA,NA,NA,NA,NA,NA,NA,NA,NA,
NB,BD,Bouctouche Dune,2,NBBD-02,46.43028,64.69284,DEM,2021,6,24,2,NBBD-02-02-DEM,4:25,0,8,0,2,S,0,Y,WILL,AV,AV,AV,0,0,AV,AV,V,0,0,0,A,NA,<50,N,NA,NA,NA,NA,NA,NA,NA,NA,NA,"Before/after columns not separated; assuming all noted are ""before"""
NB,BD,Bouctouche Dune,2,NBBD-02,46.43028,64.69284,DEM,2021,6,24,2,NBBD-02-02-DEM,4:25,0,8,0,2,S,0,Y,NESP,0,0,0,A,0,A,0,0,0,0,0,A,0,<50,N,NA,NA,NA,NA,NA,NA,NA,NA,NA,
NB,BD,Bouctouche Dune,2,NBBD-02,46.43028,64.69284,DEM,2021,6,24,2,NBBD-02-02-DEM,4:25,0,8,0,2,S,0,Y,MAWR,0,0,0,0,0,0,A,0,0,0,0,A,0,<50,N,NA,NA,NA,NA,NA,NA,NA,NA,NA,
NB,BD,Bouctouche Dune,3,NBBD-03,46.52913,64.68922,DEM,2021,6,24,2,NBBD-03-02-DEM,5:11,0,10,0,2,S,1,Y,NESP,A,A,0,0,0,0,0,0,0,0,0,0,NA,<50,Y,NA,NA,NA,NA,NA,NA,NA,NA,NA,"Before/after columns not separated; assuming all noted are ""before"""
NB,BD,Bouctouche Dune,3,NBBD-03,46.52913,64.68922,DEM,2021,6,24,2,NBBD-03-02-DEM,5:11,0,10,0,2,S,1,Y,NESP,0,A,0,0,0,0,0,0,0,0,0,0,0,<50,N,NA,NA,NA,NA,NA,NA,NA,NA,NA,
NB,BD,Bouctouche Dune,3,NBBD-03,46.52913,64.68922,DEM,2021,6,24,2,NBBD-03-02-DEM,5:11,0,10,0,2,S,1,Y,WILL,0,0,A,0,0,0,0,0,0,0,0,0,0,<50,N,NA,NA,NA,NA,NA,NA,NA,NA,NA,
NB,BD,Bouctouche Dune,3,NBBD-03,46.52913,64.68922,DEM,2021,6,24,2,NBBD-03-02-DEM,5:11,0,10,0,2,S,1,Y,MAWR,0,0,0,0,0,A,0,0,0,0,0,0,0,<50,Y,NA,NA,NA,NA,NA,NA,NA,NA,NA,
NB,BD,Bouctouche Dune,3,NBBD-03,46.52913,64.68922,DEM,2021,6,24,2,NBBD-03-02-DEM,5:11,0,10,0,2,S,1,Y,MAWR,0,0,0,0,0,0,A,A,0,0,0,A,0,<50,N,NA,NA,NA,NA,NA,NA,NA,NA,NA,
NB,BD,Bouctouche Dune,4,NBBD-04,46.52705,64.68624,DEM,2021,6,24,2,NBBD-04-02-DEM,5:40,0,9,0,2,W,1,Y,NESP,0,0,0,0,0,0,A,0,0,A,0,0,0,<50,Y,NA,NA,NA,NA,NA,NA,NA,NA,NA,
NB,BD,Bouctouche Dune,4,NBBD-04,46.52705,64.68624,DEM,2021,6,24,2,NBBD-04-02-DEM,5:40,0,9,0,2,W,1,Y,WILL,0,0,0,0,0,0,0,0,0,0,0,0,AV,50-100,Y,NA,NA,NA,NA,NA,NA,NA,NA,NA,Flew through
NB,BD,Bouctouche Dune,4,NBBD-04,46.52705,64.68624,DEM,2021,6,24,2,NBBD-04-02-DEM,5:40,0,9,0,2,W,1,Y,WILL,0,0,0,0,0,0,0,0,0,0,0,0,AV,50-100,N,NA,NA,NA,NA,NA,NA,NA,NA,NA,Flew through
NB,BD,Bouctouche Dune,5,NBBD-05,46.52449,64.68309,DEM,2021,6,24,2,NBBD-05-02-DEM,6:08,0,9,0,2,W,1,Y,MAWR,0,A,0,A,0,0,A,0,0,A,A,0,0,<50,N,NA,NA,NA,NA,NA,NA,NA,NA,NA,
NB,BD,Bouctouche Dune,5,NBBD-05,46.52449,64.68309,DEM,2021,6,24,2,NBBD-05-02-DEM,6:08,0,9,0,2,W,1,Y,NESP,0,0,0,A,A,A,0,0,0,0,0,A,0,<50,Y,NA,NA,NA,NA,NA,NA,NA,NA,NA,
NB,BD,Bouctouche Dune,5,NBBD-05,46.52449,64.68309,DEM,2021,6,24,2,NBBD-05-02-DEM,6:08,0,9,0,2,W,1,Y,WILL,0,0,0,0,0,0,0,0,A,0,0,A,0,50-100,Y,NA,NA,NA,NA,NA,NA,NA,NA,NA,
NB,BD,Bouctouche Dune,5,NBBD-05,46.52449,64.68309,DEM,2021,6,24,2,NBBD-05-02-DEM,6:08,0,9,0,2,W,1,Y,MAWR,0,0,0,0,0,0,0,0,0,A,0,0,0,50-100,N,NA,NA,NA,NA,NA,NA,NA,NA,NA,
NB,BD,Bouctouche Dune,5,NBBD-05,46.52449,64.68309,DEM,2021,6,24,2,NBBD-05-02-DEM,6:08,0,9,0,2,W,1,Y,NESP,0,0,0,0,0,0,0,0,0,0,0,A,0,<50,N,NA,NA,NA,NA,NA,NA,NA,NA,NA,
NB,CH,Chockpish,1,NBCH-01,46.60406,64.72416,DEM,2021,6,9,1,NBCH-01-01-DEM,4:59,9,15,0,3,SW,0,Y,NESP,0,0,0,0,0,0,0,0,0,A,0,A,0,<50,N,NA,NA,NA,NA,NA,NA,NA,NA,NA,
NB,CH,Chockpish,1,NBCH-01,46.60406,64.72416,DEM,2021,6,9,1,NBCH-01-01-DEM,4:59,9,15,0,3,SW,0,Y,AMBI,0,0,0,0,0,0,0,0,0,0,0,A,0,50-100,N,NA,NA,NA,NA,NA,NA,NA,NA,NA,
NB,CH,Chockpish,3,NBCH-03,46.60148,64.72246,DEM,2021,6,9,1,NBCH-03-01-DEM,5:36,9,18,0,3,SW,1,Y,WILL,0,0,0,0,0,0,0,0,0,0,0,A,0,50-100,N,NA,NA,NA,NA,NA,NA,NA,NA,NA,
NB,CH,Chockpish,3,NBCH-03,46.60148,64.72246,DEM,2021,6,9,1,NBCH-03-01-DEM,5:36,9,18,0,3,SW,1,Y,WILL,0,0,0,0,0,0,0,0,0,0,0,A,0,50-100,N,NA,NA,NA,NA,NA,NA,NA,NA,NA,
NB,CH,Chockpish,4,NBCH-04,46.59465,64.72334,DEM,2021,6,9,1,NBCH-04-01-DEM,6:12,8,18,0,3,SW,0,Y,AMBI,A,0,0,0,0,0,0,0,0,A,0,A,NA,50-100,Y,NA,NA,NA,NA,NA,NA,NA,NA,NA,"Before/after columns not separated; assuming all noted are ""before"""
NB,CH,Chockpish,2,NBCH-02,46.60648,64.72148,DEM,2021,6,9,1,NBCH-02-01-DEM,7:41,9,19,0,2,SW,0,Y,NESP,0,A,0,0,0,0,0,0,0,0,0,A,0,<50,N,NA,NA,NA,NA,NA,NA,NA,NA,NA,
NB,CH,Chockpish,2,NBCH-02,46.60648,64.72148,DEM,2021,6,9,1,NBCH-02-01-DEM,7:41,9,19,0,2,SW,0,Y,NESP,0,0,0,0,0,A,0,0,0,0,0,0,0,<50,N,NA,NA,NA,NA,NA,NA,NA,NA,NA,
NB,CH,Chockpish,2,NBCH-02,46.60648,64.72148,DEM,2021,6,9,1,NBCH-02-01-DEM,7:41,9,19,0,2,SW,0,Y,MAWR,0,0,0,0,0,0,0,0,A,0,0,A,0,<50,N,NA,NA,NA,NA,NA,NA,NA,NA,NA,
NB,CH,Chockpish,2,NBCH-02,46.60648,64.72148,DEM,2021,6,9,1,NBCH-02-01-DEM,7:41,9,19,0,2,SW,0,Y,MAWR,0,0,0,0,0,0,0,0,0,0,A,0,0,<50,N,NA,NA,NA,NA,NA,NA,NA,NA,NA,
NB,CH,Chockpish,2,NBCH-02,46.60648,64.72148,DEM,2021,6,9,1,NBCH-02-01-DEM,7:41,9,19,0,2,SW,0,Y,NESP,0,0,0,0,0,0,0,0,0,0,0,A,0,<50,N,NA,NA,NA,NA,NA,NA,NA,NA,NA,
NB,CH,Chockpish,1,NBCH-01,46.60406,64.72416,DEM,2021,6,30,2,NBCH-01-02-DEM,4:50,10,20,0,2,SW,0,Y,MAWR,0,A,A,A,A,A,A,A,A,A,A,0,0,<50,N,NA,NA,NA,NA,NA,NA,NA,NA,NA,
NB,CH,Chockpish,3,NBCH-03,46.60148,64.72246,DEM,2021,6,30,2,NBCH-03-02-DEM,5:24,10,20,0,2,SW,0,Y,MAWR,0,A,A,A,A,0,0,0,0,0,0,A,0,<50,Y,NA,NA,NA,NA,NA,NA,NA,NA,NA,
NB,CH,Chockpish,4,NBCH-04,46.59465,64.72334,DEM,2021,6,30,2,NBCH-04-02-DEM,5:57,10,20,2,2,SW,0,Y,AMBI,A,A,0,A,0,A,0,A,0,A,0,A,NA,50-100,N,NA,NA,NA,NA,NA,NA,NA,NA,NA,"Before/after columns not separated; assuming all noted are ""before"""
NB,CH,Chockpish,4,NBCH-04,46.59465,64.72334,DEM,2021,6,30,2,NBCH-04-02-DEM,5:57,10,20,2,2,SW,0,Y,AMBI,0,A,0,0,0,0,0,0,0,0,0,A,0,<50,Y,NA,NA,NA,NA,NA,NA,NA,NA,NA,
NB,CH,Chockpish,2,NBCH-02,46.60648,64.72148,DEM,2021,6,30,2,NBCH-02-02-DEM,6:43,10,21,0,2,W,0,Y,WILL,AV,AV,0,AV,A,AV,0,AV,AV,AV,AV,AV,NA,<50,N,NA,NA,NA,NA,NA,NA,NA,NA,NA,"Before/after columns not separated; assuming all noted are ""before"""
NB,CH,Chockpish,2,NBCH-02,46.60648,64.72148,DEM,2021,6,30,2,NBCH-02-02-DEM,6:43,10,21,0,2,W,0,Y,MAWR,0,0,0,0,0,0,0,0,0,0,0,0,0,<50,Y,NA,NA,NA,NA,NA,NA,NA,NA,NA,Did not indicate when speices was detected
NB,CH,Chockpish,2,NBCH-02,46.60648,64.72148,DEM,2021,6,30,2,NBCH-02-02-DEM,6:43,10,21,0,2,W,0,Y,MAWR,0,0,0,0,0,0,0,0,0,0,0,0,0,<50,N,NA,NA,NA,NA,NA,NA,NA,NA,NA,Did not indicate when speices was detected
NB,CH,Chockpish,2,NBCH-02,46.60648,64.72148,DEM,2021,6,30,2,NBCH-02-02-DEM,6:43,10,21,0,2,W,0,Y,NESP,0,0,0,0,0,0,0,0,0,0,0,0,0,<50,N,NA,NA,NA,NA,NA,NA,NA,NA,NA,Did not indicate when speices was detected
NB,CH,Chockpish,2,NBCH-02,46.60648,64.72148,DEM,2021,6,30,2,NBCH-02-02-DEM,6:43,10,21,0,2,W,0,Y,NESP,0,0,0,0,0,0,0,0,0,0,0,0,0,<50,N,NA,NA,NA,NA,NA,NA,NA,NA,NA,Did not indicate when speices was detected
NB,CH,Chockpish,2,NBCH-02,46.60648,64.72148,DEM,2021,6,30,2,NBCH-02-02-DEM,6:43,10,21,0,2,W,0,Y,NESP,0,0,0,0,0,0,0,0,0,0,0,0,0,<50,N,NA,NA,NA,NA,NA,NA,NA,NA,NA,Did not indicate when speices was detected
NB,CH,Chockpish,2,NBCH-02,46.60648,64.72148,DEM,2021,6,30,2,NBCH-02-02-DEM,6:43,10,21,0,2,W,0,Y,WILL,0,0,0,0,0,0,0,0,0,0,0,AV,0,<50,N,NA,NA,NA,NA,NA,NA,NA,NA,NA,
NB,CV,Cormierville,1,NBCV-01,46.39511,64.61511,DEM,2021,6,17,1,NBCV-01-01-DEM,5:24,0,11,0,3,SW,1,Y,NESP,0,0,0,0,A,0,0,0,0,0,0,A,A,<50,N,NA,NA,NA,NA,NA,NA,NA,NA,NA,
NB,CV,Cormierville,1,NBCV-01,46.39511,64.61511,DEM,2021,6,17,1,NBCV-01-01-DEM,5:24,0,11,0,3,SW,1,Y,MAWR,0,0,0,0,0,0,A,0,0,0,0,0,0,<50,N,NA,NA,NA,NA,NA,NA,NA,NA,NA,
NB,CV,Cormierville,2,NBCV-02,46.3979,64.61409,DEM,2021,7,7,2,NBCV-02-02-DEM,5:00,3,19,0,2,W,0,Y,MAWR,0,0,0,0,A,A,A,A,0,A,0,A,A,<50,N,NA,NA,NA,NA,NA,NA,NA,NA,NA,
NB,CV,Cormierville,1,NBCV-01,46.39511,64.61511,DEM,2021,7,7,2,NBCV-01-02-DEM,5:33,3,19,0,2,W,9,Y,MAWR,A,A,A,A,A,A,0,0,0,A,A,A,NA,<50,Y,NA,NA,NA,NA,NA,NA,NA,NA,NA,"Before/after columns not separated; assuming all noted are ""before"""
NB,CV,Cormierville,1,NBCV-01,46.39511,64.61511,DEM,2021,7,7,2,NBCV-01-02-DEM,5:33,3,19,0,2,W,9,Y,NESP,A,A,A,0,A,0,0,0,A,0,0,0,NA,<50,N,NA,NA,NA,NA,NA,NA,NA,NA,NA,"Before/after columns not separated; assuming all noted are ""before"""
NB,CV,Cormierville,1,NBCV-01,46.39511,64.61511,DEM,2021,7,7,2,NBCV-01-02-DEM,5:33,3,19,0,2,W,9,Y,MAWR,A,A,A,A,A,A,A,0,0,A,A,A,NA,<50,N,NA,NA,NA,NA,NA,NA,NA,NA,NA,"Before/after columns not separated; assuming all noted are ""before"""
NB,CV,Cormierville,1,NBCV-01,46.39511,64.61511,DEM,2021,7,7,2,NBCV-01-02-DEM,5:33,3,19,0,2,W,9,Y,MAWR,0,0,0,0,0,A,0,A,0,0,0,0,0,<50,N,NA,NA,NA,NA,NA,NA,NA,NA,NA,
NB,CV,Cormierville,3,NBCV-03,46.39989,64.61517,DEM,2021,7,7,2,NBCV-03-02-DEM,6:18,4,21,0,2,W,1,Y,MAWR,A,A,A,A,A,A,0,A,0,0,0,A,NA,<50,Y,NA,NA,NA,NA,NA,NA,NA,NA,NA,"Before/after columns not separated; assuming all noted are ""before"""
NB,CV,Cormierville,3,NBCV-03,46.39989,64.61517,DEM,2021,7,7,2,NBCV-03-02-DEM,6:18,4,21,0,2,W,1,Y,MAWR,A,A,A,A,A,A,A,0,0,A,A,A,NA,<50,Y,NA,NA,NA,NA,NA,NA,NA,NA,NA,"Before/after columns not separated; assuming all noted are ""before"""
NB,CV,Cormierville,3,NBCV-03,46.39989,64.61517,DEM,2021,7,7,2,NBCV-03-02-DEM,6:18,4,21,0,2,W,1,Y,MAWR,0,0,0,A,0,0,0,0,0,A,A,A,0,<50,Y,NA,NA,NA,NA,NA,NA,NA,NA,NA,
NB,CV,Cormierville,3,NBCV-03,46.39989,64.61517,DEM,2021,7,7,2,NBCV-03-02-DEM,6:18,4,21,0,2,W,1,Y,MAWR,0,0,0,0,0,0,0,A,A,A,A,A,0,<50,N,NA,NA,NA,NA,NA,NA,NA,NA,NA,
NB,CV,Cormierville,4,NBCV-04,46.40279,64.61533,DEM,2021,7,7,2,NBCV-04-02-DEM,6:50,6,20,0,2,W,0,Y,MAWR,A,A,0,A,A,A,A,A,0,A,0,A,NA,<50,Y,NA,NA,NA,NA,NA,NA,NA,NA,NA,"Before/after columns not separated; assuming all noted are ""before"""
NB,CV,Cormierville,4,NBCV-04,46.40279,64.61533,DEM,2021,7,7,2,NBCV-04-02-DEM,6:50,6,20,0,2,W,0,Y,MAWR,0,A,A,0,0,0,0,A,A,0,0,A,0,<50,Y,NA,NA,NA,NA,NA,NA,NA,NA,NA,
NB,CV,Cormierville,4,NBCV-04,46.40279,64.61533,DEM,2021,7,7,2,NBCV-04-02-DEM,6:50,6,20,0,2,W,0,Y,MAWR,0,0,0,A,A,A,0,A,A,0,0,A,0,<50,Y,NA,NA,NA,NA,NA,NA,NA,NA,NA,
NB,CV,Cormierville,4,NBCV-04,46.40279,64.61533,DEM,2021,7,7,2,NBCV-04-02-DEM,6:50,6,20,0,2,W,0,Y,WILL,0,0,0,0,0,0,0,0,0,0,0,A,0,50-100,N,NA,NA,NA,NA,NA,NA,NA,NA,NA,
NB,CV,Cormierville,4,NBCV-04,46.40279,64.61533,DEM,2021,7,7,2,NBCV-04-02-DEM,6:50,6,20,0,2,W,0,Y,WILL,0,0,0,0,0,0,0,0,0,0,0,A,0,<50,N,NA,NA,NA,NA,NA,NA,NA,NA,NA,
NB,08,Gagetown 18,1,NB08-01,NA,NA,REG,2021,7,8,2,NB08-01-02-REG,8:31,3,13,0,1,NNW,0,Y,PBGR,0,0,0,0,0,0,0,0,0,A,A,V,0,50-100,N,NA,NA,NA,NA,NA,NA,NA,NA,NA,
NB,08,Gagetown 18,1,NB08-01,NA,NA,REG,2021,7,8,2,NB08-01-02-REG,8:31,3,13,0,1,NNW,0,Y,PBGR,0,0,0,0,0,0,0,0,0,0,0,AV,AV,<50,N,NA,NA,NA,NA,NA,NA,NA,NA,NA,
NB,08,Gagetown 18,1,NB08-01,NA,NA,REG,2021,7,8,2,NB08-01-02-REG,8:31,3,13,0,1,NNW,0,Y,PBGR,0,0,0,0,0,0,0,0,0,0,0,AV,AV,<50,N ,NA,NA,NA,NA,NA,NA,NA,NA,NA,
NB,08,Gagetown 18,2,NB08-02,NA,NA,REG,2021,6,23,1,NB08-02-01-REG,8:28,7,13,0,2,NA,1,Y,AMBI,A,0,A,0,A,0,0,0,0,0,0,A,0,50-100,NA,NA,NA,NA,NA,NA,NA,NA,NA,NA,Did not indicate prev_point
NB,08,Gagetown 18,2,NB08-02,NA,NA,REG,2021,6,23,1,NB08-02-01-REG,8:28,7,13,0,2,NA,1,Y,PBGR,A,A,A,A,0,0,0,0,0,0,0,0,0,50-100,N,NA,NA,NA,NA,NA,NA,NA,NA,NA,"Did not indicate prev_point, deduced N based on data/time"
NB,08,Gagetown 18,2,NB08-02,NA,NA,REG,2021,6,23,1,NB08-02-01-REG,8:28,7,13,0,2,NA,1,Y,PBGR,A,0,0,A,0,0,0,0,0,0,0,0,0,50-100,N,NA,NA,NA,NA,NA,NA,NA,NA,NA,"Did not indicate prev_point, deduced N based on data/time"
NB,08,Gagetown 18,3,NB08-03,NA,NA,REG,2021,6,23,1,NB08-03-01-REG,9:44,2,18,0,1,SW,0,Y,AMBI,V,0,0,0,0,0,0,0,0,0,0,0,0,<50,NA,NA,NA,NA,NA,NA,NA,NA,NA,NA,"Flew while walking to point, Did not indicate prev_point"
NB,08,Gagetown 18,4,NB08-04,NA,NA,REG,2021,6,23,1,NB08-04-01-REG,7:45,9.5,13,0,3,WSW,0,Y,AMBI,AV,A,A,A,A,A,A,A,A,A,A,A,0,50-100,N,NA,NA,NA,NA,NA,NA,NA,NA,NA,"Did not indicate prev_point, very active on calls"
NB,08,Gagetown 18,4,NB08-04,NA,NA,REG,2021,6,23,1,NB08-04-01-REG,7:45,9.5,13,0,3,WSW,0,Y,AMBI,A,A,A,A,A,A,A,A,A,A,0,A,0,50-100,N,NA,NA,NA,NA,NA,NA,NA,NA,NA,"Did not indicate prev_point, very active on calls"
NB,08,Gagetown 18,4,NB08-04,NA,NA,REG,2021,6,23,1,NB08-04-01-REG,7:45,9.5,13,0,3,WSW,0,Y,AMBI,0,A,A,A,A,A,A,A,A,A,0,A,0,50-100,N,NA,NA,NA,NA,NA,NA,NA,NA,NA,"Did not indicate prev_point, very active on calls"
NB,09,Gagetown 48,1,NB09-01,NA,NA,REG,2021,6,18,1,NB09-01-01-REG,5:39,0,8,0,0,SW,0,Y,AMBI,0,0,0,A,0,0,0,0,0,0,0,0,0,50-100,N ,NA,NA,NA,NA,NA,NA,NA,NA,NA,
NB,09,Gagetown 48,1,NB09-01,NA,NA,REG,2021,6,18,1,NB09-01-01-REG,5:39,0,8,0,0,SW,0,Y,AMBI,0,0,0,0,0,A,0,0,0,0,0,0,0,50-100,N,NA,NA,NA,NA,NA,NA,NA,NA,NA,
NB,09,Gagetown 48,1,NB09-01,NA,NA,REG,2021,6,18,1,NB09-01-01-REG,5:39,0,8,0,0,SW,0,Y,AMBI,0,0,0,0,0,0,0,0,A,0,0,0,0,50-100,N ,NA,NA,NA,NA,NA,NA,NA,NA,NA,
NB,09,Gagetown 48,1,NB09-01,NA,NA,REG,2021,6,18,1,NB09-01-01-REG,5:39,0,8,0,0,SW,0,Y,SORA,0,0,0,0,0,0,0,0,0,A,0,0,0,<50,N ,NA,NA,NA,NA,NA,NA,NA,NA,NA,
NB,09,Gagetown 48,1,NB09-01,NA,NA,REG,2021,6,18,1,NB09-01-01-REG,5:39,0,8,0,0,SW,0,Y,SORA,0,0,0,0,0,0,0,0,0,0,A,0,0,<50,N ,NA,NA,NA,NA,NA,NA,NA,NA,NA,
NB,09,Gagetown 48,1,NB09-01,NA,NA,REG,2021,6,18,1,NB09-01-01-REG,5:39,0,8,0,0,SW,0,Y,AMBI,0,0,0,0,0,0,0,0,0,0,0,A,0,50-100,N ,NA,NA,NA,NA,NA,NA,NA,NA,NA,
NB,09,Gagetown 48,1,NB09-01,NA,NA,REG,2021,6,18,1,NB09-01-01-REG,5:39,0,8,0,0,SW,0,Y,SORA,0,0,0,0,0,0,0,0,0,0,0,V,0,NA,N,NA,NA,NA,NA,NA,NA,NA,NA,NA,Did not indicate distance
NB,09,Gagetown 48,2,NB09-02,NA,NA,REG,2021,6,17,1,NB09-02-01-REG,9:00,0,14,0,3,SW,0,Y,PBGR,0,0,0,0,0,0,0,0,A,0,0,0,0,50-100,N,NA,NA,NA,NA,NA,NA,NA,NA,NA,"Did not indicate prev_point, deduced N based on data/time"
NB,09,Gagetown 48,3,NB09-03,NA,NA,REW,2021,7,7,2,NB09-03-02-REW,7:54,3,18,0,2,E,0,Y,LEBI,A,0,A,0,0,0,0,0,0,0,A,0,0,NA,N,NA,NA,NA,NA,NA,NA,NA,NA,NA,"Did not indicate distance; did not indicate prev_point, assumed N based in time/data"
NB,10,Gagetown 51,5,NB10-05,NA,NA,JES,2021,7,6,2,NB10-05-02-JES,5:55,NA,13,1,2,N,0,Y,PBGR,0,0,0,0,0,0,0,0,0,0,0,0,V,<50,N,NA,NA,NA,NA,NA,NA,NA,NA,NA,
NB,10,Gagetown 51,6,NB10-06,NA,NA,DRG,2021,6,14,1,NB10-06-01-DRG,6:28,5,11,0,1,S,0,Y,PBGR,AV,0,0,0,0,0,0,0,0,0,0,0,0,50-100,N,NA,NA,NA,NA,NA,NA,NA,NA,NA,"Flying; Did not indicate prev_point, assumed N based on time/data"
NB,10,Gagetown 51,6,NB10-06,NA,NA,JES,2021,7,6,2,NB10-06-02-JES,6:25,NA,15,0,2,N,0,Y,PBGR,0,0,0,0,0,0,0,0,0,0,0,0,A,50-100,N,NA,NA,NA,NA,NA,NA,NA,NA,NA,
NB,10,Gagetown 51,7,NB10-07,NA,NA,DRG,2021,6,14,1,NB10-07-01-DRG,7:47,3,11,0,2,S,0,Y,PBGR,0,0,0,0,0,0,0,0,0,0,0,V,0,50-100,N,NA,NA,NA,NA,NA,NA,NA,NA,NA,
NB,10,Gagetown 51,7,NB10-07,NA,NA,DRG,2021,6,14,1,NB10-07-01-DRG,7:47,3,11,0,2,S,0,Y,PBGR,0,0,0,0,0,0,0,0,0,0,0,V,0,50-100,N,NA,NA,NA,NA,NA,NA,NA,NA,NA,
NB,10,Gagetown 51,7,NB10-07,NA,NA,JES,2021,7,6,2,NB10-07-02-JES,8:00,10,16,1,2,N,0,Y,AMBI,AV,0,0,0,0,0,0,0,0,0,0,0,0,<50,N,NA,NA,NA,NA,NA,NA,NA,NA,NA,"Did not indicate prev_point, deduced N based on data/time"
NB,10,Gagetown 51,8,NB10-08,NA,NA,JES,2021,7,6,2,NB10-08-02-JES,7:30,NA,16,1,2,N,0,Y,PBGR,0,0,0,0,0,0,0,0,0,0,AV,AV,AV,<50,N,NA,NA,NA,NA,NA,NA,NA,NA,NA,"wrote ""2x"" in notes"
NB,12,Gronegen Village,1,NB12-01,NA,NA,DRG,2021,7,8,2,NB12-01-02-DRG,5:57,3,13.3,1,0,NA,0,Y,VIRA,0,0,0,0,0,0,0,A,0,0,0,A,0,<50,N,NA,NA,NA,NA,NA,NA,NA,NA,NA,Did not indicate prev_point
NB,12,Gronegen Village,4,NB12-04,NA,NA,HOS,2021,6,3,1,NB12-04-01-HOS,8:36,10,15.1,0,1,SSE,0,Y,AMBI,V,0,0,0,0,0,0,0,0,0,0,0,0,<50,N,NA,NA,NA,NA,NA,NA,NA,NA,NA,
NB,12,Gronegen Village,5,NB12-05,NA,NA,HOS,2021,6,3,1,NB12-05-01-HOS,6:40,5,15,0,2,S,0,Y,PBGR,0,0,V,0,0,AV,0,V,0,0,0,0,0,>100,N,NA,NA,NA,NA,NA,NA,NA,NA,NA,
NB,12,Gronegen Village,6,NB12-06,NA,NA,HOS,2021,6,3,1,NB12-06-01-HOS,9:01,10,15.3,0,1,SW,1,Y,PBGR,0,0,0,0,0,A,0,0,0,0,0,0,0,50-100,NA,NA,NA,NA,NA,NA,NA,NA,NA,NA,Did not indicate prev_point
NB,12,Gronegen Village,7,NB12-07,NA,NA,HOS,2021,6,3,1,NB12-07-01-HOS,7:14,8,15.6,0,3,S,0,Y,PBGR,0,0,0,0,0,0,0,0,0,0,0,AV,0,50-100,Y,NA,NA,NA,NA,NA,NA,NA,NA,NA,
NB,12,Gronegen Village,8,NB12-08,NA,NA,HOS,2021,6,3,1,NB12-08-01-HOS,6:15,4,13.6,0,1,S,0,Y,PBGR,A,0,0,0,0,0,0,0,0,0,0,0,0,>100,N,NA,NA,NA,NA,NA,NA,NA,NA,NA,
NB,TH,Thompson Marsh (Chance Harbour),1,NBTH-01,45.12287,66.36454,DAR,2021,6,19,1,NBTH-01-01-DAR,4:50,10,12,0,0,NA,1,Y,NESP,0,0,0,0,0,A,A,A,A,A,A,A,0,>100,N,NA,NA,NA,NA,NA,NA,NA,NA,NA,
NB,TH,Thompson Marsh (Chance Harbour),1,NBTH-01,45.12287,66.36454,DAR,2021,7,11,2,NBTH-01-02-DAR,5:08,0,12,0,0,NA,1,Y,NESP,A,A,A,A,A,0,0,0,0,A,A,A,0,50-100,N,NA,NA,NA,NA,NA,NA,NA,NA,NA,
NB,TH,Thompson Marsh (Chance Harbour),1,NBTH-01,45.12287,66.36454,DAR,2021,7,11,2,NBTH-01-02-DAR,5:08,0,12,0,0,NA,1,Y,NESP,0,A,0,A,0,0,0,0,0,0,0,0,0,>100,N,NA,NA,NA,NA,NA,NA,NA,NA,NA,
NB,TH,Thompson Marsh (Chance Harbour),2,NBTH-02,45.12086,66.36738,DAR,2021,7,11,2,NBTH-02-02-DAR,5:34,0,12,0,0,NA,0,Y,LEBI,0,0,0,0,0,0,A,0,A,A,0,A,0,>100,N,NA,NA,NA,NA,NA,NA,NA,NA,NA,"Low confidence ID; Did not indicate prev_point, assumed N based on time/data"
NB,TH,Thompson Marsh (Chance Harbour),4,NBTH-04,45.11865,66.36026,DAR,2021,7,11,2,NBTH-04-02-DAR,6:39,0,12,0,0,NA,0,Y,NESP,0,0,0,0,0,0,0,0,0,0,0,A,0,>100,N,NA,NA,NA,NA,NA,NA,NA,NA,NA,
PE,05,Dunk River,1,PE05-01,46.35638,63.70226,MAG,2021,6,18,1,PE05-01-01-MAG,5:02,2,15,0,0,NA,3,Y,NESP,0,A,0,0,0,0,0,0,0,0,0,0,0,50-100,N,NA,NA,NA,NA,NA,NA,NA,NA,NA,
PE,05,Dunk River,1,PE05-01,46.35638,63.70226,MAG,2021,6,18,1,PE05-01-01-MAG,5:02,2,15,0,0,NA,3,Y,NESP,0,0,0,0,0,0,0,0,0,0,0,A,0,50-100,N,NA,NA,NA,NA,NA,NA,NA,NA,NA,
PE,10,Indian River,1,PE10-01,46.45948,63.67288,MAG,2021,6,11,1,PE10-01-01-MAG,4:57,0,6.5,0,0,NA,2,Y,PBGR,A,0,A,0,0,0,V,0,0,A,0,AV,0,>100,N,NA,NA,NA,NA,NA,NA,NA,NA,NA,>100m 115?
PE,10,Indian River,1,PE10-01,46.45948,63.67288,MAG,2021,6,11,1,PE10-01-01-MAG,4:57,0,6.5,0,0,NA,2,Y,SORA,0,0,A,0,0,0,0,0,0,0,0,0,0,>100,N,NA,NA,NA,NA,NA,NA,NA,NA,NA,>100m 140?
PE,10,Indian River,1,PE10-01,46.45948,63.67288,MAG,2021,6,11,1,PE10-01-01-MAG,4:57,0,6.5,0,0,NA,2,Y,PBGR,0,0,0,0,0,0,0,0,0,0,0,A,0,>100,N,NA,NA,NA,NA,NA,NA,NA,NA,NA,>100m 60?
PE,10,Indian River,2,PE10-02,46.4587,63.67088,MAG,2021,6,11,1,PE10-02-01-MAG,5:20,0,6.5,0,0,NA,2,Y,PBGR,A,0,0,0,0,A,0,0,0,0,0,0,0,NA,Y,NA,NA,NA,NA,NA,NA,NA,NA,NA,Did not indicate distance
PE,10,Indian River,2,PE10-02,46.4587,63.67088,MAG,2021,6,11,1,PE10-02-01-MAG,5:20,0,6.5,0,0,NA,2,Y,PBGR,0,0,0,0,0,A,0,A,0,0,0,0,0,NA,N,NA,NA,NA,NA,NA,NA,NA,NA,NA,Did not indicate distance
PE,10,Indian River,2,PE10-02,46.4587,63.67088,MAG,2021,6,11,1,PE10-02-01-MAG,5:20,0,6.5,0,0,NA,2,Y,SORA,0,0,0,0,0,0,0,0,A,0,0,0,0,NA,Y,NA,NA,NA,NA,NA,NA,NA,NA,NA,Did not indicate distance
PE,10,Indian River,2,PE10-02,46.4587,63.67088,MAG,2021,6,11,1,PE10-02-01-MAG,5:20,0,6.5,0,0,NA,2,Y,PBGR,0,0,0,0,0,0,0,0,0,0,A,0,0,NA,NA,NA,NA,NA,NA,NA,NA,NA,NA,NA,Did not indicate distance; did not indicate prev_point
PE,10,Indian River,2,PE10-02,46.4587,63.67088,MAG,2021,6,11,1,PE10-02-01-MAG,5:20,0,6.5,0,0,NA,2,Y,SORA,0,0,0,0,0,0,0,0,0,0,0,A,0,NA,N,NA,NA,NA,NA,NA,NA,NA,NA,NA,Did not indicate distance
PE,10,Indian River,3,PE10-03,46.45942,63.66912,MAG,2021,6,11,1,PE10-03-01-MAG,5:44,1,7,0,2,W,1,Y,SORA,0,0,0,0,0,0,A,0,0,0,0,0,0,>100,N,NA,NA,NA,NA,NA,NA,NA,NA,NA,
PE,10,Indian River,3,PE10-03,46.45942,63.66912,MAG,2021,6,11,1,PE10-03-01-MAG,5:44,1,7,0,2,W,1,Y,PBGR,0,0,0,0,0,0,0,0,0,0,A,0,0,>100,Y,NA,NA,NA,NA,NA,NA,NA,NA,NA,"Observer noted that it's ""most likely"" detected at prev_point"
PE,10,Indian River,3,PE10-03,46.45942,63.66912,MAG,2021,6,11,1,PE10-03-01-MAG,5:44,1,7,0,2,W,1,Y,PBGR,0,0,0,0,0,0,0,0,0,0,A,0,0,>100,Y,NA,NA,NA,NA,NA,NA,NA,NA,NA,"Observer noted that it's ""most likely"" detected at prev_point"
PE,10,Indian River,4,PE10-04,46.46076,63.66719,MAG,2021,6,11,1,PE10-04-01-MAG,6:08,1,7.5,0,2,W,1,Y,PBGR,0,0,0,0,0,0,0,0,0,0,A,0,0,50-100,N,NA,NA,NA,NA,NA,NA,NA,NA,NA,
PE,10,Indian River,4,PE10-04,46.46076,63.66719,MAG,2021,6,11,1,PE10-04-01-MAG,6:08,1,7.5,0,2,W,1,Y,PBGR,0,0,0,0,0,0,0,0,0,0,A,0,0,>100,Y,NA,NA,NA,NA,NA,NA,NA,NA,NA,
PE,10,Indian River,6,PE10-06,46.46527,63.6613,MAG,2021,6,11,1,PE10-06-01-MAG,7:00,3,11,0,2,W,1,Y,PBGR,0,0,0,0,0,0,0,0,0,0,A,0,0,>100,N,NA,NA,NA,NA,NA,NA,NA,NA,NA,
PE,10,Indian River,7,PE10-07,46.4654,63.66571,MAG,2021,6,11,1,PE10-07-01-MAG,7:38,3,11,0,2,W,1,Y,PBGR,A,0,0,0,0,0,0,0,0,0,0,0,0,>100,Y,NA,NA,NA,NA,NA,NA,NA,NA,NA,
PE,10,Indian River,7,PE10-07,46.4654,63.66571,MAG,2021,6,11,1,PE10-07-01-MAG,7:38,3,11,0,2,W,1,Y,PBGR,A,0,0,0,0,0,0,0,0,0,0,0,0,>100,Y,NA,NA,NA,NA,NA,NA,NA,NA,NA,
PE,10,Indian River,7,PE10-07,46.4654,63.66571,MAG,2021,6,11,1,PE10-07-01-MAG,7:38,3,11,0,2,W,1,Y,PBGR,0,0,0,0,0,0,0,0,0,0,0,A,0,>100,N,NA,NA,NA,NA,NA,NA,NA,NA,NA,
PE,10,Indian River,1,PE10-01,46.45948,63.67288,MAG,2021,7,12,2,PE10-01-02-MAG,5:31,5,18,0,2,N,3,Y,PBGR,0,0,0,0,0,0,0,0,0,0,A,0,0,>100,N,NA,NA,NA,NA,NA,NA,NA,NA,NA,
PE,10,Indian River,1,PE10-01,46.45948,63.67288,MAG,2021,7,12,2,PE10-01-02-MAG,5:31,5,18,0,2,N,3,Y,PBGR,0,0,0,0,0,0,0,0,0,0,0,A,0,>100,N,NA,NA,NA,NA,NA,NA,NA,NA,NA,
PE,10,Indian River,2,PE10-02,46.4587,63.67088,MAG,2021,7,12,2,PE10-02-02-MAG,5:52,10,18,0,3,N,2,Y,PBGR,0,0,0,0,0,A,0,0,0,0,0,0,0,>100,Y,NA,NA,NA,NA,NA,NA,NA,NA,NA,
PE,10,Indian River,2,PE10-02,46.4587,63.67088,MAG,2021,7,12,2,PE10-02-02-MAG,5:52,10,18,0,3,N,2,Y,PBGR,0,0,0,0,0,0,0,0,0,0,0,V,0,<50,N,NA,NA,NA,NA,NA,NA,NA,NA,NA,
PE,10,Indian River,2,PE10-02,46.4587,63.67088,MAG,2021,7,12,2,PE10-02-02-MAG,5:52,10,18,0,3,N,2,Y,PBGR,0,0,0,0,0,0,0,0,0,0,0,V,0,<50,N,NA,NA,NA,NA,NA,NA,NA,NA,NA,
PE,10,Indian River,3,PE10-03,46.45942,63.66912,MAG,2021,7,12,2,PE10-03-02-MAG,6:14,8,18,0,2,N,1,Y,PBGR,0,0,0,0,A,0,0,0,0,0,A,A,0,>100,Y,NA,NA,NA,NA,NA,NA,NA,NA,NA,
PE,10,Indian River,3,PE10-03,46.45942,63.66912,MAG,2021,7,12,2,PE10-03-02-MAG,6:14,8,18,0,2,N,1,Y,PBGR,0,0,0,0,A,0,0,0,0,0,A,0,0,>100,Y,NA,NA,NA,NA,NA,NA,NA,NA,NA,
PE,10,Indian River,3,PE10-03,46.45942,63.66912,MAG,2021,7,12,2,PE10-03-02-MAG,6:14,8,18,0,2,N,1,Y,PBGR,0,0,0,0,0,0,0,0,0,0,0,V,0,>100,Y,NA,NA,NA,NA,NA,NA,NA,NA,NA,
PE,10,Indian River,4,PE10-04,46.46076,63.66719,MAG,2021,7,12,2,PE10-04-02-MAG,6:33,1,18,0,3,N,1,Y,PBGR,0,0,0,A,0,0,0,0,0,0,0,0,0,>100,Y,NA,NA,NA,NA,NA,NA,NA,NA,NA,
PE,10,Indian River,4,PE10-04,46.46076,63.66719,MAG,2021,7,12,2,PE10-04-02-MAG,6:33,1,18,0,3,N,1,Y,PBGR,0,0,0,0,A,0,0,0,0,0,0,0,0,>100,Y,NA,NA,NA,NA,NA,NA,NA,NA,NA,
PE,10,Indian River,5,PE10-05,46.46285,63.66719,MAG,2021,7,12,2,PE10-05-02-MAG,6:54,2,18,0,3,N,1,Y,PBGR,0,0,0,0,A,0,0,0,0,0,0,0,0,>100,Y,NA,NA,NA,NA,NA,NA,NA,NA,NA,
PE,10,Indian River,5,PE10-05,46.46285,63.66719,MAG,2021,7,12,2,PE10-05-02-MAG,6:54,2,18,0,3,N,1,Y,PBGR,0,0,0,0,0,0,0,0,0,0,0,A,0,>100,Y,NA,NA,NA,NA,NA,NA,NA,NA,NA,
PE,10,Indian River,5,PE10-05,46.46285,63.66719,MAG,2021,7,12,2,PE10-05-02-MAG,6:54,2,18,0,3,N,1,Y,PBGR,0,0,0,0,0,0,0,0,0,0,0,A,0,>100,Y,NA,NA,NA,NA,NA,NA,NA,NA,NA,
PE,10,Indian River,6,PE10-06,46.46527,63.6613,MAG,2021,7,12,2,PE10-06-02-MAG,7:22,3,18,0,2,N,1,Y,SORA,0,0,0,0,0,0,0,0,0,A,0,0,0,<50,N,NA,NA,NA,NA,NA,NA,NA,NA,NA,
PE,10,Indian River,7,PE10-07,46.4654,63.66571,MAG,2021,7,12,2,PE10-07-02-MAG,7:47,5,18,0,2,N,1,Y,VIRA,0,0,0,0,0,0,0,0,AV,0,A,0,0,<50,N,NA,NA,NA,NA,NA,NA,NA,NA,NA,
PE,10,Indian River,7,PE10-07,46.4654,63.66571,MAG,2021,7,12,2,PE10-07-02-MAG,7:47,5,18,0,2,N,1,Y,VIRA,0,0,0,0,0,0,0,0,A,0,0,0,0,<50,N,NA,NA,NA,NA,NA,NA,NA,NA,NA,
PE,07,Portage,1,PE07-01,46.66426,64.05667,MAG,2021,6,3,1,PE07-01-01-MAG,6:31,4,14,0,1,NA,3,Y,AMBI,0,0,A,0,0,0,0,0,0,0,0,A,0,50-100,N,NA,NA,NA,NA,NA,NA,NA,NA,NA,
NB,36,Ward Marsh,3,NB36-03,45.9701,64.34698,KAP,2021,6,11,1,NB36-03-01-KAP,6:22,0,8,0,0,NA,0,Y,SORA,A,0,0,0,0,0,0,0,0,0,0,0,0,50-100,NA,NA,NA,NA,NA,NA,NA,NA,NA,NA,"in transit, did not indicate prev_point"
NB,36,Ward Marsh,3,NB36-03,45.9701,64.34698,KAP,2021,6,11,1,NB36-03-01-KAP,6:22,0,8,0,0,NA,0,Y,AMBI,A,0,0,0,0,0,0,0,0,0,0,0,0,50-100,Y,NA,NA,NA,NA,NA,NA,NA,NA,NA,from 2 to 3
NB,36,Ward Marsh,3,NB36-03,45.9701,64.34698,KAP,2021,6,11,1,NB36-03-01-KAP,6:22,0,8,0,0,NA,0,Y,SORA,0,0,0,0,A,A,0,0,A,0,0,A,0,50-100,N,NA,NA,NA,NA,NA,NA,NA,NA,NA,
NB,36,Ward Marsh,4,NB36-04,45.9721,64.34375,KAP,2021,6,11,1,NB36-04-01-KAP,6:47,0,8,0,0,NA,0,Y,BLTE,0,A,0,0,0,0,0,0,0,0,0,0,0,<50,N,NA,NA,NA,NA,NA,NA,NA,NA,NA,
NB,36,Ward Marsh,4,NB36-04,45.9721,64.34375,KAP,2021,6,11,1,NB36-04-01-KAP,6:47,0,8,0,0,NA,0,Y,AMBI,0,0,0,0,0,A,0,0,0,0,0,0,0,>100,Y,NA,NA,NA,NA,NA,NA,NA,NA,NA,
NB,36,Ward Marsh,4,NB36-04,45.9721,64.34375,KAP,2021,6,11,1,NB36-04-01-KAP,6:47,0,8,0,0,NA,0,Y,VIRA,0,0,0,0,0,0,0,0,0,A,0,0,0,<50,N,NA,NA,NA,NA,NA,NA,NA,NA,NA,
NB,36,Ward Marsh,4,NB36-04,45.9721,64.34375,KAP,2021,6,11,1,NB36-04-01-KAP,6:47,0,8,0,0,NA,0,Y,PBGR,0,0,0,0,0,0,0,0,0,0,0,0,0,>100,N,NA,NA,NA,NA,NA,NA,NA,NA,NA,"Did not indicate distance; did not indicated prev_point, assumed N from data/time"
NB,36,Ward Marsh,4,NB36-04,45.9721,64.34375,KAP,2021,6,11,1,NB36-04-01-KAP,6:47,0,8,0,0,NA,0,Y,SORA,0,0,0,0,0,0,0,0,0,0,0,A,0,<50,N,NA,NA,NA,NA,NA,NA,NA,NA,NA,
NB,36,Ward Marsh,5,NB36-05,45.97079,64.33791,KAP,2021,6,11,1,NB36-05-01-KAP,7:11,0,NA,0,0,NA,0,Y,BLTE,0,0,0,0,V,0,0,0,0,0,0,0,0,50-100,N,NA,NA,NA,NA,NA,NA,NA,NA,NA,
NB,36,Ward Marsh,5,NB36-05,45.97079,64.33791,KAP,2021,6,11,1,NB36-05-01-KAP,7:11,0,NA,0,0,NA,0,Y,SORA,0,0,0,0,0,0,0,0,0,0,0,A,0,>100,N,NA,NA,NA,NA,NA,NA,NA,NA,NA,
NB,36,Ward Marsh,6,NB36-06,45.96399,64.32997,KAP,2021,6,11,1,NB36-06-01-KAP,7:45,0,NA,0,2,W,NA,Y,SORA,0,0,0,0,0,A,0,0,A,0,0,0,0,>100,N,NA,NA,NA,NA,NA,NA,NA,NA,NA,
NB,36,Ward Marsh,7,NB36-07,45.96666,64.3304,KAP,2021,6,11,1,NB36-07-01-KAP,8:04,0,14,0,3,W,0,Y,SORA,0,A,0,A,A,A,A,0,0,A,A,A,A,50-100,N,NA,NA,NA,NA,NA,NA,NA,NA,NA,
NB,36,Ward Marsh,7,NB36-07,45.96666,64.3304,KAP,2021,6,11,1,NB36-07-01-KAP,8:04,0,14,0,3,W,0,Y,PBGR,0,0,0,0,0,0,0,0,0,0,A,0,0,>100,N,NA,NA,NA,NA,NA,NA,NA,NA,NA,
NB,36,Ward Marsh,7,NB36-07,45.96666,64.3304,KAP,2021,6,11,1,NB36-07-01-KAP,8:04,0,14,0,3,W,0,Y,PBGR,0,0,0,0,0,0,0,0,0,0,0,A,0,50-100,N,NA,NA,NA,NA,NA,NA,NA,NA,NA,
NB,SE,Salisbury East,1,NBSE-01,46.03375,65.01394,BIW,2021,6,29,2,NBSE-01-02-BIW,7:04,10,22,0,0,NA,2,Y,PBGR,V,0,0,0,0,0,0,0,0,0,0,0,0,<50,NA,NA,NA,NA,NA,NA,NA,NA,NA,NA,"Adult, did not indicate prev_point"
NB,SE,Salisbury East,1,NBSE-01,46.03375,65.01394,BIW,2021,6,29,2,NBSE-01-02-BIW,7:04,10,22,0,0,NA,2,Y,PBGR,V,0,0,0,0,0,0,0,0,0,0,0,0,<50,NA,NA,NA,NA,NA,NA,NA,NA,NA,NA,"Adult, did not indicate prev_point"
NB,SE,Salisbury East,1,NBSE-01,46.03375,65.01394,BIW,2021,6,29,2,NBSE-01-02-BIW,7:04,10,22,0,0,NA,2,Y,SORA,0,0,0,0,0,A,0,0,0,0,0,0,0,50-100,NA,NA,NA,NA,NA,NA,NA,NA,NA,NA,Did not indicate prev_point
NB,SE,Salisbury East,1,NBSE-01,46.03375,65.01394,BIW,2021,6,29,2,NBSE-01-02-BIW,7:04,10,22,0,0,NA,2,Y,VIRA,0,0,0,0,0,0,0,0,A,0,0,0,0,<50,N,NA,NA,NA,NA,NA,NA,NA,NA,NA,"Did not indicate prev_point, deduced N based on data/time"
NB,SE,Salisbury East,1,NBSE-01,46.03375,65.01394,BIW,2021,6,29,2,NBSE-01-02-BIW,7:04,10,22,0,0,NA,2,Y,SORA,0,0,0,0,0,0,0,0,0,0,A,0,0,<50,NA,NA,NA,NA,NA,NA,NA,NA,NA,NA,Did not indicate prev_point
NB,SE,Salisbury East,1,NBSE-01,46.03375,65.01394,BIW,2021,6,29,2,NBSE-01-02-BIW,7:04,10,22,0,0,NA,2,Y,PBGR,0,0,0,0,0,0,0,0,0,0,V,0,0,50-100,NA,NA,NA,NA,NA,NA,NA,NA,NA,NA,"Adult, did not indicate prev_point"
NB,SE,Salisbury East,1,NBSE-01,46.03375,65.01394,BIW,2021,6,29,2,NBSE-01-02-BIW,7:04,10,22,0,0,NA,2,Y,PBGR,0,0,0,0,0,0,0,0,0,0,V,0,0,50-100,NA,NA,NA,NA,NA,NA,NA,NA,NA,NA,"Juvenile, did not indicate prev_point"
NB,SE,Salisbury East,1,NBSE-01,46.03375,65.01394,BIW,2021,6,29,2,NBSE-01-02-BIW,7:04,10,22,0,0,NA,2,Y,PBGR,0,0,0,0,0,0,0,0,0,0,V,0,0,50-100,NA,NA,NA,NA,NA,NA,NA,NA,NA,NA,"Juvenile, did not indicate prev_point"
NB,SE,Salisbury East,2,NBSE-02,46.03523,65.01151,BIW,2021,6,5,1,NBSE-02-01-BIW,7:15,0,14,0,1,W,1,Y,PBGR,A,0,0,0,0,0,0,0,0,0,0,0,0,50-100,N,NA,NA,NA,NA,NA,NA,NA,NA,NA,"Did not indicate prev_point, deduced N based on data/time"
NB,SE,Salisbury East,2,NBSE-02,46.03523,65.01151,BIW,2021,6,5,1,NBSE-02-01-BIW,7:15,0,14,0,1,W,1,Y,SORA,0,0,A,0,0,A,0,0,0,A,A,A,A,50-100,NA,NA,NA,NA,NA,NA,NA,NA,NA,NA,Did not indicate prev_point
NB,SE,Salisbury East,2,NBSE-02,46.03523,65.01151,BIW,2021,6,29,2,NBSE-02-02-BIW,7:36,8,24,0,0,NA,2,Y,SORA,A,0,0,0,0,0,0,0,0,0,0,0,0,<50,NA,NA,NA,NA,NA,NA,NA,NA,NA,NA,Did not indicate prev_point
NB,SE,Salisbury East,3,NBSE-03,46.03226,NA,BIW,2021,6,5,1,NBSE-03-01-BIW,7:42,0,16,0,2,W,1,Y,SORA,0,0,0,0,0,0,0,0,0,0,0,0,AV,50-100,Y,NA,NA,NA,NA,NA,NA,NA,NA,NA,
NB,SE,Salisbury East,3,NBSE-03,46.03226,65.01134,BIW,2021,6,29,2,NBSE-03-02-BIW,NA,NA,NA,NA,NA,NA,NA,Y,PBGR,V,V,0,0,0,0,0,0,0,0,V,V,0,<50,N,NA,NA,NA,NA,NA,NA,NA,NA,NA,juvenile
NB,SE,Salisbury East,3,NBSE-03,46.03226,65.01134,BIW,2021,6,29,2,NBSE-03-02-BIW,NA,NA,NA,NA,NA,NA,NA,Y,PBGR,V,V,0,0,0,0,0,0,0,0,V,V,0,<50,N,NA,NA,NA,NA,NA,NA,NA,NA,NA,juvenile
NB,SE,Salisbury East,3,NBSE-03,46.03226,65.01134,BIW,2021,6,29,2,NBSE-03-02-BIW,NA,NA,NA,NA,NA,NA,NA,Y,PBGR,V,0,0,0,0,0,0,0,0,0,V,V,0,<50,N,NA,NA,NA,NA,NA,NA,NA,NA,NA,juvenile
NB,SE,Salisbury East,3,NBSE-03,46.03226,65.01134,BIW,2021,6,29,2,NBSE-03-02-BIW,NA,NA,NA,NA,NA,NA,NA,Y,PBGR,0,V,0,0,0,0,0,0,0,0,V,V,0,<50,N,NA,NA,NA,NA,NA,NA,NA,NA,NA,adult
NB,SE,Salisbury East,3,NBSE-03,46.03226,65.01134,BIW,2021,6,29,2,NBSE-03-02-BIW,NA,NA,NA,NA,NA,NA,NA,Y,PBGR,0,0,0,0,0,0,0,0,0,V,0,0,0,50-100,N,NA,NA,NA,NA,NA,NA,NA,NA,NA,adult
NB,SE,Salisbury East,3,NBSE-03,46.03226,65.01134,BIW,2021,6,29,2,NBSE-03-02-BIW,NA,NA,NA,NA,NA,NA,NA,Y,PBGR,0,0,0,0,0,0,0,0,0,V,0,0,0,50-100,N,NA,NA,NA,NA,NA,NA,NA,NA,NA,juvenile
NB,SE,Salisbury East,3,NBSE-03,46.03226,65.01134,BIW,2021,6,29,2,NBSE-03-02-BIW,NA,NA,NA,NA,NA,NA,NA,Y,PBGR,0,0,0,0,0,0,0,0,0,V,0,0,0,50-100,N,NA,NA,NA,NA,NA,NA,NA,NA,NA,juvenile
NB,SE,Salisbury East,3,NBSE-03,46.03226,65.01134,BIW,2021,6,29,2,NBSE-03-02-BIW,NA,NA,NA,NA,NA,NA,NA,Y,SORA,0,0,0,0,0,0,0,0,0,0,0,0,A,<50,N,NA,NA,NA,NA,NA,NA,NA,NA,NA,
NB,SE,Salisbury East,4,NBSE-04,46.03087,65.01461,BIW,2021,6,5,1,NBSE-04-01-BIW,5:39,0,10,0,0,NA,1,Y,SORA,0,0,0,0,0,0,0,0,0,0,0,A,0,>100,N,NA,NA,NA,NA,NA,NA,NA,NA,NA,"Did not indicate prev_point, deduced N based on data/time"
NB,SW,Salisbury West,1,NBSW-01,46.02093,65.04518,BIW,2021,6,9,1,NBSW-01-01-BIW,6:05,10,12,0,0,NA,2,Y,SORA,A,0,0,0,0,A,0,0,0,0,0,0,0,>100,NA,NA,NA,NA,NA,NA,NA,NA,NA,NA,Did not indicate prev_point
NB,SW,Salisbury West,1,NBSW-01,46.02093,65.04518,BIW,2021,6,9,1,NBSW-01-01-BIW,6:05,10,12,0,0,NA,2,Y,VIRA,0,0,0,0,0,0,0,0,A,0,A,0,0,<50,NA,NA,NA,NA,NA,NA,NA,NA,NA,NA,Did not indicate prev_point
NB,SW,Salisbury West,1,NBSW-01,46.02093,65.04518,BIW,2021,7,6,2,NBSW-01-02-BIW,6:20,1,NA,0,1,W,2,Y,PBGR,0,A,0,0,0,0,0,0,0,0,0,0,V,>100,NA,NA,NA,NA,NA,NA,NA,NA,NA,NA,Did not indicate prev_point
NB,SW,Salisbury West,1,NBSW-01,46.02093,65.04518,BIW,2021,7,6,2,NBSW-01-02-BIW,6:20,1,NA,0,1,W,2,Y,SORA,0,0,0,0,0,0,0,0,0,A,A,0,0,50-100,NA,NA,NA,NA,NA,NA,NA,NA,NA,NA,Did not indicate prev_point
NB,SW,Salisbury West,1,NBSW-01,46.02093,65.04518,BIW,2021,7,6,2,NBSW-01-02-BIW,6:20,1,NA,0,1,W,2,Y,SORA,0,0,0,0,0,0,0,0,0,0,A,A,0,<50,NA,NA,NA,NA,NA,NA,NA,NA,NA,NA,Did not indicate prev_point
NB,SW,Salisbury West,1,NBSW-01,46.02093,65.04518,BIW,2021,7,6,2,NBSW-01-02-BIW,6:20,1,NA,0,1,W,2,Y,AMCO,0,0,0,0,0,0,0,0,0,0,0,0,V,50-100,NA,NA,NA,NA,NA,NA,NA,NA,NA,NA,Did not indicate prev_point
NB,SW,Salisbury West,1,NBSW-01,46.02093,65.04518,BIW,2021,7,6,2,NBSW-01-02-BIW,6:20,1,NA,0,1,W,2,Y,PBGR,0,0,0,0,0,0,0,0,0,0,0,0,V,50-100,NA,NA,NA,NA,NA,NA,NA,NA,NA,NA,Did not indicate prev_point
NB,SW,Salisbury West,2,NBSW-02,46.01916,65.04296,BIW,2021,6,9,1,NBSW-02-01-BIW,5:40,10,14,0,0,NA,1,Y,PBGR,V,0,0,0,0,0,0,0,0,0,0,0,0,<50,NA,NA,NA,NA,NA,NA,NA,NA,NA,NA,Did not indicate prev_point
NB,SW,Salisbury West,2,NBSW-02,46.01916,65.04296,BIW,2021,6,9,1,NBSW-02-01-BIW,5:40,10,14,0,0,NA,1,Y,SORA,A,0,0,A,0,0,0,0,0,A,A,A,0,>100,Y,NA,NA,NA,NA,NA,NA,NA,NA,NA,
NB,SW,Salisbury West,2,NBSW-02,46.01916,65.04296,BIW,2021,6,9,1,NBSW-02-01-BIW,5:40,10,14,0,0,NA,1,Y,PBGR,0,0,0,0,0,A,0,0,0,0,0,0,0,50-100,NA,NA,NA,NA,NA,NA,NA,NA,NA,NA,Did not indicate prev_point
NB,SW,Salisbury West,2,NBSW-02,46.01916,65.04296,BIW,2021,6,9,1,NBSW-02-01-BIW,5:40,10,14,0,0,NA,1,Y,VIRA,0,0,0,0,0,0,0,0,A,0,0,0,0,<50,N,NA,NA,NA,NA,NA,NA,NA,NA,NA,"Did not indicate prev_point, deduced N based on data/time"
NB,SW,Salisbury West,2,NBSW-02,46.01916,65.04296,BIW,2021,6,9,1,NBSW-02-01-BIW,5:40,10,14,0,0,NA,1,Y,COGA,0,0,0,0,0,0,0,0,0,0,0,V,0,50-100,N,NA,NA,NA,NA,NA,NA,NA,NA,NA,"Did not indicate prev_point, deduced N based on data/time"
NB,SW,Salisbury West,2,NBSW-02,46.01916,65.04296,BIW,2021,7,6,2,NBSW-02-02-BIW,5:52,0,NA,0,0,NA,2,Y,SORA,0,0,0,0,0,A,0,0,0,0,0,0,0,>100,NA,NA,NA,NA,NA,NA,NA,NA,NA,NA,Did not indicate prev_point
NB,SW,Salisbury West,2,NBSW-02,46.01916,65.04296,BIW,2021,7,6,2,NBSW-02-02-BIW,5:52,0,NA,0,0,NA,2,Y,PBGR,0,0,0,0,0,0,0,0,0,0,0,A,0,>100,NA,NA,NA,NA,NA,NA,NA,NA,NA,NA,Did not indicate prev_point
NB,SW,Salisbury West,2,NBSW-02,46.01916,65.04296,BIW,2021,7,6,2,NBSW-02-02-BIW,5:52,0,NA,0,0,NA,2,Y,AMCO,0,0,0,0,0,0,0,0,0,0,0,0,V,>100,N,NA,NA,NA,NA,NA,NA,NA,NA,NA,"Did not indicate prev_point, deduced N based on data/time"
NB,SW,Salisbury West,2,NBSW-02,46.01916,65.04296,BIW,2021,7,6,2,NBSW-02-02-BIW,5:52,0,NA,0,0,NA,2,Y,VIRA,0,0,0,0,0,0,0,0,0,0,0,0,A,>100,Y,NA,NA,NA,NA,NA,NA,NA,NA,NA,
NB,SW,Salisbury West,3,NBSW-03,46.02023,65.04033,BIW,2021,6,9,1,NBSW-03-01-BIW,5:13,10,19,0,0,NA,1,Y,LEBI,A,0,A,0,A,0,0,0,0,0,0,0,0,<50,N,NA,NA,NA,NA,NA,NA,NA,NA,NA,"Did not indicate prev_point, deduced N based on data/time; did not indicate distance"
NB,SW,Salisbury West,3,NBSW-03,46.02023,65.04033,BIW,2021,6,9,1,NBSW-03-01-BIW,5:13,10,19,0,0,NA,1,Y,PBGR,A,0,0,0,0,0,0,0,A,0,0,0,0,NA,N,NA,NA,NA,NA,NA,NA,NA,NA,NA,"Did not indicate prev_point, deduced N based on data/time"
NB,SW,Salisbury West,3,NBSW-03,46.02023,65.04033,BIW,2021,6,9,1,NBSW-03-01-BIW,5:13,10,19,0,0,NA,1,Y,GOOT,0,0,0,0,0,0,A,0,0,0,0,0,0,>100,N,NA,NA,NA,NA,NA,NA,NA,NA,NA,"Did not indicate prev_point, deduced N based on data/time"
NB,SW,Salisbury West,3,NBSW-03,46.02023,65.04033,BIW,2021,6,9,1,NBSW-03-01-BIW,5:13,10,19,0,0,NA,1,Y,SORA,0,0,0,0,0,0,0,0,0,A,0,0,0,>100,N,NA,NA,NA,NA,NA,NA,NA,NA,NA,"Did not indicate prev_point, deduced N based on data/time"
NB,SW,Salisbury West,3,NBSW-03,46.02023,65.04033,BIW,2021,6,9,1,NBSW-03-01-BIW,5:13,10,19,0,0,NA,1,Y,PBGR,0,0,0,0,0,0,0,0,0,0,V,0,0,NA,N,NA,NA,NA,NA,NA,NA,NA,NA,NA,"Did not indicate prev_point, deduced N based on data/time; did not indicate distance"
NB,SW,Salisbury West,3,NBSW-03,46.02023,65.04033,BIW,2021,7,6,2,NBSW-03-02-BIW,5:27,0,8,0,1,W,2,Y,LEBI,0,0,A,A,A,A,0,A,A,A,A,A,0,<50,N,NA,NA,NA,NA,NA,NA,NA,NA,NA,"Did not indicate prev_point, deduced N based on data/time"
NB,SW,Salisbury West,3,NBSW-03,46.02023,65.04033,BIW,2021,7,6,2,NBSW-03-02-BIW,5:27,0,8,0,1,W,2,Y,SORA,0,0,0,0,0,0,0,0,0,0,0,A,0,>100,N,NA,NA,NA,NA,NA,NA,NA,NA,NA,"Did not indicate prev_point, deduced N based on data/time"
NB,SW,Salisbury West,3,NBSW-03,46.02023,65.04033,BIW,2021,7,6,2,NBSW-03-02-BIW,5:27,0,8,0,1,W,2,Y,PBGR,0,0,0,0,0,0,0,0,0,0,0,0,V,>100,N,NA,NA,NA,NA,NA,NA,NA,NA,NA,"Did not indicate prev_point, deduced N based on data/time; adult + 6 juvenile"
NB,SW,Salisbury West,3,NBSW-03,46.02023,65.04033,BIW,2021,7,6,2,NBSW-03-02-BIW,5:27,0,8,0,1,W,2,Y,VIRA,0,0,0,0,0,0,0,0,0,0,0,0,AV,>100,N,NA,NA,NA,NA,NA,NA,NA,NA,NA,"Did not indicate prev_point, deduced N based on data/time"
NB,SW,Salisbury West,3,NBSW-03,46.02023,65.04033,BIW,2021,7,6,2,NBSW-03-02-BIW,5:27,0,8,0,1,W,2,Y,COGA,0,0,0,0,0,0,0,0,0,0,0,0,V,50-100,N,NA,NA,NA,NA,NA,NA,NA,NA,NA,"Did not indicate prev_point, deduced N based on data/time"
NB,38,Midgic,1,NB38-01,45.95944,64.31806,ADC,2021,6,30,1,NB38-01-01-ADC,5:15,9,19,1,3,SW,0,N,SORA,0,0,0,0,0,A,0,0,0,0,0,0,0,50-100,N,NA,NA,NA,NA,NA,NA,NA,NA,NA,
NB,38,Midgic,1,NB38-01,45.95944,64.31806,ADC,2021,6,30,1,NB38-01-01-ADC,5:15,9,19,1,3,SW,0,N,AMBI,0,0,0,0,0,0,0,A,0,0,0,0,0,<50,N,NA,NA,NA,NA,NA,NA,NA,NA,NA,
NB,38,Midgic,1,NB38-01,45.95944,64.31806,ADC,2021,6,30,1,NB38-01-01-ADC,5:15,9,19,1,3,SW,0,N,WILL,0,0,0,0,0,0,0,0,V,0,0,0,0,50-100,N,NA,NA,NA,NA,NA,NA,NA,NA,NA,flew over trailling N
NB,38,Midgic,2,NB38-02,45.9575,64.31806,ADC,2021,6,30,1,NB38-02-01-ADC,5:45,9,19,1,3,SW,0,N,AMBI,0,0,0,0,A,0,0,0,0,0,0,0,0,50-100,N,NA,NA,NA,NA,NA,NA,NA,NA,NA,
NB,38,Midgic,2,NB38-02,45.9575,64.31806,ADC,2021,6,30,1,NB38-02-01-ADC,5:45,9,19,1,3,SW,0,N,SORA,0,0,A,0,0,0,0,0,0,0,0,0,0,50-100,N,NA,NA,NA,NA,NA,NA,NA,NA,NA,
NB,38,Midgic,2,NB38-02,45.9575,64.31806,ADC,2021,6,30,1,NB38-02-01-ADC,5:45,9,19,1,3,SW,0,N,PBGR,0,0,0,0,0,0,0,V,0,0,0,0,0,50-100,N,NA,NA,NA,NA,NA,NA,NA,NA,NA,with 3 chicks
NB,38,Midgic,2,NB38-02,45.9575,64.31806,ADC,2021,6,30,1,NB38-02-01-ADC,5:45,9,19,1,3,SW,0,N,SORA,0,0,0,0,0,0,0,0,A,0,0,0,0,50-100,N,NA,NA,NA,NA,NA,NA,NA,NA,NA,
NB,38,Midgic,3,NB38-03,45.95583,64.31583,ADC,2021,6,30,1,NB38-03-01-ADC,6:05,9,19,1,3,SW,0,N,PBGR,0,0,0,0,0,0,0,0,0,0,V,0,0,50-100,Y,NA,NA,NA,NA,NA,NA,NA,NA,NA,
NB,38,Midgic,5,NB38-05,45.95778,64.31028,ADC,2021,6,30,1,NB38-05-01-ADC,6:45,9,20,1,3,SW,0,N,SORA,0,0,A,0,0,0,0,0,0,0,0,0,0,50-100,NA,NA,NA,NA,NA,NA,NA,NA,NA,NA,Did not indicate prev_point
NB,38,Midgic,6,NB38-06,45.95361,64.31472,ADC,2021,6,30,1,NB38-06-01-ADC,7:30,8,19,1,3,SW,1,N,AMBI,0,0,0,A,0,0,0,0,0,0,0,0,0,50-100,N,NA,NA,NA,NA,NA,NA,NA,NA,NA,approx. 100m
NB,38,Midgic,6,NB38-06,45.95361,64.31472,ADC,2021,6,30,1,NB38-06-01-ADC,7:30,8,19,1,3,SW,1,N,PBGR,0,A,0,0,0,0,0,0,0,0,0,0,0,50-100,NA,NA,NA,NA,NA,NA,NA,NA,NA,NA,Did not indicate prev_point
NB,38,Midgic,7,NB38-07,45.95278,64.31167,ADC,2021,6,30,1,NB38-07-01-ADC,7:50,8,19,1,3,SW,1,N,NESP,0,0,0,0,0,0,0,0,A,0,0,0,0,>100,N,NA,NA,NA,NA,NA,NA,NA,NA,NA,
NB,38,Midgic,7,NB38-07,45.95278,64.31167,ADC,2021,6,30,1,NB38-07-01-ADC,7:50,8,19,1,3,SW,1,N,PBGR,0,0,0,0,0,0,0,0,0,0,0,V,0,<50,Y,NA,NA,NA,NA,NA,NA,NA,NA,NA,
NB,SV,Sunset Valley,4,NBSV-04,45.384467,-66.265489,AP,2021,6,16,1,NBSV-04-01-AP,8:03,10,17,0,0,N/A,2,Y,PBGR,A,0,0,0,0,0,0,0,0,0,0,0,0,>100,N,NA,NA,NA,NA,NA,NA,NA,NA,NA,
NB,SV,Sunset Valley,4,NBSV-04,45.384467,-66.265489,AP,2021,6,16,1,NBSV-04-01-AP,8:03,10,17,0,0,N/A,2,Y,NESP,0,0,0,0,A,0,0,0,0,0,0,0,A,50-100,N,NA,NA,NA,NA,NA,NA,NA,NA,NA,
NB,SV,Sunset Valley,4,NBSV-04,45.384467,-66.265489,AP,2021,6,16,1,NBSV-04-01-AP,8:03,10,17,0,0,N/A,2,Y,VIRA,0,0,0,0,0,0,0,0,0,0,0,0,A,>100,N,NA,NA,NA,NA,NA,NA,NA,NA,NA,
NB,SV,Sunset Valley,4,NBSV-04,45.384467,-66.265489,AP,2021,6,16,1,NBSV-04-01-AP,8:03,10,17,0,0,N/A,2,Y,NESP,0,0,0,0,0,0,0,0,0,0,0,0,A,>100,N,NA,NA,NA,NA,NA,NA,NA,NA,NA,
NB,SV,Sunset Valley,5,NBSV-05,45.387882,-66.263798,AP,2021,6,16,1,NBSV-05-01-AP,8:48,10,16,0,0,N/A,2,Y,PBGR,A,0,A,A,0,0,0,0,0,0,A,0,0,>100,Y,NA,NA,NA,NA,NA,NA,NA,NA,NA,
NB,SV,Sunset Valley,4,NBSV-04,45.384467,-66.265489,AP,2021,6,30,2,NBSV-04-02-AP,7:39,6,21,0,1,N,2,Y,AMBI,0,V,0,0,0,0,0,0,0,0,0,0,0,>100,N,NA,NA,NA,NA,NA,NA,NA,NA,NA,"fly by, and didn't see very well, so some margin of error"
NB,SV,Sunset Valley,4,NBSV-04,45.384467,-66.265489,AP,2021,6,30,2,NBSV-04-02-AP,7:39,6,21,0,1,N,2,Y,NESP,0,0,0,0,0,0,0,0,0,0,0,A,0,>100,N,NA,NA,NA,NA,NA,NA,NA,NA,NA,
NB,SV,Sunset Valley,4,NBSV-04,45.384467,-66.265489,AP,2021,6,30,2,NBSV-04-02-AP,7:39,6,21,0,1,N,2,Y,NESP,0,0,0,0,0,0,0,0,0,0,0,A,A,50-100,N,NA,NA,NA,NA,NA,NA,NA,NA,NA,
NB,SV,Sunset Valley,4,NBSV-04,45.384467,-66.265489,AP,2021,6,30,2,NBSV-04-02-AP,7:39,6,21,0,1,N,2,Y,NESP,0,0,0,0,0,0,0,0,0,0,0,A,A,50-100,N,NA,NA,NA,NA,NA,NA,NA,NA,NA,
NB,SV,Sunset Valley,4,NBSV-04,45.384467,-66.265489,AP,2021,6,30,2,NBSV-04-02-AP,7:39,6,21,0,1,N,2,Y,NESP,0,0,0,0,0,0,0,0,0,0,0,AV,A,<50,N,NA,NA,NA,NA,NA,NA,NA,NA,NA,photo and sound recording obtained
NB,SR,Saints Rest Marsh,4,NBSR-04,45.13236,66.08208,CAC,2021,6,4,1,NBSR-04-01-CAC,6:59,10,12,1,2,S,0,N,AMCO,0,0,0,0,0,0,0,0,A,A,A,A,A,50-100,N,NA,NA,NA,NA,NA,NA,NA,NA,NA,
NB,SR,Saints Rest Marsh,1,NBSR-01,45.13419,66.0759,CAC,2021,6,20,2,NBSR-01-02-CAC,5:10,10,13,0,1,SW,2,N,NESP,0,0,0,0,0,0,0,A,A,A,A,AV,AV,<50,N,NA,NA,NA,NA,NA,NA,NA,NA,NA,
NB,36,Ward Marsh,1,NB36-01,45.96358,64.34468,KAP,2021,6,11,1,NB36-01-01-KAP,5:45,1,0,0,0,NA,0,Y,SORA,0,0,A,0,0,0,0,0,0,0,0,0,0,50-100,N,NA,NA,NA,NA,NA,NA,NA,NA,NA,
NB,36,Ward Marsh,1,NB36-01,45.96358,64.34468,KAP,2021,6,11,1,NB36-01-01-KAP,5:45,1,0,0,0,NA,0,Y,SORA,0,0,0,A,0,0,0,0,0,0,0,0,0,<50,N,NA,NA,NA,NA,NA,NA,NA,NA,NA,
NB,36,Ward Marsh,1,NB36-01,45.96358,64.34468,KAP,2021,6,11,1,NB36-01-01-KAP,5:45,1,0,0,0,NA,0,Y,AMBI,0,0,0,0,A,0,0,0,0,0,0,0,0,50-100,N,NA,NA,NA,NA,NA,NA,NA,NA,NA,
NB,36,Ward Marsh,1,NB36-01,45.96358,64.34468,KAP,2021,6,11,1,NB36-01-01-KAP,5:45,1,0,0,0,NA,0,Y,VIRA,0,0,0,0,0,0,0,0,A,0,0,0,0,50-100,N,NA,NA,NA,NA,NA,NA,NA,NA,NA,
NB,36,Ward Marsh,1,NB36-01,45.96358,64.34468,KAP,2021,6,11,1,NB36-01-01-KAP,5:45,1,0,0,0,NA,0,Y,PBGR,0,0,0,0,0,0,0,0,0,0,A,0,0,>100,N,NA,NA,NA,NA,NA,NA,NA,NA,NA,
NB,36,Ward Marsh,1,NB36-01,45.96358,64.34468,KAP,2021,6,30,2,NB36-01-02-KAP,5:09,10,19,0,0,NA,0,Y,VIRA,0,0,0,0,0,0,0,0,A,0,0,0,0,<50,N,NA,NA,NA,NA,NA,NA,NA,NA,NA,"respond. ""bugs, frog"" written at bottom of page"
NB,36,Ward Marsh,2,NB36-02,45.96731,64.34583,KAP,2021,6,11,1,NB36-02-01-KAP,6:06,0,0,0,0,NA,0,Y,AMBI,0,0,0,0,0,0,0,0,0,0,V,0,0,50-100,N,NA,NA,NA,NA,NA,NA,NA,NA,NA,"2 ind. flying together in circle low over marsh, pair with other obs"
NB,36,Ward Marsh,2,NB36-02,45.96731,64.34583,KAP,2021,6,11,1,NB36-02-01-KAP,6:06,0,0,0,0,NA,0,Y,AMBI,0,0,0,0,0,0,0,0,0,0,V,0,0,50-100,N,NA,NA,NA,NA,NA,NA,NA,NA,NA,"2 ind. flying together in circle low over marsh, pair with other obs"
NB,36,Ward Marsh,2,NB36-02,45.96731,64.34583,KAP,2021,6,30,2,NB36-02-02-KAP,5:29,10,19,0,0,NA,0,Y,VIRA,0,0,0,0,0,0,0,0,A,0,0,0,0,<50,N,NA,NA,NA,NA,NA,NA,NA,NA,NA,respond
NB,36,Ward Marsh,3,NB36-03,45.9701,64.34698,KAP,2021,6,30,2,NB36-03-02-KAP,5:54,10,10,0,0,NA,0,Y,MAWR,A,0,0,0,0,0,0,0,0,0,0,0,0,NA,NA,NA,NA,NA,NA,NA,NA,NA,NA,NA,MAWR heard  (R) en route to #3 to (R) of Road
NB,36,Ward Marsh,3,NB36-03,45.9701,64.34698,KAP,2021,6,30,2,NB36-03-02-KAP,5:54,10,10,0,0,NA,0,Y,SORA,0,0,0,0,0,0,0,0,0,A,0,0,0,>100,N,NA,NA,NA,NA,NA,NA,NA,NA,NA,
NB,36,Ward Marsh,3,NB36-03,45.9701,64.34698,KAP,2021,6,30,2,NB36-03-02-KAP,5:54,10,10,0,0,NA,0,Y,SORA,0,0,0,0,0,0,0,0,0,0,A,0,A,<50,N,NA,NA,NA,NA,NA,NA,NA,NA,NA,
NB,36,Ward Marsh,4,NB36-04,45.9721,64.34375,KAP,2021,6,30,2,NB36-04-02-KAP,6:14,10,22,0,0,NA,0,Y,SORA,0,A,0,0,0,0,0,0,0,0,0,0,0,>100,Y,NA,NA,NA,NA,NA,NA,NA,NA,NA,
NB,36,Ward Marsh,4,NB36-04,45.9721,64.34375,KAP,2021,6,30,2,NB36-04-02-KAP,6:14,10,22,0,0,NA,0,Y,SORA,0,0,0,0,0,0,0,0,0,A,0,0,A,50-100,N,NA,NA,NA,NA,NA,NA,NA,NA,NA,
NB,36,Ward Marsh,5,NB36-05,45.97079,64.33791,KAP,2021,6,30,2,NB36-05-02-KAP,6:37,10,20,0,0,NA,0,Y,SORA,0,0,0,0,0,0,0,0,0,0,0,A,0,>100,N,NA,NA,NA,NA,NA,NA,NA,NA,NA,
NB,36,Ward Marsh,5,NB36-05,45.97079,64.33791,KAP,2021,6,30,2,NB36-05-02-KAP,6:37,10,20,0,0,NA,0,Y,SORA,0,0,0,0,0,0,0,0,0,0,0,0,A,<50,N,NA,NA,NA,NA,NA,NA,NA,NA,NA,
NB,36,Ward Marsh,6,NB36-06,45.96399,64.32997,KAP,2021,6,30,2,NB36-06-02-KAP,7:37,10,20,0,0,NA,0,Y,SORA,0,0,0,0,0,0,0,0,A,0,0,0,0,>100,NA,NA,NA,NA,NA,NA,NA,NA,NA,NA,Did not indicate prev_point
PE,13,Johnstons River,2,PE13-02,46.42938,62.41961,DAJ,2021,6,3,1,PE13-02-01-DAJ,7:31,1,14,0,1,SW,1,Y,AMBI,0,0,0,0,A,0,0,0,0,0,0,A,0,>100,Y,NA,NA,NA,NA,NA,NA,NA,NA,NA,could be out of range
PE,13,Johnstons River,3,PE13-03,46.42709,62.4187,DAJ,2021,6,3,1,PE13-03-01-DAJ,7:13,1,14,0,1,SW,1,Y,AMBI,A,A,A,A,A,A,A,A,A,0,0,A,0,<50,N,NA,NA,NA,NA,NA,NA,NA,NA,NA,
PE,13,Johnstons River,4,PE13-04,46.42732,62.42189,DAJ,2021,6,3,1,PE13-04-01-DAJ,7:37,0,14,0,0,SW,0,Y,NESP,A,A,A,A,0,0,0,0,0,0,0,0,0,,N,NA,NA,NA,NA,NA,NA,NA,NA,NA,did not indicate distance
PE,13,Johnstons River,4,PE13-04,46.42732,62.42189,DAJ,2021,6,3,1,PE13-04-01-DAJ,7:37,0,14,0,0,SW,0,Y,AMBI,0,0,0,0,0,A,0,0,0,A,0,0,0,50-100,Y,NA,NA,NA,NA,NA,NA,NA,NA,NA,
PE,13,Johnstons River,4,PE13-04,46.42732,62.42189,DAJ,2021,6,3,1,PE13-04-01-DAJ,7:37,0,14,0,0,SW,0,Y,AMBI,0,0,0,0,0,0,0,0,0,0,0,A,0,50-100,N,NA,NA,NA,NA,NA,NA,NA,NA,NA,
PE,13,Johnstons River,5,PE13-05,46.42963,62.42347,DAJ,2021,6,3,1,PE13-05-01-DAJ,7:59,1,15,0,0,SW,0,Y,AMBI,A,0,A,A,A,0,0,0,0,0,0,0,0,>100,,NA,NA,NA,NA,NA,NA,NA,NA,NA,did not indicate prev_point
PE,03,Des Gros Marsh,3,PE03-03,46.25209,62.5111,DAJ,2021,6,2,1,PE03-03-01-DAJ,6:58,0,13,0,2,SW,0,Y,SORA,0,0,0,0,0,0,0,0,0,A,0,0,A,<50,N,NA,NA,NA,NA,NA,NA,NA,NA,NA,Note says second sora called @ end of survey
PE,11,Larkins Pond,2,PE11-02,46.42938,62.41961,DAJ,2021,6,10,1,PE11-02-01-DAJ,5:29,8,7,0,1,SW,0,Y,SORA,0,0,A,A,A,0,0,0,0,0,0,0,0,<50,N,NA,NA,NA,NA,NA,NA,NA,NA,NA,
PE,11,Larkins Pond,2,PE11-02,46.42938,62.41961,DAJ,2021,6,10,1,PE11-02-01-DAJ,5:29,8,7,0,1,SW,0,Y,PBGR,0,0,0,0,A,A,0,0,0,0,0,A,0,50-100,N,NA,NA,NA,NA,NA,NA,NA,NA,NA,
PE,11,Larkins Pond,3,PE11-03,46.42709,62.4187,DAJ,2021,6,10,1,PE11-03-01-DAJ,5:48,8,8,0,1,SW,0,Y,PBGR,0,0,0,0,0,0,0,0,0,A,A,0,0,>100,Y,NA,NA,NA,NA,NA,NA,NA,NA,NA,
PE,11,Larkins Pond,4,PE11-04,46.42732,62.42189,DAJ,2021,6,10,1,PE11-04-01-DAJ,6:09,8,8,0,1,SW,0,Y,PBGR,A,0,A,A,A,A,A,A,A,0,A,A,0,<50,Y,NA,NA,NA,NA,NA,NA,NA,NA,NA,
PE,11,Larkins Pond,4,PE11-04,46.42732,62.42189,DAJ,2021,6,10,1,PE11-04-01-DAJ,6:09,8,8,0,1,SW,0,Y,PBGR,0,0,A,0,0,0,0,A,0,0,A,0,0,>100,Y,NA,NA,NA,NA,NA,NA,NA,NA,NA,
PE,11,Larkins Pond,4,PE11-04,46.42732,62.42189,DAJ,2021,6,10,1,PE11-04-01-DAJ,6:09,8,8,0,1,SW,0,Y,PBGR,0,0,0,0,0,0,0,A,0,0,A,0,0,>100,Y,NA,NA,NA,NA,NA,NA,NA,NA,NA,
PE,11,Larkins Pond,8,PE11-08,46.42105,62.43096,DAJ,2021,6,17,1,PE11-08-01-DAJ,7:20,0,13,0,1,SW,0,Y,SORA,A,A,A,A,A,A,0,0,A,A,A,A,0,50-100,N,NA,NA,NA,NA,NA,NA,NA,NA,NA,
PE,11,Larkins Pond,8,PE11-08,46.42105,62.43096,DAJ,2021,6,17,1,PE11-08-01-DAJ,7:20,0,13,0,1,SW,0,Y,SORA,0,0,0,0,0,0,0,0,0,A,0,AV,0,>100,N,NA,NA,NA,NA,NA,NA,NA,NA,NA,
PE,11,Larkins Pond,9,PE11-09,46.41914,62.42758,DAJ,2021,6,17,1,PE11-09-01-DAJ,7:42,0,14,0,1,SW,0,Y,PBGR,A,A,A,0,0,0,0,0,0,A,A,0,0,<50,N,NA,NA,NA,NA,NA,NA,NA,NA,NA,
PE,11,Larkins Pond,9,PE11-09,46.41914,62.42758,DAJ,2021,6,17,1,PE11-09-01-DAJ,7:42,0,14,0,1,SW,0,Y,SORA,0,0,0,A,0,0,0,0,0,0,0,A,0,<50,N,NA,NA,NA,NA,NA,NA,NA,NA,NA,
PE,11,Larkins Pond,9,PE11-09,46.41914,62.42758,DAJ,2021,6,17,1,PE11-09-01-DAJ,7:42,0,14,0,1,SW,0,Y,SORA,0,0,0,0,0,0,0,0,0,A,A,A,0,>100,N,NA,NA,NA,NA,NA,NA,NA,NA,NA,
PE,11,Larkins Pond,10,PE11-10,46.41708,62.42673,DAJ,2021,6,17,1,PE11-10-01-DAJ,8:05,0,14,0,3,SW,0,Y,SORA,0,0,0,0,0,A,A,0,A,A,A,0,0,50-100,Y,NA,NA,NA,NA,NA,NA,NA,NA,NA,
PE,11,Larkins Pond,10,PE11-10,46.41708,62.42673,DAJ,2021,6,17,1,PE11-10-01-DAJ,8:05,0,14,0,3,SW,0,Y,SORA,0,0,0,0,0,0,0,0,0,A,0,0,0,50-100,N,NA,NA,NA,NA,NA,NA,NA,NA,NA,
PE,11,Larkins Pond,10,PE11-10,46.41708,62.42673,DAJ,2021,6,17,1,PE11-10-01-DAJ,8:05,0,14,0,3,SW,0,Y,PBGR,0,0,0,0,0,0,0,0,0,0,0,V,0,50-100,N,NA,NA,NA,NA,NA,NA,NA,NA,NA,
PE,11,Larkins Pond,2,PE11-02,46.42938,62.41961,DAJ,2021,7,14,2,PE11-02-02-DAJ,5:33,6,15,0,0/1,SW,0,Y,SORA,0,0,0,0,0,0,0,0,0,A,0,0,0,<50,N,NA,NA,NA,NA,NA,NA,NA,NA,NA,
PE,11,Larkins Pond,2,PE11-02,46.42938,62.41961,DAJ,2021,7,14,2,PE11-02-02-DAJ,5:33,6,15,0,0/1,SW,0,Y,PBGR,0,0,0,0,0,0,A,A,A,A,AV,AV,0,<50,N,NA,NA,NA,NA,NA,NA,NA,NA,NA,
PE,11,Larkins Pond,2,PE11-02,46.42938,62.41961,DAJ,2021,7,14,2,PE11-02-02-DAJ,5:33,6,15,0,0/1,SW,0,Y,PBGR,0,0,0,0,0,0,0,0,0,0,0,A,0,>100,N,NA,NA,NA,NA,NA,NA,NA,NA,NA,
PE,11,Larkins Pond,3,PE11-03,46.42709,62.4187,DAJ,2021,7,14,2,PE11-03-02-DAJ,5:55,5,16,0,0/1,SW,0,Y,PBGR,0,0,0,0,0,0,0,0,0,0,0,A,0,50-100,N,NA,NA,NA,NA,NA,NA,NA,NA,NA,
PE,11,Larkins Pond,8,PE11-08,46.42105,62.43096,DAJ,2021,7,14,2,PE11-08-02-DAJ,7:41,7,15,0,1,SW,0,Y,PBGR,0,0,0,0,0,A,0,0,0,0,0,0,0,>100,N,NA,NA,NA,NA,NA,NA,NA,NA,NA,
PE,11,Larkins Pond,8,PE11-08,46.42105,62.43096,DAJ,2021,7,14,2,PE11-08-02-DAJ,7:41,7,15,0,1,SW,0,Y,PBGR,0,0,0,0,0,0,0,0,0,A,0,0,0,>100,N,NA,NA,NA,NA,NA,NA,NA,NA,NA,
PE,11,Larkins Pond,9,PE11-09,46.41914,62.42758,DAJ,2021,7,14,2,PE11-09-02-DAJ,8:00,7,15,0,1,SW,0,Y,SORA,0,0,0,0,0,0,0,0,0,A,0,0,0,<50,N,NA,NA,NA,NA,NA,NA,NA,NA,NA,
PE,11,Larkins Pond,10,PE11-10,46.41708,62.42673,DAJ,2021,7,14,2,PE11-10-02-DAJ,8:22,7,15,0,1,SW,0,Y,SORA,0,A,A,A,A,0,0,0,0,0,0,0,0,50-100,N,NA,NA,NA,NA,NA,NA,NA,NA,NA,
PE,11,Larkins Pond,10,PE11-10,46.41708,62.42673,DAJ,2021,7,14,2,PE11-10-02-DAJ,8:22,7,15,0,1,SW,0,Y,PBGR,0,0,0,0,0,V,0,0,0,0,0,A,0,50-100,N,NA,NA,NA,NA,NA,NA,NA,NA,NA,
PE,11,Larkins Pond,10,PE11-10,46.41708,62.42673,DAJ,2021,7,14,2,PE11-10-02-DAJ,8:22,7,15,0,1,SW,0,Y,PBGR,0,0,0,0,0,0,0,0,0,0,A,0,0,>100,N,NA,NA,NA,NA,NA,NA,NA,NA,NA,
,,,2,,NA,NA,,NA,NA,NA,NA,,,NA,NA,NA,,,,,,,,,,,,,,,,,,,,,NA,NA,NA,NA,NA,NA,NA,NA,NA,
,,,2,,NA,NA,,NA,NA,NA,NA,,,NA,NA,NA,,,,,,,,,,,,,,,,,,,,,NA,NA,NA,NA,NA,NA,NA,NA,NA,
NB,28,Beech Lake,10,NB28-10,NA,NA,LEB,2021,7,14,2,NB28-10-02-LEB,8:28,8,NA,0,3,S,1,Y,ABDU,NA,NA,NA,NA,NA,NA,NA,NA,NA,NA,NA,NA,NA,NA,NA,NB28-10-02-LEB-ABDU,1,0,0,1,,NA,NA,,Flushed
NB,28,Beech Lake,10,NB28-10,NA,NA,LEB,2021,7,14,2,NB28-10-02-LEB,8:28,8,NA,0,3,S,1,Y,YEWA,NA,NA,NA,NA,NA,NA,NA,NA,NA,NA,NA,NA,NA,NA,NA,NB28-10-02-LEB-YEWA,2,3,2,3,,NA,NA,,
NB,28,Beech Lake,10,NB28-10,NA,NA,LEB,2021,7,14,2,NB28-10-02-LEB,8:28,8,NA,0,3,S,1,Y,SWSP,NA,NA,NA,NA,NA,NA,NA,NA,NA,NA,NA,NA,NA,NA,NA,NB28-10-02-LEB-SWSP,1,0,1,1,,NA,NA,,
NB,28,Beech Lake,10,NB28-10,NA,NA,LEB,2021,7,14,2,NB28-10-02-LEB,8:28,8,NA,0,3,S,1,Y,ALFL,NA,NA,NA,NA,NA,NA,NA,NA,NA,NA,NA,NA,NA,NA,NA,NB28-10-02-LEB-ALFL,1,1,0,1,,NA,NA,,
NB,28,Beech Lake,10,NB28-10,NA,NA,LEB,2021,7,14,2,NB28-10-02-LEB,8:28,8,NA,0,3,S,1,Y,SAVS,NA,NA,NA,NA,NA,NA,NA,NA,NA,NA,NA,NA,NA,NA,NA,NB28-10-02-LEB-SAVS,1,0,1,1,,NA,NA,,
NB,28,Beech Lake,10,NB28-10,NA,NA,LEB,2021,7,14,2,NB28-10-02-LEB,8:28,8,NA,0,3,S,1,Y,BOBO,NA,NA,NA,NA,NA,NA,NA,NA,NA,NA,NA,NA,NA,NA,NA,NB28-10-02-LEB-BOBO,0,4,0,4,OF,NA,NA,,
NB,28,Beech Lake,10,NB28-10,NA,NA,LEB,2021,7,14,2,NB28-10-02-LEB,8:28,8,NA,0,3,S,1,Y,SOSP,NA,NA,NA,NA,NA,NA,NA,NA,NA,NA,NA,NA,NA,NA,NA,NB28-10-02-LEB-SOSP,0,1,0,1,,NA,NA,,
NB,28,Beech Lake,9,NB28-09,NA,NA,LEB,2021,7,14,2,NB28-09-02-LEB,8:06,9,NA,0,3,S,1,Y,COYE,NA,NA,NA,NA,NA,NA,NA,NA,NA,NA,NA,NA,NA,NA,NA,NB28-09-02-LEB-COYE,1,1,0,1,,NA,NA,,
NB,28,Beech Lake,9,NB28-09,NA,NA,LEB,2021,7,14,2,NB28-09-02-LEB,8:06,9,NA,0,3,S,1,Y,SWSP,NA,NA,NA,NA,NA,NA,NA,NA,NA,NA,NA,NA,NA,NA,NA,NB28-09-02-LEB-SWSP,3,3,4,4,,NA,NA,,
NB,28,Beech Lake,9,NB28-09,NA,NA,LEB,2021,7,14,2,NB28-09-02-LEB,8:06,9,NA,0,3,S,1,Y,YEWA,NA,NA,NA,NA,NA,NA,NA,NA,NA,NA,NA,NA,NA,NA,NA,NB28-09-02-LEB-YEWA,1,1,1,1,,NA,NA,,
NB,28,Beech Lake,9,NB28-09,NA,NA,LEB,2021,7,14,2,NB28-09-02-LEB,8:06,9,NA,0,3,S,1,Y,BOBO,NA,NA,NA,NA,NA,NA,NA,NA,NA,NA,NA,NA,NA,NA,NA,NB28-09-02-LEB-BOBO,16,16,0,16,,NA,NA,,"10 female, 6 male"
NB,28,Beech Lake,9,NB28-09,NA,NA,LEB,2021,7,14,2,NB28-09-02-LEB,8:06,9,NA,0,3,S,1,Y,SOSP,NA,NA,NA,NA,NA,NA,NA,NA,NA,NA,NA,NA,NA,NA,NA,NB28-09-02-LEB-SOSP,2,2,2,2,,NA,NA,,
NB,28,Beech Lake,9,NB28-09,NA,NA,LEB,2021,7,14,2,NB28-09-02-LEB,8:06,9,NA,0,3,S,1,Y,RWBL,NA,NA,NA,NA,NA,NA,NA,NA,NA,NA,NA,NA,NA,NA,NA,NB28-09-02-LEB-RWBL,1,1,0,1,OF,NA,NA,,
NB,28,Beech Lake,9,NB28-09,NA,NA,LEB,2021,7,14,2,NB28-09-02-LEB,8:06,9,NA,0,3,S,1,Y,WISN,NA,NA,NA,NA,NA,NA,NA,NA,NA,NA,NA,NA,NA,NA,NA,NB28-09-02-LEB-WISN,0,1,1,1,OF,NA,NA,,Display
NB,28,Beech Lake,9,NB28-09,NA,NA,LEB,2021,7,14,2,NB28-09-02-LEB,8:06,9,NA,0,3,S,1,Y,SAVS,NA,NA,NA,NA,NA,NA,NA,NA,NA,NA,NA,NA,NA,NA,NA,NB28-09-02-LEB-SAVS,0,0,1,1,,NA,NA,,
NB,28,Beech Lake,9,NB28-09,NA,NA,LEB,2021,7,14,2,NB28-09-02-LEB,8:06,9,NA,0,3,S,1,Y,ALFL,NA,NA,NA,NA,NA,NA,NA,NA,NA,NA,NA,NA,NA,NA,NA,NB28-09-02-LEB-ALFL,0,0,1,1,,NA,NA,,
NB,28,Beech Lake,8,NB28-08,NA,NA,LEB,2021,7,14,2,NB28-08-02-LEB,7:44,8,NA,0,3,S,1,Y,MALL,NA,NA,NA,NA,NA,NA,NA,NA,NA,NA,NA,NA,NA,NA,NA,NB28-08-02-LEB-MALL,2,0,0,2,,2,NA,,Flushed
NB,28,Beech Lake,8,NB28-08,NA,NA,LEB,2021,7,14,2,NB28-08-02-LEB,7:44,8,NA,0,3,S,1,Y,SWSP,NA,NA,NA,NA,NA,NA,NA,NA,NA,NA,NA,NA,NA,NA,NA,NB28-08-02-LEB-SWSP,1,1,2,2,,NA,NA,,
NB,28,Beech Lake,8,NB28-08,NA,NA,LEB,2021,7,14,2,NB28-08-02-LEB,7:44,8,NA,0,3,S,1,Y,WODU,NA,NA,NA,NA,NA,NA,NA,NA,NA,NA,NA,NA,NA,NA,NA,NB28-08-02-LEB-WODU,1,0,0,1,,NA,1,,Flushed
NB,28,Beech Lake,8,NB28-08,NA,NA,LEB,2021,7,14,2,NB28-08-02-LEB,7:44,8,NA,0,3,S,1,Y,COYE,NA,NA,NA,NA,NA,NA,NA,NA,NA,NA,NA,NA,NA,NA,NA,NB28-08-02-LEB-COYE,2,1,1,2,,NA,NA,,
NB,28,Beech Lake,8,NB28-08,NA,NA,LEB,2021,7,14,2,NB28-08-02-LEB,7:44,8,NA,0,3,S,1,Y,SOSP,NA,NA,NA,NA,NA,NA,NA,NA,NA,NA,NA,NA,NA,NA,NA,NB28-08-02-LEB-SOSP,1,3,3,3,,NA,NA,,
NB,28,Beech Lake,8,NB28-08,NA,NA,LEB,2021,7,14,2,NB28-08-02-LEB,7:44,8,NA,0,3,S,1,Y,TRES,NA,NA,NA,NA,NA,NA,NA,NA,NA,NA,NA,NA,NA,NA,NA,NB28-08-02-LEB-TRES,0,1,0,1,OF,NA,NA,,
NB,28,Beech Lake,8,NB28-08,NA,NA,LEB,2021,7,14,2,NB28-08-02-LEB,7:44,8,NA,0,3,S,1,Y,AMWI,NA,NA,NA,NA,NA,NA,NA,NA,NA,NA,NA,NA,NA,NA,NA,NB28-08-02-LEB-AMWI,0,1,0,1,OF,NA,1,,
NB,28,Beech Lake,8,NB28-08,NA,NA,LEB,2021,7,14,2,NB28-08-02-LEB,7:44,8,NA,0,3,S,1,Y,BOBO,NA,NA,NA,NA,NA,NA,NA,NA,NA,NA,NA,NA,NA,NA,NA,NB28-08-02-LEB-BOBO,0,1,0,1,,NA,NA,,
NB,28,Beech Lake,8,NB28-08,NA,NA,LEB,2021,7,14,2,NB28-08-02-LEB,7:44,8,NA,0,3,S,1,Y,RWBL,NA,NA,NA,NA,NA,NA,NA,NA,NA,NA,NA,NA,NA,NA,NA,NB28-08-02-LEB-RWBL,0,1,1,1,,NA,NA,,
NB,28,Beech Lake,8,NB28-08,NA,NA,LEB,2021,7,14,2,NB28-08-02-LEB,7:44,8,NA,0,3,S,1,Y,YEWA,NA,NA,NA,NA,NA,NA,NA,NA,NA,NA,NA,NA,NA,NA,NA,NB28-08-02-LEB-YEWA,0,2,1,2,,NA,NA,,
NB,28,Beech Lake,7,NB28-07,NA,NA,LEB,2021,7,14,2,NB28-07-02-LEB,7:22,8,NA,0,1,SE,1,Y,SWSP,NA,NA,NA,NA,NA,NA,NA,NA,NA,NA,NA,NA,NA,NA,NA,NB28-07-02-LEB-SWSP,4,4,4,4,,NA,NA,,
NB,28,Beech Lake,7,NB28-07,NA,NA,LEB,2021,7,14,2,NB28-07-02-LEB,7:22,8,NA,0,1,SE,1,Y,COYE,NA,NA,NA,NA,NA,NA,NA,NA,NA,NA,NA,NA,NA,NA,NA,NB28-07-02-LEB-COYE,2,2,1,2,,NA,NA,,
NB,28,Beech Lake,7,NB28-07,NA,NA,LEB,2021,7,14,2,NB28-07-02-LEB,7:22,8,NA,0,1,SE,1,Y,YEWA,NA,NA,NA,NA,NA,NA,NA,NA,NA,NA,NA,NA,NA,NA,NA,NB28-07-02-LEB-YEWA,2,2,1,2,,NA,NA,,
NB,28,Beech Lake,7,NB28-07,NA,NA,LEB,2021,7,14,2,NB28-07-02-LEB,7:22,8,NA,0,1,SE,1,Y,SOSP,NA,NA,NA,NA,NA,NA,NA,NA,NA,NA,NA,NA,NA,NA,NA,NB28-07-02-LEB-SOSP,1,1,2,2,,NA,NA,,
NB,28,Beech Lake,7,NB28-07,NA,NA,LEB,2021,7,14,2,NB28-07-02-LEB,7:22,8,NA,0,1,SE,1,Y,WODU,NA,NA,NA,NA,NA,NA,NA,NA,NA,NA,NA,NA,NA,NA,NA,NB28-07-02-LEB-WODU,1,0,0,1,,NA,NA,,Unsure
NB,28,Beech Lake,7,NB28-07,NA,NA,LEB,2021,7,14,2,NB28-07-02-LEB,7:22,8,NA,0,1,SE,1,Y,RWBL,NA,NA,NA,NA,NA,NA,NA,NA,NA,NA,NA,NA,NA,NA,NA,NB28-07-02-LEB-RWBL,2,0,1,2,,NA,NA,,
NB,28,Beech Lake,7,NB28-07,NA,NA,LEB,2021,7,14,2,NB28-07-02-LEB,7:22,8,NA,0,1,SE,1,Y,ALFL,NA,NA,NA,NA,NA,NA,NA,NA,NA,NA,NA,NA,NA,NA,NA,NB28-07-02-LEB-ALFL,2,2,1,2,,NA,NA,,
NB,28,Beech Lake,7,NB28-07,NA,NA,LEB,2021,7,14,2,NB28-07-02-LEB,7:22,8,NA,0,1,SE,1,Y,GWTE,NA,NA,NA,NA,NA,NA,NA,NA,NA,NA,NA,NA,NA,NA,NA,NB28-07-02-LEB-GWTE,0,1,0,1,,NA,NA,,Unsure
NB,28,Beech Lake,7,NB28-07,NA,NA,LEB,2021,7,14,2,NB28-07-02-LEB,7:22,8,NA,0,1,SE,1,Y,COGO,NA,NA,NA,NA,NA,NA,NA,NA,NA,NA,NA,NA,NA,NA,NA,NB28-07-02-LEB-COGO,0,0,5,5,,NA,NA,,Unsure
NB,28,Beech Lake,7,NB28-07,NA,NA,LEB,2021,7,14,2,NB28-07-02-LEB,7:22,8,NA,0,1,SE,1,Y,AMWI,NA,NA,NA,NA,NA,NA,NA,NA,NA,NA,NA,NA,NA,NA,NA,NB28-07-02-LEB-AMWI,0,0,2,2,,1,1,,
NB,28,Beech Lake,7,NB28-07,NA,NA,LEB,2021,7,14,2,NB28-07-02-LEB,7:22,8,NA,0,1,SE,1,Y,CEDW,NA,NA,NA,NA,NA,NA,NA,NA,NA,NA,NA,NA,NA,NA,NA,NB28-07-02-LEB-CEDW,0,0,1,1,,NA,NA,,
NB,28,Beech Lake,6,NB28-06,NA,NA,LEB,2021,7,14,2,NB28-06-02-LEB,7:00,7,NA,0,0,NA,1,Y,COYE,NA,NA,NA,NA,NA,NA,NA,NA,NA,NA,NA,NA,NA,NA,NA,NB28-06-02-LEB-COYE,3,2,1,3,,NA,NA,,
NB,28,Beech Lake,6,NB28-06,NA,NA,LEB,2021,7,14,2,NB28-06-02-LEB,7:00,7,NA,0,0,NA,1,Y,ALFL,NA,NA,NA,NA,NA,NA,NA,NA,NA,NA,NA,NA,NA,NA,NA,NB28-06-02-LEB-ALFL,2,0,0,2,,NA,NA,,
NB,28,Beech Lake,6,NB28-06,NA,NA,LEB,2021,7,14,2,NB28-06-02-LEB,7:00,7,NA,0,0,NA,1,Y,SWSP,NA,NA,NA,NA,NA,NA,NA,NA,NA,NA,NA,NA,NA,NA,NA,NB28-06-02-LEB-SWSP,3,2,2,3,,NA,NA,,
NB,28,Beech Lake,6,NB28-06,NA,NA,LEB,2021,7,14,2,NB28-06-02-LEB,7:00,7,NA,0,0,NA,1,Y,TRES,NA,NA,NA,NA,NA,NA,NA,NA,NA,NA,NA,NA,NA,NA,NA,NB28-06-02-LEB-TRES,1,0,0,1,AF,NA,NA,,
NB,28,Beech Lake,6,NB28-06,NA,NA,LEB,2021,7,14,2,NB28-06-02-LEB,7:00,7,NA,0,0,NA,1,Y,RTHU,NA,NA,NA,NA,NA,NA,NA,NA,NA,NA,NA,NA,NA,NA,NA,NB28-06-02-LEB-RTHU,0,1,0,1,OF,NA,NA,,
NB,28,Beech Lake,6,NB28-06,NA,NA,LEB,2021,7,14,2,NB28-06-02-LEB,7:00,7,NA,0,0,NA,1,Y,SOSP,NA,NA,NA,NA,NA,NA,NA,NA,NA,NA,NA,NA,NA,NA,NA,NB28-06-02-LEB-SOSP,0,1,0,1,,NA,NA,,
NB,28,Beech Lake,6,NB28-06,NA,NA,LEB,2021,7,14,2,NB28-06-02-LEB,7:00,7,NA,0,0,NA,1,Y,YEWA,NA,NA,NA,NA,NA,NA,NA,NA,NA,NA,NA,NA,NA,NA,NA,NB28-06-02-LEB-YEWA,0,0,2,2,,NA,NA,,
NB,28,Beech Lake,6,NB28-06,NA,NA,LEB,2021,7,14,2,NB28-06-02-LEB,7:00,7,NA,0,0,NA,1,Y,CEDW,NA,NA,NA,NA,NA,NA,NA,NA,NA,NA,NA,NA,NA,NA,NA,NB28-06-02-LEB-CEDW,0,0,3,3,OF,NA,NA,,
NB,28,Beech Lake,6,NB28-06,NA,NA,LEB,2021,7,14,2,NB28-06-02-LEB,7:00,7,NA,0,0,NA,1,Y,BWTE,NA,NA,NA,NA,NA,NA,NA,NA,NA,NA,NA,NA,NA,NA,NA,NB28-06-02-LEB-BWTE,0,0,1,1,OF,1,NA,,
NB,28,Beech Lake,5,NB28-05,NA,NA,LEB,2021,7,14,2,NB28-05-02-LEB,6:37,8,NA,0,1,SE,1,Y,YEWA,NA,NA,NA,NA,NA,NA,NA,NA,NA,NA,NA,NA,NA,NA,NA,NB28-05-02-LEB-YEWA,1,0,1,1,,NA,NA,,
NB,28,Beech Lake,5,NB28-05,NA,NA,LEB,2021,7,14,2,NB28-05-02-LEB,6:37,8,NA,0,1,SE,1,Y,SWSP,NA,NA,NA,NA,NA,NA,NA,NA,NA,NA,NA,NA,NA,NA,NA,NB28-05-02-LEB-SWSP,3,2,2,3,,NA,NA,,
NB,28,Beech Lake,5,NB28-05,NA,NA,LEB,2021,7,14,2,NB28-05-02-LEB,6:37,8,NA,0,1,SE,1,Y,COYE,NA,NA,NA,NA,NA,NA,NA,NA,NA,NA,NA,NA,NA,NA,NA,NB28-05-02-LEB-COYE,3,2,2,3,,NA,NA,,
NB,28,Beech Lake,5,NB28-05,NA,NA,LEB,2021,7,14,2,NB28-05-02-LEB,6:37,8,NA,0,1,SE,1,Y,BARS,NA,NA,NA,NA,NA,NA,NA,NA,NA,NA,NA,NA,NA,NA,NA,NB28-05-02-LEB-BARS,6,3,2,6,AF,NA,NA,,
NB,28,Beech Lake,5,NB28-05,NA,NA,LEB,2021,7,14,2,NB28-05-02-LEB,6:37,8,NA,0,1,SE,1,Y,CEDW,NA,NA,NA,NA,NA,NA,NA,NA,NA,NA,NA,NA,NA,NA,NA,NB28-05-02-LEB-CEDW,2,1,1,2,,NA,NA,,
NB,28,Beech Lake,5,NB28-05,NA,NA,LEB,2021,7,14,2,NB28-05-02-LEB,6:37,8,NA,0,1,SE,1,Y,SAVS,NA,NA,NA,NA,NA,NA,NA,NA,NA,NA,NA,NA,NA,NA,NA,NB28-05-02-LEB-SAVS,1,1,0,1,,NA,NA,,
NB,28,Beech Lake,5,NB28-05,NA,NA,LEB,2021,7,14,2,NB28-05-02-LEB,6:37,8,NA,0,1,SE,1,Y,CEDW,NA,NA,NA,NA,NA,NA,NA,NA,NA,NA,NA,NA,NA,NA,NA,NB28-05-02-LEB-CEDW,0,1,1,1,OF,NA,NA,,
NB,28,Beech Lake,5,NB28-05,NA,NA,LEB,2021,7,14,2,NB28-05-02-LEB,6:37,8,NA,0,1,SE,1,Y,SOSP,NA,NA,NA,NA,NA,NA,NA,NA,NA,NA,NA,NA,NA,NA,NA,NB28-05-02-LEB-SOSP,0,1,1,1,,NA,NA,,
NB,28,Beech Lake,5,NB28-05,NA,NA,LEB,2021,7,14,2,NB28-05-02-LEB,6:37,8,NA,0,1,SE,1,Y,RTHU,NA,NA,NA,NA,NA,NA,NA,NA,NA,NA,NA,NA,NA,NA,NA,NB28-05-02-LEB-RTHU,0,0,1,1,,NA,NA,,
NB,28,Beech Lake,4,NB28-04,NA,NA,LEB,2021,7,14,2,NB28-04-02-LEB,6:14,8,NA,0,0,NA,1,Y,COYE,NA,NA,NA,NA,NA,NA,NA,NA,NA,NA,NA,NA,NA,NA,NA,NB28-04-02-LEB-COYE,4,3,3,4,,NA,NA,,
NB,28,Beech Lake,4,NB28-04,NA,NA,LEB,2021,7,14,2,NB28-04-02-LEB,6:14,8,NA,0,0,NA,1,Y,SWSP,NA,NA,NA,NA,NA,NA,NA,NA,NA,NA,NA,NA,NA,NA,NA,NB28-04-02-LEB-SWSP,3,3,2,3,,NA,NA,,
NB,28,Beech Lake,4,NB28-04,NA,NA,LEB,2021,7,14,2,NB28-04-02-LEB,6:14,8,NA,0,0,NA,1,Y,GWTE,NA,NA,NA,NA,NA,NA,NA,NA,NA,NA,NA,NA,NA,NA,NA,NB28-04-02-LEB-GWTE,2,0,0,2,,NA,NA,2,Flushed
NB,28,Beech Lake,4,NB28-04,NA,NA,LEB,2021,7,14,2,NB28-04-02-LEB,6:14,8,NA,0,0,NA,1,Y,MALL,NA,NA,NA,NA,NA,NA,NA,NA,NA,NA,NA,NA,NA,NA,NA,NB28-04-02-LEB-MALL,6,0,0,6,,NA,1,5,Flushed
NB,28,Beech Lake,4,NB28-04,NA,NA,LEB,2021,7,14,2,NB28-04-02-LEB,6:14,8,NA,0,0,NA,1,Y,AMRE,NA,NA,NA,NA,NA,NA,NA,NA,NA,NA,NA,NA,NA,NA,NA,NB28-04-02-LEB-AMRE,1,0,0,1,,NA,NA,,
NB,28,Beech Lake,4,NB28-04,NA,NA,LEB,2021,7,14,2,NB28-04-02-LEB,6:14,8,NA,0,0,NA,1,Y,BARS,NA,NA,NA,NA,NA,NA,NA,NA,NA,NA,NA,NA,NA,NA,NA,NB28-04-02-LEB-BARS,1,0,0,1,OF,NA,NA,,
NB,28,Beech Lake,4,NB28-04,NA,NA,LEB,2021,7,14,2,NB28-04-02-LEB,6:14,8,NA,0,0,NA,1,Y,YEWA,NA,NA,NA,NA,NA,NA,NA,NA,NA,NA,NA,NA,NA,NA,NA,NB28-04-02-LEB-YEWA,2,2,1,2,,NA,NA,,
NB,28,Beech Lake,4,NB28-04,NA,NA,LEB,2021,7,14,2,NB28-04-02-LEB,6:14,8,NA,0,0,NA,1,Y,ALFL,NA,NA,NA,NA,NA,NA,NA,NA,NA,NA,NA,NA,NA,NA,NA,NB28-04-02-LEB-ALFL,0,2,1,2,,NA,NA,,
NB,28,Beech Lake,4,NB28-04,NA,NA,LEB,2021,7,14,2,NB28-04-02-LEB,6:14,8,NA,0,0,NA,1,Y,SOSP,NA,NA,NA,NA,NA,NA,NA,NA,NA,NA,NA,NA,NA,NA,NA,NB28-04-02-LEB-SOSP,0,1,0,1,,NA,NA,,
NB,28,Beech Lake,4,NB28-04,NA,NA,LEB,2021,7,14,2,NB28-04-02-LEB,6:14,8,NA,0,0,NA,1,Y,CEDW,NA,NA,NA,NA,NA,NA,NA,NA,NA,NA,NA,NA,NA,NA,NA,NB28-04-02-LEB-CEDW,0,2,0,2,,NA,NA,,
NB,28,Beech Lake,4,NB28-04,NA,NA,LEB,2021,7,14,2,NB28-04-02-LEB,6:14,8,NA,0,0,NA,1,Y,CEDW,NA,NA,NA,NA,NA,NA,NA,NA,NA,NA,NA,NA,NA,NA,NA,NB28-04-02-LEB-CEDW,0,0,3,3,OF,NA,NA,,
NB,28,Beech Lake,4,NB28-04,NA,NA,LEB,2021,7,14,2,NB28-04-02-LEB,6:14,8,NA,0,0,NA,1,Y,PAWA,NA,NA,NA,NA,NA,NA,NA,NA,NA,NA,NA,NA,NA,NA,NA,NB28-04-02-LEB-PAWA,0,0,1,1,,NA,NA,,
NB,28,Beech Lake,3,NB28-03,NA,NA,LEB,2021,7,14,2,NB28-03-02-LEB,5:52,8,NA,0,1,SE,0,Y,SWSP,NA,NA,NA,NA,NA,NA,NA,NA,NA,NA,NA,NA,NA,NA,NA,NB28-03-02-LEB-SWSP,3,2,2,3,,NA,NA,,
NB,28,Beech Lake,3,NB28-03,NA,NA,LEB,2021,7,14,2,NB28-03-02-LEB,5:52,8,NA,0,1,SE,0,Y,SOSP,NA,NA,NA,NA,NA,NA,NA,NA,NA,NA,NA,NA,NA,NA,NA,NB28-03-02-LEB-SOSP,1,0,0,1,,NA,NA,,
NB,28,Beech Lake,3,NB28-03,NA,NA,LEB,2021,7,14,2,NB28-03-02-LEB,5:52,8,NA,0,1,SE,0,Y,YEWA,NA,NA,NA,NA,NA,NA,NA,NA,NA,NA,NA,NA,NA,NA,NA,NB28-03-02-LEB-YEWA,1,0,0,1,,NA,NA,,
NB,28,Beech Lake,3,NB28-03,NA,NA,LEB,2021,7,14,2,NB28-03-02-LEB,5:52,8,NA,0,1,SE,0,Y,COYE,NA,NA,NA,NA,NA,NA,NA,NA,NA,NA,NA,NA,NA,NA,NA,NB28-03-02-LEB-COYE,1,0,0,1,,NA,NA,,
NB,28,Beech Lake,3,NB28-03,NA,NA,LEB,2021,7,14,2,NB28-03-02-LEB,5:52,8,NA,0,1,SE,0,Y,WODU,NA,NA,NA,NA,NA,NA,NA,NA,NA,NA,NA,NA,NA,NA,NA,NB28-03-02-LEB-WODU,1,0,0,1,OF,NA,1,,
NB,28,Beech Lake,3,NB28-03,NA,NA,LEB,2021,7,14,2,NB28-03-02-LEB,5:52,8,NA,0,1,SE,0,Y,BARS,NA,NA,NA,NA,NA,NA,NA,NA,NA,NA,NA,NA,NA,NA,NA,NB28-03-02-LEB-BARS,0,0,1,1,AF,NA,NA,,
NB,28,Beech Lake,1,NB28-01,NA,NA,LEB,2021,7,14,2,NB28-01-02-LEB,5:23,8,NA,0,2,SE,0,Y,SOSP,NA,NA,NA,NA,NA,NA,NA,NA,NA,NA,NA,NA,NA,NA,NA,NB28-01-02-LEB-SOSP,1,2,2,2,,NA,NA,,
NB,28,Beech Lake,1,NB28-01,NA,NA,LEB,2021,7,14,2,NB28-01-02-LEB,5:23,8,NA,0,2,SE,0,Y,COYE,NA,NA,NA,NA,NA,NA,NA,NA,NA,NA,NA,NA,NA,NA,NA,NB28-01-02-LEB-COYE,2,2,1,2,,NA,NA,,
NB,28,Beech Lake,1,NB28-01,NA,NA,LEB,2021,7,14,2,NB28-01-02-LEB,5:23,8,NA,0,2,SE,0,Y,SWSP,NA,NA,NA,NA,NA,NA,NA,NA,NA,NA,NA,NA,NA,NA,NA,NB28-01-02-LEB-SWSP,3,2,2,3,,NA,NA,,
NB,28,Beech Lake,1,NB28-01,NA,NA,LEB,2021,7,14,2,NB28-01-02-LEB,5:23,8,NA,0,2,SE,0,Y,YEWA,NA,NA,NA,NA,NA,NA,NA,NA,NA,NA,NA,NA,NA,NA,NA,NB28-01-02-LEB-YEWA,1,2,2,2,,NA,NA,,
NB,28,Beech Lake,1,NB28-01,NA,NA,LEB,2021,7,14,2,NB28-01-02-LEB,5:23,8,NA,0,2,SE,0,Y,BWTE,NA,NA,NA,NA,NA,NA,NA,NA,NA,NA,NA,NA,NA,NA,NA,NB28-01-02-LEB-BWTE,0,2,0,2,,1,1,,
NB,28,Beech Lake,1,NB28-01,NA,NA,LEB,2021,7,14,2,NB28-01-02-LEB,5:23,8,NA,0,2,SE,0,Y,ALFL,NA,NA,NA,NA,NA,NA,NA,NA,NA,NA,NA,NA,NA,NA,NA,NB28-01-02-LEB-ALFL,0,1,0,1,,NA,NA,,
NB,28,Beech Lake,1,NB28-01,NA,NA,LEB,2021,7,14,2,NB28-01-02-LEB,5:23,8,NA,0,2,SE,0,Y,MALL,NA,NA,NA,NA,NA,NA,NA,NA,NA,NA,NA,NA,NA,NA,NA,NB28-01-02-LEB-MALL,0,0,1,1,,NA,1,,
NB,28,Beech Lake,1,NB28-01,NA,NA,LEB,2021,7,14,2,NB28-01-02-LEB,5:23,8,NA,0,2,SE,0,Y,WODU,NA,NA,NA,NA,NA,NA,NA,NA,NA,NA,NA,NA,NA,NA,NA,NB28-01-02-LEB-WODU,0,0,1,1,,NA,NA,,Unsure
NB,28,Beech Lake,1,NB28-01,NA,NA,LEB,2021,7,14,2,NB28-01-02-LEB,5:23,8,NA,0,2,SE,0,Y,RWBL,NA,NA,NA,NA,NA,NA,NA,NA,NA,NA,NA,NA,NA,NA,NA,NB28-01-02-LEB-RWBL,0,0,1,1,,NA,1,,
NB,37,Westcock,1,NB37-01,NA,NA,KIO,2021,6,9,1,NB37-01-01-KIO,5:00,6,NA,0,1,W,1,Y,SOSP,NA,NA,NA,NA,NA,NA,NA,NA,NA,NA,NA,NA,NA,NA,NA,NB37-01-01-KIO-SOSP,1,1,1,1,,NA,NA,,
NB,37,Westcock,1,NB37-01,NA,NA,KIO,2021,6,9,1,NB37-01-01-KIO,5:00,6,NA,0,1,W,1,Y,AMCR,NA,NA,NA,NA,NA,NA,NA,NA,NA,NA,NA,NA,NA,NA,NA,NB37-01-01-KIO-AMCR,1,2,3,3,,NA,NA,,
NB,37,Westcock,1,NB37-01,NA,NA,KIO,2021,6,9,1,NB37-01-01-KIO,5:00,6,NA,0,1,W,1,Y,YEWA,NA,NA,NA,NA,NA,NA,NA,NA,NA,NA,NA,NA,NA,NA,NA,NB37-01-01-KIO-YEWA,1,0,0,1,,NA,NA,,
NB,37,Westcock,1,NB37-01,NA,NA,KIO,2021,6,9,1,NB37-01-01-KIO,5:00,6,NA,0,1,W,1,Y,NSHO,NA,NA,NA,NA,NA,NA,NA,NA,NA,NA,NA,NA,NA,NA,NA,NB37-01-01-KIO-NSHO,2,2,2,2,,NA,NA,,
NB,37,Westcock,1,NB37-01,NA,NA,KIO,2021,6,9,1,NB37-01-01-KIO,5:00,6,NA,0,1,W,1,Y,SAVS,NA,NA,NA,NA,NA,NA,NA,NA,NA,NA,NA,NA,NA,NA,NA,NB37-01-01-KIO-SAVS,2,2,4,4,,NA,NA,,
NB,37,Westcock,1,NB37-01,NA,NA,KIO,2021,6,9,1,NB37-01-01-KIO,5:00,6,NA,0,1,W,1,Y,ALFL,NA,NA,NA,NA,NA,NA,NA,NA,NA,NA,NA,NA,NA,NA,NA,NB37-01-01-KIO-ALFL,1,0,0,1,,NA,NA,,
NB,37,Westcock,1,NB37-01,NA,NA,KIO,2021,6,9,1,NB37-01-01-KIO,5:00,6,NA,0,1,W,1,Y,Gull sp.,NA,NA,NA,NA,NA,NA,NA,NA,NA,NA,NA,NA,NA,NA,NA,NB37-01-01-KIO-Gull sp.,1,0,0,1,OF,NA,NA,,
NB,37,Westcock,1,NB37-01,NA,NA,KIO,2021,6,9,1,NB37-01-01-KIO,5:00,6,NA,0,1,W,1,Y,GRYE,NA,NA,NA,NA,NA,NA,NA,NA,NA,NA,NA,NA,NA,NA,NA,NB37-01-01-KIO-GRYE,0,1,0,1,,NA,NA,,
NB,37,Westcock,2,NB37-02,NA,NA,KIO,2021,6,9,1,NB37-02-01-KIO,5:28,6,NA,0,1,W,1,Y,AMCR,NA,NA,NA,NA,NA,NA,NA,NA,NA,NA,NA,NA,NA,NA,NA,NB37-02-01-KIO-AMCR,3,2,1,3,,NA,NA,,
NB,37,Westcock,2,NB37-02,NA,NA,KIO,2021,6,9,1,NB37-02-01-KIO,5:28,6,NA,0,1,W,1,Y,BOBO,NA,NA,NA,NA,NA,NA,NA,NA,NA,NA,NA,NA,NA,NA,NA,NB37-02-01-KIO-BOBO,2,1,1,2,,NA,NA,,
NB,37,Westcock,2,NB37-02,NA,NA,KIO,2021,6,9,1,NB37-02-01-KIO,5:28,6,NA,0,1,W,1,Y,SAVS,NA,NA,NA,NA,NA,NA,NA,NA,NA,NA,NA,NA,NA,NA,NA,NB37-02-01-KIO-SAVS,2,3,1,3,,NA,NA,,
NB,37,Westcock,2,NB37-02,NA,NA,KIO,2021,6,9,1,NB37-02-01-KIO,5:28,6,NA,0,1,W,1,Y,AMRO,NA,NA,NA,NA,NA,NA,NA,NA,NA,NA,NA,NA,NA,NA,NA,NB37-02-01-KIO-AMRO,1,1,0,1,,NA,NA,,
NB,37,Westcock,2,NB37-02,NA,NA,KIO,2021,6,9,1,NB37-02-01-KIO,5:28,6,NA,0,1,W,1,Y,SOSP,NA,NA,NA,NA,NA,NA,NA,NA,NA,NA,NA,NA,NA,NA,NA,NB37-02-01-KIO-SOSP,0,0,1,1,,NA,NA,,
NB,37,Westcock,3,NB37-03,NA,NA,KIO,2021,6,9,1,NB37-03-01-KIO,5:50,10,NA,0,0,NA,1,Y,BOBO,NA,NA,NA,NA,NA,NA,NA,NA,NA,NA,NA,NA,NA,NA,NA,NB37-03-01-KIO-BOBO,1,1,1,1,,NA,NA,,
NB,37,Westcock,3,NB37-03,NA,NA,KIO,2021,6,9,1,NB37-03-01-KIO,5:50,10,NA,0,0,NA,1,Y,SAVS,NA,NA,NA,NA,NA,NA,NA,NA,NA,NA,NA,NA,NA,NA,NA,NB37-03-01-KIO-SAVS,1,1,1,1,,NA,NA,,
NB,37,Westcock,3,NB37-03,NA,NA,KIO,2021,6,9,1,NB37-03-01-KIO,5:50,10,NA,0,0,NA,1,Y,AMCR,NA,NA,NA,NA,NA,NA,NA,NA,NA,NA,NA,NA,NA,NA,NA,NB37-03-01-KIO-AMCR,2,2,1,2,,NA,NA,,
NB,37,Westcock,3,NB37-03,NA,NA,KIO,2021,6,9,1,NB37-03-01-KIO,5:50,10,NA,0,0,NA,1,Y,CANG,NA,NA,NA,NA,NA,NA,NA,NA,NA,NA,NA,NA,NA,NA,NA,NB37-03-01-KIO-CANG,6,0,0,6,OF,NA,NA,,
NB,37,Westcock,4,NB37-04,NA,NA,KIO,2021,6,9,1,NB37-04-01-KIO,6:12,10,NA,0,1,W,2,Y,BOBO,NA,NA,NA,NA,NA,NA,NA,NA,NA,NA,NA,NA,NA,NA,NA,NB37-04-01-KIO-BOBO,1,2,2,2,,NA,NA,,
NB,37,Westcock,4,NB37-04,NA,NA,KIO,2021,6,9,1,NB37-04-01-KIO,6:12,10,NA,0,1,W,2,Y,SAVS,NA,NA,NA,NA,NA,NA,NA,NA,NA,NA,NA,NA,NA,NA,NA,NB37-04-01-KIO-SAVS,2,1,2,2,,NA,NA,,
NB,37,Westcock,5,NB37-05,NA,NA,KIO,2021,6,9,1,NB37-05-01-KIO,6:34,10,NA,0,1,W,2,Y,SAVS,NA,NA,NA,NA,NA,NA,NA,NA,NA,NA,NA,NA,NA,NA,NA,NB37-05-01-KIO-SAVS,3,2,2,3,,NA,NA,,
NB,37,Westcock,5,NB37-05,NA,NA,KIO,2021,6,9,1,NB37-05-01-KIO,6:34,10,NA,0,1,W,2,Y,BOBO,NA,NA,NA,NA,NA,NA,NA,NA,NA,NA,NA,NA,NA,NA,NA,NB37-05-01-KIO-BOBO,2,1,1,2,,NA,NA,,
NB,37,Westcock,6,NB37-06,NA,NA,KIO,2021,6,9,1,NB37-06-01-KIO,6:57,10,NA,0,0,NA,2,Y,SAVS,NA,NA,NA,NA,NA,NA,NA,NA,NA,NA,NA,NA,NA,NA,NA,NB37-06-01-KIO-SAVS,3,4,4,4,,NA,NA,,
NB,37,Westcock,6,NB37-06,NA,NA,KIO,2021,6,9,1,NB37-06-01-KIO,6:57,10,NA,0,0,NA,2,Y,BOBO,NA,NA,NA,NA,NA,NA,NA,NA,NA,NA,NA,NA,NA,NA,NA,NB37-06-01-KIO-BOBO,2,2,2,2,,NA,NA,,
NB,37,Westcock,7,NB37-07,NA,NA,KIO,2021,6,9,1,NB37-07-01-KIO,7:20,10,NA,0,1,W,3,Y,SAVS,NA,NA,NA,NA,NA,NA,NA,NA,NA,NA,NA,NA,NA,NA,NA,NB37-07-01-KIO-SAVS,3,3,3,3,,NA,NA,,
NB,37,Westcock,7,NB37-07,NA,NA,KIO,2021,6,9,1,NB37-07-01-KIO,7:20,10,NA,0,1,W,3,Y,BOBO,NA,NA,NA,NA,NA,NA,NA,NA,NA,NA,NA,NA,NA,NA,NA,NB37-07-01-KIO-BOBO,4,4,3,4,,NA,NA,,
NB,37,Westcock,7,NB37-07,NA,NA,KIO,2021,6,9,1,NB37-07-01-KIO,7:20,10,NA,0,1,W,3,Y,ABDU,NA,NA,NA,NA,NA,NA,NA,NA,NA,NA,NA,NA,NA,NA,NA,NB37-07-01-KIO-ABDU,0,0,1,1,,NA,NA,,
NB,37,Westcock,7,NB37-07,NA,NA,KIO,2021,6,9,1,NB37-07-01-KIO,7:20,10,NA,0,1,W,3,Y,GADW,NA,NA,NA,NA,NA,NA,NA,NA,NA,NA,NA,NA,NA,NA,NA,NB37-07-01-KIO-GADW,0,0,1,1,,NA,NA,,
NB,37,Westcock,8,NB37-08,NA,NA,KIO,2021,6,9,1,NB37-08-01-KIO,7:45,10,NA,0,2,W,1,Y,BOBO,NA,NA,NA,NA,NA,NA,NA,NA,NA,NA,NA,NA,NA,NA,NA,NB37-08-01-KIO-BOBO,2,2,3,3,,NA,NA,,
NB,37,Westcock,8,NB37-08,NA,NA,KIO,2021,6,9,1,NB37-08-01-KIO,7:45,10,NA,0,2,W,1,Y,SAVS,NA,NA,NA,NA,NA,NA,NA,NA,NA,NA,NA,NA,NA,NA,NA,NB37-08-01-KIO-SAVS,4,4,4,4,,NA,NA,,
NB,37,Westcock,8,NB37-08,NA,NA,KIO,2021,6,9,1,NB37-08-01-KIO,7:45,10,NA,0,2,W,1,Y,GBBG,NA,NA,NA,NA,NA,NA,NA,NA,NA,NA,NA,NA,NA,NA,NA,NB37-08-01-KIO-GBBG,1,0,0,1,OF,NA,NA,,
NB,37,Westcock,8,NB37-08,NA,NA,KIO,2021,6,9,1,NB37-08-01-KIO,7:45,10,NA,0,2,W,1,Y,Unknown duck,NA,NA,NA,NA,NA,NA,NA,NA,NA,NA,NA,NA,NA,NA,NA,NB37-08-01-KIO-Unknown duck,1,0,0,1,OF,NA,NA,,ABDU or MALL
NB,37,Westcock,9,NB37-09,NA,NA,KIO,2021,6,9,1,NB37-09-01-KIO,8:07,10,NA,0,1,W,1,Y,BOBO,NA,NA,NA,NA,NA,NA,NA,NA,NA,NA,NA,NA,NA,NA,NA,NB37-09-01-KIO-BOBO,2,2,2,2,,NA,NA,,
NB,37,Westcock,9,NB37-09,NA,NA,KIO,2021,6,9,1,NB37-09-01-KIO,8:07,10,NA,0,1,W,1,Y,SAVS,NA,NA,NA,NA,NA,NA,NA,NA,NA,NA,NA,NA,NA,NA,NA,NB37-09-01-KIO-SAVS,4,4,3,4,,NA,NA,,
NB,37,Westcock,9,NB37-09,NA,NA,KIO,2021,6,9,1,NB37-09-01-KIO,8:07,10,NA,0,1,W,1,Y,SOSP,NA,NA,NA,NA,NA,NA,NA,NA,NA,NA,NA,NA,NA,NA,NA,NB37-09-01-KIO-SOSP,1,0,1,1,,NA,NA,,
NB,37,Westcock,9,NB37-09,NA,NA,KIO,2021,6,9,1,NB37-09-01-KIO,8:07,10,NA,0,1,W,1,Y,AMCR,NA,NA,NA,NA,NA,NA,NA,NA,NA,NA,NA,NA,NA,NA,NA,NB37-09-01-KIO-AMCR,2,0,1,2,,NA,NA,,
NB,37,Westcock,10,NB37-10,NA,NA,KIO,2021,6,9,1,NB37-10-01-KIO,8:29,8,NA,0,0,NA,1,Y,BOBO,NA,NA,NA,NA,NA,NA,NA,NA,NA,NA,NA,NA,NA,NA,NA,NB37-10-01-KIO-BOBO,1,1,1,1,,NA,NA,,
NB,37,Westcock,10,NB37-10,NA,NA,KIO,2021,6,9,1,NB37-10-01-KIO,8:29,8,NA,0,0,NA,1,Y,SAVS,NA,NA,NA,NA,NA,NA,NA,NA,NA,NA,NA,NA,NA,NA,NA,NB37-10-01-KIO-SAVS,4,4,4,4,,NA,NA,,
NB,35,Beaubassin,1,NB35-01,NA,NA,KIO,2021,6,11,1,NB35-01-01-KIO,5:05,0,NA,1,1,SW,2,Y,COYE,NA,NA,NA,NA,NA,NA,NA,NA,NA,NA,NA,NA,NA,NA,NA,NB35-01-01-KIO-COYE,2,2,2,2,,NA,NA,,
NB,35,Beaubassin,1,NB35-01,NA,NA,KIO,2021,6,11,1,NB35-01-01-KIO,5:05,0,NA,1,1,SW,2,Y,RWBL,NA,NA,NA,NA,NA,NA,NA,NA,NA,NA,NA,NA,NA,NA,NA,NB35-01-01-KIO-RWBL,5,6,6,6,,NA,NA,,
NB,35,Beaubassin,1,NB35-01,NA,NA,KIO,2021,6,11,1,NB35-01-01-KIO,5:05,0,NA,1,1,SW,2,Y,TRES,NA,NA,NA,NA,NA,NA,NA,NA,NA,NA,NA,NA,NA,NA,NA,NB35-01-01-KIO-TRES,2,4,4,4,,NA,NA,,
NB,35,Beaubassin,1,NB35-01,NA,NA,KIO,2021,6,11,1,NB35-01-01-KIO,5:05,0,NA,1,1,SW,2,Y,CANG,NA,NA,NA,NA,NA,NA,NA,NA,NA,NA,NA,NA,NA,NA,NA,NB35-01-01-KIO-CANG,2,0,0,2,,NA,NA,,
NB,35,Beaubassin,1,NB35-01,NA,NA,KIO,2021,6,11,1,NB35-01-01-KIO,5:05,0,NA,1,1,SW,2,Y,AMRO,NA,NA,NA,NA,NA,NA,NA,NA,NA,NA,NA,NA,NA,NA,NA,NB35-01-01-KIO-AMRO,1,1,1,1,,NA,NA,,
NB,35,Beaubassin,1,NB35-01,NA,NA,KIO,2021,6,11,1,NB35-01-01-KIO,5:05,0,NA,1,1,SW,2,Y,YEWA,NA,NA,NA,NA,NA,NA,NA,NA,NA,NA,NA,NA,NA,NA,NA,NB35-01-01-KIO-YEWA,0,0,1,1,,NA,NA,,
NB,35,Beaubassin,2,NB35-02,NA,NA,KIO,2021,6,11,1,NB35-02-01-KIO,5:36,1,NA,1,0,NA,3,Y,RWBL,NA,NA,NA,NA,NA,NA,NA,NA,NA,NA,NA,NA,NA,NA,NA,NB35-02-01-KIO-RWBL,6,4,3,6,,NA,NA,,
NB,35,Beaubassin,2,NB35-02,NA,NA,KIO,2021,6,11,1,NB35-02-01-KIO,5:36,1,NA,1,0,NA,3,Y,SWSP,NA,NA,NA,NA,NA,NA,NA,NA,NA,NA,NA,NA,NA,NA,NA,NB35-02-01-KIO-SWSP,2,2,2,2,,NA,NA,,
NB,35,Beaubassin,2,NB35-02,NA,NA,KIO,2021,6,11,1,NB35-02-01-KIO,5:36,1,NA,1,0,NA,3,Y,AMCR,NA,NA,NA,NA,NA,NA,NA,NA,NA,NA,NA,NA,NA,NA,NA,NB35-02-01-KIO-AMCR,1,0,0,1,,NA,NA,,
NB,35,Beaubassin,2,NB35-02,NA,NA,KIO,2021,6,11,1,NB35-02-01-KIO,5:36,1,NA,1,0,NA,3,Y,TRES,NA,NA,NA,NA,NA,NA,NA,NA,NA,NA,NA,NA,NA,NA,NA,NB35-02-01-KIO-TRES,2,1,3,3,AF,NA,NA,,
NB,35,Beaubassin,2,NB35-02,NA,NA,KIO,2021,6,11,1,NB35-02-01-KIO,5:36,1,NA,1,0,NA,3,Y,YEWA,NA,NA,NA,NA,NA,NA,NA,NA,NA,NA,NA,NA,NA,NA,NA,NB35-02-01-KIO-YEWA,2,1,2,2,,NA,NA,,
NB,35,Beaubassin,2,NB35-02,NA,NA,KIO,2021,6,11,1,NB35-02-01-KIO,5:36,1,NA,1,0,NA,3,Y,COYE,NA,NA,NA,NA,NA,NA,NA,NA,NA,NA,NA,NA,NA,NA,NA,NB35-02-01-KIO-COYE,2,0,2,2,,NA,NA,,
NB,35,Beaubassin,2,NB35-02,NA,NA,KIO,2021,6,11,1,NB35-02-01-KIO,5:36,1,NA,1,0,NA,3,Y,WODU,NA,NA,NA,NA,NA,NA,NA,NA,NA,NA,NA,NA,NA,NA,NA,NB35-02-01-KIO-WODU,0,1,0,1,,NA,NA,,
NB,35,Beaubassin,2,NB35-02,NA,NA,KIO,2021,6,11,1,NB35-02-01-KIO,5:36,1,NA,1,0,NA,3,Y,AMWI,NA,NA,NA,NA,NA,NA,NA,NA,NA,NA,NA,NA,NA,NA,NA,NB35-02-01-KIO-AMWI,0,0,2,2,,NA,NA,,
NB,35,Beaubassin,3,NB35-03,NA,NA,KIO,2021,6,11,1,NB35-03-01-KIO,6:10,1,NA,0,2,SW,4,Y,AMWI,NA,NA,NA,NA,NA,NA,NA,NA,NA,NA,NA,NA,NA,NA,NA,NB35-03-01-KIO-AMWI,1,0,0,1,,NA,NA,,
NB,35,Beaubassin,3,NB35-03,NA,NA,KIO,2021,6,11,1,NB35-03-01-KIO,6:10,1,NA,0,2,SW,4,Y,RNDU,NA,NA,NA,NA,NA,NA,NA,NA,NA,NA,NA,NA,NA,NA,NA,NB35-03-01-KIO-RNDU,2,0,0,2,,NA,NA,,
NB,35,Beaubassin,3,NB35-03,NA,NA,KIO,2021,6,11,1,NB35-03-01-KIO,6:10,1,NA,0,2,SW,4,Y,RWBL,NA,NA,NA,NA,NA,NA,NA,NA,NA,NA,NA,NA,NA,NA,NA,NB35-03-01-KIO-RWBL,5,5,5,5,,NA,NA,,
NB,35,Beaubassin,3,NB35-03,NA,NA,KIO,2021,6,11,1,NB35-03-01-KIO,6:10,1,NA,0,2,SW,4,Y,YEWA,NA,NA,NA,NA,NA,NA,NA,NA,NA,NA,NA,NA,NA,NA,NA,NB35-03-01-KIO-YEWA,1,0,0,1,,NA,NA,,
NB,35,Beaubassin,3,NB35-03,NA,NA,KIO,2021,6,11,1,NB35-03-01-KIO,6:10,1,NA,0,2,SW,4,Y,COYE,NA,NA,NA,NA,NA,NA,NA,NA,NA,NA,NA,NA,NA,NA,NA,NB35-03-01-KIO-COYE,1,1,0,1,,NA,NA,,
NB,35,Beaubassin,3,NB35-03,NA,NA,KIO,2021,6,11,1,NB35-03-01-KIO,6:10,1,NA,0,2,SW,4,Y,CANG,NA,NA,NA,NA,NA,NA,NA,NA,NA,NA,NA,NA,NA,NA,NA,NB35-03-01-KIO-CANG,9,0,0,9,OF,NA,NA,,
NB,35,Beaubassin,3,NB35-03,NA,NA,KIO,2021,6,11,1,NB35-03-01-KIO,6:10,1,NA,0,2,SW,4,Y,SWSP,NA,NA,NA,NA,NA,NA,NA,NA,NA,NA,NA,NA,NA,NA,NA,NB35-03-01-KIO-SWSP,1,1,2,2,,NA,NA,,
NB,35,Beaubassin,3,NB35-03,NA,NA,KIO,2021,6,11,1,NB35-03-01-KIO,6:10,1,NA,0,2,SW,4,Y,EUST,NA,NA,NA,NA,NA,NA,NA,NA,NA,NA,NA,NA,NA,NA,NA,NB35-03-01-KIO-EUST,5,0,0,5,OF,NA,NA,,
NB,35,Beaubassin,3,NB35-03,NA,NA,KIO,2021,6,11,1,NB35-03-01-KIO,6:10,1,NA,0,2,SW,4,Y,WODU,NA,NA,NA,NA,NA,NA,NA,NA,NA,NA,NA,NA,NA,NA,NA,NB35-03-01-KIO-WODU,3,1,0,3,OF,NA,NA,,
NB,35,Beaubassin,3,NB35-03,NA,NA,KIO,2021,6,11,1,NB35-03-01-KIO,6:10,1,NA,0,2,SW,4,Y,GADW,NA,NA,NA,NA,NA,NA,NA,NA,NA,NA,NA,NA,NA,NA,NA,NB35-03-01-KIO-GADW,0,1,0,1,,NA,NA,,
NB,35,Beaubassin,3,NB35-03,NA,NA,KIO,2021,6,11,1,NB35-03-01-KIO,6:10,1,NA,0,2,SW,4,Y,COGR,NA,NA,NA,NA,NA,NA,NA,NA,NA,NA,NA,NA,NA,NA,NA,NB35-03-01-KIO-COGR,0,0,1,1,OF,NA,NA,,
NB,35,Beaubassin,3,NB35-03,NA,NA,KIO,2021,6,11,1,NB35-03-01-KIO,6:10,1,NA,0,2,SW,4,Y,GWTE,NA,NA,NA,NA,NA,NA,NA,NA,NA,NA,NA,NA,NA,NA,NA,NB35-03-01-KIO-GWTE,0,0,3,3,,NA,NA,,
NB,35,Beaubassin,4,NB35-04,NA,NA,KIO,2021,6,11,1,NB35-04-01-KIO,6:35,1,NA,0,1,SW,1,Y,MALL,NA,NA,NA,NA,NA,NA,NA,NA,NA,NA,NA,NA,NA,NA,NA,NB35-04-01-KIO-MALL,1,1,0,1,OF,NA,NA,,
NB,35,Beaubassin,4,NB35-04,NA,NA,KIO,2021,6,11,1,NB35-04-01-KIO,6:35,1,NA,0,1,SW,1,Y,RWBL,NA,NA,NA,NA,NA,NA,NA,NA,NA,NA,NA,NA,NA,NA,NA,NB35-04-01-KIO-RWBL,6,3,5,6,,NA,NA,,
NB,35,Beaubassin,4,NB35-04,NA,NA,KIO,2021,6,11,1,NB35-04-01-KIO,6:35,1,NA,0,1,SW,1,Y,SWSP,NA,NA,NA,NA,NA,NA,NA,NA,NA,NA,NA,NA,NA,NA,NA,NB35-04-01-KIO-SWSP,1,1,1,1,,NA,NA,,
NB,35,Beaubassin,4,NB35-04,NA,NA,KIO,2021,6,11,1,NB35-04-01-KIO,6:35,1,NA,0,1,SW,1,Y,COYE,NA,NA,NA,NA,NA,NA,NA,NA,NA,NA,NA,NA,NA,NA,NA,NB35-04-01-KIO-COYE,1,1,1,1,,NA,NA,,
NB,35,Beaubassin,4,NB35-04,NA,NA,KIO,2021,6,11,1,NB35-04-01-KIO,6:35,1,NA,0,1,SW,1,Y,CORA,NA,NA,NA,NA,NA,NA,NA,NA,NA,NA,NA,NA,NA,NA,NA,NB35-04-01-KIO-CORA,1,0,0,1,OF,NA,NA,,
NB,35,Beaubassin,4,NB35-04,NA,NA,KIO,2021,6,11,1,NB35-04-01-KIO,6:35,1,NA,0,1,SW,1,Y,WISN,NA,NA,NA,NA,NA,NA,NA,NA,NA,NA,NA,NA,NA,NA,NA,NB35-04-01-KIO-WISN,1,0,0,1,,NA,NA,,
NB,35,Beaubassin,4,NB35-04,NA,NA,KIO,2021,6,11,1,NB35-04-01-KIO,6:35,1,NA,0,1,SW,1,Y,TRES,NA,NA,NA,NA,NA,NA,NA,NA,NA,NA,NA,NA,NA,NA,NA,NB35-04-01-KIO-TRES,0,1,1,1,AF,NA,NA,,
NB,35,Beaubassin,4,NB35-04,NA,NA,KIO,2021,6,11,1,NB35-04-01-KIO,6:35,1,NA,0,1,SW,1,Y,AMCR,NA,NA,NA,NA,NA,NA,NA,NA,NA,NA,NA,NA,NA,NA,NA,NB35-04-01-KIO-AMCR,0,1,1,1,OF,NA,NA,,
NB,35,Beaubassin,4,NB35-04,NA,NA,KIO,2021,6,11,1,NB35-04-01-KIO,6:35,1,NA,0,1,SW,1,Y,COGR,NA,NA,NA,NA,NA,NA,NA,NA,NA,NA,NA,NA,NA,NA,NA,NB35-04-01-KIO-COGR,0,0,1,1,,NA,NA,,
NB,35,Beaubassin,5,NB35-05,NA,NA,KIO,2021,6,11,1,NB35-05-01-KIO,7:03,1,NA,0,2,SW,1,Y,GADW,NA,NA,NA,NA,NA,NA,NA,NA,NA,NA,NA,NA,NA,NA,NA,NB35-05-01-KIO-GADW,1,1,1,1,,NA,NA,,
NB,35,Beaubassin,5,NB35-05,NA,NA,KIO,2021,6,11,1,NB35-05-01-KIO,7:03,1,NA,0,2,SW,1,Y,AMWI,NA,NA,NA,NA,NA,NA,NA,NA,NA,NA,NA,NA,NA,NA,NA,NB35-05-01-KIO-AMWI,2,0,0,2,OF,NA,NA,,
NB,35,Beaubassin,5,NB35-05,NA,NA,KIO,2021,6,11,1,NB35-05-01-KIO,7:03,1,NA,0,2,SW,1,Y,RWBL,NA,NA,NA,NA,NA,NA,NA,NA,NA,NA,NA,NA,NA,NA,NA,NB35-05-01-KIO-RWBL,1,1,1,1,,NA,NA,,
NB,35,Beaubassin,5,NB35-05,NA,NA,KIO,2021,6,11,1,NB35-05-01-KIO,7:03,1,NA,0,2,SW,1,Y,NSHO,NA,NA,NA,NA,NA,NA,NA,NA,NA,NA,NA,NA,NA,NA,NA,NB35-05-01-KIO-NSHO,2,0,0,2,,NA,NA,,
NB,35,Beaubassin,5,NB35-05,NA,NA,KIO,2021,6,11,1,NB35-05-01-KIO,7:03,1,NA,0,2,SW,1,Y,AMCR,NA,NA,NA,NA,NA,NA,NA,NA,NA,NA,NA,NA,NA,NA,NA,NB35-05-01-KIO-AMCR,1,0,0,1,,NA,NA,,
NB,35,Beaubassin,5,NB35-05,NA,NA,KIO,2021,6,11,1,NB35-05-01-KIO,7:03,1,NA,0,2,SW,1,Y,COYE,NA,NA,NA,NA,NA,NA,NA,NA,NA,NA,NA,NA,NA,NA,NA,NB35-05-01-KIO-COYE,1,1,1,1,,NA,NA,,
NB,35,Beaubassin,5,NB35-05,NA,NA,KIO,2021,6,11,1,NB35-05-01-KIO,7:03,1,NA,0,2,SW,1,Y,ALFL,NA,NA,NA,NA,NA,NA,NA,NA,NA,NA,NA,NA,NA,NA,NA,NB35-05-01-KIO-ALFL,1,0,0,1,,NA,NA,,
NB,35,Beaubassin,5,NB35-05,NA,NA,KIO,2021,6,11,1,NB35-05-01-KIO,7:03,1,NA,0,2,SW,1,Y,BWTE,NA,NA,NA,NA,NA,NA,NA,NA,NA,NA,NA,NA,NA,NA,NA,NB35-05-01-KIO-BWTE,3,3,3,3,,2,1,,
NB,35,Beaubassin,5,NB35-05,NA,NA,KIO,2021,6,11,1,NB35-05-01-KIO,7:03,1,NA,0,2,SW,1,Y,TRES,NA,NA,NA,NA,NA,NA,NA,NA,NA,NA,NA,NA,NA,NA,NA,NB35-05-01-KIO-TRES,0,2,0,2,AF,NA,NA,,
NB,35,Beaubassin,5,NB35-05,NA,NA,KIO,2021,6,11,1,NB35-05-01-KIO,7:03,1,NA,0,2,SW,1,Y,SWSP,NA,NA,NA,NA,NA,NA,NA,NA,NA,NA,NA,NA,NA,NA,NA,NB35-05-01-KIO-SWSP,0,1,1,1,,NA,NA,,
NB,35,Beaubassin,5,NB35-05,NA,NA,KIO,2021,6,11,1,NB35-05-01-KIO,7:03,1,NA,0,2,SW,1,Y,YEWA,NA,NA,NA,NA,NA,NA,NA,NA,NA,NA,NA,NA,NA,NA,NA,NB35-05-01-KIO-YEWA,0,1,1,1,,NA,NA,,
NB,35,Beaubassin,5,NB35-05,NA,NA,KIO,2021,6,11,1,NB35-05-01-KIO,7:03,1,NA,0,2,SW,1,Y,SAVS,NA,NA,NA,NA,NA,NA,NA,NA,NA,NA,NA,NA,NA,NA,NA,NB35-05-01-KIO-SAVS,0,0,1,1,,NA,NA,,
NB,35,Beaubassin,6,NB35-06,NA,NA,KIO,2021,6,11,1,NB35-06-01-KIO,7:30,1,NA,0,2,SW,0,Y,SAVS,NA,NA,NA,NA,NA,NA,NA,NA,NA,NA,NA,NA,NA,NA,NA,NB35-06-01-KIO-SAVS,1,1,0,1,,NA,NA,,
NB,35,Beaubassin,6,NB35-06,NA,NA,KIO,2021,6,11,1,NB35-06-01-KIO,7:30,1,NA,0,2,SW,0,Y,GRYE,NA,NA,NA,NA,NA,NA,NA,NA,NA,NA,NA,NA,NA,NA,NA,NB35-06-01-KIO-GRYE,2,2,2,2,,NA,NA,,
NB,35,Beaubassin,6,NB35-06,NA,NA,KIO,2021,6,11,1,NB35-06-01-KIO,7:30,1,NA,0,2,SW,0,Y,AMWI,NA,NA,NA,NA,NA,NA,NA,NA,NA,NA,NA,NA,NA,NA,NA,NB35-06-01-KIO-AMWI,1,0,0,1,,NA,NA,,
NB,35,Beaubassin,6,NB35-06,NA,NA,KIO,2021,6,11,1,NB35-06-01-KIO,7:30,1,NA,0,2,SW,0,Y,RWBL,NA,NA,NA,NA,NA,NA,NA,NA,NA,NA,NA,NA,NA,NA,NA,NB35-06-01-KIO-RWBL,1,1,1,1,,NA,NA,,
NB,35,Beaubassin,6,NB35-06,NA,NA,KIO,2021,6,11,1,NB35-06-01-KIO,7:30,1,NA,0,2,SW,0,Y,COYE,NA,NA,NA,NA,NA,NA,NA,NA,NA,NA,NA,NA,NA,NA,NA,NB35-06-01-KIO-COYE,1,2,1,2,,NA,NA,,
NB,35,Beaubassin,6,NB35-06,NA,NA,KIO,2021,6,11,1,NB35-06-01-KIO,7:30,1,NA,0,2,SW,0,Y,MALL,NA,NA,NA,NA,NA,NA,NA,NA,NA,NA,NA,NA,NA,NA,NA,NB35-06-01-KIO-MALL,0,2,0,2,OF,NA,NA,,
NB,35,Beaubassin,6,NB35-06,NA,NA,KIO,2021,6,11,1,NB35-06-01-KIO,7:30,1,NA,0,2,SW,0,Y,GADW,NA,NA,NA,NA,NA,NA,NA,NA,NA,NA,NA,NA,NA,NA,NA,NB35-06-01-KIO-GADW,0,1,0,1,OF,NA,NA,,
NB,35,Beaubassin,6,NB35-06,NA,NA,KIO,2021,6,11,1,NB35-06-01-KIO,7:30,1,NA,0,2,SW,0,Y,BAEA,NA,NA,NA,NA,NA,NA,NA,NA,NA,NA,NA,NA,NA,NA,NA,NB35-06-01-KIO-BAEA,0,1,0,1,OF,NA,NA,,
NB,35,Beaubassin,6,NB35-06,NA,NA,KIO,2021,6,11,1,NB35-06-01-KIO,7:30,1,NA,0,2,SW,0,Y,ALFL,NA,NA,NA,NA,NA,NA,NA,NA,NA,NA,NA,NA,NA,NA,NA,NB35-06-01-KIO-ALFL,1,1,1,1,,NA,NA,,
NB,35,Beaubassin,6,NB35-06,NA,NA,KIO,2021,6,11,1,NB35-06-01-KIO,7:30,1,NA,0,2,SW,0,Y,PUFI,NA,NA,NA,NA,NA,NA,NA,NA,NA,NA,NA,NA,NA,NA,NA,NB35-06-01-KIO-PUFI,0,0,1,1,,NA,NA,,
NB,35,Beaubassin,6,NB35-06,NA,NA,KIO,2021,6,11,1,NB35-06-01-KIO,7:30,1,NA,0,2,SW,0,Y,BOBO,NA,NA,NA,NA,NA,NA,NA,NA,NA,NA,NA,NA,NA,NA,NA,NB35-06-01-KIO-BOBO,0,0,1,1,,NA,NA,,
NB,35,Beaubassin,6,NB35-06,NA,NA,KIO,2021,6,11,1,NB35-06-01-KIO,7:30,1,NA,0,2,SW,0,Y,YEWA,NA,NA,NA,NA,NA,NA,NA,NA,NA,NA,NA,NA,NA,NA,NA,NB35-06-01-KIO-YEWA,0,0,1,1,,NA,NA,,
NB,35,Beaubassin,7,NB35-07,NA,NA,KIO,2021,6,11,1,NB35-07-01-KIO,8:16,2,NA,0,4,SW,1,Y,CANG,NA,NA,NA,NA,NA,NA,NA,NA,NA,NA,NA,NA,NA,NA,NA,NB35-07-01-KIO-CANG,2,0,1,2,,NA,NA,,
NB,35,Beaubassin,7,NB35-07,NA,NA,KIO,2021,6,11,1,NB35-07-01-KIO,8:16,2,NA,0,4,SW,1,Y,RWBL,NA,NA,NA,NA,NA,NA,NA,NA,NA,NA,NA,NA,NA,NA,NA,NB35-07-01-KIO-RWBL,4,5,3,5,,NA,NA,,
NB,35,Beaubassin,7,NB35-07,NA,NA,KIO,2021,6,11,1,NB35-07-01-KIO,8:16,2,NA,0,4,SW,1,Y,SAVS,NA,NA,NA,NA,NA,NA,NA,NA,NA,NA,NA,NA,NA,NA,NA,NB35-07-01-KIO-SAVS,2,1,1,2,,NA,NA,,
NB,35,Beaubassin,7,NB35-07,NA,NA,KIO,2021,6,11,1,NB35-07-01-KIO,8:16,2,NA,0,4,SW,1,Y,SWSP,NA,NA,NA,NA,NA,NA,NA,NA,NA,NA,NA,NA,NA,NA,NA,NB35-07-01-KIO-SWSP,1,0,0,1,,NA,NA,,
NB,35,Beaubassin,7,NB35-07,NA,NA,KIO,2021,6,11,1,NB35-07-01-KIO,8:16,2,NA,0,4,SW,1,Y,AMRO,NA,NA,NA,NA,NA,NA,NA,NA,NA,NA,NA,NA,NA,NA,NA,NB35-07-01-KIO-AMRO,1,1,0,1,,NA,NA,,
NB,35,Beaubassin,7,NB35-07,NA,NA,KIO,2021,6,11,1,NB35-07-01-KIO,8:16,2,NA,0,4,SW,1,Y,SOSP,NA,NA,NA,NA,NA,NA,NA,NA,NA,NA,NA,NA,NA,NA,NA,NB35-07-01-KIO-SOSP,1,1,1,1,,NA,NA,,
NB,35,Beaubassin,7,NB35-07,NA,NA,KIO,2021,6,11,1,NB35-07-01-KIO,8:16,2,NA,0,4,SW,1,Y,TRES,NA,NA,NA,NA,NA,NA,NA,NA,NA,NA,NA,NA,NA,NA,NA,NB35-07-01-KIO-TRES,0,1,0,1,AF,NA,NA,,
NB,35,Beaubassin,7,NB35-07,NA,NA,KIO,2021,6,11,1,NB35-07-01-KIO,8:16,2,NA,0,4,SW,1,Y,WISN,NA,NA,NA,NA,NA,NA,NA,NA,NA,NA,NA,NA,NA,NA,NA,NB35-07-01-KIO-WISN,0,1,1,1,,NA,NA,,
NB,35,Beaubassin,7,NB35-07,NA,NA,KIO,2021,6,11,1,NB35-07-01-KIO,8:16,2,NA,0,4,SW,1,Y,RNDU,NA,NA,NA,NA,NA,NA,NA,NA,NA,NA,NA,NA,NA,NA,NA,NB35-07-01-KIO-RNDU,0,0,2,2,OF,NA,NA,,
NB,35,Beaubassin,7,NB35-07,NA,NA,KIO,2021,6,11,1,NB35-07-01-KIO,8:16,2,NA,0,4,SW,1,Y,MALL,NA,NA,NA,NA,NA,NA,NA,NA,NA,NA,NA,NA,NA,NA,NA,NB35-07-01-KIO-MALL,0,0,2,2,,NA,2,,
NB,35,Beaubassin,7,NB35-07,NA,NA,KIO,2021,6,11,1,NB35-07-01-KIO,8:16,2,NA,0,4,SW,1,Y,NOHA,NA,NA,NA,NA,NA,NA,NA,NA,NA,NA,NA,NA,NA,NA,NA,NB35-07-01-KIO-NOHA,0,0,1,1,OF,NA,NA,,
NB,35,Beaubassin,7,NB35-07,NA,NA,KIO,2021,6,11,1,NB35-07-01-KIO,8:16,2,NA,0,4,SW,1,Y,COGR,NA,NA,NA,NA,NA,NA,NA,NA,NA,NA,NA,NA,NA,NA,NA,NB35-07-01-KIO-COGR,0,0,1,1,OF,NA,NA,,
NB,38,Midgic,7,NB38-07,NA,NA,LMA,2021,7,14,2,NB38-07-02-LMA,8:34,6,NA,0,3,S,1,Y,RWBL,NA,NA,NA,NA,NA,NA,NA,NA,NA,NA,NA,NA,NA,NA,NA,NB38-07-02-LMA-RWBL,3,3,2,3,,NA,NA,,
NB,38,Midgic,7,NB38-07,NA,NA,LMA,2021,7,14,2,NB38-07-02-LMA,8:34,6,NA,0,3,S,1,Y,SWSP,NA,NA,NA,NA,NA,NA,NA,NA,NA,NA,NA,NA,NA,NA,NA,NB38-07-02-LMA-SWSP,2,2,1,2,,NA,NA,,
NB,38,Midgic,7,NB38-07,NA,NA,LMA,2021,7,14,2,NB38-07-02-LMA,8:34,6,NA,0,3,S,1,Y,CEDW,NA,NA,NA,NA,NA,NA,NA,NA,NA,NA,NA,NA,NA,NA,NA,NB38-07-02-LMA-CEDW,2,0,0,2,,NA,NA,,
NB,38,Midgic,7,NB38-07,NA,NA,LMA,2021,7,14,2,NB38-07-02-LMA,8:34,6,NA,0,3,S,1,Y,TRES,NA,NA,NA,NA,NA,NA,NA,NA,NA,NA,NA,NA,NA,NA,NA,NB38-07-02-LMA-TRES,1,0,0,1,,NA,NA,,
NB,38,Midgic,7,NB38-07,NA,NA,LMA,2021,7,14,2,NB38-07-02-LMA,8:34,6,NA,0,3,S,1,Y,WODU,NA,NA,NA,NA,NA,NA,NA,NA,NA,NA,NA,NA,NA,NA,NA,NB38-07-02-LMA-WODU,2,0,0,2,,1,1,,
NB,38,Midgic,6,NB38-06,NA,NA,LMA,2021,7,14,2,NB38-06-02-LMA,8:07,6,NA,0,1,var,1,Y,YEWA,NA,NA,NA,NA,NA,NA,NA,NA,NA,NA,NA,NA,NA,NA,NA,NB38-06-02-LMA-YEWA,1,0,0,1,,NA,NA,,
NB,38,Midgic,6,NB38-06,NA,NA,LMA,2021,7,14,2,NB38-06-02-LMA,8:07,6,NA,0,1,var,1,Y,RWBL,NA,NA,NA,NA,NA,NA,NA,NA,NA,NA,NA,NA,NA,NA,NA,NB38-06-02-LMA-RWBL,3,4,2,4,,NA,NA,,
NB,38,Midgic,6,NB38-06,NA,NA,LMA,2021,7,14,2,NB38-06-02-LMA,8:07,6,NA,0,1,var,1,Y,SWSP,NA,NA,NA,NA,NA,NA,NA,NA,NA,NA,NA,NA,NA,NA,NA,NB38-06-02-LMA-SWSP,4,5,4,5,,NA,NA,,
NB,38,Midgic,6,NB38-06,NA,NA,LMA,2021,7,14,2,NB38-06-02-LMA,8:07,6,NA,0,1,var,1,Y,BOBO,NA,NA,NA,NA,NA,NA,NA,NA,NA,NA,NA,NA,NA,NA,NA,NB38-06-02-LMA-BOBO,3,8,0,8,,NA,NA,,
NB,38,Midgic,6,NB38-06,NA,NA,LMA,2021,7,14,2,NB38-06-02-LMA,8:07,6,NA,0,1,var,1,Y,CORA,NA,NA,NA,NA,NA,NA,NA,NA,NA,NA,NA,NA,NA,NA,NA,NB38-06-02-LMA-CORA,0,1,0,1,OF,NA,NA,,
NB,38,Midgic,5,NB38-05,NA,NA,LMA,2021,7,14,2,NB38-05-02-LMA,7:28,5,NA,0,2,SW,1,Y,COYE,NA,NA,NA,NA,NA,NA,NA,NA,NA,NA,NA,NA,NA,NA,NA,NB38-05-02-LMA-COYE,2,1,1,2,,NA,NA,,
NB,38,Midgic,5,NB38-05,NA,NA,LMA,2021,7,14,2,NB38-05-02-LMA,7:28,5,NA,0,2,SW,1,Y,YEWA,NA,NA,NA,NA,NA,NA,NA,NA,NA,NA,NA,NA,NA,NA,NA,NB38-05-02-LMA-YEWA,1,1,0,1,,NA,NA,,
NB,38,Midgic,5,NB38-05,NA,NA,LMA,2021,7,14,2,NB38-05-02-LMA,7:28,5,NA,0,2,SW,1,Y,SWSP,NA,NA,NA,NA,NA,NA,NA,NA,NA,NA,NA,NA,NA,NA,NA,NB38-05-02-LMA-SWSP,2,2,3,3,,NA,NA,,
NB,38,Midgic,5,NB38-05,NA,NA,LMA,2021,7,14,2,NB38-05-02-LMA,7:28,5,NA,0,2,SW,1,Y,SOSP,NA,NA,NA,NA,NA,NA,NA,NA,NA,NA,NA,NA,NA,NA,NA,NB38-05-02-LMA-SOSP,1,0,1,1,,NA,NA,,
NB,38,Midgic,5,NB38-05,NA,NA,LMA,2021,7,14,2,NB38-05-02-LMA,7:28,5,NA,0,2,SW,1,Y,MALL,NA,NA,NA,NA,NA,NA,NA,NA,NA,NA,NA,NA,NA,NA,NA,NB38-05-02-LMA-MALL,0,6,5,6,,NA,NA,4,
NB,38,Midgic,4,NB38-04,NA,NA,LMA,2021,7,14,2,NB38-04-02-LMA,7:04,5,NA,0,1,var,1,Y,SWSP,NA,NA,NA,NA,NA,NA,NA,NA,NA,NA,NA,NA,NA,NA,NA,NB38-04-02-LMA-SWSP,2,4,2,4,,NA,NA,,
NB,38,Midgic,4,NB38-04,NA,NA,LMA,2021,7,14,2,NB38-04-02-LMA,7:04,5,NA,0,1,var,1,Y,RWBL,NA,NA,NA,NA,NA,NA,NA,NA,NA,NA,NA,NA,NA,NA,NA,NB38-04-02-LMA-RWBL,2,0,0,2,,NA,NA,,
NB,38,Midgic,4,NB38-04,NA,NA,LMA,2021,7,14,2,NB38-04-02-LMA,7:04,5,NA,0,1,var,1,Y,COYE,NA,NA,NA,NA,NA,NA,NA,NA,NA,NA,NA,NA,NA,NA,NA,NB38-04-02-LMA-COYE,1,0,0,1,,NA,NA,,
NB,38,Midgic,4,NB38-04,NA,NA,LMA,2021,7,14,2,NB38-04-02-LMA,7:04,5,NA,0,1,var,1,Y,YEWA,NA,NA,NA,NA,NA,NA,NA,NA,NA,NA,NA,NA,NA,NA,NA,NB38-04-02-LMA-YEWA,1,1,1,1,,NA,NA,,
NB,38,Midgic,4,NB38-04,NA,NA,LMA,2021,7,14,2,NB38-04-02-LMA,7:04,5,NA,0,1,var,1,Y,AMCR,NA,NA,NA,NA,NA,NA,NA,NA,NA,NA,NA,NA,NA,NA,NA,NB38-04-02-LMA-AMCR,0,8,0,8,OF,NA,NA,,
NB,38,Midgic,4,NB38-04,NA,NA,LMA,2021,7,14,2,NB38-04-02-LMA,7:04,5,NA,0,1,var,1,Y,SOSP,NA,NA,NA,NA,NA,NA,NA,NA,NA,NA,NA,NA,NA,NA,NA,NB38-04-02-LMA-SOSP,0,1,0,1,,NA,NA,,
NB,38,Midgic,4,NB38-04,NA,NA,LMA,2021,7,14,2,NB38-04-02-LMA,7:04,5,NA,0,1,var,1,Y,CEDW,NA,NA,NA,NA,NA,NA,NA,NA,NA,NA,NA,NA,NA,NA,NA,NB38-04-02-LMA-CEDW,0,4,0,4,,NA,NA,,
NB,38,Midgic,3,NB38-03,NA,NA,LMA,2021,7,14,2,NB38-03-02-LMA,6:34,6,NA,0,1,var,1,Y,RWBL,NA,NA,NA,NA,NA,NA,NA,NA,NA,NA,NA,NA,NA,NA,NA,NB38-03-02-LMA-RWBL,4,2,3,4,,NA,NA,,
NB,38,Midgic,3,NB38-03,NA,NA,LMA,2021,7,14,2,NB38-03-02-LMA,6:34,6,NA,0,1,var,1,Y,YEWA,NA,NA,NA,NA,NA,NA,NA,NA,NA,NA,NA,NA,NA,NA,NA,NB38-03-02-LMA-YEWA,1,0,1,1,,NA,NA,,
NB,38,Midgic,3,NB38-03,NA,NA,LMA,2021,7,14,2,NB38-03-02-LMA,6:34,6,NA,0,1,var,1,Y,BOBO,NA,NA,NA,NA,NA,NA,NA,NA,NA,NA,NA,NA,NA,NA,NA,NB38-03-02-LMA-BOBO,9,7,2,9,,NA,NA,,
NB,38,Midgic,3,NB38-03,NA,NA,LMA,2021,7,14,2,NB38-03-02-LMA,6:34,6,NA,0,1,var,1,Y,SWSP,NA,NA,NA,NA,NA,NA,NA,NA,NA,NA,NA,NA,NA,NA,NA,NB38-03-02-LMA-SWSP,1,4,3,4,,NA,NA,,
NB,38,Midgic,3,NB38-03,NA,NA,LMA,2021,7,14,2,NB38-03-02-LMA,6:34,6,NA,0,1,var,1,Y,SOSP,NA,NA,NA,NA,NA,NA,NA,NA,NA,NA,NA,NA,NA,NA,NA,NB38-03-02-LMA-SOSP,0,1,1,1,,NA,NA,,
NB,38,Midgic,3,NB38-03,NA,NA,LMA,2021,7,14,2,NB38-03-02-LMA,6:34,6,NA,0,1,var,1,Y,COYE,NA,NA,NA,NA,NA,NA,NA,NA,NA,NA,NA,NA,NA,NA,NA,NB38-03-02-LMA-COYE,0,1,0,1,,NA,NA,,
NB,38,Midgic,2,NB38-02,NA,NA,LMA,2021,7,14,2,NB38-02-02-LMA,6:05,7,NA,0,1,var,1,Y,SWSP,NA,NA,NA,NA,NA,NA,NA,NA,NA,NA,NA,NA,NA,NA,NA,NB38-02-02-LMA-SWSP,3,2,2,3,,NA,NA,,
NB,38,Midgic,2,NB38-02,NA,NA,LMA,2021,7,14,2,NB38-02-02-LMA,6:05,7,NA,0,1,var,1,Y,ALFL,NA,NA,NA,NA,NA,NA,NA,NA,NA,NA,NA,NA,NA,NA,NA,NB38-02-02-LMA-ALFL,1,1,1,1,,NA,NA,,
NB,38,Midgic,2,NB38-02,NA,NA,LMA,2021,7,14,2,NB38-02-02-LMA,6:05,7,NA,0,1,var,1,Y,SOSP,NA,NA,NA,NA,NA,NA,NA,NA,NA,NA,NA,NA,NA,NA,NA,NB38-02-02-LMA-SOSP,1,1,0,1,,NA,NA,,
NB,38,Midgic,2,NB38-02,NA,NA,LMA,2021,7,14,2,NB38-02-02-LMA,6:05,7,NA,0,1,var,1,Y,COYE,NA,NA,NA,NA,NA,NA,NA,NA,NA,NA,NA,NA,NA,NA,NA,NB38-02-02-LMA-COYE,1,1,1,1,,NA,NA,,
NB,38,Midgic,2,NB38-02,NA,NA,LMA,2021,7,14,2,NB38-02-02-LMA,6:05,7,NA,0,1,var,1,Y,CEDW,NA,NA,NA,NA,NA,NA,NA,NA,NA,NA,NA,NA,NA,NA,NA,NB38-02-02-LMA-CEDW,0,4,0,4,,NA,NA,,
NB,38,Midgic,2,NB38-02,NA,NA,LMA,2021,7,14,2,NB38-02-02-LMA,6:05,7,NA,0,1,var,1,Y,YEWA,NA,NA,NA,NA,NA,NA,NA,NA,NA,NA,NA,NA,NA,NA,NA,NB38-02-02-LMA-YEWA,0,0,1,1,,NA,NA,,
NB,38,Midgic,1,NB38-01,NA,NA,LMA,2021,7,14,2,NB38-01-02-LMA,5:37,6,12,0,1,var,1,Y,SWSP,NA,NA,NA,NA,NA,NA,NA,NA,NA,NA,NA,NA,NA,NA,NA,NB38-01-02-LMA-SWSP,2,1,1,2,,NA,NA,,
NB,38,Midgic,1,NB38-01,NA,NA,LMA,2021,7,14,2,NB38-01-02-LMA,5:37,6,12,0,1,var,1,Y,SOSP,NA,NA,NA,NA,NA,NA,NA,NA,NA,NA,NA,NA,NA,NA,NA,NB38-01-02-LMA-SOSP,1,3,2,3,,NA,NA,,
NB,38,Midgic,1,NB38-01,NA,NA,LMA,2021,7,14,2,NB38-01-02-LMA,5:37,6,12,0,1,var,1,Y,SAVS,NA,NA,NA,NA,NA,NA,NA,NA,NA,NA,NA,NA,NA,NA,NA,NB38-01-02-LMA-SAVS,1,1,1,1,,NA,NA,,
NB,38,Midgic,1,NB38-01,NA,NA,LMA,2021,7,14,2,NB38-01-02-LMA,5:37,6,12,0,1,var,1,Y,ABDU,NA,NA,NA,NA,NA,NA,NA,NA,NA,NA,NA,NA,NA,NA,NA,NB38-01-02-LMA-ABDU,0,2,0,2,,NA,NA,,
NB,35,NA,1,NB35-01,NA,NA,LMA,2021,NA,NA,2,NB35-01-02-LMA,NA,NA,NA,NA,NA,NA,NA,NA,YEWA,NA,NA,NA,NA,NA,NA,NA,NA,NA,NA,NA,NA,NA,NA,NA,NB35-01-02-LMA-YEWA,1,0,1,1,,NA,NA,,
NB,35,NA,1,NB35-01,NA,NA,LMA,2021,NA,NA,2,NB35-01-02-LMA,NA,NA,NA,NA,NA,NA,NA,NA,COYE,NA,NA,NA,NA,NA,NA,NA,NA,NA,NA,NA,NA,NA,NA,NA,NB35-01-02-LMA-COYE,2,3,3,3,,NA,NA,,
NB,35,NA,1,NB35-01,NA,NA,LMA,2021,NA,NA,2,NB35-01-02-LMA,NA,NA,NA,NA,NA,NA,NA,NA,SWSP,NA,NA,NA,NA,NA,NA,NA,NA,NA,NA,NA,NA,NA,NA,NA,NB35-01-02-LMA-SWSP,2,3,4,4,,NA,NA,,
NB,35,NA,1,NB35-01,NA,NA,LMA,2021,NA,NA,2,NB35-01-02-LMA,NA,NA,NA,NA,NA,NA,NA,NA,RWBL,NA,NA,NA,NA,NA,NA,NA,NA,NA,NA,NA,NA,NA,NA,NA,NB35-01-02-LMA-RWBL,4,2,3,4,,NA,NA,,
NB,35,NA,1,NB35-01,NA,NA,LMA,2021,NA,NA,2,NB35-01-02-LMA,NA,NA,NA,NA,NA,NA,NA,NA,RWBL,NA,NA,NA,NA,NA,NA,NA,NA,NA,NA,NA,NA,NA,NA,NA,NB35-01-02-LMA-RWBL,2,0,0,2,OF,NA,NA,,
NB,35,NA,1,NB35-01,NA,NA,LMA,2021,NA,NA,2,NB35-01-02-LMA,NA,NA,NA,NA,NA,NA,NA,NA,ALFL,NA,NA,NA,NA,NA,NA,NA,NA,NA,NA,NA,NA,NA,NA,NA,NB35-01-02-LMA-ALFL,2,0,0,2,,NA,NA,,
NB,35,NA,1,NB35-01,NA,NA,LMA,2021,NA,NA,2,NB35-01-02-LMA,NA,NA,NA,NA,NA,NA,NA,NA,COGR,NA,NA,NA,NA,NA,NA,NA,NA,NA,NA,NA,NA,NA,NA,NA,NB35-01-02-LMA-COGR,32,38,0,38,OF,NA,NA,,
NB,35,NA,1,NB35-01,NA,NA,LMA,2021,NA,NA,2,NB35-01-02-LMA,NA,NA,NA,NA,NA,NA,NA,NA,SOSP,NA,NA,NA,NA,NA,NA,NA,NA,NA,NA,NA,NA,NA,NA,NA,NB35-01-02-LMA-SOSP,1,1,0,1,,NA,NA,,
NB,35,NA,1,NB35-01,NA,NA,LMA,2021,NA,NA,2,NB35-01-02-LMA,NA,NA,NA,NA,NA,NA,NA,NA,AMCR,NA,NA,NA,NA,NA,NA,NA,NA,NA,NA,NA,NA,NA,NA,NA,NB35-01-02-LMA-AMCR,1,1,0,1,,NA,NA,,
NB,35,NA,1,NB35-01,NA,NA,LMA,2021,NA,NA,2,NB35-01-02-LMA,NA,NA,NA,NA,NA,NA,NA,NA,AMCR,NA,NA,NA,NA,NA,NA,NA,NA,NA,NA,NA,NA,NA,NA,NA,NB35-01-02-LMA-AMCR,0,2,0,2,OF,NA,NA,,
NB,35,NA,1,NB35-01,NA,NA,LMA,2021,NA,NA,2,NB35-01-02-LMA,NA,NA,NA,NA,NA,NA,NA,NA,CORA,NA,NA,NA,NA,NA,NA,NA,NA,NA,NA,NA,NA,NA,NA,NA,NB35-01-02-LMA-CORA,0,1,0,1,OF,NA,NA,,
NB,35,NA,1,NB35-01,NA,NA,LMA,2021,NA,NA,2,NB35-01-02-LMA,NA,NA,NA,NA,NA,NA,NA,NA,COGR,NA,NA,NA,NA,NA,NA,NA,NA,NA,NA,NA,NA,NA,NA,NA,NB35-01-02-LMA-COGR,0,5,0,5,,NA,NA,,
NB,35,Beaubassin,1,NB35-01,NA,NA,LEB,2021,7,13,2,NB35-01-02-LEB,5:36,2,11,0,3,NA,3,Y,CORA,NA,NA,NA,NA,NA,NA,NA,NA,NA,NA,NA,NA,NA,NA,NA,NB35-01-02-LEB-CORA,0,1,0,1,,NA,NA,,
NB,35,Beaubassin,2,NB35-02,NA,NA,LEB,2021,7,13,2,NB35-02-02-LEB,6:09,1,12,0,1,E,4,Y,SWSP,NA,NA,NA,NA,NA,NA,NA,NA,NA,NA,NA,NA,NA,NA,NA,NB35-02-02-LEB-SWSP,4,3,4,4,,NA,NA,,
NB,35,Beaubassin,2,NB35-02,NA,NA,LEB,2021,7,13,2,NB35-02-02-LEB,6:09,1,12,0,1,E,4,Y,COYE,NA,NA,NA,NA,NA,NA,NA,NA,NA,NA,NA,NA,NA,NA,NA,NB35-02-02-LEB-COYE,1,1,1,1,,NA,NA,,
NB,35,Beaubassin,2,NB35-02,NA,NA,LEB,2021,7,13,2,NB35-02-02-LEB,6:09,1,12,0,1,E,4,Y,RWBL,NA,NA,NA,NA,NA,NA,NA,NA,NA,NA,NA,NA,NA,NA,NA,NB35-02-02-LEB-RWBL,4,3,3,4,,NA,NA,,
NB,35,Beaubassin,2,NB35-02,NA,NA,LEB,2021,7,13,2,NB35-02-02-LEB,6:09,1,12,0,1,E,4,Y,EUST,NA,NA,NA,NA,NA,NA,NA,NA,NA,NA,NA,NA,NA,NA,NA,NB35-02-02-LEB-EUST,3,0,0,3,OF,NA,NA,,
NB,35,Beaubassin,2,NB35-02,NA,NA,LEB,2021,7,13,2,NB35-02-02-LEB,6:09,1,12,0,1,E,4,Y,YEWA,NA,NA,NA,NA,NA,NA,NA,NA,NA,NA,NA,NA,NA,NA,NA,NB35-02-02-LEB-YEWA,1,2,1,2,,NA,NA,,
NB,35,Beaubassin,2,NB35-02,NA,NA,LEB,2021,7,13,2,NB35-02-02-LEB,6:09,1,12,0,1,E,4,Y,AMGO,NA,NA,NA,NA,NA,NA,NA,NA,NA,NA,NA,NA,NA,NA,NA,NB35-02-02-LEB-AMGO,0,1,0,1,OF,NA,NA,,
NB,35,Beaubassin,2,NB35-02,NA,NA,LEB,2021,7,13,2,NB35-02-02-LEB,6:09,1,12,0,1,E,4,Y,TRES,NA,NA,NA,NA,NA,NA,NA,NA,NA,NA,NA,NA,NA,NA,NA,NB35-02-02-LEB-TRES,0,1,0,1,AF,NA,NA,,
NB,35,Beaubassin,2,NB35-02,NA,NA,LEB,2021,7,13,2,NB35-02-02-LEB,6:09,1,12,0,1,E,4,Y,SOSP,NA,NA,NA,NA,NA,NA,NA,NA,NA,NA,NA,NA,NA,NA,NA,NB35-02-02-LEB-SOSP,0,0,1,1,,NA,NA,,
NB,35,Beaubassin,3,NB35-03,NA,NA,LEB,2021,7,13,2,NB35-03-02-LEB,6:37,1,12,0,1,E,4,Y,WODU,NA,NA,NA,NA,NA,NA,NA,NA,NA,NA,NA,NA,NA,NA,NA,NB35-03-02-LEB-WODU,1,0,0,1,,1,NA,,Flushed
NB,35,Beaubassin,3,NB35-03,NA,NA,LEB,2021,7,13,2,NB35-03-02-LEB,6:37,1,12,0,1,E,4,Y,RNDU,NA,NA,NA,NA,NA,NA,NA,NA,NA,NA,NA,NA,NA,NA,NA,NB35-03-02-LEB-RNDU,3,2,0,3,,1,2,,Flushed
NB,35,Beaubassin,3,NB35-03,NA,NA,LEB,2021,7,13,2,NB35-03-02-LEB,6:37,1,12,0,1,E,4,Y,MALL,NA,NA,NA,NA,NA,NA,NA,NA,NA,NA,NA,NA,NA,NA,NA,NB35-03-02-LEB-MALL,2,0,0,2,,2,NA,,Flushed
NB,35,Beaubassin,3,NB35-03,NA,NA,LEB,2021,7,13,2,NB35-03-02-LEB,6:37,1,12,0,1,E,4,Y,RWBL,NA,NA,NA,NA,NA,NA,NA,NA,NA,NA,NA,NA,NA,NA,NA,NB35-03-02-LEB-RWBL,6,6,3,6,,NA,NA,,
NB,35,Beaubassin,3,NB35-03,NA,NA,LEB,2021,7,13,2,NB35-03-02-LEB,6:37,1,12,0,1,E,4,Y,SWSP,NA,NA,NA,NA,NA,NA,NA,NA,NA,NA,NA,NA,NA,NA,NA,NB35-03-02-LEB-SWSP,2,3,2,3,,NA,NA,,
NB,35,Beaubassin,3,NB35-03,NA,NA,LEB,2021,7,13,2,NB35-03-02-LEB,6:37,1,12,0,1,E,4,Y,AMCR,NA,NA,NA,NA,NA,NA,NA,NA,NA,NA,NA,NA,NA,NA,NA,NB35-03-02-LEB-AMCR,1,1,1,1,,NA,NA,,
NB,35,Beaubassin,3,NB35-03,NA,NA,LEB,2021,7,13,2,NB35-03-02-LEB,6:37,1,12,0,1,E,4,Y,SOSP,NA,NA,NA,NA,NA,NA,NA,NA,NA,NA,NA,NA,NA,NA,NA,NB35-03-02-LEB-SOSP,1,0,0,1,,NA,NA,,
NB,35,Beaubassin,3,NB35-03,NA,NA,LEB,2021,7,13,2,NB35-03-02-LEB,6:37,1,12,0,1,E,4,Y,MALL,NA,NA,NA,NA,NA,NA,NA,NA,NA,NA,NA,NA,NA,NA,NA,NB35-03-02-LEB-MALL,0,1,0,1,OF,NA,NA,,
NB,35,Beaubassin,4,NB35-04,NA,NA,LEB,2021,7,13,2,NB35-04-02-LEB,7:09,0,12,0,1,E,3,Y,SWSP,NA,NA,NA,NA,NA,NA,NA,NA,NA,NA,NA,NA,NA,NA,NA,NB35-04-02-LEB-SWSP,3,2,2,3,,NA,NA,,
NB,35,Beaubassin,4,NB35-04,NA,NA,LEB,2021,7,13,2,NB35-04-02-LEB,7:09,0,12,0,1,E,3,Y,WODU,NA,NA,NA,NA,NA,NA,NA,NA,NA,NA,NA,NA,NA,NA,NA,NB35-04-02-LEB-WODU,3,0,0,3,,NA,NA,,
NB,35,Beaubassin,4,NB35-04,NA,NA,LEB,2021,7,13,2,NB35-04-02-LEB,7:09,0,12,0,1,E,3,Y,MALL,NA,NA,NA,NA,NA,NA,NA,NA,NA,NA,NA,NA,NA,NA,NA,NB35-04-02-LEB-MALL,5,0,0,5,,NA,NA,,
NB,35,Beaubassin,4,NB35-04,NA,NA,LEB,2021,7,13,2,NB35-04-02-LEB,7:09,0,12,0,1,E,3,Y,RWBL,NA,NA,NA,NA,NA,NA,NA,NA,NA,NA,NA,NA,NA,NA,NA,NB35-04-02-LEB-RWBL,3,3,0,3,OF,NA,NA,,
NB,35,Beaubassin,4,NB35-04,NA,NA,LEB,2021,7,13,2,NB35-04-02-LEB,7:09,0,12,0,1,E,3,Y,AMGO,NA,NA,NA,NA,NA,NA,NA,NA,NA,NA,NA,NA,NA,NA,NA,NB35-04-02-LEB-AMGO,1,0,0,1,OF,NA,NA,,
NB,35,Beaubassin,4,NB35-04,NA,NA,LEB,2021,7,13,2,NB35-04-02-LEB,7:09,0,12,0,1,E,3,Y,BAEA,NA,NA,NA,NA,NA,NA,NA,NA,NA,NA,NA,NA,NA,NA,NA,NB35-04-02-LEB-BAEA,1,0,0,1,OF,NA,NA,,
NB,35,Beaubassin,4,NB35-04,NA,NA,LEB,2021,7,13,2,NB35-04-02-LEB,7:09,0,12,0,1,E,3,Y,SAVS,NA,NA,NA,NA,NA,NA,NA,NA,NA,NA,NA,NA,NA,NA,NA,NB35-04-02-LEB-SAVS,1,0,0,1,,NA,NA,,
NB,35,Beaubassin,4,NB35-04,NA,NA,LEB,2021,7,13,2,NB35-04-02-LEB,7:09,0,12,0,1,E,3,Y,ABDU,NA,NA,NA,NA,NA,NA,NA,NA,NA,NA,NA,NA,NA,NA,NA,NB35-04-02-LEB-ABDU,0,2,0,2,OF,NA,NA,,
NB,35,Beaubassin,5,NB35-05,NA,NA,LEB,2021,7,13,2,NB35-05-02-LEB,7:46,0,13,0,1,E,2,Y,SWSP,NA,NA,NA,NA,NA,NA,NA,NA,NA,NA,NA,NA,NA,NA,NA,NB35-05-02-LEB-SWSP,1,1,1,1,,NA,NA,,
NB,35,Beaubassin,5,NB35-05,NA,NA,LEB,2021,7,13,2,NB35-05-02-LEB,7:46,0,13,0,1,E,2,Y,SAVS,NA,NA,NA,NA,NA,NA,NA,NA,NA,NA,NA,NA,NA,NA,NA,NB35-05-02-LEB-SAVS,1,1,0,1,,NA,NA,,
NB,35,Beaubassin,5,NB35-05,NA,NA,LEB,2021,7,13,2,NB35-05-02-LEB,7:46,0,13,0,1,E,2,Y,LESA,NA,NA,NA,NA,NA,NA,NA,NA,NA,NA,NA,NA,NA,NA,NA,NB35-05-02-LEB-LESA,1,0,0,1,,NA,NA,,
NB,35,Beaubassin,5,NB35-05,NA,NA,LEB,2021,7,13,2,NB35-05-02-LEB,7:46,0,13,0,1,E,2,Y,GRYE,NA,NA,NA,NA,NA,NA,NA,NA,NA,NA,NA,NA,NA,NA,NA,NB35-05-02-LEB-GRYE,1,2,0,2,,NA,NA,,
NB,35,Beaubassin,5,NB35-05,NA,NA,LEB,2021,7,13,2,NB35-05-02-LEB,7:46,0,13,0,1,E,2,Y,ABDU,NA,NA,NA,NA,NA,NA,NA,NA,NA,NA,NA,NA,NA,NA,NA,NB35-05-02-LEB-ABDU,0,2,2,2,,NA,NA,,
NB,35,Beaubassin,6,NB35-06,NA,NA,LEB,2021,7,13,2,NB35-06-02-LEB,8:06,0,12,0,2,SE,1,Y,SWSP,NA,NA,NA,NA,NA,NA,NA,NA,NA,NA,NA,NA,NA,NA,NA,NB35-06-02-LEB-SWSP,1,1,1,1,,NA,NA,,
NB,35,Beaubassin,6,NB35-06,NA,NA,LEB,2021,7,13,2,NB35-06-02-LEB,8:06,0,12,0,2,SE,1,Y,SAVS,NA,NA,NA,NA,NA,NA,NA,NA,NA,NA,NA,NA,NA,NA,NA,NB35-06-02-LEB-SAVS,3,3,3,3,,NA,NA,,
NB,35,Beaubassin,6,NB35-06,NA,NA,LEB,2021,7,13,2,NB35-06-02-LEB,8:06,0,12,0,2,SE,1,Y,MALL,NA,NA,NA,NA,NA,NA,NA,NA,NA,NA,NA,NA,NA,NA,NA,NB35-06-02-LEB-MALL,1,1,1,1,,NA,1,,
NB,35,Beaubassin,6,NB35-06,NA,NA,LEB,2021,7,13,2,NB35-06-02-LEB,8:06,0,12,0,2,SE,1,Y,AMWI,NA,NA,NA,NA,NA,NA,NA,NA,NA,NA,NA,NA,NA,NA,NA,NB35-06-02-LEB-AMWI,2,2,2,2,,NA,2,,
NB,35,Beaubassin,6,NB35-06,NA,NA,LEB,2021,7,13,2,NB35-06-02-LEB,8:06,0,12,0,2,SE,1,Y,SOSP,NA,NA,NA,NA,NA,NA,NA,NA,NA,NA,NA,NA,NA,NA,NA,NB35-06-02-LEB-SOSP,4,1,1,4,,NA,NA,,
NB,35,Beaubassin,6,NB35-06,NA,NA,LEB,2021,7,13,2,NB35-06-02-LEB,8:06,0,12,0,2,SE,1,Y,RWBL,NA,NA,NA,NA,NA,NA,NA,NA,NA,NA,NA,NA,NA,NA,NA,NB35-06-02-LEB-RWBL,1,1,0,1,OF,NA,NA,,
NB,35,Beaubassin,6,NB35-06,NA,NA,LEB,2021,7,13,2,NB35-06-02-LEB,8:06,0,12,0,2,SE,1,Y,COYE,NA,NA,NA,NA,NA,NA,NA,NA,NA,NA,NA,NA,NA,NA,NA,NB35-06-02-LEB-COYE,0,1,1,1,,NA,NA,,
NB,35,Beaubassin,7,NB35-07,NA,NA,LEB,2021,7,13,2,NB35-07-02-LEB,9:11,1,19,0,2,S,1,Y,BAEA,NA,NA,NA,NA,NA,NA,NA,NA,NA,NA,NA,NA,NA,NA,NA,NB35-07-02-LEB-BAEA,1,0,0,1,,NA,NA,,
NB,35,Beaubassin,7,NB35-07,NA,NA,LEB,2021,7,13,2,NB35-07-02-LEB,9:11,1,19,0,2,S,1,Y,SWSP,NA,NA,NA,NA,NA,NA,NA,NA,NA,NA,NA,NA,NA,NA,NA,NB35-07-02-LEB-SWSP,1,1,0,1,,NA,NA,,
NB,35,Beaubassin,7,NB35-07,NA,NA,LEB,2021,7,13,2,NB35-07-02-LEB,9:11,1,19,0,2,S,1,Y,SAVS,NA,NA,NA,NA,NA,NA,NA,NA,NA,NA,NA,NA,NA,NA,NA,NB35-07-02-LEB-SAVS,1,0,0,1,,NA,NA,,
NB,35,Beaubassin,7,NB35-07,NA,NA,LEB,2021,7,13,2,NB35-07-02-LEB,9:11,1,19,0,2,S,1,Y,SWSP,NA,NA,NA,NA,NA,NA,NA,NA,NA,NA,NA,NA,NA,NA,NA,NB35-07-02-LEB-SWSP,1,1,0,1,,NA,NA,,
NB,35,Beaubassin,7,NB35-07,NA,NA,LEB,2021,7,13,2,NB35-07-02-LEB,9:11,1,19,0,2,S,1,Y,RWBL,NA,NA,NA,NA,NA,NA,NA,NA,NA,NA,NA,NA,NA,NA,NA,NB35-07-02-LEB-RWBL,0,1,1,1,,NA,NA,,
NB,37,Westcock,1,NB37-01,NA,NA,LMA,2021,7,13,2,NB37-01-02-LMA,5:15,2,11,0,0,NA,1,Y,SOSP,NA,NA,NA,NA,NA,NA,NA,NA,NA,NA,NA,NA,NA,NA,NA,NB37-01-02-LMA-SOSP,1,1,2,2,,NA,NA,,
NB,37,Westcock,1,NB37-01,NA,NA,LMA,2021,7,13,2,NB37-01-02-LMA,5:15,2,11,0,0,NA,1,Y,SAVS,NA,NA,NA,NA,NA,NA,NA,NA,NA,NA,NA,NA,NA,NA,NA,NB37-01-02-LMA-SAVS,1,2,1,2,,NA,NA,,
NB,37,Westcock,1,NB37-01,NA,NA,LMA,2021,7,13,2,NB37-01-02-LMA,5:15,2,11,0,0,NA,1,Y,GBHE,NA,NA,NA,NA,NA,NA,NA,NA,NA,NA,NA,NA,NA,NA,NA,NB37-01-02-LMA-GBHE,1,0,0,1,,NA,NA,,Flushed
NB,37,Westcock,1,NB37-01,NA,NA,LMA,2021,7,13,2,NB37-01-02-LMA,5:15,2,11,0,0,NA,1,Y,AMCR,NA,NA,NA,NA,NA,NA,NA,NA,NA,NA,NA,NA,NA,NA,NA,NB37-01-02-LMA-AMCR,0,2,0,2,,NA,NA,,
NB,37,Westcock,1,NB37-01,NA,NA,LMA,2021,7,13,2,NB37-01-02-LMA,5:15,2,11,0,0,NA,1,Y,SWSP,NA,NA,NA,NA,NA,NA,NA,NA,NA,NA,NA,NA,NA,NA,NA,NB37-01-02-LMA-SWSP,0,1,0,1,,NA,NA,,
NB,37,Westcock,2,NB37-02,NA,NA,LMA,2021,7,13,2,NB37-02-02-LMA,5:46,2,NA,0,0,NA,1,Y,SAVS,NA,NA,NA,NA,NA,NA,NA,NA,NA,NA,NA,NA,NA,NA,NA,NB37-02-02-LMA-SAVS,3,2,2,3,,NA,NA,,
NB,37,Westcock,2,NB37-02,NA,NA,LMA,2021,7,13,2,NB37-02-02-LMA,5:46,2,NA,0,0,NA,1,Y,BOBO,NA,NA,NA,NA,NA,NA,NA,NA,NA,NA,NA,NA,NA,NA,NA,NB37-02-02-LMA-BOBO,1,0,2,2,,NA,NA,,
NB,37,Westcock,2,NB37-02,NA,NA,LMA,2021,7,13,2,NB37-02-02-LMA,5:46,2,NA,0,0,NA,1,Y,AMCR,NA,NA,NA,NA,NA,NA,NA,NA,NA,NA,NA,NA,NA,NA,NA,NB37-02-02-LMA-AMCR,0,1,0,1,,NA,NA,,
NB,37,Westcock,2,NB37-02,NA,NA,LMA,2021,7,13,2,NB37-02-02-LMA,5:46,2,NA,0,0,NA,1,Y,SOSP,NA,NA,NA,NA,NA,NA,NA,NA,NA,NA,NA,NA,NA,NA,NA,NB37-02-02-LMA-SOSP,0,0,1,1,,NA,NA,,
NB,37,Westcock,3,NB37-03,NA,NA,LMA,2021,7,13,2,NB37-03-02-LMA,6:08,1,NA,0,0,NA,1,Y,SAVS,NA,NA,NA,NA,NA,NA,NA,NA,NA,NA,NA,NA,NA,NA,NA,NB37-03-02-LMA-SAVS,5,4,4,5,,NA,NA,,
NB,37,Westcock,3,NB37-03,NA,NA,LMA,2021,7,13,2,NB37-03-02-LMA,6:08,1,NA,0,0,NA,1,Y,SOSP,NA,NA,NA,NA,NA,NA,NA,NA,NA,NA,NA,NA,NA,NA,NA,NB37-03-02-LMA-SOSP,1,0,0,1,,NA,NA,,
NB,37,Westcock,3,NB37-03,NA,NA,LMA,2021,7,13,2,NB37-03-02-LMA,6:08,1,NA,0,0,NA,1,Y,ABDU,NA,NA,NA,NA,NA,NA,NA,NA,NA,NA,NA,NA,NA,NA,NA,NB37-03-02-LMA-ABDU,0,1,0,1,OF,NA,NA,,
NB,37,Westcock,4,NB37-04,NA,NA,LMA,2021,7,13,2,NB37-04-02-LMA,6:32,0,NA,0,0,NA,1,Y,SAVS,NA,NA,NA,NA,NA,NA,NA,NA,NA,NA,NA,NA,NA,NA,NA,NB37-04-02-LMA-SAVS,3,2,3,3,,NA,NA,,
NB,37,Westcock,4,NB37-04,NA,NA,LMA,2021,7,13,2,NB37-04-02-LMA,6:32,0,NA,0,0,NA,1,Y,SOSP,NA,NA,NA,NA,NA,NA,NA,NA,NA,NA,NA,NA,NA,NA,NA,NB37-04-02-LMA-SOSP,0,0,1,1,,NA,NA,,
NB,37,Westcock,5,NB37-05,NA,NA,LMA,2021,7,13,2,NB37-05-02-LMA,6:57,0,NA,0,0,NA,2,Y,SAVS,NA,NA,NA,NA,NA,NA,NA,NA,NA,NA,NA,NA,NA,NA,NA,NB37-05-02-LMA-SAVS,4,3,3,4,,NA,NA,,
NB,37,Westcock,5,NB37-05,NA,NA,LMA,2021,7,13,2,NB37-05-02-LMA,6:57,0,NA,0,0,NA,2,Y,BOBO,NA,NA,NA,NA,NA,NA,NA,NA,NA,NA,NA,NA,NA,NA,NA,NB37-05-02-LMA-BOBO,1,0,1,1,,NA,NA,,
NB,37,Westcock,5,NB37-05,NA,NA,LMA,2021,7,13,2,NB37-05-02-LMA,6:57,0,NA,0,0,NA,2,Y,SOSP,NA,NA,NA,NA,NA,NA,NA,NA,NA,NA,NA,NA,NA,NA,NA,NB37-05-02-LMA-SOSP,1,0,1,1,,NA,NA,,
NB,37,Westcock,6,NB37-06,NA,NA,LMA,2021,7,13,2,NB37-06-02-LMA,7:22,0,NA,0,0,NA,1,Y,SAVS,NA,NA,NA,NA,NA,NA,NA,NA,NA,NA,NA,NA,NA,NA,NA,NB37-06-02-LMA-SAVS,2,1,1,2,,NA,NA,,
NB,37,Westcock,6,NB37-06,NA,NA,LMA,2021,7,13,2,NB37-06-02-LMA,7:22,0,NA,0,0,NA,1,Y,BOBO,NA,NA,NA,NA,NA,NA,NA,NA,NA,NA,NA,NA,NA,NA,NA,NB37-06-02-LMA-BOBO,2,9,9,9,,NA,NA,,
NB,37,Westcock,7,NB37-07,NA,NA,LMA,2021,7,13,2,NB37-07-02-LMA,7:50,0,NA,0,2,W,1,Y,SAVS,NA,NA,NA,NA,NA,NA,NA,NA,NA,NA,NA,NA,NA,NA,NA,NB37-07-02-LMA-SAVS,2,2,2,2,,NA,NA,,
NB,37,Westcock,7,NB37-07,NA,NA,LMA,2021,7,13,2,NB37-07-02-LMA,7:50,0,NA,0,2,W,1,Y,AMCR,NA,NA,NA,NA,NA,NA,NA,NA,NA,NA,NA,NA,NA,NA,NA,NB37-07-02-LMA-AMCR,0,2,0,2,,NA,NA,,
NB,37,Westcock,8,NB37-08,NA,NA,LMA,2021,7,13,2,NB37-08-02-LMA,8:17,0,NA,0,2,W,1,Y,AMCR,NA,NA,NA,NA,NA,NA,NA,NA,NA,NA,NA,NA,NA,NA,NA,NB37-08-02-LMA-AMCR,2,0,0,2,,NA,NA,,
NB,37,Westcock,8,NB37-08,NA,NA,LMA,2021,7,13,2,NB37-08-02-LMA,8:17,0,NA,0,2,W,1,Y,SAVS,NA,NA,NA,NA,NA,NA,NA,NA,NA,NA,NA,NA,NA,NA,NA,NB37-08-02-LMA-SAVS,0,1,1,1,,NA,NA,,
NB,37,Westcock,9,NB37-09,NA,NA,LMA,2021,7,13,2,NB37-09-02-LMA,8:42,0,NA,0,1,NW,1,Y,SOSP,NA,NA,NA,NA,NA,NA,NA,NA,NA,NA,NA,NA,NA,NA,NA,NB37-09-02-LMA-SOSP,1,1,1,1,,NA,NA,,
NB,37,Westcock,9,NB37-09,NA,NA,LMA,2021,7,13,2,NB37-09-02-LMA,8:42,0,NA,0,1,NW,1,Y,SAVS,NA,NA,NA,NA,NA,NA,NA,NA,NA,NA,NA,NA,NA,NA,NA,NB37-09-02-LMA-SAVS,1,1,1,1,,NA,NA,,
NB,37,Westcock,9,NB37-09,NA,NA,LMA,2021,7,13,2,NB37-09-02-LMA,8:42,0,NA,0,1,NW,1,Y,BOBO,NA,NA,NA,NA,NA,NA,NA,NA,NA,NA,NA,NA,NA,NA,NA,NB37-09-02-LMA-BOBO,0,2,3,3,,NA,NA,,
NB,37,Westcock,10,NB37-10,NA,NA,LMA,2021,7,13,2,NB37-10-02-LMA,9:05,0,NA,0,1,var,1,Y,BOBO,NA,NA,NA,NA,NA,NA,NA,NA,NA,NA,NA,NA,NA,NA,NA,NB37-10-02-LMA-BOBO,2,2,1,2,,NA,NA,,
NB,37,Westcock,10,NB37-10,NA,NA,LMA,2021,7,13,2,NB37-10-02-LMA,9:05,0,NA,0,1,var,1,Y,SAVS,NA,NA,NA,NA,NA,NA,NA,NA,NA,NA,NA,NA,NA,NA,NA,NB37-10-02-LMA-SAVS,2,2,2,2,,NA,NA,,
NB,37,Westcock,10,NB37-10,NA,NA,LMA,2021,7,13,2,NB37-10-02-LMA,9:05,0,NA,0,1,var,1,Y,SOSP,NA,NA,NA,NA,NA,NA,NA,NA,NA,NA,NA,NA,NA,NA,NA,NB37-10-02-LMA-SOSP,0,1,1,1,,NA,NA,,
NB,51,NA,NA,NB51-,NA,NA,SBO,2021,NA,NA,1,NB51--01-SBO,NA,NA,NA,NA,NA,NA,NA,NA,ONLY COUNTED PRIMARY SPECIES,NA,NA,NA,NA,NA,NA,NA,NA,NA,NA,NA,NA,NA,NA,NA,NB51--01-SBO-ONLY COUNTED PRIMARY SPECIES,NA,NA,NA,0,,NA,NA,,
NB,51,NA,NA,NB51-,NA,NA,SBO,2021,NA,NA,2,NB51--02-SBO,NA,NA,NA,NA,NA,NA,NA,NA,ONLY COUNTED PRIMARY SPECIES,NA,NA,NA,NA,NA,NA,NA,NA,NA,NA,NA,NA,NA,NA,NA,NB51--02-SBO-ONLY COUNTED PRIMARY SPECIES,NA,NA,NA,0,,NA,NA,,
NS,03,Eddy Marsh,1,NS03-01,NA,NA,ZAW,2021,6,25,1,NS03-01-01-ZAW,4:58,1,10,1,2,S,2,Y,RNDU,NA,NA,NA,NA,NA,NA,NA,NA,NA,NA,NA,NA,NA,NA,NA,NS03-01-01-ZAW-RNDU,2,0,0,2,,2,NA,,
NS,03,Eddy Marsh,1,NS03-01,NA,NA,ZAW,2021,6,25,1,NS03-01-01-ZAW,4:58,1,10,1,2,S,2,Y,BWTE,NA,NA,NA,NA,NA,NA,NA,NA,NA,NA,NA,NA,NA,NA,NA,NS03-01-01-ZAW-BWTE,1,0,0,1,OF,1,NA,,
NS,03,Eddy Marsh,1,NS03-01,NA,NA,ZAW,2021,6,25,1,NS03-01-01-ZAW,4:58,1,10,1,2,S,2,Y,WODU,NA,NA,NA,NA,NA,NA,NA,NA,NA,NA,NA,NA,NA,NA,NA,NS03-01-01-ZAW-WODU,2,0,0,2,,2,NA,,
NS,03,Eddy Marsh,1,NS03-01,NA,NA,ZAW,2021,6,25,1,NS03-01-01-ZAW,4:58,1,10,1,2,S,2,Y,SWSP,NA,NA,NA,NA,NA,NA,NA,NA,NA,NA,NA,NA,NA,NA,NA,NS03-01-01-ZAW-SWSP,2,1,0,2,,NA,NA,,
NS,03,Eddy Marsh,1,NS03-01,NA,NA,ZAW,2021,6,25,1,NS03-01-01-ZAW,4:58,1,10,1,2,S,2,Y,YEWA,NA,NA,NA,NA,NA,NA,NA,NA,NA,NA,NA,NA,NA,NA,NA,NS03-01-01-ZAW-YEWA,1,0,1,1,,NA,NA,,
NS,03,Eddy Marsh,1,NS03-01,NA,NA,ZAW,2021,6,25,1,NS03-01-01-ZAW,4:58,1,10,1,2,S,2,Y,MALL,NA,NA,NA,NA,NA,NA,NA,NA,NA,NA,NA,NA,NA,NA,NA,NS03-01-01-ZAW-MALL,0,0,1,1,,NA,NA,,
NS,03,Eddy Marsh,2,NS03-02,NA,NA,ZAW,2021,6,25,1,NS03-02-01-ZAW,5:21,2,10,1,2,S,2,Y,RWBL,NA,NA,NA,NA,NA,NA,NA,NA,NA,NA,NA,NA,NA,NA,NA,NS03-02-01-ZAW-RWBL,2,3,4,4,,NA,NA,,
NS,03,Eddy Marsh,2,NS03-02,NA,NA,ZAW,2021,6,25,1,NS03-02-01-ZAW,5:21,2,10,1,2,S,2,Y,YEWA,NA,NA,NA,NA,NA,NA,NA,NA,NA,NA,NA,NA,NA,NA,NA,NS03-02-01-ZAW-YEWA,1,2,2,2,,NA,NA,,
NS,03,Eddy Marsh,2,NS03-02,NA,NA,ZAW,2021,6,25,1,NS03-02-01-ZAW,5:21,2,10,1,2,S,2,Y,ALFL,NA,NA,NA,NA,NA,NA,NA,NA,NA,NA,NA,NA,NA,NA,NA,NS03-02-01-ZAW-ALFL,1,1,1,1,,NA,NA,,
NS,03,Eddy Marsh,2,NS03-02,NA,NA,ZAW,2021,6,25,1,NS03-02-01-ZAW,5:21,2,10,1,2,S,2,Y,GRCA,NA,NA,NA,NA,NA,NA,NA,NA,NA,NA,NA,NA,NA,NA,NA,NS03-02-01-ZAW-GRCA,1,1,1,1,,NA,NA,,
NS,03,Eddy Marsh,2,NS03-02,NA,NA,ZAW,2021,6,25,1,NS03-02-01-ZAW,5:21,2,10,1,2,S,2,Y,CEDW,NA,NA,NA,NA,NA,NA,NA,NA,NA,NA,NA,NA,NA,NA,NA,NS03-02-01-ZAW-CEDW,3,0,4,4,OF,NA,NA,,Written as CEWA
NS,03,Eddy Marsh,2,NS03-02,NA,NA,ZAW,2021,6,25,1,NS03-02-01-ZAW,5:21,2,10,1,2,S,2,Y,WODU,NA,NA,NA,NA,NA,NA,NA,NA,NA,NA,NA,NA,NA,NA,NA,NS03-02-01-ZAW-WODU,0,2,0,2,OF,2,NA,,
NS,03,Eddy Marsh,2,NS03-02,NA,NA,ZAW,2021,6,25,1,NS03-02-01-ZAW,5:21,2,10,1,2,S,2,Y,COYE,NA,NA,NA,NA,NA,NA,NA,NA,NA,NA,NA,NA,NA,NA,NA,NS03-02-01-ZAW-COYE,0,0,1,1,,NA,NA,,
NS,03,Eddy Marsh,3,NS03-03,NA,NA,ZAW,2021,6,25,1,NS03-03-01-ZAW,5:41,2,7,1,2,S,2,Y,WODU,NA,NA,NA,NA,NA,NA,NA,NA,NA,NA,NA,NA,NA,NA,NA,NS03-03-01-ZAW-WODU,4,0,0,4,OF,4,NA,,
NS,03,Eddy Marsh,3,NS03-03,NA,NA,ZAW,2021,6,25,1,NS03-03-01-ZAW,5:41,2,7,1,2,S,2,Y,COGR,NA,NA,NA,NA,NA,NA,NA,NA,NA,NA,NA,NA,NA,NA,NA,NS03-03-01-ZAW-COGR,2,0,1,2,OF,NA,NA,,
NS,03,Eddy Marsh,3,NS03-03,NA,NA,ZAW,2021,6,25,1,NS03-03-01-ZAW,5:41,2,7,1,2,S,2,Y,RWBL,NA,NA,NA,NA,NA,NA,NA,NA,NA,NA,NA,NA,NA,NA,NA,NS03-03-01-ZAW-RWBL,5,6,6,6,,NA,NA,,
NS,03,Eddy Marsh,3,NS03-03,NA,NA,ZAW,2021,6,25,1,NS03-03-01-ZAW,5:41,2,7,1,2,S,2,Y,YEWA,NA,NA,NA,NA,NA,NA,NA,NA,NA,NA,NA,NA,NA,NA,NA,NS03-03-01-ZAW-YEWA,2,2,2,2,,NA,NA,,
NS,03,Eddy Marsh,3,NS03-03,NA,NA,ZAW,2021,6,25,1,NS03-03-01-ZAW,5:41,2,7,1,2,S,2,Y,AMRO,NA,NA,NA,NA,NA,NA,NA,NA,NA,NA,NA,NA,NA,NA,NA,NS03-03-01-ZAW-AMRO,2,1,0,2,,NA,NA,,
NS,03,Eddy Marsh,3,NS03-03,NA,NA,ZAW,2021,6,25,1,NS03-03-01-ZAW,5:41,2,7,1,2,S,2,Y,COYE,NA,NA,NA,NA,NA,NA,NA,NA,NA,NA,NA,NA,NA,NA,NA,NS03-03-01-ZAW-COYE,2,2,1,2,,NA,NA,,
NS,03,Eddy Marsh,3,NS03-03,NA,NA,ZAW,2021,6,25,1,NS03-03-01-ZAW,5:41,2,7,1,2,S,2,Y,LEFL,NA,NA,NA,NA,NA,NA,NA,NA,NA,NA,NA,NA,NA,NA,NA,NS03-03-01-ZAW-LEFL,1,1,1,1,,NA,NA,,
NS,03,Eddy Marsh,3,NS03-03,NA,NA,ZAW,2021,6,25,1,NS03-03-01-ZAW,5:41,2,7,1,2,S,2,Y,WISN,NA,NA,NA,NA,NA,NA,NA,NA,NA,NA,NA,NA,NA,NA,NA,NS03-03-01-ZAW-WISN,0,2,1,2,,NA,NA,,
NS,03,Eddy Marsh,3,NS03-03,NA,NA,ZAW,2021,6,25,1,NS03-03-01-ZAW,5:41,2,7,1,2,S,2,Y,SWSP,NA,NA,NA,NA,NA,NA,NA,NA,NA,NA,NA,NA,NA,NA,NA,NS03-03-01-ZAW-SWSP,0,1,1,1,,NA,NA,,
NS,03,Eddy Marsh,3,NS03-03,NA,NA,ZAW,2021,6,25,1,NS03-03-01-ZAW,5:41,2,7,1,2,S,2,Y,MALL,NA,NA,NA,NA,NA,NA,NA,NA,NA,NA,NA,NA,NA,NA,NA,NS03-03-01-ZAW-MALL,0,0,3,3,OF,3,NA,,
NS,03,Eddy Marsh,3,NS03-03,NA,NA,ZAW,2021,6,25,1,NS03-03-01-ZAW,5:41,2,7,1,2,S,2,Y,RNDU,NA,NA,NA,NA,NA,NA,NA,NA,NA,NA,NA,NA,NA,NA,NA,NS03-03-01-ZAW-RNDU,0,0,1,1,OF,1,NA,,
NS,03,Eddy Marsh,3,NS03-03,NA,NA,ZAW,2021,6,25,1,NS03-03-01-ZAW,5:41,2,7,1,2,S,2,Y,REVI,NA,NA,NA,NA,NA,NA,NA,NA,NA,NA,NA,NA,NA,NA,NA,NS03-03-01-ZAW-REVI,0,0,1,1,,NA,NA,,
NS,03,Eddy Marsh,4,NS03-04,NA,NA,ZAW,2021,6,25,1,NS03-04-01-ZAW,6:01,1,10,1,2,S,2,Y,COYE,NA,NA,NA,NA,NA,NA,NA,NA,NA,NA,NA,NA,NA,NA,NA,NS03-04-01-ZAW-COYE,1,1,2,2,,NA,NA,,
NS,03,Eddy Marsh,4,NS03-04,NA,NA,ZAW,2021,6,25,1,NS03-04-01-ZAW,6:01,1,10,1,2,S,2,Y,YEWA,NA,NA,NA,NA,NA,NA,NA,NA,NA,NA,NA,NA,NA,NA,NA,NS03-04-01-ZAW-YEWA,1,3,3,3,,NA,NA,,
NS,03,Eddy Marsh,4,NS03-04,NA,NA,ZAW,2021,6,25,1,NS03-04-01-ZAW,6:01,1,10,1,2,S,2,Y,SWSP,NA,NA,NA,NA,NA,NA,NA,NA,NA,NA,NA,NA,NA,NA,NA,NS03-04-01-ZAW-SWSP,3,2,3,3,,NA,NA,,
NS,03,Eddy Marsh,4,NS03-04,NA,NA,ZAW,2021,6,25,1,NS03-04-01-ZAW,6:01,1,10,1,2,S,2,Y,WODU,NA,NA,NA,NA,NA,NA,NA,NA,NA,NA,NA,NA,NA,NA,NA,NS03-04-01-ZAW-WODU,1,1,0,1,,1,NA,,
NS,03,Eddy Marsh,4,NS03-04,NA,NA,ZAW,2021,6,25,1,NS03-04-01-ZAW,6:01,1,10,1,2,S,2,Y,RWBL,NA,NA,NA,NA,NA,NA,NA,NA,NA,NA,NA,NA,NA,NA,NA,NS03-04-01-ZAW-RWBL,2,2,2,2,,NA,NA,,
NS,03,Eddy Marsh,4,NS03-04,NA,NA,ZAW,2021,6,25,1,NS03-04-01-ZAW,6:01,1,10,1,2,S,2,Y,SOSP,NA,NA,NA,NA,NA,NA,NA,NA,NA,NA,NA,NA,NA,NA,NA,NS03-04-01-ZAW-SOSP,0,1,1,1,,NA,NA,,
NS,03,Eddy Marsh,4,NS03-04,NA,NA,ZAW,2021,6,25,1,NS03-04-01-ZAW,6:01,1,10,1,2,S,2,Y,TRES,NA,NA,NA,NA,NA,NA,NA,NA,NA,NA,NA,NA,NA,NA,NA,NS03-04-01-ZAW-TRES,0,0,1,1,AF,NA,NA,,
NS,03,Eddy Marsh,4,NS03-04,NA,NA,ZAW,2021,6,25,1,NS03-04-01-ZAW,6:01,1,10,1,2,S,2,Y,CEDW,NA,NA,NA,NA,NA,NA,NA,NA,NA,NA,NA,NA,NA,NA,NA,NS03-04-01-ZAW-CEDW,0,0,2,2,OF,NA,NA,,Written as CEWA
NS,03,Eddy Marsh,4,NS03-04,NA,NA,ZAW,2021,6,25,1,NS03-04-01-ZAW,6:01,1,10,1,2,S,2,Y,COGR,NA,NA,NA,NA,NA,NA,NA,NA,NA,NA,NA,NA,NA,NA,NA,NS03-04-01-ZAW-COGR,0,0,1,1,OF,NA,NA,,
NS,03,Eddy Marsh,4,NS03-04,NA,NA,ZAW,2021,6,25,1,NS03-04-01-ZAW,6:01,1,10,1,2,S,2,Y,WISN,NA,NA,NA,NA,NA,NA,NA,NA,NA,NA,NA,NA,NA,NA,NA,NS03-04-01-ZAW-WISN,0,0,1,1,,NA,NA,,
NS,03,Eddy Marsh,5,NS03-05,NA,NA,ZAW,2021,6,25,1,NS03-05-01-ZAW,6:22,2,10,1,2,S,2,Y,MALL,NA,NA,NA,NA,NA,NA,NA,NA,NA,NA,NA,NA,NA,NA,NA,NS03-05-01-ZAW-MALL,3,0,1,3,OF,2,1,,
NS,03,Eddy Marsh,5,NS03-05,NA,NA,ZAW,2021,6,25,1,NS03-05-01-ZAW,6:22,2,10,1,2,S,2,Y,RWBL,NA,NA,NA,NA,NA,NA,NA,NA,NA,NA,NA,NA,NA,NA,NA,NS03-05-01-ZAW-RWBL,6,6,4,6,,NA,NA,,
NS,03,Eddy Marsh,5,NS03-05,NA,NA,ZAW,2021,6,25,1,NS03-05-01-ZAW,6:22,2,10,1,2,S,2,Y,SOSP,NA,NA,NA,NA,NA,NA,NA,NA,NA,NA,NA,NA,NA,NA,NA,NS03-05-01-ZAW-SOSP,1,1,1,1,,NA,NA,,
NS,03,Eddy Marsh,5,NS03-05,NA,NA,ZAW,2021,6,25,1,NS03-05-01-ZAW,6:22,2,10,1,2,S,2,Y,LEFL,NA,NA,NA,NA,NA,NA,NA,NA,NA,NA,NA,NA,NA,NA,NA,NS03-05-01-ZAW-LEFL,1,0,1,1,,NA,NA,,
NS,03,Eddy Marsh,5,NS03-05,NA,NA,ZAW,2021,6,25,1,NS03-05-01-ZAW,6:22,2,10,1,2,S,2,Y,YEWA,NA,NA,NA,NA,NA,NA,NA,NA,NA,NA,NA,NA,NA,NA,NA,NS03-05-01-ZAW-YEWA,2,2,2,2,,NA,NA,,
NS,03,Eddy Marsh,5,NS03-05,NA,NA,ZAW,2021,6,25,1,NS03-05-01-ZAW,6:22,2,10,1,2,S,2,Y,BEKI,NA,NA,NA,NA,NA,NA,NA,NA,NA,NA,NA,NA,NA,NA,NA,NS03-05-01-ZAW-BEKI,1,0,0,1,,NA,NA,,
NS,03,Eddy Marsh,5,NS03-05,NA,NA,ZAW,2021,6,25,1,NS03-05-01-ZAW,6:22,2,10,1,2,S,2,Y,WISN,NA,NA,NA,NA,NA,NA,NA,NA,NA,NA,NA,NA,NA,NA,NA,NS03-05-01-ZAW-WISN,1,0,0,1,,NA,NA,,
NS,03,Eddy Marsh,5,NS03-05,NA,NA,ZAW,2021,6,25,1,NS03-05-01-ZAW,6:22,2,10,1,2,S,2,Y,ROPI,NA,NA,NA,NA,NA,NA,NA,NA,NA,NA,NA,NA,NA,NA,NA,NS03-05-01-ZAW-ROPI,0,1,0,1,OF,NA,NA,,
NS,03,Eddy Marsh,5,NS03-05,NA,NA,ZAW,2021,6,25,1,NS03-05-01-ZAW,6:22,2,10,1,2,S,2,Y,SWSP,NA,NA,NA,NA,NA,NA,NA,NA,NA,NA,NA,NA,NA,NA,NA,NS03-05-01-ZAW-SWSP,0,2,1,2,,NA,NA,,
NS,03,Eddy Marsh,5,NS03-05,NA,NA,ZAW,2021,6,25,1,NS03-05-01-ZAW,6:22,2,10,1,2,S,2,Y,HOME,NA,NA,NA,NA,NA,NA,NA,NA,NA,NA,NA,NA,NA,NA,NA,NS03-05-01-ZAW-HOME,0,0,1,1,OF,NA,NA,,
NS,03,Eddy Marsh,5,NS03-05,NA,NA,ZAW,2021,6,25,1,NS03-05-01-ZAW,6:22,2,10,1,2,S,2,Y,ALFL,NA,NA,NA,NA,NA,NA,NA,NA,NA,NA,NA,NA,NA,NA,NA,NS03-05-01-ZAW-ALFL,0,0,1,1,,NA,NA,,
NS,03,Eddy Marsh,6,NS03-06,NA,NA,ZAW,2021,6,25,1,NS03-06-01-ZAW,6:46,1,8,0,2,SW,2,Y,RWBL,NA,NA,NA,NA,NA,NA,NA,NA,NA,NA,NA,NA,NA,NA,NA,NS03-06-01-ZAW-RWBL,6,5,6,6,,NA,NA,,
NS,03,Eddy Marsh,6,NS03-06,NA,NA,ZAW,2021,6,25,1,NS03-06-01-ZAW,6:46,1,8,0,2,SW,2,Y,WISN,NA,NA,NA,NA,NA,NA,NA,NA,NA,NA,NA,NA,NA,NA,NA,NS03-06-01-ZAW-WISN,1,1,0,1,,NA,NA,,
NS,03,Eddy Marsh,6,NS03-06,NA,NA,ZAW,2021,6,25,1,NS03-06-01-ZAW,6:46,1,8,0,2,SW,2,Y,MALL,NA,NA,NA,NA,NA,NA,NA,NA,NA,NA,NA,NA,NA,NA,NA,NS03-06-01-ZAW-MALL,11,3,0,11,,6,5,,
NS,03,Eddy Marsh,6,NS03-06,NA,NA,ZAW,2021,6,25,1,NS03-06-01-ZAW,6:46,1,8,0,2,SW,2,Y,CANG,NA,NA,NA,NA,NA,NA,NA,NA,NA,NA,NA,NA,NA,NA,NA,NS03-06-01-ZAW-CANG,11,0,0,11,,NA,NA,9,
NS,03,Eddy Marsh,6,NS03-06,NA,NA,ZAW,2021,6,25,1,NS03-06-01-ZAW,6:46,1,8,0,2,SW,2,Y,COYE,NA,NA,NA,NA,NA,NA,NA,NA,NA,NA,NA,NA,NA,NA,NA,NS03-06-01-ZAW-COYE,0,1,2,2,,NA,NA,,
NS,03,Eddy Marsh,6,NS03-06,NA,NA,ZAW,2021,6,25,1,NS03-06-01-ZAW,6:46,1,8,0,2,SW,2,Y,COGR,NA,NA,NA,NA,NA,NA,NA,NA,NA,NA,NA,NA,NA,NA,NA,NS03-06-01-ZAW-COGR,0,1,0,1,OF,NA,NA,,
NS,03,Eddy Marsh,6,NS03-06,NA,NA,ZAW,2021,6,25,1,NS03-06-01-ZAW,6:46,1,8,0,2,SW,2,Y,SWSP,NA,NA,NA,NA,NA,NA,NA,NA,NA,NA,NA,NA,NA,NA,NA,NS03-06-01-ZAW-SWSP,0,1,1,1,,NA,NA,,
NS,03,Eddy Marsh,7,NS03-07,NA,NA,ZAW,2021,6,25,1,NS03-07-01-ZAW,7:05,1,9,0,2,SW,2,Y,RWBL,NA,NA,NA,NA,NA,NA,NA,NA,NA,NA,NA,NA,NA,NA,NA,NS03-07-01-ZAW-RWBL,4,5,5,5,,NA,NA,,
NS,03,Eddy Marsh,7,NS03-07,NA,NA,ZAW,2021,6,25,1,NS03-07-01-ZAW,7:05,1,9,0,2,SW,2,Y,SWSP,NA,NA,NA,NA,NA,NA,NA,NA,NA,NA,NA,NA,NA,NA,NA,NS03-07-01-ZAW-SWSP,2,3,2,3,,NA,NA,,
NS,03,Eddy Marsh,7,NS03-07,NA,NA,ZAW,2021,6,25,1,NS03-07-01-ZAW,7:05,1,9,0,2,SW,2,Y,COYE,NA,NA,NA,NA,NA,NA,NA,NA,NA,NA,NA,NA,NA,NA,NA,NS03-07-01-ZAW-COYE,1,2,1,2,,NA,NA,,
NS,03,Eddy Marsh,7,NS03-07,NA,NA,ZAW,2021,6,25,1,NS03-07-01-ZAW,7:05,1,9,0,2,SW,2,Y,COGR,NA,NA,NA,NA,NA,NA,NA,NA,NA,NA,NA,NA,NA,NA,NA,NS03-07-01-ZAW-COGR,0,1,2,2,OF,NA,NA,,
NS,03,Eddy Marsh,7,NS03-07,NA,NA,ZAW,2021,6,25,1,NS03-07-01-ZAW,7:05,1,9,0,2,SW,2,Y,YEWA,NA,NA,NA,NA,NA,NA,NA,NA,NA,NA,NA,NA,NA,NA,NA,NS03-07-01-ZAW-YEWA,0,1,1,1,,NA,NA,,
NS,03,Eddy Marsh,7,NS03-07,NA,NA,ZAW,2021,6,25,1,NS03-07-01-ZAW,7:05,1,9,0,2,SW,2,Y,AMWI,NA,NA,NA,NA,NA,NA,NA,NA,NA,NA,NA,NA,NA,NA,NA,NS03-07-01-ZAW-AMWI,0,1,1,1,OF,1,NA,,
NS,03,Eddy Marsh,7,NS03-07,NA,NA,ZAW,2021,6,25,1,NS03-07-01-ZAW,7:05,1,9,0,2,SW,2,Y,GWTE,NA,NA,NA,NA,NA,NA,NA,NA,NA,NA,NA,NA,NA,NA,NA,NS03-07-01-ZAW-GWTE,0,0,1,1,OF,NA,NA,,
NS,03,Eddy Marsh,7,NS03-07,NA,NA,ZAW,2021,6,25,1,NS03-07-01-ZAW,7:05,1,9,0,2,SW,2,Y,WODU,NA,NA,NA,NA,NA,NA,NA,NA,NA,NA,NA,NA,NA,NA,NA,NS03-07-01-ZAW-WODU,0,0,1,1,,1,NA,,
NS,03,Eddy Marsh,8,NS03-08,NA,NA,ZAW,2021,6,25,1,NS03-08-01-ZAW,7:26,1,9,0,2,S,2,Y,MALL,NA,NA,NA,NA,NA,NA,NA,NA,NA,NA,NA,NA,NA,NA,NA,NS03-08-01-ZAW-MALL,1,0,2,2,OF,1,1,,
NS,03,Eddy Marsh,8,NS03-08,NA,NA,ZAW,2021,6,25,1,NS03-08-01-ZAW,7:26,1,9,0,2,S,2,Y,RWBL,NA,NA,NA,NA,NA,NA,NA,NA,NA,NA,NA,NA,NA,NA,NA,NS03-08-01-ZAW-RWBL,9,7,7,9,,NA,NA,,
NS,03,Eddy Marsh,8,NS03-08,NA,NA,ZAW,2021,6,25,1,NS03-08-01-ZAW,7:26,1,9,0,2,S,2,Y,YEWA,NA,NA,NA,NA,NA,NA,NA,NA,NA,NA,NA,NA,NA,NA,NA,NS03-08-01-ZAW-YEWA,1,2,2,2,,NA,NA,,
NS,03,Eddy Marsh,8,NS03-08,NA,NA,ZAW,2021,6,25,1,NS03-08-01-ZAW,7:26,1,9,0,2,S,2,Y,SWSP,NA,NA,NA,NA,NA,NA,NA,NA,NA,NA,NA,NA,NA,NA,NA,NS03-08-01-ZAW-SWSP,3,3,4,4,,NA,NA,,
NS,03,Eddy Marsh,8,NS03-08,NA,NA,ZAW,2021,6,25,1,NS03-08-01-ZAW,7:26,1,9,0,2,S,2,Y,AMWI,NA,NA,NA,NA,NA,NA,NA,NA,NA,NA,NA,NA,NA,NA,NA,NS03-08-01-ZAW-AMWI,1,0,0,1,,1,NA,,
NS,03,Eddy Marsh,8,NS03-08,NA,NA,ZAW,2021,6,25,1,NS03-08-01-ZAW,7:26,1,9,0,2,S,2,Y,CEDW,NA,NA,NA,NA,NA,NA,NA,NA,NA,NA,NA,NA,NA,NA,NA,NS03-08-01-ZAW-CEDW,1,0,0,1,OF,NA,NA,,Written CEWA
NS,03,Eddy Marsh,8,NS03-08,NA,NA,ZAW,2021,6,25,1,NS03-08-01-ZAW,7:26,1,9,0,2,S,2,Y,NSHO,NA,NA,NA,NA,NA,NA,NA,NA,NA,NA,NA,NA,NA,NA,NA,NS03-08-01-ZAW-NSHO,4,0,0,4,OF,2,2,,"Written NOSO, assumed to be NSHO"
NS,03,Eddy Marsh,8,NS03-08,NA,NA,ZAW,2021,6,25,1,NS03-08-01-ZAW,7:26,1,9,0,2,S,2,Y,HETH,NA,NA,NA,NA,NA,NA,NA,NA,NA,NA,NA,NA,NA,NA,NA,NS03-08-01-ZAW-HETH,1,1,1,1,,NA,NA,,
NS,03,Eddy Marsh,8,NS03-08,NA,NA,ZAW,2021,6,25,1,NS03-08-01-ZAW,7:26,1,9,0,2,S,2,Y,ABDU,NA,NA,NA,NA,NA,NA,NA,NA,NA,NA,NA,NA,NA,NA,NA,NS03-08-01-ZAW-ABDU,0,1,0,1,OF,1,NA,,
NS,03,Eddy Marsh,8,NS03-08,NA,NA,ZAW,2021,6,25,1,NS03-08-01-ZAW,7:26,1,9,0,2,S,2,Y,SOSP,NA,NA,NA,NA,NA,NA,NA,NA,NA,NA,NA,NA,NA,NA,NA,NS03-08-01-ZAW-SOSP,0,0,2,2,,NA,NA,,
NS,03,Eddy Marsh,8,NS03-08,NA,NA,ZAW,2021,6,25,1,NS03-08-01-ZAW,7:26,1,9,0,2,S,2,Y,WODU,NA,NA,NA,NA,NA,NA,NA,NA,NA,NA,NA,NA,NA,NA,NA,NS03-08-01-ZAW-WODU,0,0,1,1,,1,NA,,
NS,03,Eddy Marsh,9,NS03-09,NA,NA,ZAW,2021,6,25,1,NS03-09-01-ZAW,7:45,1,9,0,2,S,2,Y,RWBL,NA,NA,NA,NA,NA,NA,NA,NA,NA,NA,NA,NA,NA,NA,NA,NS03-09-01-ZAW-RWBL,6,5,4,6,,NA,NA,,
NS,03,Eddy Marsh,9,NS03-09,NA,NA,ZAW,2021,6,25,1,NS03-09-01-ZAW,7:45,1,9,0,2,S,2,Y,YEWA,NA,NA,NA,NA,NA,NA,NA,NA,NA,NA,NA,NA,NA,NA,NA,NS03-09-01-ZAW-YEWA,2,3,2,3,,NA,NA,,
NS,03,Eddy Marsh,9,NS03-09,NA,NA,ZAW,2021,6,25,1,NS03-09-01-ZAW,7:45,1,9,0,2,S,2,Y,SWSP,NA,NA,NA,NA,NA,NA,NA,NA,NA,NA,NA,NA,NA,NA,NA,NS03-09-01-ZAW-SWSP,5,6,6,6,,NA,NA,,
NS,03,Eddy Marsh,9,NS03-09,NA,NA,ZAW,2021,6,25,1,NS03-09-01-ZAW,7:45,1,9,0,2,S,2,Y,SOSP,NA,NA,NA,NA,NA,NA,NA,NA,NA,NA,NA,NA,NA,NA,NA,NS03-09-01-ZAW-SOSP,2,1,2,2,,NA,NA,,
NS,03,Eddy Marsh,9,NS03-09,NA,NA,ZAW,2021,6,25,1,NS03-09-01-ZAW,7:45,1,9,0,2,S,2,Y,COYE,NA,NA,NA,NA,NA,NA,NA,NA,NA,NA,NA,NA,NA,NA,NA,NS03-09-01-ZAW-COYE,1,1,1,1,,NA,NA,,
NS,03,Eddy Marsh,9,NS03-09,NA,NA,ZAW,2021,6,25,1,NS03-09-01-ZAW,7:45,1,9,0,2,S,2,Y,ALFL,NA,NA,NA,NA,NA,NA,NA,NA,NA,NA,NA,NA,NA,NA,NA,NS03-09-01-ZAW-ALFL,0,1,2,2,,NA,NA,,
NS,03,Eddy Marsh,10,NS03-10,NA,NA,ZAW,2021,6,25,1,NS03-10-01-ZAW,8:06,1,9,0,2,S,2,Y,RWBL,NA,NA,NA,NA,NA,NA,NA,NA,NA,NA,NA,NA,NA,NA,NA,NS03-10-01-ZAW-RWBL,6,5,7,7,,NA,NA,,
NS,03,Eddy Marsh,10,NS03-10,NA,NA,ZAW,2021,6,25,1,NS03-10-01-ZAW,8:06,1,9,0,2,S,2,Y,COGR,NA,NA,NA,NA,NA,NA,NA,NA,NA,NA,NA,NA,NA,NA,NA,NS03-10-01-ZAW-COGR,3,0,0,3,OF,NA,NA,,
NS,03,Eddy Marsh,10,NS03-10,NA,NA,ZAW,2021,6,25,1,NS03-10-01-ZAW,8:06,1,9,0,2,S,2,Y,COYE,NA,NA,NA,NA,NA,NA,NA,NA,NA,NA,NA,NA,NA,NA,NA,NS03-10-01-ZAW-COYE,1,1,0,1,,NA,NA,,
NS,03,Eddy Marsh,10,NS03-10,NA,NA,ZAW,2021,6,25,1,NS03-10-01-ZAW,8:06,1,9,0,2,S,2,Y,YEWA,NA,NA,NA,NA,NA,NA,NA,NA,NA,NA,NA,NA,NA,NA,NA,NS03-10-01-ZAW-YEWA,2,2,3,3,,NA,NA,,
NS,03,Eddy Marsh,10,NS03-10,NA,NA,ZAW,2021,6,25,1,NS03-10-01-ZAW,8:06,1,9,0,2,S,2,Y,SAVS,NA,NA,NA,NA,NA,NA,NA,NA,NA,NA,NA,NA,NA,NA,NA,NS03-10-01-ZAW-SAVS,1,2,1,2,,NA,NA,,Written as SASP
NS,03,Eddy Marsh,10,NS03-10,NA,NA,ZAW,2021,6,25,1,NS03-10-01-ZAW,8:06,1,9,0,2,S,2,Y,MALL,NA,NA,NA,NA,NA,NA,NA,NA,NA,NA,NA,NA,NA,NA,NA,NS03-10-01-ZAW-MALL,1,0,0,1,OF,1,NA,,
NS,03,Eddy Marsh,10,NS03-10,NA,NA,ZAW,2021,6,25,1,NS03-10-01-ZAW,8:06,1,9,0,2,S,2,Y,EUST,NA,NA,NA,NA,NA,NA,NA,NA,NA,NA,NA,NA,NA,NA,NA,NS03-10-01-ZAW-EUST,25,7,5,25,OF,NA,NA,,
NS,03,Eddy Marsh,10,NS03-10,NA,NA,ZAW,2021,6,25,1,NS03-10-01-ZAW,8:06,1,9,0,2,S,2,Y,AMGO,NA,NA,NA,NA,NA,NA,NA,NA,NA,NA,NA,NA,NA,NA,NA,NS03-10-01-ZAW-AMGO,0,4,0,4,,NA,NA,,
NS,03,Eddy Marsh,1,NS03-01,NA,NA,ZAW,2021,7,13,2,NS03-01-02-ZAW,5:09,6,11,1,1,S,2,Y,YEWA,NA,NA,NA,NA,NA,NA,NA,NA,NA,NA,NA,NA,NA,NA,NA,NS03-01-02-ZAW-YEWA,2,2,1,2,,NA,NA,,
NS,03,Eddy Marsh,1,NS03-01,NA,NA,ZAW,2021,7,13,2,NS03-01-02-ZAW,5:09,6,11,1,1,S,2,Y,SWSP,NA,NA,NA,NA,NA,NA,NA,NA,NA,NA,NA,NA,NA,NA,NA,NS03-01-02-ZAW-SWSP,3,4,3,4,,NA,NA,,
NS,03,Eddy Marsh,1,NS03-01,NA,NA,ZAW,2021,7,13,2,NS03-01-02-ZAW,5:09,6,11,1,1,S,2,Y,RNDU,NA,NA,NA,NA,NA,NA,NA,NA,NA,NA,NA,NA,NA,NA,NA,NS03-01-02-ZAW-RNDU,0,2,0,2,OF,1,1,,
NS,03,Eddy Marsh,1,NS03-01,NA,NA,ZAW,2021,7,13,2,NS03-01-02-ZAW,5:09,6,11,1,1,S,2,Y,AMCR,NA,NA,NA,NA,NA,NA,NA,NA,NA,NA,NA,NA,NA,NA,NA,NS03-01-02-ZAW-AMCR,0,0,1,1,OF,NA,NA,,
NS,03,Eddy Marsh,2,NS03-02,NA,NA,ZAW,2021,7,13,2,NS03-02-02-ZAW,5:27,9,12,1,1,E,2,Y,YEWA,NA,NA,NA,NA,NA,NA,NA,NA,NA,NA,NA,NA,NA,NA,NA,NS03-02-02-ZAW-YEWA,2,2,3,3,,NA,NA,,
NS,03,Eddy Marsh,2,NS03-02,NA,NA,ZAW,2021,7,13,2,NS03-02-02-ZAW,5:27,9,12,1,1,E,2,Y,COYE,NA,NA,NA,NA,NA,NA,NA,NA,NA,NA,NA,NA,NA,NA,NA,NS03-02-02-ZAW-COYE,1,1,1,1,,NA,NA,,
NS,03,Eddy Marsh,2,NS03-02,NA,NA,ZAW,2021,7,13,2,NS03-02-02-ZAW,5:27,9,12,1,1,E,2,Y,SWSP,NA,NA,NA,NA,NA,NA,NA,NA,NA,NA,NA,NA,NA,NA,NA,NS03-02-02-ZAW-SWSP,3,2,4,4,,NA,NA,,
NS,03,Eddy Marsh,2,NS03-02,NA,NA,ZAW,2021,7,13,2,NS03-02-02-ZAW,5:27,9,12,1,1,E,2,Y,ALFL,NA,NA,NA,NA,NA,NA,NA,NA,NA,NA,NA,NA,NA,NA,NA,NS03-02-02-ZAW-ALFL,1,1,1,1,,NA,NA,,
NS,03,Eddy Marsh,2,NS03-02,NA,NA,ZAW,2021,7,13,2,NS03-02-02-ZAW,5:27,9,12,1,1,E,2,Y,BWTE,NA,NA,NA,NA,NA,NA,NA,NA,NA,NA,NA,NA,NA,NA,NA,NS03-02-02-ZAW-BWTE,2,0,0,2,OF,1,1,,
NS,03,Eddy Marsh,2,NS03-02,NA,NA,ZAW,2021,7,13,2,NS03-02-02-ZAW,5:27,9,12,1,1,E,2,Y,MALL,NA,NA,NA,NA,NA,NA,NA,NA,NA,NA,NA,NA,NA,NA,NA,NS03-02-02-ZAW-MALL,0,1,0,1,OF,NA,1,,
NS,03,Eddy Marsh,2,NS03-02,NA,NA,ZAW,2021,7,13,2,NS03-02-02-ZAW,5:27,9,12,1,1,E,2,Y,ABDU,NA,NA,NA,NA,NA,NA,NA,NA,NA,NA,NA,NA,NA,NA,NA,NS03-02-02-ZAW-ABDU,0,1,0,1,OF,1,NA,,
NS,03,Eddy Marsh,2,NS03-02,NA,NA,ZAW,2021,7,13,2,NS03-02-02-ZAW,5:27,9,12,1,1,E,2,Y,WODU,NA,NA,NA,NA,NA,NA,NA,NA,NA,NA,NA,NA,NA,NA,NA,NS03-02-02-ZAW-WODU,0,1,0,1,,1,NA,,
NS,03,Eddy Marsh,2,NS03-02,NA,NA,ZAW,2021,7,13,2,NS03-02-02-ZAW,5:27,9,12,1,1,E,2,Y,RWBL,NA,NA,NA,NA,NA,NA,NA,NA,NA,NA,NA,NA,NA,NA,NA,NS03-02-02-ZAW-RWBL,2,2,0,2,,NA,NA,,
NS,03,Eddy Marsh,2,NS03-02,NA,NA,ZAW,2021,7,13,2,NS03-02-02-ZAW,5:27,9,12,1,1,E,2,Y,SOSP,NA,NA,NA,NA,NA,NA,NA,NA,NA,NA,NA,NA,NA,NA,NA,NS03-02-02-ZAW-SOSP,0,0,1,1,,NA,NA,,
NS,03,Eddy Marsh,3,NS03-03,NA,NA,ZAW,2021,7,13,2,NS03-03-02-ZAW,5:46,3,12,1,1,E,2,Y,WISN,NA,NA,NA,NA,NA,NA,NA,NA,NA,NA,NA,NA,NA,NA,NA,NS03-03-02-ZAW-WISN,1,0,0,1,OF,NA,NA,,
NS,03,Eddy Marsh,3,NS03-03,NA,NA,ZAW,2021,7,13,2,NS03-03-02-ZAW,5:46,3,12,1,1,E,2,Y,WODU,NA,NA,NA,NA,NA,NA,NA,NA,NA,NA,NA,NA,NA,NA,NA,NS03-03-02-ZAW-WODU,1,0,0,1,,1,NA,,
NS,03,Eddy Marsh,3,NS03-03,NA,NA,ZAW,2021,7,13,2,NS03-03-02-ZAW,5:46,3,12,1,1,E,2,Y,SWSP,NA,NA,NA,NA,NA,NA,NA,NA,NA,NA,NA,NA,NA,NA,NA,NS03-03-02-ZAW-SWSP,4,4,4,4,,NA,NA,,
NS,03,Eddy Marsh,3,NS03-03,NA,NA,ZAW,2021,7,13,2,NS03-03-02-ZAW,5:46,3,12,1,1,E,2,Y,REVI,NA,NA,NA,NA,NA,NA,NA,NA,NA,NA,NA,NA,NA,NA,NA,NS03-03-02-ZAW-REVI,1,1,1,1,,NA,NA,,
NS,03,Eddy Marsh,3,NS03-03,NA,NA,ZAW,2021,7,13,2,NS03-03-02-ZAW,5:46,3,12,1,1,E,2,Y,LEFL,NA,NA,NA,NA,NA,NA,NA,NA,NA,NA,NA,NA,NA,NA,NA,NS03-03-02-ZAW-LEFL,1,1,2,2,,NA,NA,,
NS,03,Eddy Marsh,3,NS03-03,NA,NA,ZAW,2021,7,13,2,NS03-03-02-ZAW,5:46,3,12,1,1,E,2,Y,YEWA,NA,NA,NA,NA,NA,NA,NA,NA,NA,NA,NA,NA,NA,NA,NA,NS03-03-02-ZAW-YEWA,3,2,3,3,,NA,NA,,
NS,03,Eddy Marsh,3,NS03-03,NA,NA,ZAW,2021,7,13,2,NS03-03-02-ZAW,5:46,3,12,1,1,E,2,Y,COYE,NA,NA,NA,NA,NA,NA,NA,NA,NA,NA,NA,NA,NA,NA,NA,NS03-03-02-ZAW-COYE,2,1,2,2,,NA,NA,,
NS,03,Eddy Marsh,3,NS03-03,NA,NA,ZAW,2021,7,13,2,NS03-03-02-ZAW,5:46,3,12,1,1,E,2,Y,RNDU,NA,NA,NA,NA,NA,NA,NA,NA,NA,NA,NA,NA,NA,NA,NA,NS03-03-02-ZAW-RNDU,0,1,0,1,OF,1,NA,,
NS,03,Eddy Marsh,3,NS03-03,NA,NA,ZAW,2021,7,13,2,NS03-03-02-ZAW,5:46,3,12,1,1,E,2,Y,CEDW,NA,NA,NA,NA,NA,NA,NA,NA,NA,NA,NA,NA,NA,NA,NA,NS03-03-02-ZAW-CEDW,0,1,0,1,OF,NA,NA,,
NS,03,Eddy Marsh,3,NS03-03,NA,NA,ZAW,2021,7,13,2,NS03-03-02-ZAW,5:46,3,12,1,1,E,2,Y,BLJA,NA,NA,NA,NA,NA,NA,NA,NA,NA,NA,NA,NA,NA,NA,NA,NS03-03-02-ZAW-BLJA,0,2,0,2,OF,NA,NA,,
NS,03,Eddy Marsh,3,NS03-03,NA,NA,ZAW,2021,7,13,2,NS03-03-02-ZAW,5:46,3,12,1,1,E,2,Y,RWBL,NA,NA,NA,NA,NA,NA,NA,NA,NA,NA,NA,NA,NA,NA,NA,NS03-03-02-ZAW-RWBL,0,0,10,10,OF,NA,NA,,
NS,03,Eddy Marsh,4,NS03-04,NA,NA,ZAW,2021,7,13,2,NS03-04-02-ZAW,6:06,2,12,1,1,E,2,Y,REVI,NA,NA,NA,NA,NA,NA,NA,NA,NA,NA,NA,NA,NA,NA,NA,NS03-04-02-ZAW-REVI,1,1,1,1,,NA,NA,,
NS,03,Eddy Marsh,4,NS03-04,NA,NA,ZAW,2021,7,13,2,NS03-04-02-ZAW,6:06,2,12,1,1,E,2,Y,WODU,NA,NA,NA,NA,NA,NA,NA,NA,NA,NA,NA,NA,NA,NA,NA,NS03-04-02-ZAW-WODU,2,0,0,2,,2,NA,,
NS,03,Eddy Marsh,4,NS03-04,NA,NA,ZAW,2021,7,13,2,NS03-04-02-ZAW,6:06,2,12,1,1,E,2,Y,SWSP,NA,NA,NA,NA,NA,NA,NA,NA,NA,NA,NA,NA,NA,NA,NA,NS03-04-02-ZAW-SWSP,3,4,4,4,,NA,NA,,
NS,03,Eddy Marsh,4,NS03-04,NA,NA,ZAW,2021,7,13,2,NS03-04-02-ZAW,6:06,2,12,1,1,E,2,Y,ALFL,NA,NA,NA,NA,NA,NA,NA,NA,NA,NA,NA,NA,NA,NA,NA,NS03-04-02-ZAW-ALFL,2,3,3,3,,NA,NA,,
NS,03,Eddy Marsh,4,NS03-04,NA,NA,ZAW,2021,7,13,2,NS03-04-02-ZAW,6:06,2,12,1,1,E,2,Y,AMRO,NA,NA,NA,NA,NA,NA,NA,NA,NA,NA,NA,NA,NA,NA,NA,NS03-04-02-ZAW-AMRO,1,1,1,1,,NA,NA,,
NS,03,Eddy Marsh,4,NS03-04,NA,NA,ZAW,2021,7,13,2,NS03-04-02-ZAW,6:06,2,12,1,1,E,2,Y,MALL,NA,NA,NA,NA,NA,NA,NA,NA,NA,NA,NA,NA,NA,NA,NA,NS03-04-02-ZAW-MALL,1,0,0,1,OF,1,NA,,
NS,03,Eddy Marsh,4,NS03-04,NA,NA,ZAW,2021,7,13,2,NS03-04-02-ZAW,6:06,2,12,1,1,E,2,Y,NOFL,NA,NA,NA,NA,NA,NA,NA,NA,NA,NA,NA,NA,NA,NA,NA,NS03-04-02-ZAW-NOFL,1,0,0,1,OF,NA,NA,,
NS,03,Eddy Marsh,4,NS03-04,NA,NA,ZAW,2021,7,13,2,NS03-04-02-ZAW,6:06,2,12,1,1,E,2,Y,HETH,NA,NA,NA,NA,NA,NA,NA,NA,NA,NA,NA,NA,NA,NA,NA,NS03-04-02-ZAW-HETH,0,2,2,2,,NA,NA,,
NS,03,Eddy Marsh,4,NS03-04,NA,NA,ZAW,2021,7,13,2,NS03-04-02-ZAW,6:06,2,12,1,1,E,2,Y,YEWA,NA,NA,NA,NA,NA,NA,NA,NA,NA,NA,NA,NA,NA,NA,NA,NS03-04-02-ZAW-YEWA,1,1,3,3,,NA,NA,,
NS,03,Eddy Marsh,4,NS03-04,NA,NA,ZAW,2021,7,13,2,NS03-04-02-ZAW,6:06,2,12,1,1,E,2,Y,CANG,NA,NA,NA,NA,NA,NA,NA,NA,NA,NA,NA,NA,NA,NA,NA,NS03-04-02-ZAW-CANG,0,8,0,8,,NA,NA,,
NS,03,Eddy Marsh,5,NS03-05,NA,NA,ZAW,2021,7,13,2,NS03-05-02-ZAW,6:27,1,12,1,1,E,2,Y,COYE,NA,NA,NA,NA,NA,NA,NA,NA,NA,NA,NA,NA,NA,NA,NA,NS03-05-02-ZAW-COYE,2,1,1,2,,NA,NA,,
NS,03,Eddy Marsh,5,NS03-05,NA,NA,ZAW,2021,7,13,2,NS03-05-02-ZAW,6:27,1,12,1,1,E,2,Y,YEWA,NA,NA,NA,NA,NA,NA,NA,NA,NA,NA,NA,NA,NA,NA,NA,NS03-05-02-ZAW-YEWA,2,3,2,3,,NA,NA,,
NS,03,Eddy Marsh,5,NS03-05,NA,NA,ZAW,2021,7,13,2,NS03-05-02-ZAW,6:27,1,12,1,1,E,2,Y,HETH,NA,NA,NA,NA,NA,NA,NA,NA,NA,NA,NA,NA,NA,NA,NA,NS03-05-02-ZAW-HETH,1,1,1,1,,NA,NA,,
NS,03,Eddy Marsh,5,NS03-05,NA,NA,ZAW,2021,7,13,2,NS03-05-02-ZAW,6:27,1,12,1,1,E,2,Y,ALFL,NA,NA,NA,NA,NA,NA,NA,NA,NA,NA,NA,NA,NA,NA,NA,NS03-05-02-ZAW-ALFL,1,1,1,1,,NA,NA,,
NS,03,Eddy Marsh,5,NS03-05,NA,NA,ZAW,2021,7,13,2,NS03-05-02-ZAW,6:27,1,12,1,1,E,2,Y,BWTE,NA,NA,NA,NA,NA,NA,NA,NA,NA,NA,NA,NA,NA,NA,NA,NS03-05-02-ZAW-BWTE,1,0,0,1,,1,NA,,
NS,03,Eddy Marsh,5,NS03-05,NA,NA,ZAW,2021,7,13,2,NS03-05-02-ZAW,6:27,1,12,1,1,E,2,Y,SWSP,NA,NA,NA,NA,NA,NA,NA,NA,NA,NA,NA,NA,NA,NA,NA,NS03-05-02-ZAW-SWSP,4,4,5,5,,NA,NA,,
NS,03,Eddy Marsh,5,NS03-05,NA,NA,ZAW,2021,7,13,2,NS03-05-02-ZAW,6:27,1,12,1,1,E,2,Y,RWBL,NA,NA,NA,NA,NA,NA,NA,NA,NA,NA,NA,NA,NA,NA,NA,NS03-05-02-ZAW-RWBL,1,3,6,6,,NA,NA,,
NS,03,Eddy Marsh,6,NS03-06,NA,NA,ZAW,2021,7,13,2,NS03-06-02-ZAW,6:49,1,13,1,1,E,2,Y,SWSP,NA,NA,NA,NA,NA,NA,NA,NA,NA,NA,NA,NA,NA,NA,NA,NS03-06-02-ZAW-SWSP,5,6,7,7,,NA,NA,,
NS,03,Eddy Marsh,6,NS03-06,NA,NA,ZAW,2021,7,13,2,NS03-06-02-ZAW,6:49,1,13,1,1,E,2,Y,WODU,NA,NA,NA,NA,NA,NA,NA,NA,NA,NA,NA,NA,NA,NA,NA,NS03-06-02-ZAW-WODU,2,0,0,2,,2,NA,,
NS,03,Eddy Marsh,6,NS03-06,NA,NA,ZAW,2021,7,13,2,NS03-06-02-ZAW,6:49,1,13,1,1,E,2,Y,YEWA,NA,NA,NA,NA,NA,NA,NA,NA,NA,NA,NA,NA,NA,NA,NA,NS03-06-02-ZAW-YEWA,3,3,4,4,,NA,NA,,
NS,03,Eddy Marsh,6,NS03-06,NA,NA,ZAW,2021,7,13,2,NS03-06-02-ZAW,6:49,1,13,1,1,E,2,Y,RWBL,NA,NA,NA,NA,NA,NA,NA,NA,NA,NA,NA,NA,NA,NA,NA,NS03-06-02-ZAW-RWBL,4,7,7,7,,NA,NA,,
NS,03,Eddy Marsh,6,NS03-06,NA,NA,ZAW,2021,7,13,2,NS03-06-02-ZAW,6:49,1,13,1,1,E,2,Y,CANG,NA,NA,NA,NA,NA,NA,NA,NA,NA,NA,NA,NA,NA,NA,NA,NS03-06-02-ZAW-CANG,8,0,0,8,,NA,NA,,
NS,03,Eddy Marsh,6,NS03-06,NA,NA,ZAW,2021,7,13,2,NS03-06-02-ZAW,6:49,1,13,1,1,E,2,Y,HETH,NA,NA,NA,NA,NA,NA,NA,NA,NA,NA,NA,NA,NA,NA,NA,NS03-06-02-ZAW-HETH,0,0,1,1,,NA,NA,,
NS,03,Eddy Marsh,7,NS03-07,NA,NA,ZAW,2021,7,13,2,NS03-07-02-ZAW,7:09,1,12,0,1,S,2,Y,WODU,NA,NA,NA,NA,NA,NA,NA,NA,NA,NA,NA,NA,NA,NA,NA,NS03-07-02-ZAW-WODU,1,0,0,1,,1,NA,,
NS,03,Eddy Marsh,7,NS03-07,NA,NA,ZAW,2021,7,13,2,NS03-07-02-ZAW,7:09,1,12,0,1,S,2,Y,SWSP,NA,NA,NA,NA,NA,NA,NA,NA,NA,NA,NA,NA,NA,NA,NA,NS03-07-02-ZAW-SWSP,4,7,7,7,,NA,NA,,
NS,03,Eddy Marsh,7,NS03-07,NA,NA,ZAW,2021,7,13,2,NS03-07-02-ZAW,7:09,1,12,0,1,S,2,Y,YEWA,NA,NA,NA,NA,NA,NA,NA,NA,NA,NA,NA,NA,NA,NA,NA,NS03-07-02-ZAW-YEWA,3,3,2,3,,NA,NA,,
NS,03,Eddy Marsh,7,NS03-07,NA,NA,ZAW,2021,7,13,2,NS03-07-02-ZAW,7:09,1,12,0,1,S,2,Y,RWBL,NA,NA,NA,NA,NA,NA,NA,NA,NA,NA,NA,NA,NA,NA,NA,NS03-07-02-ZAW-RWBL,4,6,6,6,,NA,NA,,
NS,03,Eddy Marsh,7,NS03-07,NA,NA,ZAW,2021,7,13,2,NS03-07-02-ZAW,7:09,1,12,0,1,S,2,Y,COYE,NA,NA,NA,NA,NA,NA,NA,NA,NA,NA,NA,NA,NA,NA,NA,NS03-07-02-ZAW-COYE,2,2,3,3,,NA,NA,,
NS,03,Eddy Marsh,7,NS03-07,NA,NA,ZAW,2021,7,13,2,NS03-07-02-ZAW,7:09,1,12,0,1,S,2,Y,REVI,NA,NA,NA,NA,NA,NA,NA,NA,NA,NA,NA,NA,NA,NA,NA,NS03-07-02-ZAW-REVI,1,0,1,1,,NA,NA,,
NS,03,Eddy Marsh,7,NS03-07,NA,NA,ZAW,2021,7,13,2,NS03-07-02-ZAW,7:09,1,12,0,1,S,2,Y,HETH,NA,NA,NA,NA,NA,NA,NA,NA,NA,NA,NA,NA,NA,NA,NA,NS03-07-02-ZAW-HETH,0,1,0,1,,NA,NA,,
NS,03,Eddy Marsh,7,NS03-07,NA,NA,ZAW,2021,7,13,2,NS03-07-02-ZAW,7:09,1,12,0,1,S,2,Y,MALL,NA,NA,NA,NA,NA,NA,NA,NA,NA,NA,NA,NA,NA,NA,NA,NS03-07-02-ZAW-MALL,0,0,1,1,,NA,1,,
NS,03,Eddy Marsh,8,NS03-08,NA,NA,ZAW,2021,7,13,2,NS03-08-02-ZAW,7:28,1,13,0,1,S,2,Y,YEWA,NA,NA,NA,NA,NA,NA,NA,NA,NA,NA,NA,NA,NA,NA,NA,NS03-08-02-ZAW-YEWA,2,3,2,3,,NA,NA,,
NS,03,Eddy Marsh,8,NS03-08,NA,NA,ZAW,2021,7,13,2,NS03-08-02-ZAW,7:28,1,13,0,1,S,2,Y,SWSP,NA,NA,NA,NA,NA,NA,NA,NA,NA,NA,NA,NA,NA,NA,NA,NS03-08-02-ZAW-SWSP,7,7,6,7,,NA,NA,,
NS,03,Eddy Marsh,8,NS03-08,NA,NA,ZAW,2021,7,13,2,NS03-08-02-ZAW,7:28,1,13,0,1,S,2,Y,RWBL,NA,NA,NA,NA,NA,NA,NA,NA,NA,NA,NA,NA,NA,NA,NA,NS03-08-02-ZAW-RWBL,3,7,6,7,,NA,NA,,
NS,03,Eddy Marsh,8,NS03-08,NA,NA,ZAW,2021,7,13,2,NS03-08-02-ZAW,7:28,1,13,0,1,S,2,Y,COGR,NA,NA,NA,NA,NA,NA,NA,NA,NA,NA,NA,NA,NA,NA,NA,NS03-08-02-ZAW-COGR,4,2,1,4,,NA,NA,,
NS,03,Eddy Marsh,8,NS03-08,NA,NA,ZAW,2021,7,13,2,NS03-08-02-ZAW,7:28,1,13,0,1,S,2,Y,COYE,NA,NA,NA,NA,NA,NA,NA,NA,NA,NA,NA,NA,NA,NA,NA,NS03-08-02-ZAW-COYE,0,1,1,1,,NA,NA,,
NS,03,Eddy Marsh,8,NS03-08,NA,NA,ZAW,2021,7,13,2,NS03-08-02-ZAW,7:28,1,13,0,1,S,2,Y,CEDW,NA,NA,NA,NA,NA,NA,NA,NA,NA,NA,NA,NA,NA,NA,NA,NS03-08-02-ZAW-CEDW,0,0,2,2,,NA,NA,,
NS,03,Eddy Marsh,9,NS03-09,NA,NA,ZAW,2021,7,13,2,NS03-09-02-ZAW,7:50,1,14,0,1,S,3,Y,WODU,NA,NA,NA,NA,NA,NA,NA,NA,NA,NA,NA,NA,NA,NA,NA,NS03-09-02-ZAW-WODU,1,1,1,1,,1,NA,,
NS,03,Eddy Marsh,9,NS03-09,NA,NA,ZAW,2021,7,13,2,NS03-09-02-ZAW,7:50,1,14,0,1,S,3,Y,COYE,NA,NA,NA,NA,NA,NA,NA,NA,NA,NA,NA,NA,NA,NA,NA,NS03-09-02-ZAW-COYE,1,2,2,2,,NA,NA,,
NS,03,Eddy Marsh,9,NS03-09,NA,NA,ZAW,2021,7,13,2,NS03-09-02-ZAW,7:50,1,14,0,1,S,3,Y,YEWA,NA,NA,NA,NA,NA,NA,NA,NA,NA,NA,NA,NA,NA,NA,NA,NS03-09-02-ZAW-YEWA,2,1,3,3,,NA,NA,,
NS,03,Eddy Marsh,9,NS03-09,NA,NA,ZAW,2021,7,13,2,NS03-09-02-ZAW,7:50,1,14,0,1,S,3,Y,HETH,NA,NA,NA,NA,NA,NA,NA,NA,NA,NA,NA,NA,NA,NA,NA,NS03-09-02-ZAW-HETH,1,1,0,1,,NA,NA,,
NS,03,Eddy Marsh,9,NS03-09,NA,NA,ZAW,2021,7,13,2,NS03-09-02-ZAW,7:50,1,14,0,1,S,3,Y,SWSP,NA,NA,NA,NA,NA,NA,NA,NA,NA,NA,NA,NA,NA,NA,NA,NS03-09-02-ZAW-SWSP,7,6,7,7,,NA,NA,,
NS,03,Eddy Marsh,9,NS03-09,NA,NA,ZAW,2021,7,13,2,NS03-09-02-ZAW,7:50,1,14,0,1,S,3,Y,TRES,NA,NA,NA,NA,NA,NA,NA,NA,NA,NA,NA,NA,NA,NA,NA,NS03-09-02-ZAW-TRES,2,2,0,2,OF,NA,NA,,
NS,03,Eddy Marsh,9,NS03-09,NA,NA,ZAW,2021,7,13,2,NS03-09-02-ZAW,7:50,1,14,0,1,S,3,Y,CONI,NA,NA,NA,NA,NA,NA,NA,NA,NA,NA,NA,NA,NA,NA,NA,NS03-09-02-ZAW-CONI,1,0,1,1,OF,NA,NA,,
NS,03,Eddy Marsh,9,NS03-09,NA,NA,ZAW,2021,7,13,2,NS03-09-02-ZAW,7:50,1,14,0,1,S,3,Y,AMGO,NA,NA,NA,NA,NA,NA,NA,NA,NA,NA,NA,NA,NA,NA,NA,NS03-09-02-ZAW-AMGO,2,0,0,2,OF,NA,NA,,
NS,03,Eddy Marsh,9,NS03-09,NA,NA,ZAW,2021,7,13,2,NS03-09-02-ZAW,7:50,1,14,0,1,S,3,Y,RWBL,NA,NA,NA,NA,NA,NA,NA,NA,NA,NA,NA,NA,NA,NA,NA,NS03-09-02-ZAW-RWBL,5,4,5,5,,NA,NA,,
NS,03,Eddy Marsh,9,NS03-09,NA,NA,ZAW,2021,7,13,2,NS03-09-02-ZAW,7:50,1,14,0,1,S,3,Y,MODO,NA,NA,NA,NA,NA,NA,NA,NA,NA,NA,NA,NA,NA,NA,NA,NS03-09-02-ZAW-MODO,0,1,0,1,OF,NA,NA,,
NS,03,Eddy Marsh,10,NS03-10,NA,NA,ZAW,2021,7,13,2,NS03-10-02-ZAW,8:09,1,14,0,1,S,2,Y,COYE,NA,NA,NA,NA,NA,NA,NA,NA,NA,NA,NA,NA,NA,NA,NA,NS03-10-02-ZAW-COYE,3,3,2,3,,NA,NA,,
NS,03,Eddy Marsh,10,NS03-10,NA,NA,ZAW,2021,7,13,2,NS03-10-02-ZAW,8:09,1,14,0,1,S,2,Y,AMGO,NA,NA,NA,NA,NA,NA,NA,NA,NA,NA,NA,NA,NA,NA,NA,NS03-10-02-ZAW-AMGO,2,0,3,3,OF,NA,NA,,
NS,03,Eddy Marsh,10,NS03-10,NA,NA,ZAW,2021,7,13,2,NS03-10-02-ZAW,8:09,1,14,0,1,S,2,Y,RWBL,NA,NA,NA,NA,NA,NA,NA,NA,NA,NA,NA,NA,NA,NA,NA,NS03-10-02-ZAW-RWBL,8,9,7,9,OF,NA,NA,,
NS,03,Eddy Marsh,10,NS03-10,NA,NA,ZAW,2021,7,13,2,NS03-10-02-ZAW,8:09,1,14,0,1,S,2,Y,YEWA,NA,NA,NA,NA,NA,NA,NA,NA,NA,NA,NA,NA,NA,NA,NA,NS03-10-02-ZAW-YEWA,4,4,4,4,,NA,NA,,
NS,03,Eddy Marsh,10,NS03-10,NA,NA,ZAW,2021,7,13,2,NS03-10-02-ZAW,8:09,1,14,0,1,S,2,Y,EUST,NA,NA,NA,NA,NA,NA,NA,NA,NA,NA,NA,NA,NA,NA,NA,NS03-10-02-ZAW-EUST,25,25,25,25,,NA,NA,,
NS,03,Eddy Marsh,10,NS03-10,NA,NA,ZAW,2021,7,13,2,NS03-10-02-ZAW,8:09,1,14,0,1,S,2,Y,SAVS,NA,NA,NA,NA,NA,NA,NA,NA,NA,NA,NA,NA,NA,NA,NA,NS03-10-02-ZAW-SAVS,1,1,2,2,,NA,NA,,Written as SASP
NS,03,Eddy Marsh,10,NS03-10,NA,NA,ZAW,2021,7,13,2,NS03-10-02-ZAW,8:09,1,14,0,1,S,2,Y,SOSP,NA,NA,NA,NA,NA,NA,NA,NA,NA,NA,NA,NA,NA,NA,NA,NS03-10-02-ZAW-SOSP,1,2,2,2,,NA,NA,,
NS,03,Eddy Marsh,10,NS03-10,NA,NA,ZAW,2021,7,13,2,NS03-10-02-ZAW,8:09,1,14,0,1,S,2,Y,COGR,NA,NA,NA,NA,NA,NA,NA,NA,NA,NA,NA,NA,NA,NA,NA,NS03-10-02-ZAW-COGR,9,7,6,9,OF,NA,NA,,
NS,03,Eddy Marsh,10,NS03-10,NA,NA,ZAW,2021,7,13,2,NS03-10-02-ZAW,8:09,1,14,0,1,S,2,Y,TRES,NA,NA,NA,NA,NA,NA,NA,NA,NA,NA,NA,NA,NA,NA,NA,NS03-10-02-ZAW-TRES,2,0,2,2,OF,NA,NA,,
NB,LE,Lincoln Elementary,1,NBLE-01,NA,NA,MIM,2021,5,25,1,NBLE-01-01-MIM,6:03,1,6,0,2,SW,2,N,ONLY COUNTED PRIMARY SPECIES,NA,NA,NA,NA,NA,NA,NA,NA,NA,NA,NA,NA,NA,NA,NA,NBLE-01-01-MIM-ONLY COUNTED PRIMARY SPECIES,NA,NA,NA,0,,NA,NA,,
NB,LE,Lincoln Elementary,2,NBLE-02,NA,NA,MIM,2021,5,25,1,NBLE-02-01-MIM,6:27,1,6,0,2,SW,1,N,ONLY COUNTED PRIMARY SPECIES,NA,NA,NA,NA,NA,NA,NA,NA,NA,NA,NA,NA,NA,NA,NA,NBLE-02-01-MIM-ONLY COUNTED PRIMARY SPECIES,NA,NA,NA,0,,NA,NA,,
NB,LE,Lincoln Elementary,3,NBLE-03,NA,NA,MIM,2021,5,25,1,NBLE-03-01-MIM,6:54,1,7,0,2,SW,2,N,ONLY COUNTED PRIMARY SPECIES,NA,NA,NA,NA,NA,NA,NA,NA,NA,NA,NA,NA,NA,NA,NA,NBLE-03-01-MIM-ONLY COUNTED PRIMARY SPECIES,NA,NA,NA,0,,NA,NA,,
NB,LE,Lincoln Elementary,1,NBLE-01,NA,NA,MIM,2021,6,10,2,NBLE-01-02-MIM,6:00,0,13,0,1,W,1,Y,VEER,NA,NA,NA,NA,NA,NA,NA,NA,NA,NA,NA,NA,NA,NA,NA,NBLE-01-02-MIM-VEER,1,0,0,1,,NA,NA,,
NB,LE,Lincoln Elementary,1,NBLE-01,NA,NA,MIM,2021,6,10,2,NBLE-01-02-MIM,6:00,0,13,0,1,W,1,Y,AMRE,NA,NA,NA,NA,NA,NA,NA,NA,NA,NA,NA,NA,NA,NA,NA,NBLE-01-02-MIM-AMRE,1,0,1,1,,NA,NA,,
NB,LE,Lincoln Elementary,1,NBLE-01,NA,NA,MIM,2021,6,10,2,NBLE-01-02-MIM,6:00,0,13,0,1,W,1,Y,GCFL,NA,NA,NA,NA,NA,NA,NA,NA,NA,NA,NA,NA,NA,NA,NA,NBLE-01-02-MIM-GCFL,1,0,0,1,,NA,NA,,
NB,LE,Lincoln Elementary,1,NBLE-01,NA,NA,MIM,2021,6,10,2,NBLE-01-02-MIM,6:00,0,13,0,1,W,1,Y,SOSP,NA,NA,NA,NA,NA,NA,NA,NA,NA,NA,NA,NA,NA,NA,NA,NBLE-01-02-MIM-SOSP,3,2,3,3,,NA,NA,,
NB,LE,Lincoln Elementary,1,NBLE-01,NA,NA,MIM,2021,6,10,2,NBLE-01-02-MIM,6:00,0,13,0,1,W,1,Y,RWBL,NA,NA,NA,NA,NA,NA,NA,NA,NA,NA,NA,NA,NA,NA,NA,NBLE-01-02-MIM-RWBL,3,2,5,5,,NA,NA,,
NB,LE,Lincoln Elementary,1,NBLE-01,NA,NA,MIM,2021,6,10,2,NBLE-01-02-MIM,6:00,0,13,0,1,W,1,Y,AMCR,NA,NA,NA,NA,NA,NA,NA,NA,NA,NA,NA,NA,NA,NA,NA,NBLE-01-02-MIM-AMCR,0,2,1,2,,NA,NA,,
NB,LE,Lincoln Elementary,1,NBLE-01,NA,NA,MIM,2021,6,10,2,NBLE-01-02-MIM,6:00,0,13,0,1,W,1,Y,SAVS,NA,NA,NA,NA,NA,NA,NA,NA,NA,NA,NA,NA,NA,NA,NA,NBLE-01-02-MIM-SAVS,0,0,1,1,,NA,NA,,
NB,LE,Lincoln Elementary,1,NBLE-01,NA,NA,MIM,2021,6,10,2,NBLE-01-02-MIM,6:00,0,13,0,1,W,1,Y,YEWA,NA,NA,NA,NA,NA,NA,NA,NA,NA,NA,NA,NA,NA,NA,NA,NBLE-01-02-MIM-YEWA,0,0,2,2,,NA,NA,,
NB,LE,Lincoln Elementary,1,NBLE-01,NA,NA,MIM,2021,6,10,2,NBLE-01-02-MIM,6:00,0,13,0,1,W,1,Y,ALFL,NA,NA,NA,NA,NA,NA,NA,NA,NA,NA,NA,NA,NA,NA,NA,NBLE-01-02-MIM-ALFL,0,0,1,1,,NA,NA,,
NB,LE,Lincoln Elementary,2,NBLE-02,NA,NA,MIM,2021,6,10,2,NBLE-02-02-MIM,6:25,0,13,0,1,W,0,Y,SOSP,NA,NA,NA,NA,NA,NA,NA,NA,NA,NA,NA,NA,NA,NA,NA,NBLE-02-02-MIM-SOSP,2,2,2,2,,NA,NA,,
NB,LE,Lincoln Elementary,2,NBLE-02,NA,NA,MIM,2021,6,10,2,NBLE-02-02-MIM,6:25,0,13,0,1,W,0,Y,SAVS,NA,NA,NA,NA,NA,NA,NA,NA,NA,NA,NA,NA,NA,NA,NA,NBLE-02-02-MIM-SAVS,2,1,1,2,,NA,NA,,
NB,LE,Lincoln Elementary,2,NBLE-02,NA,NA,MIM,2021,6,10,2,NBLE-02-02-MIM,6:25,0,13,0,1,W,0,Y,YEWA,NA,NA,NA,NA,NA,NA,NA,NA,NA,NA,NA,NA,NA,NA,NA,NBLE-02-02-MIM-YEWA,2,2,1,2,,NA,NA,,
NB,LE,Lincoln Elementary,2,NBLE-02,NA,NA,MIM,2021,6,10,2,NBLE-02-02-MIM,6:25,0,13,0,1,W,0,Y,AMRE,NA,NA,NA,NA,NA,NA,NA,NA,NA,NA,NA,NA,NA,NA,NA,NBLE-02-02-MIM-AMRE,1,0,1,1,,NA,NA,,
NB,LE,Lincoln Elementary,2,NBLE-02,NA,NA,MIM,2021,6,10,2,NBLE-02-02-MIM,6:25,0,13,0,1,W,0,Y,AMCR,NA,NA,NA,NA,NA,NA,NA,NA,NA,NA,NA,NA,NA,NA,NA,NBLE-02-02-MIM-AMCR,1,0,1,1,,NA,NA,,
NB,LE,Lincoln Elementary,2,NBLE-02,NA,NA,MIM,2021,6,10,2,NBLE-02-02-MIM,6:25,0,13,0,1,W,0,Y,VEER,NA,NA,NA,NA,NA,NA,NA,NA,NA,NA,NA,NA,NA,NA,NA,NBLE-02-02-MIM-VEER,1,0,1,1,,NA,NA,,
NB,LE,Lincoln Elementary,2,NBLE-02,NA,NA,MIM,2021,6,10,2,NBLE-02-02-MIM,6:25,0,13,0,1,W,0,Y,EAWP,NA,NA,NA,NA,NA,NA,NA,NA,NA,NA,NA,NA,NA,NA,NA,NBLE-02-02-MIM-EAWP,1,0,1,1,,NA,NA,,
NB,LE,Lincoln Elementary,2,NBLE-02,NA,NA,MIM,2021,6,10,2,NBLE-02-02-MIM,6:25,0,13,0,1,W,0,Y,RWBL,NA,NA,NA,NA,NA,NA,NA,NA,NA,NA,NA,NA,NA,NA,NA,NBLE-02-02-MIM-RWBL,2,3,3,3,,NA,NA,,
NB,LE,Lincoln Elementary,2,NBLE-02,NA,NA,MIM,2021,6,10,2,NBLE-02-02-MIM,6:25,0,13,0,1,W,0,Y,ALFL,NA,NA,NA,NA,NA,NA,NA,NA,NA,NA,NA,NA,NA,NA,NA,NBLE-02-02-MIM-ALFL,1,1,1,1,,NA,NA,,
NB,LE,Lincoln Elementary,2,NBLE-02,NA,NA,MIM,2021,6,10,2,NBLE-02-02-MIM,6:25,0,13,0,1,W,0,Y,GCFL,NA,NA,NA,NA,NA,NA,NA,NA,NA,NA,NA,NA,NA,NA,NA,NBLE-02-02-MIM-GCFL,1,0,1,1,,NA,NA,,
NB,LE,Lincoln Elementary,3,NBLE-03,NA,NA,MIM,2021,6,10,2,NBLE-03-02-MIM,6:57,0,13,0,1,W,1,Y,VEER,NA,NA,NA,NA,NA,NA,NA,NA,NA,NA,NA,NA,NA,NA,NA,NBLE-03-02-MIM-VEER,1,0,1,1,,NA,NA,,
NB,LE,Lincoln Elementary,3,NBLE-03,NA,NA,MIM,2021,6,10,2,NBLE-03-02-MIM,6:57,0,13,0,1,W,1,Y,YEWA,NA,NA,NA,NA,NA,NA,NA,NA,NA,NA,NA,NA,NA,NA,NA,NBLE-03-02-MIM-YEWA,1,1,1,1,,NA,NA,,
NB,LE,Lincoln Elementary,3,NBLE-03,NA,NA,MIM,2021,6,10,2,NBLE-03-02-MIM,6:57,0,13,0,1,W,1,Y,AMRE,NA,NA,NA,NA,NA,NA,NA,NA,NA,NA,NA,NA,NA,NA,NA,NBLE-03-02-MIM-AMRE,2,1,1,2,,NA,NA,,
NB,LE,Lincoln Elementary,3,NBLE-03,NA,NA,MIM,2021,6,10,2,NBLE-03-02-MIM,6:57,0,13,0,1,W,1,Y,AMRO,NA,NA,NA,NA,NA,NA,NA,NA,NA,NA,NA,NA,NA,NA,NA,NBLE-03-02-MIM-AMRO,2,0,1,2,,NA,NA,,
NB,LE,Lincoln Elementary,3,NBLE-03,NA,NA,MIM,2021,6,10,2,NBLE-03-02-MIM,6:57,0,13,0,1,W,1,Y,Duck sp,NA,NA,NA,NA,NA,NA,NA,NA,NA,NA,NA,NA,NA,NA,NA,NBLE-03-02-MIM-Duck sp,2,0,0,2,,NA,NA,,Heard
NB,LE,Lincoln Elementary,3,NBLE-03,NA,NA,MIM,2021,6,10,2,NBLE-03-02-MIM,6:57,0,13,0,1,W,1,Y,AMCR,NA,NA,NA,NA,NA,NA,NA,NA,NA,NA,NA,NA,NA,NA,NA,NBLE-03-02-MIM-AMCR,1,1,1,1,,NA,NA,,
NB,LE,Lincoln Elementary,3,NBLE-03,NA,NA,MIM,2021,6,10,2,NBLE-03-02-MIM,6:57,0,13,0,1,W,1,Y,RWBL,NA,NA,NA,NA,NA,NA,NA,NA,NA,NA,NA,NA,NA,NA,NA,NBLE-03-02-MIM-RWBL,0,0,2,2,,NA,NA,,
NB,55,Saint John South,1,NB55-01,NA,NA,MAH,2021,6,27,1,NB55-01-01-MAH,5:20,10,15,1,3,s,2,Y,RWBL,NA,NA,NA,NA,NA,NA,NA,NA,NA,NA,NA,NA,NA,NA,NA,NB55-01-01-MAH-RWBL,4,4,0,4,,NA,NA,,
NB,55,Saint John South,1,NB55-01,NA,NA,MAH,2021,6,27,1,NB55-01-01-MAH,5:20,10,15,1,3,s,2,Y,SWSP,NA,NA,NA,NA,NA,NA,NA,NA,NA,NA,NA,NA,NA,NA,NA,NB55-01-01-MAH-SWSP,2,2,0,2,,NA,NA,,
NB,55,Saint John South,1,NB55-01,NA,NA,MAH,2021,6,27,1,NB55-01-01-MAH,5:20,10,15,1,3,s,2,Y,BCCH,NA,NA,NA,NA,NA,NA,NA,NA,NA,NA,NA,NA,NA,NA,NA,NB55-01-01-MAH-BCCH,1,0,0,1,,NA,NA,,
NB,55,Saint John South,1,NB55-01,NA,NA,MAH,2021,6,27,1,NB55-01-01-MAH,5:20,10,15,1,3,s,2,Y,GBHE,NA,NA,NA,NA,NA,NA,NA,NA,NA,NA,NA,NA,NA,NA,NA,NB55-01-01-MAH-GBHE,0,1,0,1,OF,NA,NA,,
NB,55,Saint John South,1,NB55-01,NA,NA,MAH,2021,6,27,1,NB55-01-01-MAH,5:20,10,15,1,3,s,2,Y,AMCR,NA,NA,NA,NA,NA,NA,NA,NA,NA,NA,NA,NA,NA,NA,NA,NB55-01-01-MAH-AMCR,0,1,0,1,,NA,NA,,
NB,55,Saint John South,1,NB55-01,NA,NA,MAH,2021,6,27,1,NB55-01-01-MAH,5:20,10,15,1,3,s,2,Y,ICGU,NA,NA,NA,NA,NA,NA,NA,NA,NA,NA,NA,NA,NA,NA,NA,NB55-01-01-MAH-ICGU,0,0,4,4,OF,NA,NA,,
NB,55,Saint John South,2,NB55-02,NA,NA,MAH,2021,6,27,1,NB55-02-01-MAH,5:40,10,14,1,3,S,2,Y,MALL,NA,NA,NA,NA,NA,NA,NA,NA,NA,NA,NA,NA,NA,NA,NA,NB55-02-01-MAH-MALL,2,0,0,2,,2,NA,,
NB,55,Saint John South,2,NB55-02,NA,NA,MAH,2021,6,27,1,NB55-02-01-MAH,5:40,10,14,1,3,S,2,Y,CANG,NA,NA,NA,NA,NA,NA,NA,NA,NA,NA,NA,NA,NA,NA,NA,NB55-02-01-MAH-CANG,2,1,1,2,,NA,NA,,
NB,55,Saint John South,2,NB55-02,NA,NA,MAH,2021,6,27,1,NB55-02-01-MAH,5:40,10,14,1,3,S,2,Y,AMCR,NA,NA,NA,NA,NA,NA,NA,NA,NA,NA,NA,NA,NA,NA,NA,NB55-02-01-MAH-AMCR,2,0,2,2,,NA,NA,,
NB,55,Saint John South,2,NB55-02,NA,NA,MAH,2021,6,27,1,NB55-02-01-MAH,5:40,10,14,1,3,S,2,Y,GBBG,NA,NA,NA,NA,NA,NA,NA,NA,NA,NA,NA,NA,NA,NA,NA,NB55-02-01-MAH-GBBG,1,6,0,6,OF,NA,NA,,
NB,55,Saint John South,2,NB55-02,NA,NA,MAH,2021,6,27,1,NB55-02-01-MAH,5:40,10,14,1,3,S,2,Y,HERG,NA,NA,NA,NA,NA,NA,NA,NA,NA,NA,NA,NA,NA,NA,NA,NB55-02-01-MAH-HERG,0,3,0,3,OF,NA,NA,,
NB,55,Saint John South,2,NB55-02,NA,NA,MAH,2021,6,27,1,NB55-02-01-MAH,5:40,10,14,1,3,S,2,Y,GBHE,NA,NA,NA,NA,NA,NA,NA,NA,NA,NA,NA,NA,NA,NA,NA,NB55-02-01-MAH-GBHE,0,0,1,1,OF,NA,NA,,
NB,55,Saint John South,3,NB55-03,NA,NA,MAH,2021,6,27,1,NB55-03-01-MAH,6:15,10,4,1,3,S,4,Y,HERG,NA,NA,NA,NA,NA,NA,NA,NA,NA,NA,NA,NA,NA,NA,NA,NB55-03-01-MAH-HERG,1,5,2,5,2,NA,NA,,"2 flyovers, time not noted"
NB,55,Saint John South,3,NB55-03,NA,NA,MAH,2021,6,27,1,NB55-03-01-MAH,6:15,10,4,1,3,S,4,Y,GBHE,NA,NA,NA,NA,NA,NA,NA,NA,NA,NA,NA,NA,NA,NA,NA,NB55-03-01-MAH-GBHE,1,0,0,1,,NA,NA,,
NB,55,Saint John South,3,NB55-03,NA,NA,MAH,2021,6,27,1,NB55-03-01-MAH,6:15,10,4,1,3,S,4,Y,MALL,NA,NA,NA,NA,NA,NA,NA,NA,NA,NA,NA,NA,NA,NA,NA,NB55-03-01-MAH-MALL,4,0,0,4,,NA,NA,,
NB,55,Saint John South,3,NB55-03,NA,NA,MAH,2021,6,27,1,NB55-03-01-MAH,6:15,10,4,1,3,S,4,Y,RWBL,NA,NA,NA,NA,NA,NA,NA,NA,NA,NA,NA,NA,NA,NA,NA,NB55-03-01-MAH-RWBL,1,0,0,1,,NA,NA,,
NB,55,Saint John South,3,NB55-03,NA,NA,MAH,2021,6,27,1,NB55-03-01-MAH,6:15,10,4,1,3,S,4,Y,SWSP,NA,NA,NA,NA,NA,NA,NA,NA,NA,NA,NA,NA,NA,NA,NA,NB55-03-01-MAH-SWSP,0,1,0,1,,NA,NA,,
NB,55,Saint John South,3,NB55-03,NA,NA,MAH,2021,6,27,1,NB55-03-01-MAH,6:15,10,4,1,3,S,4,Y,WODU,NA,NA,NA,NA,NA,NA,NA,NA,NA,NA,NA,NA,NA,NA,NA,NB55-03-01-MAH-WODU,0,0,1,1,,NA,NA,,
NB,55,Saint John South,4,NB55-04,NA,NA,MAH,2021,6,27,1,NB55-04-01-MAH,6:40,10,17,1,3,S,1,Y,COGR,NA,NA,NA,NA,NA,NA,NA,NA,NA,NA,NA,NA,NA,NA,NA,NB55-04-01-MAH-COGR,1,0,0,1,,NA,NA,,
NB,55,Saint John South,4,NB55-04,NA,NA,MAH,2021,6,27,1,NB55-04-01-MAH,6:40,10,17,1,3,S,1,Y,HETH,NA,NA,NA,NA,NA,NA,NA,NA,NA,NA,NA,NA,NA,NA,NA,NB55-04-01-MAH-HETH,1,0,0,1,,NA,NA,,
NB,55,Saint John South,4,NB55-04,NA,NA,MAH,2021,6,27,1,NB55-04-01-MAH,6:40,10,17,1,3,S,1,Y,AMCR,NA,NA,NA,NA,NA,NA,NA,NA,NA,NA,NA,NA,NA,NA,NA,NB55-04-01-MAH-AMCR,2,1,1,2,,NA,NA,,
NB,55,Saint John South,4,NB55-04,NA,NA,MAH,2021,6,27,1,NB55-04-01-MAH,6:40,10,17,1,3,S,1,Y,BCCH,NA,NA,NA,NA,NA,NA,NA,NA,NA,NA,NA,NA,NA,NA,NA,NB55-04-01-MAH-BCCH,1,1,1,1,,NA,NA,,
NB,55,Saint John South,4,NB55-04,NA,NA,MAH,2021,6,27,1,NB55-04-01-MAH,6:40,10,17,1,3,S,1,Y,CANG,NA,NA,NA,NA,NA,NA,NA,NA,NA,NA,NA,NA,NA,NA,NA,NB55-04-01-MAH-CANG,1,3,1,3,1,NA,NA,,"1 flyover, time not noted"
NB,55,Saint John South,4,NB55-04,NA,NA,MAH,2021,6,27,1,NB55-04-01-MAH,6:40,10,17,1,3,S,1,Y,HERG,NA,NA,NA,NA,NA,NA,NA,NA,NA,NA,NA,NA,NA,NA,NA,NB55-04-01-MAH-HERG,0,4,10,10,,NA,NA,,
NB,55,Saint John South,4,NB55-04,NA,NA,MAH,2021,6,27,1,NB55-04-01-MAH,6:40,10,17,1,3,S,1,Y,AMRO,NA,NA,NA,NA,NA,NA,NA,NA,NA,NA,NA,NA,NA,NA,NA,NB55-04-01-MAH-AMRO,0,1,0,1,,NA,NA,,
NB,55,Saint John South,4,NB55-04,NA,NA,MAH,2021,6,27,1,NB55-04-01-MAH,6:40,10,17,1,3,S,1,Y,GBHE,NA,NA,NA,NA,NA,NA,NA,NA,NA,NA,NA,NA,NA,NA,NA,NB55-04-01-MAH-GBHE,0,2,0,2,1,NA,NA,,"1 flyover, time not noted"
NB,55,Saint John South,4,NB55-04,NA,NA,MAH,2021,6,27,1,NB55-04-01-MAH,6:40,10,17,1,3,S,1,Y,SWSP,NA,NA,NA,NA,NA,NA,NA,NA,NA,NA,NA,NA,NA,NA,NA,NB55-04-01-MAH-SWSP,0,0,1,1,,NA,NA,,
NB,55,Saint John South,4,NB55-04,NA,NA,MAH,2021,6,27,1,NB55-04-01-MAH,6:40,10,17,1,3,S,1,Y,ICGU,NA,NA,NA,NA,NA,NA,NA,NA,NA,NA,NA,NA,NA,NA,NA,NB55-04-01-MAH-ICGU,0,0,2,2,,NA,NA,,
NB,55,Saint John South,1,NB55-01,NA,NA,MAH,2021,7,2,2,NB55-01-02-MAH,5:15,9,12,1,3,SW,2,Y,SWSP,NA,NA,NA,NA,NA,NA,NA,NA,NA,NA,NA,NA,NA,NA,NA,NB55-01-02-MAH-SWSP,1,1,1,1,,NA,NA,,
NB,55,Saint John South,1,NB55-01,NA,NA,MAH,2021,7,2,2,NB55-01-02-MAH,5:15,9,12,1,3,SW,2,Y,RWBL,NA,NA,NA,NA,NA,NA,NA,NA,NA,NA,NA,NA,NA,NA,NA,NB55-01-02-MAH-RWBL,1,1,1,1,,NA,NA,,
NB,55,Saint John South,1,NB55-01,NA,NA,MAH,2021,7,2,2,NB55-01-02-MAH,5:15,9,12,1,3,SW,2,Y,COGR,NA,NA,NA,NA,NA,NA,NA,NA,NA,NA,NA,NA,NA,NA,NA,NB55-01-02-MAH-COGR,2,2,2,2,,NA,NA,,
NB,55,Saint John South,1,NB55-01,NA,NA,MAH,2021,7,2,2,NB55-01-02-MAH,5:15,9,12,1,3,SW,2,Y,DCCO,NA,NA,NA,NA,NA,NA,NA,NA,NA,NA,NA,NA,NA,NA,NA,NB55-01-02-MAH-DCCO,NA,NA,NA,0,OF,NA,NA,,"22 flyovers, time not noted"
NB,55,Saint John South,2,NB55-02,NA,NA,MAH,2021,7,2,2,NB55-02-02-MAH,5:45,9,12,1,3,S,2,Y,NOHA,NA,NA,NA,NA,NA,NA,NA,NA,NA,NA,NA,NA,NA,NA,NA,NB55-02-02-MAH-NOHA,NA,NA,NA,0,OF,NA,NA,,"1 flyover, time not noted"
NB,55,Saint John South,2,NB55-02,NA,NA,MAH,2021,7,2,2,NB55-02-02-MAH,5:45,9,12,1,3,S,2,Y,GBHE,NA,NA,NA,NA,NA,NA,NA,NA,NA,NA,NA,NA,NA,NA,NA,NB55-02-02-MAH-GBHE,0,1,1,1,,NA,NA,,
NB,55,Saint John South,2,NB55-02,NA,NA,MAH,2021,7,2,2,NB55-02-02-MAH,5:45,9,12,1,3,S,2,Y,GBBG,NA,NA,NA,NA,NA,NA,NA,NA,NA,NA,NA,NA,NA,NA,NA,NB55-02-02-MAH-GBBG,2,5,1,5,,NA,NA,,
NB,55,Saint John South,2,NB55-02,NA,NA,MAH,2021,7,2,2,NB55-02-02-MAH,5:45,9,12,1,3,S,2,Y,CANG,NA,NA,NA,NA,NA,NA,NA,NA,NA,NA,NA,NA,NA,NA,NA,NB55-02-02-MAH-CANG,8,6,0,8,,NA,NA,,"2 flyovers, time not noted"
NB,55,Saint John South,2,NB55-02,NA,NA,MAH,2021,7,2,2,NB55-02-02-MAH,5:45,9,12,1,3,S,2,Y,ABDU,NA,NA,NA,NA,NA,NA,NA,NA,NA,NA,NA,NA,NA,NA,NA,NB55-02-02-MAH-ABDU,12,10,0,12,,NA,NA,,8 flyovers. Time not noted
NB,55,Saint John South,2,NB55-02,NA,NA,MAH,2021,7,2,2,NB55-02-02-MAH,5:45,9,12,1,3,S,2,Y,MALL,NA,NA,NA,NA,NA,NA,NA,NA,NA,NA,NA,NA,NA,NA,NA,NB55-02-02-MAH-MALL,4,2,0,4,2,NA,NA,,"2 flyovers, time not noted"
NB,55,Saint John South,3,NB55-03,NA,NA,MAH,2021,7,2,2,NB55-03-02-MAH,6:10,9,11,1,3,S,2,Y,GBHE,NA,NA,NA,NA,NA,NA,NA,NA,NA,NA,NA,NA,NA,NA,NA,NB55-03-02-MAH-GBHE,1,0,0,1,,NA,NA,,
NB,55,Saint John South,3,NB55-03,NA,NA,MAH,2021,7,2,2,NB55-03-02-MAH,6:10,9,11,1,3,S,2,Y,ABDU,NA,NA,NA,NA,NA,NA,NA,NA,NA,NA,NA,NA,NA,NA,NA,NB55-03-02-MAH-ABDU,4,4,4,4,,NA,NA,,
NB,55,Saint John South,3,NB55-03,NA,NA,MAH,2021,7,2,2,NB55-03-02-MAH,6:10,9,11,1,3,S,2,Y,MALL,NA,NA,NA,NA,NA,NA,NA,NA,NA,NA,NA,NA,NA,NA,NA,NB55-03-02-MAH-MALL,2,2,2,2,,NA,NA,,
NB,55,Saint John South,3,NB55-03,NA,NA,MAH,2021,7,2,2,NB55-03-02-MAH,6:10,9,11,1,3,S,2,Y,RBGU,NA,NA,NA,NA,NA,NA,NA,NA,NA,NA,NA,NA,NA,NA,NA,NB55-03-02-MAH-RBGU,2,2,0,2,,NA,NA,,
NB,55,Saint John South,3,NB55-03,NA,NA,MAH,2021,7,2,2,NB55-03-02-MAH,6:10,9,11,1,3,S,2,Y,HERG,NA,NA,NA,NA,NA,NA,NA,NA,NA,NA,NA,NA,NA,NA,NA,NB55-03-02-MAH-HERG,5,3,4,5,,NA,NA,,
NB,55,Saint John South,4,NB55-04,NA,NA,MAH,2021,7,2,2,NB55-04-02-MAH,6:35,9,12,1,3,S,2,Y,CANG,NA,NA,NA,NA,NA,NA,NA,NA,NA,NA,NA,NA,NA,NA,NA,NB55-04-02-MAH-CANG,3,5,1,5,,NA,NA,,
NB,55,Saint John South,4,NB55-04,NA,NA,MAH,2021,7,2,2,NB55-04-02-MAH,6:35,9,12,1,3,S,2,Y,GBHE,NA,NA,NA,NA,NA,NA,NA,NA,NA,NA,NA,NA,NA,NA,NA,NB55-04-02-MAH-GBHE,1,1,1,1,,NA,NA,,
NB,55,Saint John South,4,NB55-04,NA,NA,MAH,2021,7,2,2,NB55-04-02-MAH,6:35,9,12,1,3,S,2,Y,MALL,NA,NA,NA,NA,NA,NA,NA,NA,NA,NA,NA,NA,NA,NA,NA,NB55-04-02-MAH-MALL,1,0,0,1,,NA,NA,,
NB,55,Saint John South,4,NB55-04,NA,NA,MAH,2021,7,2,2,NB55-04-02-MAH,6:35,9,12,1,3,S,2,Y,GRYE,NA,NA,NA,NA,NA,NA,NA,NA,NA,NA,NA,NA,NA,NA,NA,NB55-04-02-MAH-GRYE,2,2,2,2,,NA,NA,,
NB,55,Saint John South,4,NB55-04,NA,NA,MAH,2021,7,2,2,NB55-04-02-MAH,6:35,9,12,1,3,S,2,Y,GBBG,NA,NA,NA,NA,NA,NA,NA,NA,NA,NA,NA,NA,NA,NA,NA,NB55-04-02-MAH-GBBG,NA,NA,NA,0,OF,NA,NA,,"37 flyovers, time not noted"
NB,55,Saint John South,4,NB55-04,NA,NA,MAH,2021,7,2,2,NB55-04-02-MAH,6:35,9,12,1,3,S,2,Y,SWSP,NA,NA,NA,NA,NA,NA,NA,NA,NA,NA,NA,NA,NA,NA,NA,NB55-04-02-MAH-SWSP,0,0,1,1,,NA,NA,,
NB,55,Saint John South,4,NB55-04,NA,NA,MAH,2021,7,2,2,NB55-04-02-MAH,6:35,9,12,1,3,S,2,Y,RBGU,NA,NA,NA,NA,NA,NA,NA,NA,NA,NA,NA,NA,NA,NA,NA,NB55-04-02-MAH-RBGU,0,0,2,2,,NA,NA,,
NB,55,Saint John South,4,NB55-04,NA,NA,MAH,2021,7,2,2,NB55-04-02-MAH,6:35,9,12,1,3,S,2,Y,HERG,NA,NA,NA,NA,NA,NA,NA,NA,NA,NA,NA,NA,NA,NA,NA,NB55-04-02-MAH-HERG,NA,NA,NA,0,OF,NA,NA,,"18 flyovers, time not noted"
NB,55,Saint John South,4,NB55-04,NA,NA,MAH,2021,7,2,2,NB55-04-02-MAH,6:35,9,12,1,3,S,2,Y,AMCR,NA,NA,NA,NA,NA,NA,NA,NA,NA,NA,NA,NA,NA,NA,NA,NB55-04-02-MAH-AMCR,0,0,1,1,,NA,NA,,
NB,57,Coles Island,1,NB57-01,NA,NA,LON,2021,6,13,1,NB57-01-01-LON,5:30,10,9,0,3,sw,0,y,SAVS,NA,NA,NA,NA,NA,NA,NA,NA,NA,NA,NA,NA,NA,NA,NA,NB57-01-01-LON-SAVS,1,1,2,2,,NA,NA,,
NB,57,Coles Island,1,NB57-01,NA,NA,LON,2021,6,13,1,NB57-01-01-LON,5:30,10,9,0,3,sw,0,y,RWBL,NA,NA,NA,NA,NA,NA,NA,NA,NA,NA,NA,NA,NA,NA,NA,NB57-01-01-LON-RWBL,5,3,4,5,,NA,NA,,
NB,57,Coles Island,1,NB57-01,NA,NA,LON,2021,6,13,1,NB57-01-01-LON,5:30,10,9,0,3,sw,0,y,BOBO,NA,NA,NA,NA,NA,NA,NA,NA,NA,NA,NA,NA,NA,NA,NA,NB57-01-01-LON-BOBO,2,1,1,2,,NA,NA,,
NB,57,Coles Island,1,NB57-01,NA,NA,LON,2021,6,13,1,NB57-01-01-LON,5:30,10,9,0,3,sw,0,y,COYE,NA,NA,NA,NA,NA,NA,NA,NA,NA,NA,NA,NA,NA,NA,NA,NB57-01-01-LON-COYE,1,0,1,1,,NA,NA,,
NB,57,Coles Island,1,NB57-01,NA,NA,LON,2021,6,13,1,NB57-01-01-LON,5:30,10,9,0,3,sw,0,y,RIPH,NA,NA,NA,NA,NA,NA,NA,NA,NA,NA,NA,NA,NA,NA,NA,NB57-01-01-LON-RIPH,1,0,1,1,,NA,NA,,Written RINP
NB,57,Coles Island,1,NB57-01,NA,NA,LON,2021,6,13,1,NB57-01-01-LON,5:30,10,9,0,3,sw,0,y,SWSP,NA,NA,NA,NA,NA,NA,NA,NA,NA,NA,NA,NA,NA,NA,NA,NB57-01-01-LON-SWSP,1,1,1,1,,NA,NA,,
NB,57,Coles Island,1,NB57-01,NA,NA,LON,2021,6,13,1,NB57-01-01-LON,5:30,10,9,0,3,sw,0,y,SOSP,NA,NA,NA,NA,NA,NA,NA,NA,NA,NA,NA,NA,NA,NA,NA,NB57-01-01-LON-SOSP,0,1,0,1,,NA,NA,,
NB,57,Coles Island,2,NB57-02,NA,NA,LON,2021,6,13,1,NB57-02-01-LON,5:58,10,9,0,3,SW,0,Y,RWBL,NA,NA,NA,NA,NA,NA,NA,NA,NA,NA,NA,NA,NA,NA,NA,NB57-02-01-LON-RWBL,3,3,3,3,,NA,NA,,
NB,57,Coles Island,2,NB57-02,NA,NA,LON,2021,6,13,1,NB57-02-01-LON,5:58,10,9,0,3,SW,0,Y,COYE,NA,NA,NA,NA,NA,NA,NA,NA,NA,NA,NA,NA,NA,NA,NA,NB57-02-01-LON-COYE,1,1,1,1,,NA,NA,,
NB,57,Coles Island,2,NB57-02,NA,NA,LON,2021,6,13,1,NB57-02-01-LON,5:58,10,9,0,3,SW,0,Y,SWSP,NA,NA,NA,NA,NA,NA,NA,NA,NA,NA,NA,NA,NA,NA,NA,NB57-02-01-LON-SWSP,1,2,1,2,,NA,NA,,
NB,57,Coles Island,2,NB57-02,NA,NA,LON,2021,6,13,1,NB57-02-01-LON,5:58,10,9,0,3,SW,0,Y,SOSP,NA,NA,NA,NA,NA,NA,NA,NA,NA,NA,NA,NA,NA,NA,NA,NB57-02-01-LON-SOSP,1,1,1,1,,NA,NA,,
NB,57,Coles Island,2,NB57-02,NA,NA,LON,2021,6,13,1,NB57-02-01-LON,5:58,10,9,0,3,SW,0,Y,WODU,NA,NA,NA,NA,NA,NA,NA,NA,NA,NA,NA,NA,NA,NA,NA,NB57-02-01-LON-WODU,3,0,0,3,,3,NA,,
NB,57,Coles Island,2,NB57-02,NA,NA,LON,2021,6,13,1,NB57-02-01-LON,5:58,10,9,0,3,SW,0,Y,RIPH,NA,NA,NA,NA,NA,NA,NA,NA,NA,NA,NA,NA,NA,NA,NA,NB57-02-01-LON-RIPH,0,1,0,1,,NA,NA,,Written RINP
NB,57,Coles Island,2,NB57-02,NA,NA,LON,2021,6,13,1,NB57-02-01-LON,5:58,10,9,0,3,SW,0,Y,YEWA,NA,NA,NA,NA,NA,NA,NA,NA,NA,NA,NA,NA,NA,NA,NA,NB57-02-01-LON-YEWA,0,1,0,1,,NA,NA,,
NB,57,Coles Island,3,NB57-03,NA,NA,LON,2021,6,13,1,NB57-03-01-LON,6:23,10,8,0,2,SW,0,Y,RWBL,NA,NA,NA,NA,NA,NA,NA,NA,NA,NA,NA,NA,NA,NA,NA,NB57-03-01-LON-RWBL,3,5,4,5,,NA,NA,,
NB,57,Coles Island,3,NB57-03,NA,NA,LON,2021,6,13,1,NB57-03-01-LON,6:23,10,8,0,2,SW,0,Y,YEWA,NA,NA,NA,NA,NA,NA,NA,NA,NA,NA,NA,NA,NA,NA,NA,NB57-03-01-LON-YEWA,1,1,0,1,,NA,NA,,
NB,57,Coles Island,3,NB57-03,NA,NA,LON,2021,6,13,1,NB57-03-01-LON,6:23,10,8,0,2,SW,0,Y,COYE,NA,NA,NA,NA,NA,NA,NA,NA,NA,NA,NA,NA,NA,NA,NA,NB57-03-01-LON-COYE,1,1,1,1,,NA,NA,,
NB,57,Coles Island,3,NB57-03,NA,NA,LON,2021,6,13,1,NB57-03-01-LON,6:23,10,8,0,2,SW,0,Y,SAVS,NA,NA,NA,NA,NA,NA,NA,NA,NA,NA,NA,NA,NA,NA,NA,NB57-03-01-LON-SAVS,1,0,1,1,,NA,NA,,
NB,57,Coles Island,3,NB57-03,NA,NA,LON,2021,6,13,1,NB57-03-01-LON,6:23,10,8,0,2,SW,0,Y,SWSP,NA,NA,NA,NA,NA,NA,NA,NA,NA,NA,NA,NA,NA,NA,NA,NB57-03-01-LON-SWSP,1,0,2,2,,NA,NA,,
NB,57,Coles Island,3,NB57-03,NA,NA,LON,2021,6,13,1,NB57-03-01-LON,6:23,10,8,0,2,SW,0,Y,RNDU,NA,NA,NA,NA,NA,NA,NA,NA,NA,NA,NA,NA,NA,NA,NA,NB57-03-01-LON-RNDU,1,0,0,1,,1,NA,,
NB,57,Coles Island,3,NB57-03,NA,NA,LON,2021,6,13,1,NB57-03-01-LON,6:23,10,8,0,2,SW,0,Y,SOSP,NA,NA,NA,NA,NA,NA,NA,NA,NA,NA,NA,NA,NA,NA,NA,NB57-03-01-LON-SOSP,0,1,1,1,,NA,NA,,
NB,57,Coles Island,3,NB57-03,NA,NA,LON,2021,6,13,1,NB57-03-01-LON,6:23,10,8,0,2,SW,0,Y,GADW,NA,NA,NA,NA,NA,NA,NA,NA,NA,NA,NA,NA,NA,NA,NA,NB57-03-01-LON-GADW,1,0,0,1,,1,NA,,
NB,57,Coles Island,3,NB57-03,NA,NA,LON,2021,6,13,1,NB57-03-01-LON,6:23,10,8,0,2,SW,0,Y,NSHO,NA,NA,NA,NA,NA,NA,NA,NA,NA,NA,NA,NA,NA,NA,NA,NB57-03-01-LON-NSHO,2,0,0,2,,1,1,,
NB,57,Coles Island,4,NB57-04,NA,NA,LON,2021,6,13,1,NB57-04-01-LON,6:50,9,8,0,2,W,0,Y,RNDU,NA,NA,NA,NA,NA,NA,NA,NA,NA,NA,NA,NA,NA,NA,NA,NB57-04-01-LON-RNDU,1,1,0,1,,1,NA,,
NB,57,Coles Island,4,NB57-04,NA,NA,LON,2021,6,13,1,NB57-04-01-LON,6:50,9,8,0,2,W,0,Y,RWBL,NA,NA,NA,NA,NA,NA,NA,NA,NA,NA,NA,NA,NA,NA,NA,NB57-04-01-LON-RWBL,3,2,2,3,,NA,NA,,
NB,57,Coles Island,4,NB57-04,NA,NA,LON,2021,6,13,1,NB57-04-01-LON,6:50,9,8,0,2,W,0,Y,SWSP,NA,NA,NA,NA,NA,NA,NA,NA,NA,NA,NA,NA,NA,NA,NA,NB57-04-01-LON-SWSP,1,1,0,1,,NA,NA,,
NB,57,Coles Island,4,NB57-04,NA,NA,LON,2021,6,13,1,NB57-04-01-LON,6:50,9,8,0,2,W,0,Y,COYE,NA,NA,NA,NA,NA,NA,NA,NA,NA,NA,NA,NA,NA,NA,NA,NB57-04-01-LON-COYE,0,1,1,1,,NA,NA,,
NB,57,Coles Island,4,NB57-04,NA,NA,LON,2021,6,13,1,NB57-04-01-LON,6:50,9,8,0,2,W,0,Y,ABDU,NA,NA,NA,NA,NA,NA,NA,NA,NA,NA,NA,NA,NA,NA,NA,NB57-04-01-LON-ABDU,0,1,0,1,,NA,NA,,
NB,57,Coles Island,4,NB57-04,NA,NA,LON,2021,6,13,1,NB57-04-01-LON,6:50,9,8,0,2,W,0,Y,MALL,NA,NA,NA,NA,NA,NA,NA,NA,NA,NA,NA,NA,NA,NA,NA,NB57-04-01-LON-MALL,0,2,0,2,,2,NA,,
NB,57,Coles Island,4,NB57-04,NA,NA,LON,2021,6,13,1,NB57-04-01-LON,6:50,9,8,0,2,W,0,Y,GADW,NA,NA,NA,NA,NA,NA,NA,NA,NA,NA,NA,NA,NA,NA,NA,NB57-04-01-LON-GADW,0,1,1,1,,1,NA,,
NB,57,Coles Island,4,NB57-04,NA,NA,LON,2021,6,13,1,NB57-04-01-LON,6:50,9,8,0,2,W,0,Y,YEWA,NA,NA,NA,NA,NA,NA,NA,NA,NA,NA,NA,NA,NA,NA,NA,NB57-04-01-LON-YEWA,0,0,1,1,,NA,NA,,
NB,57,Coles Island,4,NB57-04,NA,NA,LON,2021,6,13,1,NB57-04-01-LON,6:50,9,8,0,2,W,0,Y,GADW,NA,NA,NA,NA,NA,NA,NA,NA,NA,NA,NA,NA,NA,NA,NA,NB57-04-01-LON-GADW,0,2,0,2,OF,2,NA,,
NB,57,Coles Island,5,NB57-05,NA,NA,LON,2021,6,13,1,NB57-05-01-LON,7:15,3,10,0,2,NW,0,Y,RWBL,NA,NA,NA,NA,NA,NA,NA,NA,NA,NA,NA,NA,NA,NA,NA,NB57-05-01-LON-RWBL,5,3,4,5,,NA,NA,,
NB,57,Coles Island,5,NB57-05,NA,NA,LON,2021,6,13,1,NB57-05-01-LON,7:15,3,10,0,2,NW,0,Y,COYE,NA,NA,NA,NA,NA,NA,NA,NA,NA,NA,NA,NA,NA,NA,NA,NB57-05-01-LON-COYE,1,1,1,1,,NA,NA,,
NB,57,Coles Island,5,NB57-05,NA,NA,LON,2021,6,13,1,NB57-05-01-LON,7:15,3,10,0,2,NW,0,Y,SWSP,NA,NA,NA,NA,NA,NA,NA,NA,NA,NA,NA,NA,NA,NA,NA,NB57-05-01-LON-SWSP,1,0,1,1,,NA,NA,,
NB,57,Coles Island,5,NB57-05,NA,NA,LON,2021,6,13,1,NB57-05-01-LON,7:15,3,10,0,2,NW,0,Y,ABDU,NA,NA,NA,NA,NA,NA,NA,NA,NA,NA,NA,NA,NA,NA,NA,NB57-05-01-LON-ABDU,3,1,0,3,,NA,1,2,
NB,57,Coles Island,5,NB57-05,NA,NA,LON,2021,6,13,1,NB57-05-01-LON,7:15,3,10,0,2,NW,0,Y,SOSP,NA,NA,NA,NA,NA,NA,NA,NA,NA,NA,NA,NA,NA,NA,NA,NB57-05-01-LON-SOSP,0,1,1,1,,NA,NA,,
NB,57,Coles Island,5,NB57-05,NA,NA,LON,2021,6,13,1,NB57-05-01-LON,7:15,3,10,0,2,NW,0,Y,TRES,NA,NA,NA,NA,NA,NA,NA,NA,NA,NA,NA,NA,NA,NA,NA,NB57-05-01-LON-TRES,0,1,0,1,AF,NA,NA,,
NB,57,Coles Island,5,NB57-05,NA,NA,LON,2021,6,13,1,NB57-05-01-LON,7:15,3,10,0,2,NW,0,Y,RNDU,NA,NA,NA,NA,NA,NA,NA,NA,NA,NA,NA,NA,NA,NA,NA,NB57-05-01-LON-RNDU,0,1,0,1,,1,NA,,
NB,57,Coles Island,5,NB57-05,NA,NA,LON,2021,6,13,1,NB57-05-01-LON,7:15,3,10,0,2,NW,0,Y,YEWA,NA,NA,NA,NA,NA,NA,NA,NA,NA,NA,NA,NA,NA,NA,NA,NB57-05-01-LON-YEWA,0,0,1,1,,NA,NA,,
NB,57,Coles Island,6,NB57-06,NA,NA,LON,2021,6,13,1,NB57-06-01-LON,7:53,2,10,0,1,NW,0,Y,RWBL,NA,NA,NA,NA,NA,NA,NA,NA,NA,NA,NA,NA,NA,NA,NA,NB57-06-01-LON-RWBL,5,4,5,5,,NA,NA,,
NB,57,Coles Island,6,NB57-06,NA,NA,LON,2021,6,13,1,NB57-06-01-LON,7:53,2,10,0,1,NW,0,Y,BOBO,NA,NA,NA,NA,NA,NA,NA,NA,NA,NA,NA,NA,NA,NA,NA,NB57-06-01-LON-BOBO,1,2,2,2,,NA,NA,,
NB,57,Coles Island,6,NB57-06,NA,NA,LON,2021,6,13,1,NB57-06-01-LON,7:53,2,10,0,1,NW,0,Y,MALL,NA,NA,NA,NA,NA,NA,NA,NA,NA,NA,NA,NA,NA,NA,NA,NB57-06-01-LON-MALL,2,0,0,2,OF,2,NA,,
NB,57,Coles Island,6,NB57-06,NA,NA,LON,2021,6,13,1,NB57-06-01-LON,7:53,2,10,0,1,NW,0,Y,SWSP,NA,NA,NA,NA,NA,NA,NA,NA,NA,NA,NA,NA,NA,NA,NA,NB57-06-01-LON-SWSP,0,0,1,1,,NA,NA,,
NB,57,Coles Island,1,NB57-01,NA,NA,LON,2021,7,3,2,NB57-01-02-LON,5:35,8,12,0,2,NE,0,Y,MALL,NA,NA,NA,NA,NA,NA,NA,NA,NA,NA,NA,NA,NA,NA,NA,NB57-01-02-LON-MALL,7,17,0,17,OF,NA,NA,,
NB,57,Coles Island,1,NB57-01,NA,NA,LON,2021,7,3,2,NB57-01-02-LON,5:35,8,12,0,2,NE,0,Y,RWBL,NA,NA,NA,NA,NA,NA,NA,NA,NA,NA,NA,NA,NA,NA,NA,NB57-01-02-LON-RWBL,5,4,5,5,,NA,NA,,
NB,57,Coles Island,1,NB57-01,NA,NA,LON,2021,7,3,2,NB57-01-02-LON,5:35,8,12,0,2,NE,0,Y,SWSP,NA,NA,NA,NA,NA,NA,NA,NA,NA,NA,NA,NA,NA,NA,NA,NB57-01-02-LON-SWSP,2,2,2,2,,NA,NA,,
NB,57,Coles Island,1,NB57-01,NA,NA,LON,2021,7,3,2,NB57-01-02-LON,5:35,8,12,0,2,NE,0,Y,SOSP,NA,NA,NA,NA,NA,NA,NA,NA,NA,NA,NA,NA,NA,NA,NA,NB57-01-02-LON-SOSP,1,0,0,1,,NA,NA,,
NB,57,Coles Island,1,NB57-01,NA,NA,LON,2021,7,3,2,NB57-01-02-LON,5:35,8,12,0,2,NE,0,Y,SAVS,NA,NA,NA,NA,NA,NA,NA,NA,NA,NA,NA,NA,NA,NA,NA,NB57-01-02-LON-SAVS,0,0,1,1,,NA,NA,,
NB,57,Coles Island,2,NB57-02,NA,NA,LON,2021,7,3,2,NB57-02-02-LON,6:04,9,12,0,2,NE,0,Y,SOSP,NA,NA,NA,NA,NA,NA,NA,NA,NA,NA,NA,NA,NA,NA,NA,NB57-02-02-LON-SOSP,1,1,1,1,,NA,NA,,
NB,57,Coles Island,2,NB57-02,NA,NA,LON,2021,7,3,2,NB57-02-02-LON,6:04,9,12,0,2,NE,0,Y,RWBL,NA,NA,NA,NA,NA,NA,NA,NA,NA,NA,NA,NA,NA,NA,NA,NB57-02-02-LON-RWBL,3,4,5,5,,NA,NA,,
NB,57,Coles Island,2,NB57-02,NA,NA,LON,2021,7,3,2,NB57-02-02-LON,6:04,9,12,0,2,NE,0,Y,SWSP,NA,NA,NA,NA,NA,NA,NA,NA,NA,NA,NA,NA,NA,NA,NA,NB57-02-02-LON-SWSP,1,1,2,2,,NA,NA,,
NB,57,Coles Island,2,NB57-02,NA,NA,LON,2021,7,3,2,NB57-02-02-LON,6:04,9,12,0,2,NE,0,Y,COYE,NA,NA,NA,NA,NA,NA,NA,NA,NA,NA,NA,NA,NA,NA,NA,NB57-02-02-LON-COYE,1,0,0,1,,NA,NA,,
NB,57,Coles Island,2,NB57-02,NA,NA,LON,2021,7,3,2,NB57-02-02-LON,6:04,9,12,0,2,NE,0,Y,TRES,NA,NA,NA,NA,NA,NA,NA,NA,NA,NA,NA,NA,NA,NA,NA,NB57-02-02-LON-TRES,1,1,0,1,AF,NA,NA,,
NB,57,Coles Island,2,NB57-02,NA,NA,LON,2021,7,3,2,NB57-02-02-LON,6:04,9,12,0,2,NE,0,Y,YEWA,NA,NA,NA,NA,NA,NA,NA,NA,NA,NA,NA,NA,NA,NA,NA,NB57-02-02-LON-YEWA,0,0,1,1,,NA,NA,,
NB,57,Coles Island,3,NB57-03,NA,NA,LON,2021,7,3,2,NB57-03-02-LON,6:35,10,12,0,2,NE,0,Y,GWTE,NA,NA,NA,NA,NA,NA,NA,NA,NA,NA,NA,NA,NA,NA,NA,NB57-03-02-LON-GWTE,1,0,0,1,,1,NA,,
NB,57,Coles Island,3,NB57-03,NA,NA,LON,2021,7,3,2,NB57-03-02-LON,6:35,10,12,0,2,NE,0,Y,RWBL,NA,NA,NA,NA,NA,NA,NA,NA,NA,NA,NA,NA,NA,NA,NA,NB57-03-02-LON-RWBL,5,3,2,5,,NA,NA,,
NB,57,Coles Island,3,NB57-03,NA,NA,LON,2021,7,3,2,NB57-03-02-LON,6:35,10,12,0,2,NE,0,Y,GRYE,NA,NA,NA,NA,NA,NA,NA,NA,NA,NA,NA,NA,NA,NA,NA,NB57-03-02-LON-GRYE,6,0,0,6,,NA,NA,,Possibly LEYE
NB,57,Coles Island,3,NB57-03,NA,NA,LON,2021,7,3,2,NB57-03-02-LON,6:35,10,12,0,2,NE,0,Y,COYE,NA,NA,NA,NA,NA,NA,NA,NA,NA,NA,NA,NA,NA,NA,NA,NB57-03-02-LON-COYE,0,1,1,1,,NA,NA,,
NB,57,Coles Island,3,NB57-03,NA,NA,LON,2021,7,3,2,NB57-03-02-LON,6:35,10,12,0,2,NE,0,Y,YEWA,NA,NA,NA,NA,NA,NA,NA,NA,NA,NA,NA,NA,NA,NA,NA,NB57-03-02-LON-YEWA,0,1,0,1,,NA,NA,,
NB,57,Coles Island,3,NB57-03,NA,NA,LON,2021,7,3,2,NB57-03-02-LON,6:35,10,12,0,2,NE,0,Y,SWSP,NA,NA,NA,NA,NA,NA,NA,NA,NA,NA,NA,NA,NA,NA,NA,NB57-03-02-LON-SWSP,0,0,1,1,,NA,NA,,
NB,57,Coles Island,3,NB57-03,NA,NA,LON,2021,7,3,2,NB57-03-02-LON,6:35,10,12,0,2,NE,0,Y,BAEA,NA,NA,NA,NA,NA,NA,NA,NA,NA,NA,NA,NA,NA,NA,NA,NB57-03-02-LON-BAEA,0,0,1,1,OF,NA,NA,,
NB,57,Coles Island,4,NB57-04,NA,NA,LON,2021,7,3,2,NB57-04-02-LON,7:02,9,12,1,2,NE,0,Y,RNDU,NA,NA,NA,NA,NA,NA,NA,NA,NA,NA,NA,NA,NA,NA,NA,NB57-04-02-LON-RNDU,2,0,0,2,,1,1,,
NB,57,Coles Island,4,NB57-04,NA,NA,LON,2021,7,3,2,NB57-04-02-LON,7:02,9,12,1,2,NE,0,Y,RWBL,NA,NA,NA,NA,NA,NA,NA,NA,NA,NA,NA,NA,NA,NA,NA,NB57-04-02-LON-RWBL,3,3,4,4,,NA,NA,,
NB,57,Coles Island,4,NB57-04,NA,NA,LON,2021,7,3,2,NB57-04-02-LON,7:02,9,12,1,2,NE,0,Y,SWSP,NA,NA,NA,NA,NA,NA,NA,NA,NA,NA,NA,NA,NA,NA,NA,NB57-04-02-LON-SWSP,1,1,1,1,,NA,NA,,
NB,57,Coles Island,5,NB57-05,NA,NA,LON,2021,7,3,2,NB57-05-02-LON,7:25,10,12,0,3,NE,0,Y,RWBL,NA,NA,NA,NA,NA,NA,NA,NA,NA,NA,NA,NA,NA,NA,NA,NB57-05-02-LON-RWBL,3,6,4,6,,NA,NA,,
NB,57,Coles Island,5,NB57-05,NA,NA,LON,2021,7,3,2,NB57-05-02-LON,7:25,10,12,0,3,NE,0,Y,SWSP,NA,NA,NA,NA,NA,NA,NA,NA,NA,NA,NA,NA,NA,NA,NA,NB57-05-02-LON-SWSP,1,0,0,1,,NA,NA,,
NB,57,Coles Island,5,NB57-05,NA,NA,LON,2021,7,3,2,NB57-05-02-LON,7:25,10,12,0,3,NE,0,Y,BOBO,NA,NA,NA,NA,NA,NA,NA,NA,NA,NA,NA,NA,NA,NA,NA,NB57-05-02-LON-BOBO,1,0,0,1,,NA,NA,,
NB,57,Coles Island,5,NB57-05,NA,NA,LON,2021,7,3,2,NB57-05-02-LON,7:25,10,12,0,3,NE,0,Y,TRES,NA,NA,NA,NA,NA,NA,NA,NA,NA,NA,NA,NA,NA,NA,NA,NB57-05-02-LON-TRES,0,1,0,1,AF,NA,NA,,
NB,57,Coles Island,6,NB57-06,NA,NA,LON,2021,7,3,2,NB57-06-02-LON,8:00,10,12,0,3,NE,0,Y,SWSP,NA,NA,NA,NA,NA,NA,NA,NA,NA,NA,NA,NA,NA,NA,NA,NB57-06-02-LON-SWSP,2,2,2,2,,NA,NA,,
NB,57,Coles Island,6,NB57-06,NA,NA,LON,2021,7,3,2,NB57-06-02-LON,8:00,10,12,0,3,NE,0,Y,BOBO,NA,NA,NA,NA,NA,NA,NA,NA,NA,NA,NA,NA,NA,NA,NA,NB57-06-02-LON-BOBO,5,5,7,7,,NA,NA,,
NB,57,Coles Island,6,NB57-06,NA,NA,LON,2021,7,3,2,NB57-06-02-LON,8:00,10,12,0,3,NE,0,Y,RWBL,NA,NA,NA,NA,NA,NA,NA,NA,NA,NA,NA,NA,NA,NA,NA,NB57-06-02-LON-RWBL,2,2,4,4,,NA,NA,,
NB,57,Coles Island,6,NB57-06,NA,NA,LON,2021,7,3,2,NB57-06-02-LON,8:00,10,12,0,3,NE,0,Y,TRES,NA,NA,NA,NA,NA,NA,NA,NA,NA,NA,NA,NA,NA,NA,NA,NB57-06-02-LON-TRES,1,0,2,2,AF,NA,NA,,
NB,57,Coles Island,6,NB57-06,NA,NA,LON,2021,7,3,2,NB57-06-02-LON,8:00,10,12,0,3,NE,0,Y,SOSP,NA,NA,NA,NA,NA,NA,NA,NA,NA,NA,NA,NA,NA,NA,NA,NB57-06-02-LON-SOSP,0,0,1,1,,NA,NA,,
NB,34,Tintamarre,1,NB34-01,NA,NA,MEB,2021,6,13,1,NB34-01-01-MEB,5:17,10,10,0,3,SW,1,y,BOBO,NA,NA,NA,NA,NA,NA,NA,NA,NA,NA,NA,NA,NA,NA,NA,NB34-01-01-MEB-BOBO,4,4,4,4,,NA,NA,,
NB,34,Tintamarre,1,NB34-01,NA,NA,MEB,2021,6,13,1,NB34-01-01-MEB,5:17,10,10,0,3,SW,1,y,COYE,NA,NA,NA,NA,NA,NA,NA,NA,NA,NA,NA,NA,NA,NA,NA,NB34-01-01-MEB-COYE,2,0,0,2,,NA,NA,,
NB,34,Tintamarre,1,NB34-01,NA,NA,MEB,2021,6,13,1,NB34-01-01-MEB,5:17,10,10,0,3,SW,1,y,SWSP,NA,NA,NA,NA,NA,NA,NA,NA,NA,NA,NA,NA,NA,NA,NA,NB34-01-01-MEB-SWSP,2,0,0,2,,NA,NA,,
NB,34,Tintamarre,1,NB34-01,NA,NA,MEB,2021,6,13,1,NB34-01-01-MEB,5:17,10,10,0,3,SW,1,y,SAVS,NA,NA,NA,NA,NA,NA,NA,NA,NA,NA,NA,NA,NA,NA,NA,NB34-01-01-MEB-SAVS,2,0,0,2,,NA,NA,,Written as SASP
NB,34,Tintamarre,1,NB34-01,NA,NA,MEB,2021,6,13,1,NB34-01-01-MEB,5:17,10,10,0,3,SW,1,y,COLO,NA,NA,NA,NA,NA,NA,NA,NA,NA,NA,NA,NA,NA,NA,NA,NB34-01-01-MEB-COLO,1,0,0,1,,NA,NA,,
NB,34,Tintamarre,1,NB34-01,NA,NA,MEB,2021,6,13,1,NB34-01-01-MEB,5:17,10,10,0,3,SW,1,y,ABDU,NA,NA,NA,NA,NA,NA,NA,NA,NA,NA,NA,NA,NA,NA,NA,NB34-01-01-MEB-ABDU,1,0,0,1,,NA,NA,,Written as AMBL
NB,34,Tintamarre,1,NB34-01,NA,NA,MEB,2021,6,13,1,NB34-01-01-MEB,5:17,10,10,0,3,SW,1,y,RWBL,NA,NA,NA,NA,NA,NA,NA,NA,NA,NA,NA,NA,NA,NA,NA,NB34-01-01-MEB-RWBL,1,2,0,2,,NA,NA,,Written as RWBB
NB,34,Tintamarre,1,NB34-01,NA,NA,MEB,2021,6,13,1,NB34-01-01-MEB,5:17,10,10,0,3,SW,1,y,ALFL,NA,NA,NA,NA,NA,NA,NA,NA,NA,NA,NA,NA,NA,NA,NA,NB34-01-01-MEB-ALFL,2,0,0,2,,NA,NA,,Written as ALFC
NB,34,Tintamarre,1,NB34-01,NA,NA,MEB,2021,6,13,1,NB34-01-01-MEB,5:17,10,10,0,3,SW,1,y,MALL,NA,NA,NA,NA,NA,NA,NA,NA,NA,NA,NA,NA,NA,NA,NA,NB34-01-01-MEB-MALL,0,2,3,3,,NA,NA,,
NB,34,Tintamarre-NWA,5,NB34-05,NA,NA,MEB,2021,6,13,1,NB34-05-01-MEB,5:44,10,10,0,3,SW,1,Y,BWTE,NA,NA,NA,NA,NA,NA,NA,NA,NA,NA,NA,NA,NA,NA,NA,NB34-05-01-MEB-BWTE,2,0,0,2,,NA,NA,,
NB,34,Tintamarre-NWA,5,NB34-05,NA,NA,MEB,2021,6,13,1,NB34-05-01-MEB,5:44,10,10,0,3,SW,1,Y,RNDU,NA,NA,NA,NA,NA,NA,NA,NA,NA,NA,NA,NA,NA,NA,NA,NB34-05-01-MEB-RNDU,1,0,0,1,,NA,NA,,
NB,34,Tintamarre-NWA,5,NB34-05,NA,NA,MEB,2021,6,13,1,NB34-05-01-MEB,5:44,10,10,0,3,SW,1,Y,BOBO,NA,NA,NA,NA,NA,NA,NA,NA,NA,NA,NA,NA,NA,NA,NA,NB34-05-01-MEB-BOBO,2,0,0,2,,NA,NA,,
NB,34,Tintamarre-NWA,5,NB34-05,NA,NA,MEB,2021,6,13,1,NB34-05-01-MEB,5:44,10,10,0,3,SW,1,Y,YEWA,NA,NA,NA,NA,NA,NA,NA,NA,NA,NA,NA,NA,NA,NA,NA,NB34-05-01-MEB-YEWA,1,0,1,1,,NA,NA,,
NB,34,Tintamarre-NWA,5,NB34-05,NA,NA,MEB,2021,6,13,1,NB34-05-01-MEB,5:44,10,10,0,3,SW,1,Y,RWBL,NA,NA,NA,NA,NA,NA,NA,NA,NA,NA,NA,NA,NA,NA,NA,NB34-05-01-MEB-RWBL,3,0,2,3,,NA,NA,,Written as RWBB
NB,34,Tintamarre-NWA,5,NB34-05,NA,NA,MEB,2021,6,13,1,NB34-05-01-MEB,5:44,10,10,0,3,SW,1,Y,AMWI,NA,NA,NA,NA,NA,NA,NA,NA,NA,NA,NA,NA,NA,NA,NA,NB34-05-01-MEB-AMWI,1,1,1,1,,NA,NA,,
NB,34,Tintamarre-NWA,5,NB34-05,NA,NA,MEB,2021,6,13,1,NB34-05-01-MEB,5:44,10,10,0,3,SW,1,Y,COYE,NA,NA,NA,NA,NA,NA,NA,NA,NA,NA,NA,NA,NA,NA,NA,NB34-05-01-MEB-COYE,1,0,1,1,,NA,NA,,
NB,34,Tintamarre-NWA,5,NB34-05,NA,NA,MEB,2021,6,13,1,NB34-05-01-MEB,5:44,10,10,0,3,SW,1,Y,WODU,NA,NA,NA,NA,NA,NA,NA,NA,NA,NA,NA,NA,NA,NA,NA,NB34-05-01-MEB-WODU,1,0,0,1,,NA,NA,,Written as WOOD
NB,34,Tintamarre-NWA,5,NB34-05,NA,NA,MEB,2021,6,13,1,NB34-05-01-MEB,5:44,10,10,0,3,SW,1,Y,SWSP,NA,NA,NA,NA,NA,NA,NA,NA,NA,NA,NA,NA,NA,NA,NA,NB34-05-01-MEB-SWSP,2,0,2,2,,NA,NA,,
NB,34,Tintamarre-NWA,5,NB34-05,NA,NA,MEB,2021,6,13,1,NB34-05-01-MEB,5:44,10,10,0,3,SW,1,Y,MALL,NA,NA,NA,NA,NA,NA,NA,NA,NA,NA,NA,NA,NA,NA,NA,NB34-05-01-MEB-MALL,1,0,1,1,,NA,NA,,
NB,34,Tintamarre-NWA,5,NB34-05,NA,NA,MEB,2021,6,13,1,NB34-05-01-MEB,5:44,10,10,0,3,SW,1,Y,WISP,NA,NA,NA,NA,NA,NA,NA,NA,NA,NA,NA,NA,NA,NA,NA,NB34-05-01-MEB-WISP,0,0,2,2,,NA,NA,,unknown species code
NB,34,Tintamarre-NWA,6,NB34-06,NA,NA,MEB,2021,6,13,1,NB34-06-01-MEB,6:12,10,10,0,3,SW,1,Y,ALFL,NA,NA,NA,NA,NA,NA,NA,NA,NA,NA,NA,NA,NA,NA,NA,NB34-06-01-MEB-ALFL,2,0,0,2,,NA,NA,,Written as ALFC
NB,34,Tintamarre-NWA,6,NB34-06,NA,NA,MEB,2021,6,13,1,NB34-06-01-MEB,6:12,10,10,0,3,SW,1,Y,YEWA,NA,NA,NA,NA,NA,NA,NA,NA,NA,NA,NA,NA,NA,NA,NA,NB34-06-01-MEB-YEWA,1,0,0,1,,NA,NA,,
NB,34,Tintamarre-NWA,6,NB34-06,NA,NA,MEB,2021,6,13,1,NB34-06-01-MEB,6:12,10,10,0,3,SW,1,Y,RWBL,NA,NA,NA,NA,NA,NA,NA,NA,NA,NA,NA,NA,NA,NA,NA,NB34-06-01-MEB-RWBL,2,4,0,4,,NA,NA,,Written as RWBB
NB,34,Tintamarre-NWA,6,NB34-06,NA,NA,MEB,2021,6,13,1,NB34-06-01-MEB,6:12,10,10,0,3,SW,1,Y,WISP,NA,NA,NA,NA,NA,NA,NA,NA,NA,NA,NA,NA,NA,NA,NA,NB34-06-01-MEB-WISP,2,1,0,2,,NA,NA,,unknown species code
NB,34,Tintamarre-NWA,6,NB34-06,NA,NA,MEB,2021,6,13,1,NB34-06-01-MEB,6:12,10,10,0,3,SW,1,Y,SWSP,NA,NA,NA,NA,NA,NA,NA,NA,NA,NA,NA,NA,NA,NA,NA,NB34-06-01-MEB-SWSP,1,0,0,1,,NA,NA,,
NB,34,Tintamarre-NWA,6,NB34-06,NA,NA,MEB,2021,6,13,1,NB34-06-01-MEB,6:12,10,10,0,3,SW,1,Y,AMWI,NA,NA,NA,NA,NA,NA,NA,NA,NA,NA,NA,NA,NA,NA,NA,NB34-06-01-MEB-AMWI,2,0,0,2,,NA,NA,,
NB,34,Tintamarre-NWA,6,NB34-06,NA,NA,MEB,2021,6,13,1,NB34-06-01-MEB,6:12,10,10,0,3,SW,1,Y,COLO,NA,NA,NA,NA,NA,NA,NA,NA,NA,NA,NA,NA,NA,NA,NA,NB34-06-01-MEB-COLO,0,0,1,1,,NA,NA,,
NB,34,Tintamarre-NWA,6,NB34-06,NA,NA,MEB,2021,6,13,1,NB34-06-01-MEB,6:12,10,10,0,3,SW,1,Y,COYE,NA,NA,NA,NA,NA,NA,NA,NA,NA,NA,NA,NA,NA,NA,NA,NB34-06-01-MEB-COYE,0,0,1,1,,NA,NA,,
NB,34,Tintamarre-NWA,6,NB34-06,NA,NA,MEB,2021,6,13,1,NB34-06-01-MEB,6:12,10,10,0,3,SW,1,Y,WODU,NA,NA,NA,NA,NA,NA,NA,NA,NA,NA,NA,NA,NA,NA,NA,NB34-06-01-MEB-WODU,0,0,1,1,,NA,NA,,Written as WOOD
NB,34,Tintamarre-NWA,7,NB34-07,NA,NA,MEB,2021,6,13,1,NB34-07-01-MEB,6:39,10,10,0,3,SW,1,y,WISN,NA,NA,NA,NA,NA,NA,NA,NA,NA,NA,NA,NA,NA,NA,NA,NB34-07-01-MEB-WISN,1,3,2,3,,NA,NA,,
NB,34,Tintamarre-NWA,7,NB34-07,NA,NA,MEB,2021,6,13,1,NB34-07-01-MEB,6:39,10,10,0,3,SW,1,y,ALFL,NA,NA,NA,NA,NA,NA,NA,NA,NA,NA,NA,NA,NA,NA,NA,NB34-07-01-MEB-ALFL,1,0,0,1,,NA,NA,,
NB,34,Tintamarre-NWA,7,NB34-07,NA,NA,MEB,2021,6,13,1,NB34-07-01-MEB,6:39,10,10,0,3,SW,1,y,MODO,NA,NA,NA,NA,NA,NA,NA,NA,NA,NA,NA,NA,NA,NA,NA,NB34-07-01-MEB-MODO,1,0,0,1,,NA,NA,,
NB,34,Tintamarre-NWA,7,NB34-07,NA,NA,MEB,2021,6,13,1,NB34-07-01-MEB,6:39,10,10,0,3,SW,1,y,SWSP,NA,NA,NA,NA,NA,NA,NA,NA,NA,NA,NA,NA,NA,NA,NA,NB34-07-01-MEB-SWSP,3,0,2,3,,NA,NA,,
NB,34,Tintamarre-NWA,7,NB34-07,NA,NA,MEB,2021,6,13,1,NB34-07-01-MEB,6:39,10,10,0,3,SW,1,y,COLO,NA,NA,NA,NA,NA,NA,NA,NA,NA,NA,NA,NA,NA,NA,NA,NB34-07-01-MEB-COLO,1,0,0,1,,NA,NA,,
NB,34,Tintamarre-NWA,7,NB34-07,NA,NA,MEB,2021,6,13,1,NB34-07-01-MEB,6:39,10,10,0,3,SW,1,y,RNDU,NA,NA,NA,NA,NA,NA,NA,NA,NA,NA,NA,NA,NA,NA,NA,NB34-07-01-MEB-RNDU,2,0,0,2,,NA,NA,,
NB,34,Tintamarre-NWA,7,NB34-07,NA,NA,MEB,2021,6,13,1,NB34-07-01-MEB,6:39,10,10,0,3,SW,1,y,RWBL,NA,NA,NA,NA,NA,NA,NA,NA,NA,NA,NA,NA,NA,NA,NA,NB34-07-01-MEB-RWBL,3,0,0,3,,NA,NA,,Written as RWBB
NB,34,Tintamarre-NWA,7,NB34-07,NA,NA,MEB,2021,6,13,1,NB34-07-01-MEB,6:39,10,10,0,3,SW,1,y,GRYE,NA,NA,NA,NA,NA,NA,NA,NA,NA,NA,NA,NA,NA,NA,NA,NB34-07-01-MEB-GRYE,0,1,0,1,,NA,NA,,
NB,34,Tintamarre-NWA,7,NB34-07,NA,NA,MEB,2021,6,13,1,NB34-07-01-MEB,6:39,10,10,0,3,SW,1,y,COYE,NA,NA,NA,NA,NA,NA,NA,NA,NA,NA,NA,NA,NA,NA,NA,NB34-07-01-MEB-COYE,0,3,0,3,,NA,NA,,
NB,34,Tintamarre-NWA,7,NB34-07,NA,NA,MEB,2021,6,13,1,NB34-07-01-MEB,6:39,10,10,0,3,SW,1,y,HETH,NA,NA,NA,NA,NA,NA,NA,NA,NA,NA,NA,NA,NA,NA,NA,NB34-07-01-MEB-HETH,0,1,0,1,,NA,NA,,
NB,34,Tintamarre-NWA,7,NB34-07,NA,NA,MEB,2021,6,13,1,NB34-07-01-MEB,6:39,10,10,0,3,SW,1,y,TRES,NA,NA,NA,NA,NA,NA,NA,NA,NA,NA,NA,NA,NA,NA,NA,NB34-07-01-MEB-TRES,0,1,0,1,,NA,NA,,Written as TRSW
NB,34,Tintamarre-NWA,7,NB34-07,NA,NA,MEB,2021,6,13,1,NB34-07-01-MEB,6:39,10,10,0,3,SW,1,y,WODU,NA,NA,NA,NA,NA,NA,NA,NA,NA,NA,NA,NA,NA,NA,NA,NB34-07-01-MEB-WODU,0,1,0,1,,NA,NA,,Written as WOOD
NB,34,Tintamarre-NWA,7,NB34-07,NA,NA,MEB,2021,6,13,1,NB34-07-01-MEB,6:39,10,10,0,3,SW,1,y,YEWA,NA,NA,NA,NA,NA,NA,NA,NA,NA,NA,NA,NA,NA,NA,NA,NB34-07-01-MEB-YEWA,0,0,1,1,,NA,NA,,
NB,34,Tintamarre-NWA,7,NB34-07,NA,NA,MEB,2021,6,13,1,NB34-07-01-MEB,6:39,10,10,0,3,SW,1,y,MALL,NA,NA,NA,NA,NA,NA,NA,NA,NA,NA,NA,NA,NA,NA,NA,NB34-07-01-MEB-MALL,0,0,1,1,,NA,NA,,
NB,34,Tintamarre-NWA,8,NB34-08,NA,NA,MEB,2021,6,13,1,NB34-08-01-MEB,7:13,9,10,0,3,SW,1,Y,BOBO,NA,NA,NA,NA,NA,NA,NA,NA,NA,NA,NA,NA,NA,NA,NA,NB34-08-01-MEB-BOBO,2,0,0,2,,NA,NA,,
NB,34,Tintamarre-NWA,8,NB34-08,NA,NA,MEB,2021,6,13,1,NB34-08-01-MEB,7:13,9,10,0,3,SW,1,Y,SWSP,NA,NA,NA,NA,NA,NA,NA,NA,NA,NA,NA,NA,NA,NA,NA,NB34-08-01-MEB-SWSP,1,0,0,1,,NA,NA,,
NB,34,Tintamarre-NWA,8,NB34-08,NA,NA,MEB,2021,6,13,1,NB34-08-01-MEB,7:13,9,10,0,3,SW,1,Y,SAVS,NA,NA,NA,NA,NA,NA,NA,NA,NA,NA,NA,NA,NA,NA,NA,NB34-08-01-MEB-SAVS,2,0,0,2,,NA,NA,,Written as SASP
NB,34,Tintamarre-NWA,8,NB34-08,NA,NA,MEB,2021,6,13,1,NB34-08-01-MEB,7:13,9,10,0,3,SW,1,Y,RWBL,NA,NA,NA,NA,NA,NA,NA,NA,NA,NA,NA,NA,NA,NA,NA,NB34-08-01-MEB-RWBL,1,3,0,3,,NA,NA,,"Written as RWBB, attacking RAVEN"
NB,34,Tintamarre-NWA,8,NB34-08,NA,NA,MEB,2021,6,13,1,NB34-08-01-MEB,7:13,9,10,0,3,SW,1,Y,COYE,NA,NA,NA,NA,NA,NA,NA,NA,NA,NA,NA,NA,NA,NA,NA,NB34-08-01-MEB-COYE,1,0,0,1,,NA,NA,,
NB,34,Tintamarre-NWA,8,NB34-08,NA,NA,MEB,2021,6,13,1,NB34-08-01-MEB,7:13,9,10,0,3,SW,1,Y,TRES,NA,NA,NA,NA,NA,NA,NA,NA,NA,NA,NA,NA,NA,NA,NA,NB34-08-01-MEB-TRES,3,0,0,3,AF,NA,NA,,Written as TRSW
NB,34,Tintamarre-NWA,8,NB34-08,NA,NA,MEB,2021,6,13,1,NB34-08-01-MEB,7:13,9,10,0,3,SW,1,Y,MALL,NA,NA,NA,NA,NA,NA,NA,NA,NA,NA,NA,NA,NA,NA,NA,NB34-08-01-MEB-MALL,1,0,0,1,,NA,NA,,
NB,34,Tintamarre-NWA,8,NB34-08,NA,NA,MEB,2021,6,13,1,NB34-08-01-MEB,7:13,9,10,0,3,SW,1,Y,YEWA,NA,NA,NA,NA,NA,NA,NA,NA,NA,NA,NA,NA,NA,NA,NA,NB34-08-01-MEB-YEWA,1,0,0,1,,NA,NA,,
NB,34,Tintamarre-NWA,8,NB34-08,NA,NA,MEB,2021,6,13,1,NB34-08-01-MEB,7:13,9,10,0,3,SW,1,Y,AMCR,NA,NA,NA,NA,NA,NA,NA,NA,NA,NA,NA,NA,NA,NA,NA,NB34-08-01-MEB-AMCR,1,0,0,1,,NA,NA,,
NB,34,Tintamarre-NWA,8,NB34-08,NA,NA,MEB,2021,6,13,1,NB34-08-01-MEB,7:13,9,10,0,3,SW,1,Y,CANG,NA,NA,NA,NA,NA,NA,NA,NA,NA,NA,NA,NA,NA,NA,NA,NB34-08-01-MEB-CANG,1,1,0,1,,NA,NA,,Written as CAGO
NB,34,Tintamarre-NWA,8,NB34-08,NA,NA,MEB,2021,6,13,1,NB34-08-01-MEB,7:13,9,10,0,3,SW,1,Y,CORA,NA,NA,NA,NA,NA,NA,NA,NA,NA,NA,NA,NA,NA,NA,NA,NB34-08-01-MEB-CORA,1,0,0,1,,NA,NA,,
NB,34,Tintamarre-NWA,8,NB34-08,NA,NA,MEB,2021,6,13,1,NB34-08-01-MEB,7:13,9,10,0,3,SW,1,Y,WISN,NA,NA,NA,NA,NA,NA,NA,NA,NA,NA,NA,NA,NA,NA,NA,NB34-08-01-MEB-WISN,1,3,1,3,,NA,NA,,
NB,34,Tintamarre-NWA,9,NB34-09,NA,NA,MEB,2021,6,13,1,NB34-09-01-MEB,7:36,2,11,0,3,SW,1,Y,BOBO,NA,NA,NA,NA,NA,NA,NA,NA,NA,NA,NA,NA,NA,NA,NA,NB34-09-01-MEB-BOBO,2,4,0,4,,NA,NA,,
NB,34,Tintamarre-NWA,9,NB34-09,NA,NA,MEB,2021,6,13,1,NB34-09-01-MEB,7:36,2,11,0,3,SW,1,Y,COYE,NA,NA,NA,NA,NA,NA,NA,NA,NA,NA,NA,NA,NA,NA,NA,NB34-09-01-MEB-COYE,1,0,0,1,,NA,NA,,
NB,34,Tintamarre-NWA,9,NB34-09,NA,NA,MEB,2021,6,13,1,NB34-09-01-MEB,7:36,2,11,0,3,SW,1,Y,SWSP,NA,NA,NA,NA,NA,NA,NA,NA,NA,NA,NA,NA,NA,NA,NA,NB34-09-01-MEB-SWSP,3,0,0,3,,NA,NA,,
NB,34,Tintamarre-NWA,9,NB34-09,NA,NA,MEB,2021,6,13,1,NB34-09-01-MEB,7:36,2,11,0,3,SW,1,Y,WISN,NA,NA,NA,NA,NA,NA,NA,NA,NA,NA,NA,NA,NA,NA,NA,NB34-09-01-MEB-WISN,2,0,0,2,,NA,NA,,
NB,34,Tintamarre-NWA,9,NB34-09,NA,NA,MEB,2021,6,13,1,NB34-09-01-MEB,7:36,2,11,0,3,SW,1,Y,CORA,NA,NA,NA,NA,NA,NA,NA,NA,NA,NA,NA,NA,NA,NA,NA,NB34-09-01-MEB-CORA,1,0,0,1,,NA,NA,,
NB,34,Tintamarre-NWA,9,NB34-09,NA,NA,MEB,2021,6,13,1,NB34-09-01-MEB,7:36,2,11,0,3,SW,1,Y,SAVS,NA,NA,NA,NA,NA,NA,NA,NA,NA,NA,NA,NA,NA,NA,NA,NB34-09-01-MEB-SAVS,1,1,0,1,,NA,NA,,Written as SASP
NB,34,Tintamarre-NWA,9,NB34-09,NA,NA,MEB,2021,6,13,1,NB34-09-01-MEB,7:36,2,11,0,3,SW,1,Y,RWBL,NA,NA,NA,NA,NA,NA,NA,NA,NA,NA,NA,NA,NA,NA,NA,NB34-09-01-MEB-RWBL,2,0,0,2,,NA,NA,,Written as RWBB
NB,34,Tintamarre-NWA,9,NB34-09,NA,NA,MEB,2021,6,13,1,NB34-09-01-MEB,7:36,2,11,0,3,SW,1,Y,GRYE,NA,NA,NA,NA,NA,NA,NA,NA,NA,NA,NA,NA,NA,NA,NA,NB34-09-01-MEB-GRYE,0,1,0,1,,NA,NA,,
NB,34,Tintamarre-NWA,3,NB34-03,NA,NA,MEB,2021,6,13,1,NB34-03-01-MEB,8:39,3,12,0,3,SW,1,Y,WISN,NA,NA,NA,NA,NA,NA,NA,NA,NA,NA,NA,NA,NA,NA,NA,NB34-03-01-MEB-WISN,1,1,2,2,,NA,NA,,
NB,34,Tintamarre-NWA,3,NB34-03,NA,NA,MEB,2021,6,13,1,NB34-03-01-MEB,8:39,3,12,0,3,SW,1,Y,BOBO,NA,NA,NA,NA,NA,NA,NA,NA,NA,NA,NA,NA,NA,NA,NA,NB34-03-01-MEB-BOBO,2,0,0,2,,NA,NA,,
NB,34,Tintamarre-NWA,3,NB34-03,NA,NA,MEB,2021,6,13,1,NB34-03-01-MEB,8:39,3,12,0,3,SW,1,Y,RWBL,NA,NA,NA,NA,NA,NA,NA,NA,NA,NA,NA,NA,NA,NA,NA,NB34-03-01-MEB-RWBL,2,0,3,3,,NA,NA,,Written as RWBB
NB,34,Tintamarre-NWA,3,NB34-03,NA,NA,MEB,2021,6,13,1,NB34-03-01-MEB,8:39,3,12,0,3,SW,1,Y,COYE,NA,NA,NA,NA,NA,NA,NA,NA,NA,NA,NA,NA,NA,NA,NA,NB34-03-01-MEB-COYE,1,0,0,1,,NA,NA,,
NB,34,Tintamarre-NWA,3,NB34-03,NA,NA,MEB,2021,6,13,1,NB34-03-01-MEB,8:39,3,12,0,3,SW,1,Y,SWSP,NA,NA,NA,NA,NA,NA,NA,NA,NA,NA,NA,NA,NA,NA,NA,NB34-03-01-MEB-SWSP,4,2,0,4,,NA,NA,,
NB,34,Tintamarre-NWA,3,NB34-03,NA,NA,MEB,2021,6,13,1,NB34-03-01-MEB,8:39,3,12,0,3,SW,1,Y,SAVS,NA,NA,NA,NA,NA,NA,NA,NA,NA,NA,NA,NA,NA,NA,NA,NB34-03-01-MEB-SAVS,1,0,0,1,,NA,NA,,Written as SASP
NB,34,Tintamarre-NWA,3,NB34-03,NA,NA,MEB,2021,6,13,1,NB34-03-01-MEB,8:39,3,12,0,3,SW,1,Y,AMCR,NA,NA,NA,NA,NA,NA,NA,NA,NA,NA,NA,NA,NA,NA,NA,NB34-03-01-MEB-AMCR,1,0,0,1,,NA,NA,,
NB,34,Tintamarre-NWA,3,NB34-03,NA,NA,MEB,2021,6,13,1,NB34-03-01-MEB,8:39,3,12,0,3,SW,1,Y,YEWA,NA,NA,NA,NA,NA,NA,NA,NA,NA,NA,NA,NA,NA,NA,NA,NB34-03-01-MEB-YEWA,0,1,0,1,,NA,NA,,
NB,34,Tintamarre-NWA,3,NB34-03,NA,NA,MEB,2021,6,13,1,NB34-03-01-MEB,8:39,3,12,0,3,SW,1,Y,TRES,NA,NA,NA,NA,NA,NA,NA,NA,NA,NA,NA,NA,NA,NA,NA,NB34-03-01-MEB-TRES,0,2,0,2,AF,NA,NA,,
NB,34,Tintamarre-NWA,3,NB34-03,NA,NA,MEB,2021,6,13,1,NB34-03-01-MEB,8:39,3,12,0,3,SW,1,Y,GWTE,NA,NA,NA,NA,NA,NA,NA,NA,NA,NA,NA,NA,NA,NA,NA,NB34-03-01-MEB-GWTE,0,0,1,1,OF,NA,NA,,
NB,34,Tintamarre-NWA,4,NB34-04,NA,NA,MEB,2021,6,13,1,NB34-04-01-MEB,9:07,1,12,0,3,N,1,Y,WISP,NA,NA,NA,NA,NA,NA,NA,NA,NA,NA,NA,NA,NA,NA,NA,NB34-04-01-MEB-WISP,2,0,1,2,,NA,NA,,unknown species code
NB,34,Tintamarre-NWA,4,NB34-04,NA,NA,MEB,2021,6,13,1,NB34-04-01-MEB,9:07,1,12,0,3,N,1,Y,COYE,NA,NA,NA,NA,NA,NA,NA,NA,NA,NA,NA,NA,NA,NA,NA,NB34-04-01-MEB-COYE,1,0,0,1,,NA,NA,,
NB,34,Tintamarre-NWA,4,NB34-04,NA,NA,MEB,2021,6,13,1,NB34-04-01-MEB,9:07,1,12,0,3,N,1,Y,SOSP,NA,NA,NA,NA,NA,NA,NA,NA,NA,NA,NA,NA,NA,NA,NA,NB34-04-01-MEB-SOSP,1,0,0,1,,NA,NA,,
NB,34,Tintamarre-NWA,4,NB34-04,NA,NA,MEB,2021,6,13,1,NB34-04-01-MEB,9:07,1,12,0,3,N,1,Y,SWSP,NA,NA,NA,NA,NA,NA,NA,NA,NA,NA,NA,NA,NA,NA,NA,NB34-04-01-MEB-SWSP,1,0,0,1,,NA,NA,,
NB,34,Tintamarre-NWA,4,NB34-04,NA,NA,MEB,2021,6,13,1,NB34-04-01-MEB,9:07,1,12,0,3,N,1,Y,RWBL,NA,NA,NA,NA,NA,NA,NA,NA,NA,NA,NA,NA,NA,NA,NA,NB34-04-01-MEB-RWBL,1,0,0,1,,NA,NA,,Written as RWBB
NB,34,Tintamarre-NWA,4,NB34-04,NA,NA,MEB,2021,6,13,1,NB34-04-01-MEB,9:07,1,12,0,3,N,1,Y,AMCR,NA,NA,NA,NA,NA,NA,NA,NA,NA,NA,NA,NA,NA,NA,NA,NB34-04-01-MEB-AMCR,1,0,0,1,,NA,NA,,
NB,34,Tintamarre-NWA,4,NB34-04,NA,NA,MEB,2021,6,13,1,NB34-04-01-MEB,9:07,1,12,0,3,N,1,Y,RNDU,NA,NA,NA,NA,NA,NA,NA,NA,NA,NA,NA,NA,NA,NA,NA,NB34-04-01-MEB-RNDU,1,0,0,1,,NA,NA,,
NB,34,Tintamarre-NWA,4,NB34-04,NA,NA,MEB,2021,6,13,1,NB34-04-01-MEB,9:07,1,12,0,3,N,1,Y,YEWA,NA,NA,NA,NA,NA,NA,NA,NA,NA,NA,NA,NA,NA,NA,NA,NB34-04-01-MEB-YEWA,1,0,0,1,,NA,NA,,
NB,34,Tintamarre-NWA,4,NB34-04,NA,NA,MEB,2021,6,13,1,NB34-04-01-MEB,9:07,1,12,0,3,N,1,Y,ALFL,NA,NA,NA,NA,NA,NA,NA,NA,NA,NA,NA,NA,NA,NA,NA,NB34-04-01-MEB-ALFL,1,0,0,1,,NA,NA,,
NB,34,Tintamarre-NWA,4,NB34-04,NA,NA,MEB,2021,6,13,1,NB34-04-01-MEB,9:07,1,12,0,3,N,1,Y,BOBO,NA,NA,NA,NA,NA,NA,NA,NA,NA,NA,NA,NA,NA,NA,NA,NB34-04-01-MEB-BOBO,0,1,0,1,,NA,NA,,
NB,34,Tintamarre,1,NB34-01,NA,NA,MEB,2021,7,1,2,NB34-01-02-MEB,5:26,8,19,1,3,S,0,Y,COYE,NA,NA,NA,NA,NA,NA,NA,NA,NA,NA,NA,NA,NA,NA,NA,NB34-01-02-MEB-COYE,1,1,0,1,,NA,NA,,
NB,34,Tintamarre,1,NB34-01,NA,NA,MEB,2021,7,1,2,NB34-01-02-MEB,5:26,8,19,1,3,S,0,Y,SAVS,NA,NA,NA,NA,NA,NA,NA,NA,NA,NA,NA,NA,NA,NA,NA,NB34-01-02-MEB-SAVS,2,2,0,2,,NA,NA,,Written as SASP
NB,34,Tintamarre,1,NB34-01,NA,NA,MEB,2021,7,1,2,NB34-01-02-MEB,5:26,8,19,1,3,S,0,Y,SOSP,NA,NA,NA,NA,NA,NA,NA,NA,NA,NA,NA,NA,NA,NA,NA,NB34-01-02-MEB-SOSP,2,0,0,2,,NA,NA,,
NB,34,Tintamarre,1,NB34-01,NA,NA,MEB,2021,7,1,2,NB34-01-02-MEB,5:26,8,19,1,3,S,0,Y,YEWA,NA,NA,NA,NA,NA,NA,NA,NA,NA,NA,NA,NA,NA,NA,NA,NB34-01-02-MEB-YEWA,1,1,0,1,,NA,NA,,
NB,34,Tintamarre,1,NB34-01,NA,NA,MEB,2021,7,1,2,NB34-01-02-MEB,5:26,8,19,1,3,S,0,Y,SWSP,NA,NA,NA,NA,NA,NA,NA,NA,NA,NA,NA,NA,NA,NA,NA,NB34-01-02-MEB-SWSP,4,2,4,4,,NA,NA,,
NB,34,Tintamarre,1,NB34-01,NA,NA,MEB,2021,7,1,2,NB34-01-02-MEB,5:26,8,19,1,3,S,0,Y,RWBL,NA,NA,NA,NA,NA,NA,NA,NA,NA,NA,NA,NA,NA,NA,NA,NB34-01-02-MEB-RWBL,2,0,1,2,,NA,NA,,
NB,34,Tintamarre,1,NB34-01,NA,NA,MEB,2021,7,1,2,NB34-01-02-MEB,5:26,8,19,1,3,S,0,Y,ALFL,NA,NA,NA,NA,NA,NA,NA,NA,NA,NA,NA,NA,NA,NA,NA,NB34-01-02-MEB-ALFL,1,2,0,2,,NA,NA,,
NB,34,Tintamarre,1,NB34-01,NA,NA,MEB,2021,7,1,2,NB34-01-02-MEB,5:26,8,19,1,3,S,0,Y,BOBO,NA,NA,NA,NA,NA,NA,NA,NA,NA,NA,NA,NA,NA,NA,NA,NB34-01-02-MEB-BOBO,0,0,1,1,,NA,NA,,
NB,34,Tintamarre,5,NB34-05,NA,NA,MEB,2021,7,1,2,NB34-05-02-MEB,5:55,8,19,1,3,S,0,Y,RWBL,NA,NA,NA,NA,NA,NA,NA,NA,NA,NA,NA,NA,NA,NA,NA,NB34-05-02-MEB-RWBL,10,0,0,10,,NA,NA,,
NB,34,Tintamarre,5,NB34-05,NA,NA,MEB,2021,7,1,2,NB34-05-02-MEB,5:55,8,19,1,3,S,0,Y,SOSP,NA,NA,NA,NA,NA,NA,NA,NA,NA,NA,NA,NA,NA,NA,NA,NB34-05-02-MEB-SOSP,2,1,0,2,,NA,NA,,
NB,34,Tintamarre,5,NB34-05,NA,NA,MEB,2021,7,1,2,NB34-05-02-MEB,5:55,8,19,1,3,S,0,Y,SAVS,NA,NA,NA,NA,NA,NA,NA,NA,NA,NA,NA,NA,NA,NA,NA,NB34-05-02-MEB-SAVS,1,0,0,1,,NA,NA,,
NB,34,Tintamarre,5,NB34-05,NA,NA,MEB,2021,7,1,2,NB34-05-02-MEB,5:55,8,19,1,3,S,0,Y,SWSP,NA,NA,NA,NA,NA,NA,NA,NA,NA,NA,NA,NA,NA,NA,NA,NB34-05-02-MEB-SWSP,5,0,0,5,,NA,NA,,
NB,34,Tintamarre,5,NB34-05,NA,NA,MEB,2021,7,1,2,NB34-05-02-MEB,5:55,8,19,1,3,S,0,Y,YEWA,NA,NA,NA,NA,NA,NA,NA,NA,NA,NA,NA,NA,NA,NA,NA,NB34-05-02-MEB-YEWA,1,2,0,2,,NA,NA,,
NB,34,Tintamarre,5,NB34-05,NA,NA,MEB,2021,7,1,2,NB34-05-02-MEB,5:55,8,19,1,3,S,0,Y,COYE,NA,NA,NA,NA,NA,NA,NA,NA,NA,NA,NA,NA,NA,NA,NA,NB34-05-02-MEB-COYE,1,0,0,1,,NA,NA,,
NB,34,Tintamarre,5,NB34-05,NA,NA,MEB,2021,7,1,2,NB34-05-02-MEB,5:55,8,19,1,3,S,0,Y,MALL,NA,NA,NA,NA,NA,NA,NA,NA,NA,NA,NA,NA,NA,NA,NA,NB34-05-02-MEB-MALL,2,0,0,2,OF,NA,NA,,
NB,34,Tintamarre,5,NB34-05,NA,NA,MEB,2021,7,1,2,NB34-05-02-MEB,5:55,8,19,1,3,S,0,Y,BOBO,NA,NA,NA,NA,NA,NA,NA,NA,NA,NA,NA,NA,NA,NA,NA,NB34-05-02-MEB-BOBO,0,1,1,1,,NA,NA,,
NB,34,Tintamarre,5,NB34-05,NA,NA,MEB,2021,7,1,2,NB34-05-02-MEB,5:55,8,19,1,3,S,0,Y,TRES,NA,NA,NA,NA,NA,NA,NA,NA,NA,NA,NA,NA,NA,NA,NA,NB34-05-02-MEB-TRES,0,0,1,1,,NA,NA,,
NB,34,Tintamarre,5,NB34-05,NA,NA,MEB,2021,7,1,2,NB34-05-02-MEB,5:55,8,19,1,3,S,0,Y,CORA,NA,NA,NA,NA,NA,NA,NA,NA,NA,NA,NA,NA,NA,NA,NA,NB34-05-02-MEB-CORA,0,0,1,1,,NA,NA,,
NB,34,Tintamarre,5,NB34-05,NA,NA,MEB,2021,7,1,2,NB34-05-02-MEB,5:55,8,19,1,3,S,0,Y,ALFL,NA,NA,NA,NA,NA,NA,NA,NA,NA,NA,NA,NA,NA,NA,NA,NB34-05-02-MEB-ALFL,0,0,1,1,,NA,NA,,
NB,34,Tintamarre,6,NB34-06,NA,NA,MEB,2021,7,1,2,NB34-06-02-MEB,6:24,8,19,1,3,S,0,Y,MALL,NA,NA,NA,NA,NA,NA,NA,NA,NA,NA,NA,NA,NA,NA,NA,NB34-06-02-MEB-MALL,2,1,0,2,,NA,NA,,
NB,34,Tintamarre,6,NB34-06,NA,NA,MEB,2021,7,1,2,NB34-06-02-MEB,6:24,8,19,1,3,S,0,Y,SOSP,NA,NA,NA,NA,NA,NA,NA,NA,NA,NA,NA,NA,NA,NA,NA,NB34-06-02-MEB-SOSP,1,0,0,1,,NA,NA,,
NB,34,Tintamarre,6,NB34-06,NA,NA,MEB,2021,7,1,2,NB34-06-02-MEB,6:24,8,19,1,3,S,0,Y,RWBL,NA,NA,NA,NA,NA,NA,NA,NA,NA,NA,NA,NA,NA,NA,NA,NB34-06-02-MEB-RWBL,7,2,0,7,,NA,NA,,
NB,34,Tintamarre,6,NB34-06,NA,NA,MEB,2021,7,1,2,NB34-06-02-MEB,6:24,8,19,1,3,S,0,Y,AMRO,NA,NA,NA,NA,NA,NA,NA,NA,NA,NA,NA,NA,NA,NA,NA,NB34-06-02-MEB-AMRO,2,0,0,2,,NA,NA,,
NB,34,Tintamarre,6,NB34-06,NA,NA,MEB,2021,7,1,2,NB34-06-02-MEB,6:24,8,19,1,3,S,0,Y,SWSP,NA,NA,NA,NA,NA,NA,NA,NA,NA,NA,NA,NA,NA,NA,NA,NB34-06-02-MEB-SWSP,6,3,0,6,,NA,NA,,
NB,34,Tintamarre,6,NB34-06,NA,NA,MEB,2021,7,1,2,NB34-06-02-MEB,6:24,8,19,1,3,S,0,Y,COYE,NA,NA,NA,NA,NA,NA,NA,NA,NA,NA,NA,NA,NA,NA,NA,NB34-06-02-MEB-COYE,2,0,1,2,,NA,NA,,
NB,34,Tintamarre,6,NB34-06,NA,NA,MEB,2021,7,1,2,NB34-06-02-MEB,6:24,8,19,1,3,S,0,Y,COGR,NA,NA,NA,NA,NA,NA,NA,NA,NA,NA,NA,NA,NA,NA,NA,NB34-06-02-MEB-COGR,0,4,0,4,,NA,NA,,
NB,34,Tintamarre,6,NB34-06,NA,NA,MEB,2021,7,1,2,NB34-06-02-MEB,6:24,8,19,1,3,S,0,Y,YEWA,NA,NA,NA,NA,NA,NA,NA,NA,NA,NA,NA,NA,NA,NA,NA,NB34-06-02-MEB-YEWA,0,1,0,1,,NA,NA,,
NB,34,Tintamarre,6,NB34-06,NA,NA,MEB,2021,7,1,2,NB34-06-02-MEB,6:24,8,19,1,3,S,0,Y,ALFL,NA,NA,NA,NA,NA,NA,NA,NA,NA,NA,NA,NA,NA,NA,NA,NB34-06-02-MEB-ALFL,0,1,2,2,,NA,NA,,
NB,34,Tintamarre,6,NB34-06,NA,NA,MEB,2021,7,1,2,NB34-06-02-MEB,6:24,8,19,1,3,S,0,Y,HETH,NA,NA,NA,NA,NA,NA,NA,NA,NA,NA,NA,NA,NA,NA,NA,NB34-06-02-MEB-HETH,0,0,1,1,,NA,NA,,
NB,34,Tintamarre,7,NB34-07,NA,NA,MEB,2021,7,1,2,NB34-07-02-MEB,6:50,10,20,1,3,S,1,Y,SWSP,NA,NA,NA,NA,NA,NA,NA,NA,NA,NA,NA,NA,NA,NA,NA,NB34-07-02-MEB-SWSP,6,0,2,6,,NA,NA,,
NB,34,Tintamarre,7,NB34-07,NA,NA,MEB,2021,7,1,2,NB34-07-02-MEB,6:50,10,20,1,3,S,1,Y,COYE,NA,NA,NA,NA,NA,NA,NA,NA,NA,NA,NA,NA,NA,NA,NA,NB34-07-02-MEB-COYE,1,0,1,1,,NA,NA,,
NB,34,Tintamarre,7,NB34-07,NA,NA,MEB,2021,7,1,2,NB34-07-02-MEB,6:50,10,20,1,3,S,1,Y,YEWA,NA,NA,NA,NA,NA,NA,NA,NA,NA,NA,NA,NA,NA,NA,NA,NB34-07-02-MEB-YEWA,1,0,0,1,,NA,NA,,
NB,34,Tintamarre,7,NB34-07,NA,NA,MEB,2021,7,1,2,NB34-07-02-MEB,6:50,10,20,1,3,S,1,Y,WISN,NA,NA,NA,NA,NA,NA,NA,NA,NA,NA,NA,NA,NA,NA,NA,NB34-07-02-MEB-WISN,3,2,0,3,,NA,NA,,
NB,34,Tintamarre,7,NB34-07,NA,NA,MEB,2021,7,1,2,NB34-07-02-MEB,6:50,10,20,1,3,S,1,Y,MODO,NA,NA,NA,NA,NA,NA,NA,NA,NA,NA,NA,NA,NA,NA,NA,NB34-07-02-MEB-MODO,1,0,0,1,,NA,NA,,
NB,34,Tintamarre,7,NB34-07,NA,NA,MEB,2021,7,1,2,NB34-07-02-MEB,6:50,10,20,1,3,S,1,Y,RWBL,NA,NA,NA,NA,NA,NA,NA,NA,NA,NA,NA,NA,NA,NA,NA,NB34-07-02-MEB-RWBL,0,2,0,2,,NA,NA,,
NB,34,Tintamarre,7,NB34-07,NA,NA,MEB,2021,7,1,2,NB34-07-02-MEB,6:50,10,20,1,3,S,1,Y,MALL,NA,NA,NA,NA,NA,NA,NA,NA,NA,NA,NA,NA,NA,NA,NA,NB34-07-02-MEB-MALL,0,0,0,0,,NA,NA,,Missing data
NB,34,Tintamarre,7,NB34-07,NA,NA,MEB,2021,7,1,2,NB34-07-02-MEB,6:50,10,20,1,3,S,1,Y,SOSP,NA,NA,NA,NA,NA,NA,NA,NA,NA,NA,NA,NA,NA,NA,NA,NB34-07-02-MEB-SOSP,1,0,0,1,,NA,NA,,
NB,34,Tintamarre,7,NB34-07,NA,NA,MEB,2021,7,1,2,NB34-07-02-MEB,6:50,10,20,1,3,S,1,Y,CEDW,NA,NA,NA,NA,NA,NA,NA,NA,NA,NA,NA,NA,NA,NA,NA,NB34-07-02-MEB-CEDW,2,0,0,2,,NA,NA,,Written as CEWA
NB,34,Tintamarre,7,NB34-07,NA,NA,MEB,2021,7,1,2,NB34-07-02-MEB,6:50,10,20,1,3,S,1,Y,WTSP,NA,NA,NA,NA,NA,NA,NA,NA,NA,NA,NA,NA,NA,NA,NA,NB34-07-02-MEB-WTSP,2,0,0,2,,NA,NA,,
NB,34,Tintamarre,7,NB34-07,NA,NA,MEB,2021,7,1,2,NB34-07-02-MEB,6:50,10,20,1,3,S,1,Y,AMRO,NA,NA,NA,NA,NA,NA,NA,NA,NA,NA,NA,NA,NA,NA,NA,NB34-07-02-MEB-AMRO,1,2,0,2,,NA,NA,,
NB,34,Tintamarre,7,NB34-07,NA,NA,MEB,2021,7,1,2,NB34-07-02-MEB,6:50,10,20,1,3,S,1,Y,ALFL,NA,NA,NA,NA,NA,NA,NA,NA,NA,NA,NA,NA,NA,NA,NA,NB34-07-02-MEB-ALFL,1,0,0,1,,NA,NA,,
NB,34,Tintamarre,7,NB34-07,NA,NA,MEB,2021,7,1,2,NB34-07-02-MEB,6:50,10,20,1,3,S,1,Y,LEFL,NA,NA,NA,NA,NA,NA,NA,NA,NA,NA,NA,NA,NA,NA,NA,NB34-07-02-MEB-LEFL,1,0,0,1,,NA,NA,,
NB,34,Tintamarre,7,NB34-07,NA,NA,MEB,2021,7,1,2,NB34-07-02-MEB,6:50,10,20,1,3,S,1,Y,BAWW,NA,NA,NA,NA,NA,NA,NA,NA,NA,NA,NA,NA,NA,NA,NA,NB34-07-02-MEB-BAWW,1,1,0,1,,NA,NA,,
NB,34,Tintamarre,7,NB34-07,NA,NA,MEB,2021,7,1,2,NB34-07-02-MEB,6:50,10,20,1,3,S,1,Y,BCCH,NA,NA,NA,NA,NA,NA,NA,NA,NA,NA,NA,NA,NA,NA,NA,NB34-07-02-MEB-BCCH,0,2,0,2,,NA,NA,,
NB,34,Tintamarre,7,NB34-07,NA,NA,MEB,2021,7,1,2,NB34-07-02-MEB,6:50,10,20,1,3,S,1,Y,NOPA,NA,NA,NA,NA,NA,NA,NA,NA,NA,NA,NA,NA,NA,NA,NA,NB34-07-02-MEB-NOPA,0,0,1,1,,NA,NA,,
NB,34,Tintamarre,7,NB34-07,NA,NA,MEB,2021,7,1,2,NB34-07-02-MEB,6:50,10,20,1,3,S,1,Y,WODU,NA,NA,NA,NA,NA,NA,NA,NA,NA,NA,NA,NA,NA,NA,NA,NB34-07-02-MEB-WODU,0,0,1,1,OF,NA,NA,,
NB,34,Tintamarre,8,NB34-08,NA,NA,MEB,2021,7,1,2,NB34-08-02-MEB,7:28,10,21,1,3,S,1,Y,WISN,NA,NA,NA,NA,NA,NA,NA,NA,NA,NA,NA,NA,NA,NA,NA,NB34-08-02-MEB-WISN,1,1,1,1,,NA,NA,,
NB,34,Tintamarre,8,NB34-08,NA,NA,MEB,2021,7,1,2,NB34-08-02-MEB,7:28,10,21,1,3,S,1,Y,COYE,NA,NA,NA,NA,NA,NA,NA,NA,NA,NA,NA,NA,NA,NA,NA,NB34-08-02-MEB-COYE,2,0,0,2,,NA,NA,,
NB,34,Tintamarre,8,NB34-08,NA,NA,MEB,2021,7,1,2,NB34-08-02-MEB,7:28,10,21,1,3,S,1,Y,SWSP,NA,NA,NA,NA,NA,NA,NA,NA,NA,NA,NA,NA,NA,NA,NA,NB34-08-02-MEB-SWSP,7,0,0,7,,NA,NA,,
NB,34,Tintamarre,8,NB34-08,NA,NA,MEB,2021,7,1,2,NB34-08-02-MEB,7:28,10,21,1,3,S,1,Y,RWBL,NA,NA,NA,NA,NA,NA,NA,NA,NA,NA,NA,NA,NA,NA,NA,NB34-08-02-MEB-RWBL,3,0,0,3,,NA,NA,,
NB,34,Tintamarre,8,NB34-08,NA,NA,MEB,2021,7,1,2,NB34-08-02-MEB,7:28,10,21,1,3,S,1,Y,YEWA,NA,NA,NA,NA,NA,NA,NA,NA,NA,NA,NA,NA,NA,NA,NA,NB34-08-02-MEB-YEWA,1,0,0,1,,NA,NA,,
NB,34,Tintamarre,8,NB34-08,NA,NA,MEB,2021,7,1,2,NB34-08-02-MEB,7:28,10,21,1,3,S,1,Y,SOSP,NA,NA,NA,NA,NA,NA,NA,NA,NA,NA,NA,NA,NA,NA,NA,NB34-08-02-MEB-SOSP,1,0,0,1,,NA,NA,,
NB,34,Tintamarre,8,NB34-08,NA,NA,MEB,2021,7,1,2,NB34-08-02-MEB,7:28,10,21,1,3,S,1,Y,BOBO,NA,NA,NA,NA,NA,NA,NA,NA,NA,NA,NA,NA,NA,NA,NA,NB34-08-02-MEB-BOBO,1,2,0,2,,NA,NA,,
NB,34,Tintamarre,8,NB34-08,NA,NA,MEB,2021,7,1,2,NB34-08-02-MEB,7:28,10,21,1,3,S,1,Y,NOHA,NA,NA,NA,NA,NA,NA,NA,NA,NA,NA,NA,NA,NA,NA,NA,NB34-08-02-MEB-NOHA,1,0,0,1,,NA,NA,,
NB,34,Tintamarre,9,NB34-09,NA,NA,MEB,2021,7,1,2,NB34-09-02-MEB,7:49,10,21,0,3,S,1,Y,BOBO,NA,NA,NA,NA,NA,NA,NA,NA,NA,NA,NA,NA,NA,NA,NA,NB34-09-02-MEB-BOBO,5,1,0,5,,NA,NA,,
NB,34,Tintamarre,9,NB34-09,NA,NA,MEB,2021,7,1,2,NB34-09-02-MEB,7:49,10,21,0,3,S,1,Y,SWSP,NA,NA,NA,NA,NA,NA,NA,NA,NA,NA,NA,NA,NA,NA,NA,NB34-09-02-MEB-SWSP,4,3,2,4,,NA,NA,,
NB,34,Tintamarre,9,NB34-09,NA,NA,MEB,2021,7,1,2,NB34-09-02-MEB,7:49,10,21,0,3,S,1,Y,AMRO,NA,NA,NA,NA,NA,NA,NA,NA,NA,NA,NA,NA,NA,NA,NA,NB34-09-02-MEB-AMRO,1,0,0,1,,NA,NA,,
NB,34,Tintamarre,9,NB34-09,NA,NA,MEB,2021,7,1,2,NB34-09-02-MEB,7:49,10,21,0,3,S,1,Y,RIPH,NA,NA,NA,NA,NA,NA,NA,NA,NA,NA,NA,NA,NA,NA,NA,NB34-09-02-MEB-RIPH,1,0,0,1,,NA,NA,,"Written as RNPH, assumed they meant RIPH"
NB,34,Tintamarre,9,NB34-09,NA,NA,MEB,2021,7,1,2,NB34-09-02-MEB,7:49,10,21,0,3,S,1,Y,SOSP,NA,NA,NA,NA,NA,NA,NA,NA,NA,NA,NA,NA,NA,NA,NA,NB34-09-02-MEB-SOSP,1,1,0,1,,NA,NA,,
NB,34,Tintamarre,9,NB34-09,NA,NA,MEB,2021,7,1,2,NB34-09-02-MEB,7:49,10,21,0,3,S,1,Y,COYE,NA,NA,NA,NA,NA,NA,NA,NA,NA,NA,NA,NA,NA,NA,NA,NB34-09-02-MEB-COYE,1,2,1,2,,NA,NA,,
NB,34,Tintamarre,9,NB34-09,NA,NA,MEB,2021,7,1,2,NB34-09-02-MEB,7:49,10,21,0,3,S,1,Y,RWBL,NA,NA,NA,NA,NA,NA,NA,NA,NA,NA,NA,NA,NA,NA,NA,NB34-09-02-MEB-RWBL,2,1,0,2,,NA,NA,,
NB,34,Tintamarre,9,NB34-09,NA,NA,MEB,2021,7,1,2,NB34-09-02-MEB,7:49,10,21,0,3,S,1,Y,MALL,NA,NA,NA,NA,NA,NA,NA,NA,NA,NA,NA,NA,NA,NA,NA,NB34-09-02-MEB-MALL,0,1,0,1,,NA,NA,,
NB,34,Tintamarre,9,NB34-09,NA,NA,MEB,2021,7,1,2,NB34-09-02-MEB,7:49,10,21,0,3,S,1,Y,OSPR,NA,NA,NA,NA,NA,NA,NA,NA,NA,NA,NA,NA,NA,NA,NA,NB34-09-02-MEB-OSPR,0,0,1,1,,NA,NA,,
NB,BD,Bouctouche Dune,2,NBBD-02,46.53028,64.69284,DEM,2021,6,3,1,NBBD-02-01-DEM,5:00,0,14,0,3,SW,2,Y,WTSP,NA,NA,NA,NA,NA,NA,NA,NA,NA,NA,NA,NA,NA,NA,NA,NBBD-02-01-DEM-WTSP,1,0,0,1,,NA,NA,,
NB,BD,Bouctouche Dune,2,NBBD-02,46.53028,64.69284,DEM,2021,6,3,1,NBBD-02-01-DEM,5:00,0,14,0,3,SW,2,Y,SAVS,NA,NA,NA,NA,NA,NA,NA,NA,NA,NA,NA,NA,NA,NA,NA,NBBD-02-01-DEM-SAVS,2,1,1,2,,NA,NA,,
NB,BD,Bouctouche Dune,2,NBBD-02,46.53028,64.69284,DEM,2021,6,3,1,NBBD-02-01-DEM,5:00,0,14,0,3,SW,2,Y,COYE,NA,NA,NA,NA,NA,NA,NA,NA,NA,NA,NA,NA,NA,NA,NA,NBBD-02-01-DEM-COYE,1,0,0,1,,NA,NA,,
NB,BD,Bouctouche Dune,2,NBBD-02,46.53028,64.69284,DEM,2021,6,3,1,NBBD-02-01-DEM,5:00,0,14,0,3,SW,2,Y,ALFL,NA,NA,NA,NA,NA,NA,NA,NA,NA,NA,NA,NA,NA,NA,NA,NBBD-02-01-DEM-ALFL,1,1,0,1,,NA,NA,,
NB,BD,Bouctouche Dune,2,NBBD-02,46.53028,64.69284,DEM,2021,6,3,1,NBBD-02-01-DEM,5:00,0,14,0,3,SW,2,Y,CANG,NA,NA,NA,NA,NA,NA,NA,NA,NA,NA,NA,NA,NA,NA,NA,NBBD-02-01-DEM-CANG,0,1,1,1,,NA,NA,,"2 heard, 6 seen, written as CAGO"
NB,BD,Bouctouche Dune,2,NBBD-02,46.53028,64.69284,DEM,2021,6,3,1,NBBD-02-01-DEM,5:00,0,14,0,3,SW,2,Y,CHSP,NA,NA,NA,NA,NA,NA,NA,NA,NA,NA,NA,NA,NA,NA,NA,NBBD-02-01-DEM-CHSP,1,1,1,1,,NA,NA,,
NB,BD,Bouctouche Dune,2,NBBD-02,46.53028,64.69284,DEM,2021,6,3,1,NBBD-02-01-DEM,5:00,0,14,0,3,SW,2,Y,TRES,NA,NA,NA,NA,NA,NA,NA,NA,NA,NA,NA,NA,NA,NA,NA,NBBD-02-01-DEM-TRES,0,0,1,1,OF,NA,NA,,
NB,BD,Bouctouche Dune,3,NBBD-03,46.52913,64.68922,DEM,2021,6,3,1,NBBD-03-01-DEM,5:37,0,14,0,3,SW,1,Y,COYE,NA,NA,NA,NA,NA,NA,NA,NA,NA,NA,NA,NA,NA,NA,NA,NBBD-03-01-DEM-COYE,1,1,1,1,,NA,NA,,
NB,BD,Bouctouche Dune,3,NBBD-03,46.52913,64.68922,DEM,2021,6,3,1,NBBD-03-01-DEM,5:37,0,14,0,3,SW,1,Y,SAVS,NA,NA,NA,NA,NA,NA,NA,NA,NA,NA,NA,NA,NA,NA,NA,NBBD-03-01-DEM-SAVS,2,2,2,2,,NA,NA,,
NB,BD,Bouctouche Dune,3,NBBD-03,46.52913,64.68922,DEM,2021,6,3,1,NBBD-03-01-DEM,5:37,0,14,0,3,SW,1,Y,CANG,NA,NA,NA,NA,NA,NA,NA,NA,NA,NA,NA,NA,NA,NA,NA,NBBD-03-01-DEM-CANG,1,1,1,1,,NA,NA,,written as CAGO
NB,BD,Bouctouche Dune,3,NBBD-03,46.52913,64.68922,DEM,2021,6,3,1,NBBD-03-01-DEM,5:37,0,14,0,3,SW,1,Y,TRES,NA,NA,NA,NA,NA,NA,NA,NA,NA,NA,NA,NA,NA,NA,NA,NBBD-03-01-DEM-TRES,1,0,0,1,OF,NA,NA,,
NB,BD,Bouctouche Dune,3,NBBD-03,46.52913,64.68922,DEM,2021,6,3,1,NBBD-03-01-DEM,5:37,0,14,0,3,SW,1,Y,WTSP,NA,NA,NA,NA,NA,NA,NA,NA,NA,NA,NA,NA,NA,NA,NA,NBBD-03-01-DEM-WTSP,1,0,1,1,,NA,NA,,
NB,BD,Bouctouche Dune,3,NBBD-03,46.52913,64.68922,DEM,2021,6,3,1,NBBD-03-01-DEM,5:37,0,14,0,3,SW,1,Y,GRYE,NA,NA,NA,NA,NA,NA,NA,NA,NA,NA,NA,NA,NA,NA,NA,NBBD-03-01-DEM-GRYE,0,0,1,1,,NA,NA,,
NB,BD,Bouctouche Dune,4,NBBD-04,46.52705,64.68624,DEM,2021,6,3,1,NBBD-04-01-DEM,6:07,0,14,0,3,SW,2,Y,COYE,NA,NA,NA,NA,NA,NA,NA,NA,NA,NA,NA,NA,NA,NA,NA,NBBD-04-01-DEM-COYE,1,0,0,1,,NA,NA,,
NB,BD,Bouctouche Dune,4,NBBD-04,46.52705,64.68624,DEM,2021,6,3,1,NBBD-04-01-DEM,6:07,0,14,0,3,SW,2,Y,SAVS,NA,NA,NA,NA,NA,NA,NA,NA,NA,NA,NA,NA,NA,NA,NA,NBBD-04-01-DEM-SAVS,1,1,0,1,,NA,NA,,
NB,BD,Bouctouche Dune,4,NBBD-04,46.52705,64.68624,DEM,2021,6,3,1,NBBD-04-01-DEM,6:07,0,14,0,3,SW,2,Y,CANG,NA,NA,NA,NA,NA,NA,NA,NA,NA,NA,NA,NA,NA,NA,NA,NBBD-04-01-DEM-CANG,1,1,1,1,,NA,NA,,written as CAGO
NB,BD,Bouctouche Dune,4,NBBD-04,46.52705,64.68624,DEM,2021,6,3,1,NBBD-04-01-DEM,6:07,0,14,0,3,SW,2,Y,BBPL,NA,NA,NA,NA,NA,NA,NA,NA,NA,NA,NA,NA,NA,NA,NA,NBBD-04-01-DEM-BBPL,1,0,0,1,,NA,NA,,
NB,BD,Bouctouche Dune,4,NBBD-04,46.52705,64.68624,DEM,2021,6,3,1,NBBD-04-01-DEM,6:07,0,14,0,3,SW,2,Y,GBHE,NA,NA,NA,NA,NA,NA,NA,NA,NA,NA,NA,NA,NA,NA,NA,NBBD-04-01-DEM-GBHE,0,1,0,1,,NA,NA,,
NB,BD,Bouctouche Dune,4,NBBD-04,46.52705,64.68624,DEM,2021,6,3,1,NBBD-04-01-DEM,6:07,0,14,0,3,SW,2,Y,TRES,NA,NA,NA,NA,NA,NA,NA,NA,NA,NA,NA,NA,NA,NA,NA,NBBD-04-01-DEM-TRES,0,0,1,1,AF,NA,NA,,"Indicated ""y"" for Flythrough and noted ""arial forager"""
NB,BD,Bouctouche Dune,5,NBBD-05,46.52449,64.68309,DEM,2021,6,3,1,NBBD-05-01-DEM,6:38,1,14,0,3,SW,1,Y,SAVS,NA,NA,NA,NA,NA,NA,NA,NA,NA,NA,NA,NA,NA,NA,NA,NBBD-05-01-DEM-SAVS,1,1,2,2,,NA,NA,,
NB,BD,Bouctouche Dune,5,NBBD-05,46.52449,64.68309,DEM,2021,6,3,1,NBBD-05-01-DEM,6:38,1,14,0,3,SW,1,Y,TRES,NA,NA,NA,NA,NA,NA,NA,NA,NA,NA,NA,NA,NA,NA,NA,NBBD-05-01-DEM-TRES,0,0,1,1,AF,NA,NA,,"Indicated ""y"" for Flythrough and noted ""arial forager"""
NB,BD,Bouctouche Dune,5,NBBD-05,46.52449,64.68309,DEM,2021,6,3,1,NBBD-05-01-DEM,6:38,1,14,0,3,SW,1,Y,CANG,NA,NA,NA,NA,NA,NA,NA,NA,NA,NA,NA,NA,NA,NA,NA,NBBD-05-01-DEM-CANG,0,0,1,1,,NA,NA,,written as CAGO
NB,BD,Bouctouche Dune,2,NBBD-02,46.43028,64.69284,DEM,2021,6,24,2,NBBD-02-02-DEM,4:25,0,8,0,2,S,0,Y,COYE,NA,NA,NA,NA,NA,NA,NA,NA,NA,NA,NA,NA,NA,NA,NA,NBBD-02-02-DEM-COYE,2,2,1,2,,NA,NA,,
NB,BD,Bouctouche Dune,2,NBBD-02,46.43028,64.69284,DEM,2021,6,24,2,NBBD-02-02-DEM,4:25,0,8,0,2,S,0,Y,ALFL,NA,NA,NA,NA,NA,NA,NA,NA,NA,NA,NA,NA,NA,NA,NA,NBBD-02-02-DEM-ALFL,1,2,2,2,,NA,NA,,
NB,BD,Bouctouche Dune,2,NBBD-02,46.43028,64.69284,DEM,2021,6,24,2,NBBD-02-02-DEM,4:25,0,8,0,2,S,0,Y,CANG,NA,NA,NA,NA,NA,NA,NA,NA,NA,NA,NA,NA,NA,NA,NA,NBBD-02-02-DEM-CANG,1,0,0,1,,NA,NA,,written as CAGO
NB,BD,Bouctouche Dune,2,NBBD-02,46.43028,64.69284,DEM,2021,6,24,2,NBBD-02-02-DEM,4:25,0,8,0,2,S,0,Y,SAVS,NA,NA,NA,NA,NA,NA,NA,NA,NA,NA,NA,NA,NA,NA,NA,NBBD-02-02-DEM-SAVS,2,2,2,2,,NA,NA,,
NB,BD,Bouctouche Dune,2,NBBD-02,46.43028,64.69284,DEM,2021,6,24,2,NBBD-02-02-DEM,4:25,0,8,0,2,S,0,Y,GBHE,NA,NA,NA,NA,NA,NA,NA,NA,NA,NA,NA,NA,NA,NA,NA,NBBD-02-02-DEM-GBHE,0,0,1,1,,NA,NA,,
NB,BD,Bouctouche Dune,3,NBBD-03,46.52913,64.68922,DEM,2021,6,24,2,NBBD-03-02-DEM,5:11,0,10,0,2,S,1,Y,COYE,NA,NA,NA,NA,NA,NA,NA,NA,NA,NA,NA,NA,NA,NA,NA,NBBD-03-02-DEM-COYE,1,1,1,1,,NA,NA,,
NB,BD,Bouctouche Dune,3,NBBD-03,46.52913,64.68922,DEM,2021,6,24,2,NBBD-03-02-DEM,5:11,0,10,0,2,S,1,Y,SAVS,NA,NA,NA,NA,NA,NA,NA,NA,NA,NA,NA,NA,NA,NA,NA,NBBD-03-02-DEM-SAVS,3,3,3,3,,NA,NA,,
NB,BD,Bouctouche Dune,3,NBBD-03,46.52913,64.68922,DEM,2021,6,24,2,NBBD-03-02-DEM,5:11,0,10,0,2,S,1,Y,COLO,NA,NA,NA,NA,NA,NA,NA,NA,NA,NA,NA,NA,NA,NA,NA,NBBD-03-02-DEM-COLO,1,0,1,1,,NA,NA,,
NB,BD,Bouctouche Dune,3,NBBD-03,46.52913,64.68922,DEM,2021,6,24,2,NBBD-03-02-DEM,5:11,0,10,0,2,S,1,Y,ALFL,NA,NA,NA,NA,NA,NA,NA,NA,NA,NA,NA,NA,NA,NA,NA,NBBD-03-02-DEM-ALFL,0,1,0,1,,NA,NA,,
NB,BD,Bouctouche Dune,4,NBBD-04,46.52705,64.68624,DEM,2021,6,24,2,NBBD-04-02-DEM,5:40,0,9,0,2,W,1,Y,SAVS,NA,NA,NA,NA,NA,NA,NA,NA,NA,NA,NA,NA,NA,NA,NA,NBBD-04-02-DEM-SAVS,2,2,2,2,,NA,NA,,
NB,BD,Bouctouche Dune,4,NBBD-04,46.52705,64.68624,DEM,2021,6,24,2,NBBD-04-02-DEM,5:40,0,9,0,2,W,1,Y,COLO,NA,NA,NA,NA,NA,NA,NA,NA,NA,NA,NA,NA,NA,NA,NA,NBBD-04-02-DEM-COLO,1,0,0,1,,NA,NA,,
NB,BD,Bouctouche Dune,4,NBBD-04,46.52705,64.68624,DEM,2021,6,24,2,NBBD-04-02-DEM,5:40,0,9,0,2,W,1,Y,ALFL,NA,NA,NA,NA,NA,NA,NA,NA,NA,NA,NA,NA,NA,NA,NA,NBBD-04-02-DEM-ALFL,1,0,0,1,,NA,NA,,
NB,BD,Bouctouche Dune,4,NBBD-04,46.52705,64.68624,DEM,2021,6,24,2,NBBD-04-02-DEM,5:40,0,9,0,2,W,1,Y,GRYE,NA,NA,NA,NA,NA,NA,NA,NA,NA,NA,NA,NA,NA,NA,NA,NBBD-04-02-DEM-GRYE,0,1,0,1,,NA,NA,,
NB,BD,Bouctouche Dune,5,NBBD-05,46.52449,64.68309,DEM,2021,6,24,2,NBBD-05-02-DEM,6:08,0,9,0,2,W,1,Y,SAVS,NA,NA,NA,NA,NA,NA,NA,NA,NA,NA,NA,NA,NA,NA,NA,NBBD-05-02-DEM-SAVS,2,2,2,2,,NA,NA,,
NB,CH,Chockpish,1,NBCH-01,46.60406,64.72416,DEM,2021,6,9,1,NBCH-01-01-DEM,4:59,9,15,0,3,SW,0,Y,COYE,NA,NA,NA,NA,NA,NA,NA,NA,NA,NA,NA,NA,NA,NA,NA,NBCH-01-01-DEM-COYE,1,1,1,1,,NA,NA,,
NB,CH,Chockpish,1,NBCH-01,46.60406,64.72416,DEM,2021,6,9,1,NBCH-01-01-DEM,4:59,9,15,0,3,SW,0,Y,ALFL,NA,NA,NA,NA,NA,NA,NA,NA,NA,NA,NA,NA,NA,NA,NA,NBCH-01-01-DEM-ALFL,1,1,1,1,,NA,NA,,
NB,CH,Chockpish,1,NBCH-01,46.60406,64.72416,DEM,2021,6,9,1,NBCH-01-01-DEM,4:59,9,15,0,3,SW,0,Y,CHSP,NA,NA,NA,NA,NA,NA,NA,NA,NA,NA,NA,NA,NA,NA,NA,NBCH-01-01-DEM-CHSP,1,2,2,2,,NA,NA,,
NB,CH,Chockpish,1,NBCH-01,46.60406,64.72416,DEM,2021,6,9,1,NBCH-01-01-DEM,4:59,9,15,0,3,SW,0,Y,RWBL,NA,NA,NA,NA,NA,NA,NA,NA,NA,NA,NA,NA,NA,NA,NA,NBCH-01-01-DEM-RWBL,1,1,2,2,,NA,NA,,
NB,CH,Chockpish,3,NBCH-03,46.60148,64.72246,DEM,2021,6,9,1,NBCH-03-01-DEM,5:36,9,18,0,3,SW,1,Y,RWBL,NA,NA,NA,NA,NA,NA,NA,NA,NA,NA,NA,NA,NA,NA,NA,NBCH-03-01-DEM-RWBL,3,2,2,3,,NA,NA,,
NB,CH,Chockpish,3,NBCH-03,46.60148,64.72246,DEM,2021,6,9,1,NBCH-03-01-DEM,5:36,9,18,0,3,SW,1,Y,WTSP,NA,NA,NA,NA,NA,NA,NA,NA,NA,NA,NA,NA,NA,NA,NA,NBCH-03-01-DEM-WTSP,1,0,0,1,,NA,NA,,
NB,CH,Chockpish,3,NBCH-03,46.60148,64.72246,DEM,2021,6,9,1,NBCH-03-01-DEM,5:36,9,18,0,3,SW,1,Y,COYE,NA,NA,NA,NA,NA,NA,NA,NA,NA,NA,NA,NA,NA,NA,NA,NBCH-03-01-DEM-COYE,1,1,1,1,,NA,NA,,
NB,CH,Chockpish,3,NBCH-03,46.60148,64.72246,DEM,2021,6,9,1,NBCH-03-01-DEM,5:36,9,18,0,3,SW,1,Y,CHSP,NA,NA,NA,NA,NA,NA,NA,NA,NA,NA,NA,NA,NA,NA,NA,NBCH-03-01-DEM-CHSP,1,1,1,1,,NA,NA,,
NB,CH,Chockpish,3,NBCH-03,46.60148,64.72246,DEM,2021,6,9,1,NBCH-03-01-DEM,5:36,9,18,0,3,SW,1,Y,ALFL,NA,NA,NA,NA,NA,NA,NA,NA,NA,NA,NA,NA,NA,NA,NA,NBCH-03-01-DEM-ALFL,1,1,0,1,,NA,NA,,
NB,CH,Chockpish,4,NBCH-04,46.59465,64.72334,DEM,2021,6,9,1,NBCH-04-01-DEM,6:12,8,18,0,3,SW,0,Y,CANG,NA,NA,NA,NA,NA,NA,NA,NA,NA,NA,NA,NA,NA,NA,NA,NBCH-04-01-DEM-CANG,1,0,0,1,,NA,NA,,"6 or more seen, written as CAGO"
NB,CH,Chockpish,4,NBCH-04,46.59465,64.72334,DEM,2021,6,9,1,NBCH-04-01-DEM,6:12,8,18,0,3,SW,0,Y,RWBL,NA,NA,NA,NA,NA,NA,NA,NA,NA,NA,NA,NA,NA,NA,NA,NBCH-04-01-DEM-RWBL,1,0,0,1,,NA,NA,,
NB,CH,Chockpish,4,NBCH-04,46.59465,64.72334,DEM,2021,6,9,1,NBCH-04-01-DEM,6:12,8,18,0,3,SW,0,Y,SAVS,NA,NA,NA,NA,NA,NA,NA,NA,NA,NA,NA,NA,NA,NA,NA,NBCH-04-01-DEM-SAVS,1,0,0,1,,NA,NA,,
NB,CH,Chockpish,4,NBCH-04,46.59465,64.72334,DEM,2021,6,9,1,NBCH-04-01-DEM,6:12,8,18,0,3,SW,0,Y,CHSP,NA,NA,NA,NA,NA,NA,NA,NA,NA,NA,NA,NA,NA,NA,NA,NBCH-04-01-DEM-CHSP,1,0,0,1,,NA,NA,,
NB,CH,Chockpish,4,NBCH-04,46.59465,64.72334,DEM,2021,6,9,1,NBCH-04-01-DEM,6:12,8,18,0,3,SW,0,Y,MODO,NA,NA,NA,NA,NA,NA,NA,NA,NA,NA,NA,NA,NA,NA,NA,NBCH-04-01-DEM-MODO,1,1,1,1,,NA,NA,,
NB,CH,Chockpish,4,NBCH-04,46.59465,64.72334,DEM,2021,6,9,1,NBCH-04-01-DEM,6:12,8,18,0,3,SW,0,Y,ALFL,NA,NA,NA,NA,NA,NA,NA,NA,NA,NA,NA,NA,NA,NA,NA,NBCH-04-01-DEM-ALFL,1,0,1,1,,NA,NA,,
NB,CH,Chockpish,2,NBCH-02,46.60648,64.72148,DEM,2021,6,9,1,NBCH-02-01-DEM,7:41,9,19,0,2,SW,0,Y,SAVS,NA,NA,NA,NA,NA,NA,NA,NA,NA,NA,NA,NA,NA,NA,NA,NBCH-02-01-DEM-SAVS,3,0,2,3,,NA,NA,,
NB,CH,Chockpish,2,NBCH-02,46.60648,64.72148,DEM,2021,6,9,1,NBCH-02-01-DEM,7:41,9,19,0,2,SW,0,Y,COYE,NA,NA,NA,NA,NA,NA,NA,NA,NA,NA,NA,NA,NA,NA,NA,NBCH-02-01-DEM-COYE,1,1,1,1,,NA,NA,,
NB,CH,Chockpish,2,NBCH-02,46.60648,64.72148,DEM,2021,6,9,1,NBCH-02-01-DEM,7:41,9,19,0,2,SW,0,Y,ALFL,NA,NA,NA,NA,NA,NA,NA,NA,NA,NA,NA,NA,NA,NA,NA,NBCH-02-01-DEM-ALFL,1,1,1,1,,NA,NA,,
NB,CH,Chockpish,2,NBCH-02,46.60648,64.72148,DEM,2021,6,9,1,NBCH-02-01-DEM,7:41,9,19,0,2,SW,0,Y,WTSP,NA,NA,NA,NA,NA,NA,NA,NA,NA,NA,NA,NA,NA,NA,NA,NBCH-02-01-DEM-WTSP,0,1,1,1,,NA,NA,,
NB,CH,Chockpish,2,NBCH-02,46.60648,64.72148,DEM,2021,6,9,1,NBCH-02-01-DEM,7:41,9,19,0,2,SW,0,Y,COLO,NA,NA,NA,NA,NA,NA,NA,NA,NA,NA,NA,NA,NA,NA,NA,NBCH-02-01-DEM-COLO,0,2,0,2,OF,NA,NA,,
NB,CH,Chockpish,2,NBCH-02,46.60648,64.72148,DEM,2021,6,9,1,NBCH-02-01-DEM,7:41,9,19,0,2,SW,0,Y,HETH,NA,NA,NA,NA,NA,NA,NA,NA,NA,NA,NA,NA,NA,NA,NA,NBCH-02-01-DEM-HETH,0,0,1,1,,NA,NA,,
NB,CH,Chockpish,1,NBCH-01,46.60406,64.72416,DEM,2021,6,30,2,NBCH-01-02-DEM,4:50,10,20,0,2,SW,0,Y,ALFL,NA,NA,NA,NA,NA,NA,NA,NA,NA,NA,NA,NA,NA,NA,NA,NBCH-01-02-DEM-ALFL,2,2,2,2,,NA,NA,,
NB,CH,Chockpish,1,NBCH-01,46.60406,64.72416,DEM,2021,6,30,2,NBCH-01-02-DEM,4:50,10,20,0,2,SW,0,Y,RWBL,NA,NA,NA,NA,NA,NA,NA,NA,NA,NA,NA,NA,NA,NA,NA,NBCH-01-02-DEM-RWBL,0,1,1,1,,NA,NA,,
NB,CH,Chockpish,1,NBCH-01,46.60406,64.72416,DEM,2021,6,30,2,NBCH-01-02-DEM,4:50,10,20,0,2,SW,0,Y,COYE,NA,NA,NA,NA,NA,NA,NA,NA,NA,NA,NA,NA,NA,NA,NA,NBCH-01-02-DEM-COYE,0,0,1,1,,NA,NA,,
NB,CH,Chockpish,3,NBCH-03,46.60148,64.72246,DEM,2021,6,30,2,NBCH-03-02-DEM,5:24,10,20,0,2,SW,0,Y,RWBL,NA,NA,NA,NA,NA,NA,NA,NA,NA,NA,NA,NA,NA,NA,NA,NBCH-03-02-DEM-RWBL,2,1,2,2,,NA,NA,,
NB,CH,Chockpish,3,NBCH-03,46.60148,64.72246,DEM,2021,6,30,2,NBCH-03-02-DEM,5:24,10,20,0,2,SW,0,Y,ALFL,NA,NA,NA,NA,NA,NA,NA,NA,NA,NA,NA,NA,NA,NA,NA,NBCH-03-02-DEM-ALFL,1,0,0,1,,NA,NA,,
NB,CH,Chockpish,3,NBCH-03,46.60148,64.72246,DEM,2021,6,30,2,NBCH-03-02-DEM,5:24,10,20,0,2,SW,0,Y,WTSP,NA,NA,NA,NA,NA,NA,NA,NA,NA,NA,NA,NA,NA,NA,NA,NBCH-03-02-DEM-WTSP,1,1,0,1,,NA,NA,,
NB,CH,Chockpish,3,NBCH-03,46.60148,64.72246,DEM,2021,6,30,2,NBCH-03-02-DEM,5:24,10,20,0,2,SW,0,Y,COYE,NA,NA,NA,NA,NA,NA,NA,NA,NA,NA,NA,NA,NA,NA,NA,NBCH-03-02-DEM-COYE,0,1,1,1,,NA,NA,,
NB,CH,Chockpish,3,NBCH-03,46.60148,64.72246,DEM,2021,6,30,2,NBCH-03-02-DEM,5:24,10,20,0,2,SW,0,Y,RUDU,NA,NA,NA,NA,NA,NA,NA,NA,NA,NA,NA,NA,NA,NA,NA,NBCH-03-02-DEM-RUDU,1,1,1,1,,NA,NA,,
NB,CH,Chockpish,4,NBCH-04,46.59465,64.72334,DEM,2021,6,30,2,NBCH-04-02-DEM,5:57,10,20,2,2,SW,0,Y,COLO,NA,NA,NA,NA,NA,NA,NA,NA,NA,NA,NA,NA,NA,NA,NA,NBCH-04-02-DEM-COLO,1,0,0,1,,NA,NA,,"""Light"" written in notes"
NB,CH,Chockpish,4,NBCH-04,46.59465,64.72334,DEM,2021,6,30,2,NBCH-04-02-DEM,5:57,10,20,2,2,SW,0,Y,RWBL,NA,NA,NA,NA,NA,NA,NA,NA,NA,NA,NA,NA,NA,NA,NA,NBCH-04-02-DEM-RWBL,1,1,2,2,,NA,NA,,"""Light"" written in notes"
NB,CH,Chockpish,4,NBCH-04,46.59465,64.72334,DEM,2021,6,30,2,NBCH-04-02-DEM,5:57,10,20,2,2,SW,0,Y,GRYE,NA,NA,NA,NA,NA,NA,NA,NA,NA,NA,NA,NA,NA,NA,NA,NBCH-04-02-DEM-GRYE,0,1,0,1,,NA,NA,,"""Light"" written in notes"
NB,CH,Chockpish,4,NBCH-04,46.59465,64.72334,DEM,2021,6,30,2,NBCH-04-02-DEM,5:57,10,20,2,2,SW,0,Y,COYE,NA,NA,NA,NA,NA,NA,NA,NA,NA,NA,NA,NA,NA,NA,NA,NBCH-04-02-DEM-COYE,0,0,1,1,,NA,NA,,"""Light"" written in notes"
NB,CH,Chockpish,2,NBCH-02,46.60648,64.72148,DEM,2021,6,30,2,NBCH-02-02-DEM,6:43,10,21,0,2,W,0,Y,WTSP,NA,NA,NA,NA,NA,NA,NA,NA,NA,NA,NA,NA,NA,NA,NA,NBCH-02-02-DEM-WTSP,1,0,0,1,,NA,NA,,
NB,CH,Chockpish,2,NBCH-02,46.60648,64.72148,DEM,2021,6,30,2,NBCH-02-02-DEM,6:43,10,21,0,2,W,0,Y,RWBL,NA,NA,NA,NA,NA,NA,NA,NA,NA,NA,NA,NA,NA,NA,NA,NBCH-02-02-DEM-RWBL,1,0,0,1,,NA,NA,,
NB,CH,Chockpish,2,NBCH-02,46.60648,64.72148,DEM,2021,6,30,2,NBCH-02-02-DEM,6:43,10,21,0,2,W,0,Y,ALFL,NA,NA,NA,NA,NA,NA,NA,NA,NA,NA,NA,NA,NA,NA,NA,NBCH-02-02-DEM-ALFL,0,0,1,1,,NA,NA,,
NB,CH,Chockpish,2,NBCH-02,46.60648,64.72148,DEM,2021,6,30,2,NBCH-02-02-DEM,6:43,10,21,0,2,W,0,Y,AMWI,NA,NA,NA,NA,NA,NA,NA,NA,NA,NA,NA,NA,NA,NA,NA,NBCH-02-02-DEM-AMWI,0,0,1,1,,NA,NA,,
NB,CV,Cormierville,2,NBCV-02,46.3979,64.61409,DEM,2021,6,17,1,NBCV-02-01-DEM,4:50,0,10,0,3,SW,0,Y,CHSP,NA,NA,NA,NA,NA,NA,NA,NA,NA,NA,NA,NA,NA,NA,NA,NBCV-02-01-DEM-CHSP,1,1,1,1,,NA,NA,,
NB,CV,Cormierville,2,NBCV-02,46.3979,64.61409,DEM,2021,6,17,1,NBCV-02-01-DEM,4:50,0,10,0,3,SW,0,Y,SAVS,NA,NA,NA,NA,NA,NA,NA,NA,NA,NA,NA,NA,NA,NA,NA,NBCV-02-01-DEM-SAVS,3,0,0,3,,NA,NA,,
NB,CV,Cormierville,2,NBCV-02,46.3979,64.61409,DEM,2021,6,17,1,NBCV-02-01-DEM,4:50,0,10,0,3,SW,0,Y,COYE,NA,NA,NA,NA,NA,NA,NA,NA,NA,NA,NA,NA,NA,NA,NA,NBCV-02-01-DEM-COYE,1,1,2,2,,NA,NA,,
NB,CV,Cormierville,2,NBCV-02,46.3979,64.61409,DEM,2021,6,17,1,NBCV-02-01-DEM,4:50,0,10,0,3,SW,0,Y,ALFL,NA,NA,NA,NA,NA,NA,NA,NA,NA,NA,NA,NA,NA,NA,NA,NBCV-02-01-DEM-ALFL,1,1,2,2,,NA,NA,,
NB,CV,Cormierville,2,NBCV-02,46.3979,64.61409,DEM,2021,6,17,1,NBCV-02-01-DEM,4:50,0,10,0,3,SW,0,Y,RWBL,NA,NA,NA,NA,NA,NA,NA,NA,NA,NA,NA,NA,NA,NA,NA,NBCV-02-01-DEM-RWBL,1,1,1,1,,NA,NA,,
NB,CV,Cormierville,2,NBCV-02,46.3979,64.61409,DEM,2021,6,17,1,NBCV-02-01-DEM,4:50,0,10,0,3,SW,0,Y,CANG,NA,NA,NA,NA,NA,NA,NA,NA,NA,NA,NA,NA,NA,NA,NA,NBCV-02-01-DEM-CANG,0,0,1,1,OF,NA,NA,,written as CAGO
NB,CV,Cormierville,2,NBCV-02,46.3979,64.61409,DEM,2021,6,17,1,NBCV-02-01-DEM,4:50,0,10,0,3,SW,0,Y,GBHE,NA,NA,NA,NA,NA,NA,NA,NA,NA,NA,NA,NA,NA,NA,NA,NBCV-02-01-DEM-GBHE,1,1,1,1,,NA,NA,,
NB,CV,Cormierville,1,NBCV-01,46.39511,64.61511,DEM,2021,6,17,1,NBCV-01-01-DEM,5:24,0,11,0,3,SW,1,Y,TRES,NA,NA,NA,NA,NA,NA,NA,NA,NA,NA,NA,NA,NA,NA,NA,NBCV-01-01-DEM-TRES,1,1,1,1,OF,NA,NA,,
NB,CV,Cormierville,1,NBCV-01,46.39511,64.61511,DEM,2021,6,17,1,NBCV-01-01-DEM,5:24,0,11,0,3,SW,1,Y,CHSP,NA,NA,NA,NA,NA,NA,NA,NA,NA,NA,NA,NA,NA,NA,NA,NBCV-01-01-DEM-CHSP,2,1,1,2,,NA,NA,,
NB,CV,Cormierville,1,NBCV-01,46.39511,64.61511,DEM,2021,6,17,1,NBCV-01-01-DEM,5:24,0,11,0,3,SW,1,Y,ALFL,NA,NA,NA,NA,NA,NA,NA,NA,NA,NA,NA,NA,NA,NA,NA,NBCV-01-01-DEM-ALFL,1,1,1,1,,NA,NA,,
NB,CV,Cormierville,1,NBCV-01,46.39511,64.61511,DEM,2021,6,17,1,NBCV-01-01-DEM,5:24,0,11,0,3,SW,1,Y,COYE,NA,NA,NA,NA,NA,NA,NA,NA,NA,NA,NA,NA,NA,NA,NA,NBCV-01-01-DEM-COYE,1,1,1,1,,NA,NA,,
NB,CV,Cormierville,1,NBCV-01,46.39511,64.61511,DEM,2021,6,17,1,NBCV-01-01-DEM,5:24,0,11,0,3,SW,1,Y,RWBL,NA,NA,NA,NA,NA,NA,NA,NA,NA,NA,NA,NA,NA,NA,NA,NBCV-01-01-DEM-RWBL,1,1,2,2,,NA,NA,,
NB,CV,Cormierville,1,NBCV-01,46.39511,64.61511,DEM,2021,6,17,1,NBCV-01-01-DEM,5:24,0,11,0,3,SW,1,Y,BOBO,NA,NA,NA,NA,NA,NA,NA,NA,NA,NA,NA,NA,NA,NA,NA,NBCV-01-01-DEM-BOBO,1,2,2,2,,NA,NA,,
NB,CV,Cormierville,3,NBCV-03,46.39989,64.61517,DEM,2021,6,17,1,NBCV-03-01-DEM,6:15,0,9,0,3,SW,1,Y,RWBL,NA,NA,NA,NA,NA,NA,NA,NA,NA,NA,NA,NA,NA,NA,NA,NBCV-03-01-DEM-RWBL,2,2,2,2,,NA,NA,,
NB,CV,Cormierville,3,NBCV-03,46.39989,64.61517,DEM,2021,6,17,1,NBCV-03-01-DEM,6:15,0,9,0,3,SW,1,Y,GBHE,NA,NA,NA,NA,NA,NA,NA,NA,NA,NA,NA,NA,NA,NA,NA,NBCV-03-01-DEM-GBHE,2,1,1,2,,NA,NA,,
NB,CV,Cormierville,3,NBCV-03,46.39989,64.61517,DEM,2021,6,17,1,NBCV-03-01-DEM,6:15,0,9,0,3,SW,1,Y,ALFL,NA,NA,NA,NA,NA,NA,NA,NA,NA,NA,NA,NA,NA,NA,NA,NBCV-03-01-DEM-ALFL,2,1,1,2,,NA,NA,,
NB,CV,Cormierville,3,NBCV-03,46.39989,64.61517,DEM,2021,6,17,1,NBCV-03-01-DEM,6:15,0,9,0,3,SW,1,Y,CHSP,NA,NA,NA,NA,NA,NA,NA,NA,NA,NA,NA,NA,NA,NA,NA,NBCV-03-01-DEM-CHSP,2,0,1,2,,NA,NA,,
NB,CV,Cormierville,3,NBCV-03,46.39989,64.61517,DEM,2021,6,17,1,NBCV-03-01-DEM,6:15,0,9,0,3,SW,1,Y,GRYE,NA,NA,NA,NA,NA,NA,NA,NA,NA,NA,NA,NA,NA,NA,NA,NBCV-03-01-DEM-GRYE,0,1,1,1,,NA,NA,,
NB,CV,Cormierville,4,NBCV-04,46.40279,64.61533,DEM,2021,6,17,1,NBCV-04-01-DEM,6:45,0,11,0,3,SW,1,Y,RWBL,NA,NA,NA,NA,NA,NA,NA,NA,NA,NA,NA,NA,NA,NA,NA,NBCV-04-01-DEM-RWBL,3,3,3,3,,NA,NA,,
NB,CV,Cormierville,4,NBCV-04,46.40279,64.61533,DEM,2021,6,17,1,NBCV-04-01-DEM,6:45,0,11,0,3,SW,1,Y,CHSP,NA,NA,NA,NA,NA,NA,NA,NA,NA,NA,NA,NA,NA,NA,NA,NBCV-04-01-DEM-CHSP,1,1,1,1,,NA,NA,,
NB,CV,Cormierville,2,NBCV-02,46.3979,64.61409,DEM,2021,7,7,2,NBCV-02-02-DEM,5:00,3,19,0,2,W,0,Y,COYE,NA,NA,NA,NA,NA,NA,NA,NA,NA,NA,NA,NA,NA,NA,NA,NBCV-02-02-DEM-COYE,1,1,1,1,,NA,NA,,
NB,CV,Cormierville,2,NBCV-02,46.3979,64.61409,DEM,2021,7,7,2,NBCV-02-02-DEM,5:00,3,19,0,2,W,0,Y,RWBL,NA,NA,NA,NA,NA,NA,NA,NA,NA,NA,NA,NA,NA,NA,NA,NBCV-02-02-DEM-RWBL,2,2,2,2,,NA,NA,,
NB,CV,Cormierville,2,NBCV-02,46.3979,64.61409,DEM,2021,7,7,2,NBCV-02-02-DEM,5:00,3,19,0,2,W,0,Y,SAVS,NA,NA,NA,NA,NA,NA,NA,NA,NA,NA,NA,NA,NA,NA,NA,NBCV-02-02-DEM-SAVS,0,1,1,1,,NA,NA,,
NB,CV,Cormierville,2,NBCV-02,46.3979,64.61409,DEM,2021,7,7,2,NBCV-02-02-DEM,5:00,3,19,0,2,W,0,Y,ALFL,NA,NA,NA,NA,NA,NA,NA,NA,NA,NA,NA,NA,NA,NA,NA,NBCV-02-02-DEM-ALFL,0,1,1,1,,NA,NA,,
NB,CV,Cormierville,2,NBCV-02,46.3979,64.61409,DEM,2021,7,7,2,NBCV-02-02-DEM,5:00,3,19,0,2,W,0,Y,GBHE,NA,NA,NA,NA,NA,NA,NA,NA,NA,NA,NA,NA,NA,NA,NA,NBCV-02-02-DEM-GBHE,0,0,1,1,,NA,NA,,
NB,CV,Cormierville,1,NBCV-01,46.39511,64.61511,DEM,2021,7,7,2,NBCV-01-02-DEM,5:33,3,19,0,2,W,9,Y,COYE,NA,NA,NA,NA,NA,NA,NA,NA,NA,NA,NA,NA,NA,NA,NA,NBCV-01-02-DEM-COYE,1,0,0,1,,NA,NA,,
NB,CV,Cormierville,1,NBCV-01,46.39511,64.61511,DEM,2021,7,7,2,NBCV-01-02-DEM,5:33,3,19,0,2,W,9,Y,RWBL,NA,NA,NA,NA,NA,NA,NA,NA,NA,NA,NA,NA,NA,NA,NA,NBCV-01-02-DEM-RWBL,1,1,1,1,,NA,NA,,
NB,CV,Cormierville,1,NBCV-01,46.39511,64.61511,DEM,2021,7,7,2,NBCV-01-02-DEM,5:33,3,19,0,2,W,9,Y,GBHE,NA,NA,NA,NA,NA,NA,NA,NA,NA,NA,NA,NA,NA,NA,NA,NBCV-01-02-DEM-GBHE,1,0,1,1,,NA,NA,,
NB,CV,Cormierville,1,NBCV-01,46.39511,64.61511,DEM,2021,7,7,2,NBCV-01-02-DEM,5:33,3,19,0,2,W,9,Y,OSPR,NA,NA,NA,NA,NA,NA,NA,NA,NA,NA,NA,NA,NA,NA,NA,NBCV-01-02-DEM-OSPR,1,0,0,1,,NA,NA,,
NB,CV,Cormierville,1,NBCV-01,46.39511,64.61511,DEM,2021,7,7,2,NBCV-01-02-DEM,5:33,3,19,0,2,W,9,Y,SAVS,NA,NA,NA,NA,NA,NA,NA,NA,NA,NA,NA,NA,NA,NA,NA,NBCV-01-02-DEM-SAVS,1,1,1,1,,NA,NA,,
NB,CV,Cormierville,1,NBCV-01,46.39511,64.61511,DEM,2021,7,7,2,NBCV-01-02-DEM,5:33,3,19,0,2,W,9,Y,GWTE,NA,NA,NA,NA,NA,NA,NA,NA,NA,NA,NA,NA,NA,NA,NA,NBCV-01-02-DEM-GWTE,1,0,0,1,,NA,NA,,
NB,CV,Cormierville,3,NBCV-03,46.39989,64.61517,DEM,2021,7,7,2,NBCV-03-02-DEM,6:18,4,21,0,2,W,1,Y,RWBL,NA,NA,NA,NA,NA,NA,NA,NA,NA,NA,NA,NA,NA,NA,NA,NBCV-03-02-DEM-RWBL,3,2,2,3,,NA,NA,,
NB,CV,Cormierville,3,NBCV-03,46.39989,64.61517,DEM,2021,7,7,2,NBCV-03-02-DEM,6:18,4,21,0,2,W,1,Y,SAVS,NA,NA,NA,NA,NA,NA,NA,NA,NA,NA,NA,NA,NA,NA,NA,NBCV-03-02-DEM-SAVS,1,0,0,1,,NA,NA,,
NB,CV,Cormierville,3,NBCV-03,46.39989,64.61517,DEM,2021,7,7,2,NBCV-03-02-DEM,6:18,4,21,0,2,W,1,Y,CHSP,NA,NA,NA,NA,NA,NA,NA,NA,NA,NA,NA,NA,NA,NA,NA,NBCV-03-02-DEM-CHSP,1,0,0,1,,NA,NA,,
NB,CV,Cormierville,3,NBCV-03,46.39989,64.61517,DEM,2021,7,7,2,NBCV-03-02-DEM,6:18,4,21,0,2,W,1,Y,GWTE,NA,NA,NA,NA,NA,NA,NA,NA,NA,NA,NA,NA,NA,NA,NA,NBCV-03-02-DEM-GWTE,1,0,1,1,,NA,NA,,
NB,CV,Cormierville,3,NBCV-03,46.39989,64.61517,DEM,2021,7,7,2,NBCV-03-02-DEM,6:18,4,21,0,2,W,1,Y,COYE,NA,NA,NA,NA,NA,NA,NA,NA,NA,NA,NA,NA,NA,NA,NA,NBCV-03-02-DEM-COYE,0,0,1,1,,NA,NA,,
NB,CV,Cormierville,4,NBCV-04,46.40279,64.61533,DEM,2021,7,7,2,NBCV-04-02-DEM,6:50,6,20,0,2,W,0,Y,RWBL,NA,NA,NA,NA,NA,NA,NA,NA,NA,NA,NA,NA,NA,NA,NA,NBCV-04-02-DEM-RWBL,3,3,3,3,,NA,NA,,
NB,CV,Cormierville,4,NBCV-04,46.40279,64.61533,DEM,2021,7,7,2,NBCV-04-02-DEM,6:50,6,20,0,2,W,0,Y,COYE,NA,NA,NA,NA,NA,NA,NA,NA,NA,NA,NA,NA,NA,NA,NA,NBCV-04-02-DEM-COYE,1,0,1,1,,NA,NA,,
NB,CV,Cormierville,4,NBCV-04,46.40279,64.61533,DEM,2021,7,7,2,NBCV-04-02-DEM,6:50,6,20,0,2,W,0,Y,CHSP,NA,NA,NA,NA,NA,NA,NA,NA,NA,NA,NA,NA,NA,NA,NA,NBCV-04-02-DEM-CHSP,1,1,0,1,,NA,NA,,
NB,08,Gagetown 18,1,NB08-01,NA,NA,REG,2021,6,23,1,NB08-01-01-REG,9:06,9,13,0,3,WNW,0,N,TRES,NA,NA,NA,NA,NA,NA,NA,NA,NA,NA,NA,NA,NA,NA,NA,NB08-01-01-REG-TRES,8,0,0,8,AF,NA,NA,,
NB,08,Gagetown 18,1,NB08-01,NA,NA,REG,2021,6,23,1,NB08-01-01-REG,9:06,9,13,0,3,WNW,0,N,AMRO,NA,NA,NA,NA,NA,NA,NA,NA,NA,NA,NA,NA,NA,NA,NA,NB08-01-01-REG-AMRO,1,0,0,1,OF,NA,NA,,
NB,08,Gagetown 18,1,NB08-01,NA,NA,REG,2021,6,23,1,NB08-01-01-REG,9:06,9,13,0,3,WNW,0,N,CHSP,NA,NA,NA,NA,NA,NA,NA,NA,NA,NA,NA,NA,NA,NA,NA,NB08-01-01-REG-CHSP,1,0,1,1,OF,NA,NA,,
NB,08,Gagetown 18,1,NB08-01,NA,NA,REG,2021,6,23,1,NB08-01-01-REG,9:06,9,13,0,3,WNW,0,N,RWBL,NA,NA,NA,NA,NA,NA,NA,NA,NA,NA,NA,NA,NA,NA,NA,NB08-01-01-REG-RWBL,2,1,1,2,"OF, AF",NA,NA,,
NB,08,Gagetown 18,1,NB08-01,NA,NA,REG,2021,6,23,1,NB08-01-01-REG,9:06,9,13,0,3,WNW,0,N,COYE,NA,NA,NA,NA,NA,NA,NA,NA,NA,NA,NA,NA,NA,NA,NA,NB08-01-01-REG-COYE,1,0,0,1,AF,NA,NA,,
NB,08,Gagetown 18,1,NB08-01,NA,NA,REG,2021,6,23,1,NB08-01-01-REG,9:06,9,13,0,3,WNW,0,N,TUVU,NA,NA,NA,NA,NA,NA,NA,NA,NA,NA,NA,NA,NA,NA,NA,NB08-01-01-REG-TUVU,0,1,0,1,OF,NA,NA,,
NB,08,Gagetown 18,1,NB08-01,NA,NA,REG,2021,6,23,1,NB08-01-01-REG,9:06,9,13,0,3,WNW,0,N,ABDU,NA,NA,NA,NA,NA,NA,NA,NA,NA,NA,NA,NA,NA,NA,NA,NB08-01-01-REG-ABDU,0,0,1,1,OF,NA,NA,,
NB,08,Gagetown 18,1,NB08-01,NA,NA,REG,2021,6,23,1,NB08-01-01-REG,9:06,9,13,0,3,WNW,0,N,BWHA,NA,NA,NA,NA,NA,NA,NA,NA,NA,NA,NA,NA,NA,NA,NA,NB08-01-01-REG-BWHA,0,0,1,1,OF,NA,NA,,Written as BRHA
NB,08,Gagetown 18,1,NB08-01,NA,NA,REG,2021,7,8,2,NB08-01-02-REG,8:31,3,13,0,1,NNW,0,Y,EAKI,NA,NA,NA,NA,NA,NA,NA,NA,NA,NA,NA,NA,NA,NA,NA,NB08-01-02-REG-EAKI,2,0,0,2,AF,NA,NA,,
NB,08,Gagetown 18,1,NB08-01,NA,NA,REG,2021,7,8,2,NB08-01-02-REG,8:31,3,13,0,1,NNW,0,Y,RWBL,NA,NA,NA,NA,NA,NA,NA,NA,NA,NA,NA,NA,NA,NA,NA,NB08-01-02-REG-RWBL,1,0,0,1,AF,NA,NA,,
NB,08,Gagetown 18,1,NB08-01,NA,NA,REG,2021,7,8,2,NB08-01-02-REG,8:31,3,13,0,1,NNW,0,Y,CHSP,NA,NA,NA,NA,NA,NA,NA,NA,NA,NA,NA,NA,NA,NA,NA,NB08-01-02-REG-CHSP,1,0,0,1,AF,NA,NA,,
NB,08,Gagetown 18,1,NB08-01,NA,NA,REG,2021,7,8,2,NB08-01-02-REG,8:31,3,13,0,1,NNW,0,Y,CEDW,NA,NA,NA,NA,NA,NA,NA,NA,NA,NA,NA,NA,NA,NA,NA,NB08-01-02-REG-CEDW,1,5,0,5,AF,NA,NA,,
NB,08,Gagetown 18,2,NB08-02,NA,NA,REG,2021,6,23,1,NB08-02-01-REG,8:28,7,13,0,2,NA,1,Y,TRES,NA,NA,NA,NA,NA,NA,NA,NA,NA,NA,NA,NA,NA,NA,NA,NB08-02-01-REG-TRES,5,0,2,5,AF,NA,NA,,
NB,08,Gagetown 18,2,NB08-02,NA,NA,REG,2021,6,23,1,NB08-02-01-REG,8:28,7,13,0,2,NA,1,Y,ABDU,NA,NA,NA,NA,NA,NA,NA,NA,NA,NA,NA,NA,NA,NA,NA,NB08-02-01-REG-ABDU,1,0,4,4,OF,NA,NA,,
NB,08,Gagetown 18,2,NB08-02,NA,NA,REG,2021,6,23,1,NB08-02-01-REG,8:28,7,13,0,2,NA,1,Y,EAKI,NA,NA,NA,NA,NA,NA,NA,NA,NA,NA,NA,NA,NA,NA,NA,NB08-02-01-REG-EAKI,1,0,0,1,AF,NA,NA,,
NB,08,Gagetown 18,2,NB08-02,NA,NA,REG,2021,6,23,1,NB08-02-01-REG,8:28,7,13,0,2,NA,1,Y,RWBL,NA,NA,NA,NA,NA,NA,NA,NA,NA,NA,NA,NA,NA,NA,NA,NB08-02-01-REG-RWBL,0,1,0,1,OF,NA,NA,,
NB,08,Gagetown 18,2,NB08-02,NA,NA,REG,2021,6,23,1,NB08-02-01-REG,8:28,7,13,0,2,NA,1,Y,CORA,NA,NA,NA,NA,NA,NA,NA,NA,NA,NA,NA,NA,NA,NA,NA,NB08-02-01-REG-CORA,0,1,0,1,OF,NA,NA,,chased by sm bird
NB,08,Gagetown 18,2,NB08-02,NA,NA,REG,2021,6,23,1,NB08-02-01-REG,8:28,7,13,0,2,NA,1,Y,COGR,NA,NA,NA,NA,NA,NA,NA,NA,NA,NA,NA,NA,NA,NA,NA,NB08-02-01-REG-COGR,0,0,1,1,AF,NA,NA,,
NB,08,Gagetown 18,2,NB08-02,NA,NA,REG,2021,7,8,2,NB08-02-02-REG,8:05,2,13,0,1,NNE,0,N,CEDW,NA,NA,NA,NA,NA,NA,NA,NA,NA,NA,NA,NA,NA,NA,NA,NB08-02-02-REG-CEDW,1,0,0,1,AF,NA,NA,,
NB,08,Gagetown 18,2,NB08-02,NA,NA,REG,2021,7,8,2,NB08-02-02-REG,8:05,2,13,0,1,NNE,0,N,RWBL,NA,NA,NA,NA,NA,NA,NA,NA,NA,NA,NA,NA,NA,NA,NA,NB08-02-02-REG-RWBL,0,1,0,1,,NA,NA,,
NB,08,Gagetown 18,2,NB08-02,NA,NA,REG,2021,7,8,2,NB08-02-02-REG,8:05,2,13,0,1,NNE,0,N,TRES,NA,NA,NA,NA,NA,NA,NA,NA,NA,NA,NA,NA,NA,NA,NA,NB08-02-02-REG-TRES,0,0,7,7,,NA,NA,,
NB,08,Gagetown 18,2,NB08-02,NA,NA,REG,2021,7,8,2,NB08-02-02-REG,8:05,2,13,0,1,NNE,0,N,COGR,NA,NA,NA,NA,NA,NA,NA,NA,NA,NA,NA,NA,NA,NA,NA,NB08-02-02-REG-COGR,0,0,3,3,,NA,NA,,
NB,08,Gagetown 18,3,NB08-03,NA,NA,REG,2021,6,23,1,NB08-03-01-REG,9:44,2,18,0,1,SW,0,Y,COGR,NA,NA,NA,NA,NA,NA,NA,NA,NA,NA,NA,NA,NA,NA,NA,NB08-03-01-REG-COGR,0,1,0,1,OF,NA,NA,,
NB,08,Gagetown 18,3,NB08-03,NA,NA,REG,2021,7,8,2,NB08-03-02-REG,9:20,6,16,0,1,ENE,0,N,EAKI,NA,NA,NA,NA,NA,NA,NA,NA,NA,NA,NA,NA,NA,NA,NA,NB08-03-02-REG-EAKI,2,5,0,5,AF,NA,NA,,
NB,08,Gagetown 18,3,NB08-03,NA,NA,REG,2021,7,8,2,NB08-03-02-REG,9:20,6,16,0,1,ENE,0,N,RNDU,NA,NA,NA,NA,NA,NA,NA,NA,NA,NA,NA,NA,NA,NA,NA,NB08-03-02-REG-RNDU,3,5,0,5,AF,NA,NA,,
NB,08,Gagetown 18,3,NB08-03,NA,NA,REG,2021,7,8,2,NB08-03-02-REG,9:20,6,16,0,1,ENE,0,N,COGR,NA,NA,NA,NA,NA,NA,NA,NA,NA,NA,NA,NA,NA,NA,NA,NB08-03-02-REG-COGR,1,0,0,1,AF,NA,NA,,
NB,08,Gagetown 18,3,NB08-03,NA,NA,REG,2021,7,8,2,NB08-03-02-REG,9:20,6,16,0,1,ENE,0,N,TRES,NA,NA,NA,NA,NA,NA,NA,NA,NA,NA,NA,NA,NA,NA,NA,NB08-03-02-REG-TRES,2,1,0,2,AF,NA,NA,,
NB,08,Gagetown 18,3,NB08-03,NA,NA,REG,2021,7,8,2,NB08-03-02-REG,9:20,6,16,0,1,ENE,0,N,CANG,NA,NA,NA,NA,NA,NA,NA,NA,NA,NA,NA,NA,NA,NA,NA,NB08-03-02-REG-CANG,4,0,0,4,AF,NA,NA,,"Written as CAGE, assuming it's CANG"
NB,08,Gagetown 18,3,NB08-03,NA,NA,REG,2021,7,8,2,NB08-03-02-REG,9:20,6,16,0,1,ENE,0,N,WISN,NA,NA,NA,NA,NA,NA,NA,NA,NA,NA,NA,NA,NA,NA,NA,NB08-03-02-REG-WISN,0,0,2,2,AF,NA,NA,,
NB,08,Gagetown 18,3,NB08-03,NA,NA,REG,2021,7,8,2,NB08-03-02-REG,9:20,6,16,0,1,ENE,0,N,RWBL,NA,NA,NA,NA,NA,NA,NA,NA,NA,NA,NA,NA,NA,NA,NA,NB08-03-02-REG-RWBL,0,0,2,2,AF,NA,NA,,
NB,08,Gagetown 18,3,NB08-03,NA,NA,REG,2021,7,8,2,NB08-03-02-REG,9:20,6,16,0,1,ENE,0,N,AMRO,NA,NA,NA,NA,NA,NA,NA,NA,NA,NA,NA,NA,NA,NA,NA,NB08-03-02-REG-AMRO,0,0,2,2,AF,NA,NA,,
NB,08,Gagetown 18,4,NB08-04,NA,NA,REG,2021,6,23,1,NB08-04-01-REG,7:45,9.5,13,0,3,WSW,0,Y,RWBL,NA,NA,NA,NA,NA,NA,NA,NA,NA,NA,NA,NA,NA,NA,NA,NB08-04-01-REG-RWBL,5,5,0,5,OF,NA,NA,,
NB,08,Gagetown 18,4,NB08-04,NA,NA,REG,2021,6,23,1,NB08-04-01-REG,7:45,9.5,13,0,3,WSW,0,Y,TRES,NA,NA,NA,NA,NA,NA,NA,NA,NA,NA,NA,NA,NA,NA,NA,NB08-04-01-REG-TRES,3,5,0,5,AF,NA,NA,,
NB,08,Gagetown 18,4,NB08-04,NA,NA,REG,2021,6,23,1,NB08-04-01-REG,7:45,9.5,13,0,3,WSW,0,Y,EAKI,NA,NA,NA,NA,NA,NA,NA,NA,NA,NA,NA,NA,NA,NA,NA,NB08-04-01-REG-EAKI,1,1,0,1,OF,NA,NA,,
NB,08,Gagetown 18,4,NB08-04,NA,NA,REG,2021,6,23,1,NB08-04-01-REG,7:45,9.5,13,0,3,WSW,0,Y,YEWA,NA,NA,NA,NA,NA,NA,NA,NA,NA,NA,NA,NA,NA,NA,NA,NB08-04-01-REG-YEWA,0,4,0,4,OF,NA,NA,,
NB,08,Gagetown 18,4,NB08-04,NA,NA,REG,2021,6,23,1,NB08-04-01-REG,7:45,9.5,13,0,3,WSW,0,Y,COGR,NA,NA,NA,NA,NA,NA,NA,NA,NA,NA,NA,NA,NA,NA,NA,NB08-04-01-REG-COGR,0,1,0,1,OF,NA,NA,,
NB,08,Gagetown 18,4,NB08-04,NA,NA,REG,2021,6,23,1,NB08-04-01-REG,7:45,9.5,13,0,3,WSW,0,Y,NOFL,NA,NA,NA,NA,NA,NA,NA,NA,NA,NA,NA,NA,NA,NA,NA,NB08-04-01-REG-NOFL,0,0,1,1,OF,NA,NA,,
NB,08,Gagetown 18,4,NB08-04,NA,NA,REG,2021,7,8,2,NB08-04-02-REG,6:46,1,11,0,1,NW,0,N,BAOR,NA,NA,NA,NA,NA,NA,NA,NA,NA,NA,NA,NA,NA,NA,NA,NB08-04-02-REG-BAOR,1,0,0,1,OF,NA,NA,,
NB,08,Gagetown 18,4,NB08-04,NA,NA,REG,2021,7,8,2,NB08-04-02-REG,6:46,1,11,0,1,NW,0,N,COGR,NA,NA,NA,NA,NA,NA,NA,NA,NA,NA,NA,NA,NA,NA,NA,NB08-04-02-REG-COGR,1,0,1,1,AF,NA,NA,,
NB,08,Gagetown 18,4,NB08-04,NA,NA,REG,2021,7,8,2,NB08-04-02-REG,6:46,1,11,0,1,NW,0,N,YEWA,NA,NA,NA,NA,NA,NA,NA,NA,NA,NA,NA,NA,NA,NA,NA,NB08-04-02-REG-YEWA,0,1,0,1,AF,NA,NA,,
NB,08,Gagetown 18,4,NB08-04,NA,NA,REG,2021,7,8,2,NB08-04-02-REG,6:46,1,11,0,1,NW,0,N,EAKI,NA,NA,NA,NA,NA,NA,NA,NA,NA,NA,NA,NA,NA,NA,NA,NB08-04-02-REG-EAKI,0,0,1,1,AF,NA,NA,,
NB,09,Gagetown 48,1,NB09-01,NA,NA,REG,2021,6,18,1,NB09-01-01-REG,5:39,0,8,0,0,SW,0,Y,RWBL,NA,NA,NA,NA,NA,NA,NA,NA,NA,NA,NA,NA,NA,NA,NA,NB09-01-01-REG-RWBL,1,0,1,1,OF,NA,NA,,
NB,09,Gagetown 48,1,NB09-01,NA,NA,REG,2021,6,18,1,NB09-01-01-REG,5:39,0,8,0,0,SW,0,Y,COGR,NA,NA,NA,NA,NA,NA,NA,NA,NA,NA,NA,NA,NA,NA,NA,NB09-01-01-REG-COGR,3,0,0,3,OF,NA,NA,,
NB,09,Gagetown 48,1,NB09-01,NA,NA,REG,2021,6,18,1,NB09-01-01-REG,5:39,0,8,0,0,SW,0,Y,TRES,NA,NA,NA,NA,NA,NA,NA,NA,NA,NA,NA,NA,NA,NA,NA,NB09-01-01-REG-TRES,0,3,2,3,AF,NA,NA,,"Written as TRSW, assumed to be TRES"
NB,09,Gagetown 48,1,NB09-01,NA,NA,REW,2021,7,7,2,NB09-01-02-REW,6:00,6,21.9,0,1,SSW,0,N,RWBL,NA,NA,NA,NA,NA,NA,NA,NA,NA,NA,NA,NA,NA,NA,NA,NB09-01-02-REW-RWBL,4,1,0,4,OF,NA,NA,,
NB,09,Gagetown 48,1,NB09-01,NA,NA,REW,2021,7,7,2,NB09-01-02-REW,6:00,6,21.9,0,1,SSW,0,N,CEDW,NA,NA,NA,NA,NA,NA,NA,NA,NA,NA,NA,NA,NA,NA,NA,NB09-01-02-REW-CEDW,1,0,0,1,OF,NA,NA,,
NB,09,Gagetown 48,1,NB09-01,NA,NA,REW,2021,7,7,2,NB09-01-02-REW,6:00,6,21.9,0,1,SSW,0,N,TRES,NA,NA,NA,NA,NA,NA,NA,NA,NA,NA,NA,NA,NA,NA,NA,NB09-01-02-REW-TRES,2,1,0,2,OF,NA,NA,,
NB,09,Gagetown 48,1,NB09-01,NA,NA,REW,2021,7,7,2,NB09-01-02-REW,6:00,6,21.9,0,1,SSW,0,N,EAKI,NA,NA,NA,NA,NA,NA,NA,NA,NA,NA,NA,NA,NA,NA,NA,NB09-01-02-REW-EAKI,0,1,3,3,OF,NA,NA,,
NB,09,Gagetown 48,1,NB09-01,NA,NA,REW,2021,7,7,2,NB09-01-02-REW,6:00,6,21.9,0,1,SSW,0,N,NOFL,NA,NA,NA,NA,NA,NA,NA,NA,NA,NA,NA,NA,NA,NA,NA,NB09-01-02-REW-NOFL,0,0,2,2,,NA,NA,,
NB,09,Gagetown 48,1,NB09-01,NA,NA,REW,2021,7,7,2,NB09-01-02-REW,6:00,6,21.9,0,1,SSW,0,N,RNDU,NA,NA,NA,NA,NA,NA,NA,NA,NA,NA,NA,NA,NA,NA,NA,NB09-01-02-REW-RNDU,2,0,1,2,AF,NA,NA,,2
NB,09,Gagetown 48,2,NB09-02,NA,NA,REG,2021,6,17,1,NB09-02-01-REG,9:00,0,14,0,3,SW,0,Y,TRES,NA,NA,NA,NA,NA,NA,NA,NA,NA,NA,NA,NA,NA,NA,NA,NB09-02-01-REG-TRES,2,0,1,2,AF,NA,NA,,2
NB,09,Gagetown 48,2,NB09-02,NA,NA,REG,2021,6,17,1,NB09-02-01-REG,9:00,0,14,0,3,SW,0,Y,ABDU,NA,NA,NA,NA,NA,NA,NA,NA,NA,NA,NA,NA,NA,NA,NA,NB09-02-01-REG-ABDU,2,0,0,2,OF,NA,NA,,2 adults
NB,09,Gagetown 48,2,NB09-02,NA,NA,REG,2021,6,17,1,NB09-02-01-REG,9:00,0,14,0,3,SW,0,Y,CEDW,NA,NA,NA,NA,NA,NA,NA,NA,NA,NA,NA,NA,NA,NA,NA,NB09-02-01-REG-CEDW,0,0,3,3,OF,NA,NA,,
NB,09,Gagetown 48,2,NB09-02,NA,NA,REG,2021,6,17,1,NB09-02-01-REG,9:00,0,14,0,3,SW,0,Y,RWBL,NA,NA,NA,NA,NA,NA,NA,NA,NA,NA,NA,NA,NA,NA,NA,NB09-02-01-REG-RWBL,0,0,1,1,OF,NA,NA,,
NB,09,Gagetown 48,2,NB09-02,NA,NA,REG,2021,6,17,1,NB09-02-01-REG,9:00,0,14,0,3,SW,0,Y,RNDU,NA,NA,NA,NA,NA,NA,NA,NA,NA,NA,NA,NA,NA,NA,NA,NB09-02-01-REG-RNDU,0,0,1,1,OF,1,NA,,
NB,09,Gagetown 48,2,NB09-02,NA,NA,DRG,2021,7,7,2,NB09-02-02-DRG,6:45,5,20.3,0,0,NA,0,N,RWBL,NA,NA,NA,NA,NA,NA,NA,NA,NA,NA,NA,NA,NA,NA,NA,NB09-02-02-DRG-RWBL,2,1,0,2,OF,NA,NA,,
NB,09,Gagetown 48,2,NB09-02,NA,NA,DRG,2021,7,7,2,NB09-02-02-DRG,6:45,5,20.3,0,0,NA,0,N,COGR,NA,NA,NA,NA,NA,NA,NA,NA,NA,NA,NA,NA,NA,NA,NA,NB09-02-02-DRG-COGR,1,0,7,7,,NA,NA,,
NB,09,Gagetown 48,2,NB09-02,NA,NA,DRG,2021,7,7,2,NB09-02-02-DRG,6:45,5,20.3,0,0,NA,0,N,TRES,NA,NA,NA,NA,NA,NA,NA,NA,NA,NA,NA,NA,NA,NA,NA,NB09-02-02-DRG-TRES,3,3,0,3,,NA,NA,,
NB,09,Gagetown 48,2,NB09-02,NA,NA,DRG,2021,7,7,2,NB09-02-02-DRG,6:45,5,20.3,0,0,NA,0,N,COYE,NA,NA,NA,NA,NA,NA,NA,NA,NA,NA,NA,NA,NA,NA,NA,NB09-02-02-DRG-COYE,2,0,0,2,,NA,NA,,
NB,09,Gagetown 48,2,NB09-02,NA,NA,DRG,2021,7,7,2,NB09-02-02-DRG,6:45,5,20.3,0,0,NA,0,N,MALL,NA,NA,NA,NA,NA,NA,NA,NA,NA,NA,NA,NA,NA,NA,NA,NB09-02-02-DRG-MALL,0,0,5,5,,NA,1,4,
NB,09,Gagetown 48,3,NB09-03,NA,NA,REG,2021,6,17,1,NB09-03-01-REG,8:06,0,11,0,3,SW,0,N,CEDW,NA,NA,NA,NA,NA,NA,NA,NA,NA,NA,NA,NA,NA,NA,NA,NB09-03-01-REG-CEDW,0,2,0,2,OF,NA,NA,,2 adults
NB,09,Gagetown 48,3,NB09-03,NA,NA,REG,2021,6,17,1,NB09-03-01-REG,8:06,0,11,0,3,SW,0,N,COGR,NA,NA,NA,NA,NA,NA,NA,NA,NA,NA,NA,NA,NA,NA,NA,NB09-03-01-REG-COGR,0,1,0,1,OF,NA,NA,,1 adult (1F)
NB,09,Gagetown 48,3,NB09-03,NA,NA,REG,2021,6,17,1,NB09-03-01-REG,8:06,0,11,0,3,SW,0,N,PUFI,NA,NA,NA,NA,NA,NA,NA,NA,NA,NA,NA,NA,NA,NA,NA,NB09-03-01-REG-PUFI,0,0,1,1,OF,NA,NA,,
NB,09,Gagetown 48,3,NB09-03,NA,NA,REG,2021,6,17,1,NB09-03-01-REG,8:06,0,11,0,3,SW,0,N,COYE,NA,NA,NA,NA,NA,NA,NA,NA,NA,NA,NA,NA,NA,NA,NA,NB09-03-01-REG-COYE,0,0,1,1,OF,NA,NA,,1 adult (treetop)
NB,09,Gagetown 48,3,NB09-03,NA,NA,REW,2021,7,7,2,NB09-03-02-REW,7:54,3,18,0,2,E,0,Y,CANG,NA,NA,NA,NA,NA,NA,NA,NA,NA,NA,NA,NA,NA,NA,NA,NB09-03-02-REW-CANG,1,0,0,1,,NA,NA,,"written as CAGE, assumed CANG"
NB,10,Gagetown 51,1,NB10-01,NA,NA,REG,2021,6,17,1,NB10-01-01-REG,6:39,0,9,0,2,SSW,0,N,BLJA,NA,NA,NA,NA,NA,NA,NA,NA,NA,NA,NA,NA,NA,NA,NA,NB10-01-01-REG-BLJA,1,0,0,1,OF,NA,NA,,
NB,10,Gagetown 51,1,NB10-01,NA,NA,REG,2021,6,17,1,NB10-01-01-REG,6:39,0,9,0,2,SSW,0,N,TRES,NA,NA,NA,NA,NA,NA,NA,NA,NA,NA,NA,NA,NA,NA,NA,NB10-01-01-REG-TRES,1,0,0,1,AF,NA,NA,,
NB,10,Gagetown 51,1,NB10-01,NA,NA,REG,2021,6,17,1,NB10-01-01-REG,6:39,0,9,0,2,SSW,0,N,EAKI,NA,NA,NA,NA,NA,NA,NA,NA,NA,NA,NA,NA,NA,NA,NA,NB10-01-01-REG-EAKI,0,3,0,3,AF,NA,NA,,3 adults
NB,10,Gagetown 51,1,NB10-01,NA,NA,REG,2021,6,17,1,NB10-01-01-REG,6:39,0,9,0,2,SSW,0,N,RNDU,NA,NA,NA,NA,NA,NA,NA,NA,NA,NA,NA,NA,NA,NA,NA,NB10-01-01-REG-RNDU,0,0,2,2,,1,1,,
NB,10,Gagetown 51,1,NB10-01,NA,NA,TAS,2021,7,6,2,NB10-01-02-TAS,8:46,10,14,1,3,N,0,N,RWBL,NA,NA,NA,NA,NA,NA,NA,NA,NA,NA,NA,NA,NA,NA,NA,NB10-01-02-TAS-RWBL,1,2,0,2,"OF, AF",NA,NA,,
NB,10,Gagetown 51,1,NB10-01,NA,NA,TAS,2021,7,6,2,NB10-01-02-TAS,8:46,10,14,1,3,N,0,N,EAKI,NA,NA,NA,NA,NA,NA,NA,NA,NA,NA,NA,NA,NA,NA,NA,NB10-01-02-TAS-EAKI,0,0,1,1,OF,NA,NA,,
NB,10,Gagetown 51,1,NB10-01,NA,NA,TAS,2021,7,6,2,NB10-01-02-TAS,8:46,10,14,1,3,N,0,N,COGR,NA,NA,NA,NA,NA,NA,NA,NA,NA,NA,NA,NA,NA,NA,NA,NB10-01-02-TAS-COGR,1,0,7,7,OF,NA,NA,,
NB,10,Gagetown 51,2,NB10-02,NA,NA,TAS,2021,7,6,2,NB10-02-02-TAS,7:50,10,14,1,1,N,0,N,RWBL,NA,NA,NA,NA,NA,NA,NA,NA,NA,NA,NA,NA,NA,NA,NA,NB10-02-02-TAS-RWBL,0,1,0,1,OF,NA,NA,,note says all were OF
NB,10,Gagetown 51,3,NB10-03,NA,NA,DRG,2021,7,6,2,NB10-03-02-DRG,7:06,10,16,1,1,N,0,N,CEDW,NA,NA,NA,NA,NA,NA,NA,NA,NA,NA,NA,NA,NA,NA,NA,NB10-03-02-DRG-CEDW,2,0,0,2,OF,NA,NA,,
NB,10,Gagetown 51,3,NB10-03,NA,NA,DRG,2021,7,6,2,NB10-03-02-DRG,7:06,10,16,1,1,N,0,N,COGR,NA,NA,NA,NA,NA,NA,NA,NA,NA,NA,NA,NA,NA,NA,NA,NB10-03-02-DRG-COGR,1,0,0,1,OF,NA,NA,,
NB,10,Gagetown 51,3,NB10-03,NA,NA,DRG,2021,7,6,2,NB10-03-02-DRG,7:06,10,16,1,1,N,0,N,TRES,NA,NA,NA,NA,NA,NA,NA,NA,NA,NA,NA,NA,NA,NA,NA,NB10-03-02-DRG-TRES,0,2,0,2,AF,NA,NA,,
NB,10,Gagetown 51,4,NB10-04,NA,NA,HOS,2021,6,14,1,NB10-04-01-HOS,9:18,1,17,0,3,SSE,0,N,RWBL,NA,NA,NA,NA,NA,NA,NA,NA,NA,NA,NA,NA,NA,NA,NA,NB10-04-01-HOS-RWBL,3,0,1,3,OF,NA,NA,,
NB,10,Gagetown 51,4,NB10-04,NA,NA,HOS,2021,6,14,1,NB10-04-01-HOS,9:18,1,17,0,3,SSE,0,N,COGR,NA,NA,NA,NA,NA,NA,NA,NA,NA,NA,NA,NA,NA,NA,NA,NB10-04-01-HOS-COGR,0,1,0,1,OF,NA,NA,,
NB,10,Gagetown 51,4,NB10-04,NA,NA,HOS,2021,6,14,1,NB10-04-01-HOS,9:18,1,17,0,3,SSE,0,N,RNDU,NA,NA,NA,NA,NA,NA,NA,NA,NA,NA,NA,NA,NA,NA,NA,NB10-04-01-HOS-RNDU,0,1,0,1,OF,NA,NA,,
NB,10,Gagetown 51,4,NB10-04,NA,NA,HOS,2021,6,14,1,NB10-04-01-HOS,9:18,1,17,0,3,SSE,0,N,TRES,NA,NA,NA,NA,NA,NA,NA,NA,NA,NA,NA,NA,NA,NA,NA,NB10-04-01-HOS-TRES,0,0,1,1,AF,NA,NA,,written as TRSW
NB,10,Gagetown 51,4,NB10-04,NA,NA,HOS,2021,6,14,1,NB10-04-01-HOS,9:18,1,17,0,3,SSE,0,N,YEWA,NA,NA,NA,NA,NA,NA,NA,NA,NA,NA,NA,NA,NA,NA,NA,NB10-04-01-HOS-YEWA,0,0,1,1,AF,NA,NA,,Written as YLWA
NB,10,Gagetown 51,4,NB10-04,NA,NA,DRG,2021,7,6,2,NB10-04-02-DRG,6:00,10,14.6,1,1,N,0,N,RWBL,NA,NA,NA,NA,NA,NA,NA,NA,NA,NA,NA,NA,NA,NA,NA,NB10-04-02-DRG-RWBL,4,0,6,6,OF,NA,NA,,
NB,10,Gagetown 51,4,NB10-04,NA,NA,DRG,2021,7,6,2,NB10-04-02-DRG,6:00,10,14.6,1,1,N,0,N,TRES,NA,NA,NA,NA,NA,NA,NA,NA,NA,NA,NA,NA,NA,NA,NA,NB10-04-02-DRG-TRES,0,4,1,4,AF,NA,NA,,
NB,10,Gagetown 51,4,NB10-04,NA,NA,DRG,2021,7,6,2,NB10-04-02-DRG,6:00,10,14.6,1,1,N,0,N,MALL,NA,NA,NA,NA,NA,NA,NA,NA,NA,NA,NA,NA,NA,NA,NA,NB10-04-02-DRG-MALL,0,0,1,1,,NA,1,,
NB,10,Gagetown 51,5,NB10-05,NA,NA,DRG,2021,6,14,1,NB10-05-01-DRG,5:51,4,11,0,0,S,0,N,RWBL,NA,NA,NA,NA,NA,NA,NA,NA,NA,NA,NA,NA,NA,NA,NA,NB10-05-01-DRG-RWBL,2,3,6,6,OF,NA,NA,,
NB,10,Gagetown 51,5,NB10-05,NA,NA,DRG,2021,6,14,1,NB10-05-01-DRG,5:51,4,11,0,0,S,0,N,TRES,NA,NA,NA,NA,NA,NA,NA,NA,NA,NA,NA,NA,NA,NA,NA,NB10-05-01-DRG-TRES,5,0,5,5,AF,NA,NA,,
NB,10,Gagetown 51,5,NB10-05,NA,NA,DRG,2021,6,14,1,NB10-05-01-DRG,5:51,4,11,0,0,S,0,N,COGR,NA,NA,NA,NA,NA,NA,NA,NA,NA,NA,NA,NA,NA,NA,NA,NB10-05-01-DRG-COGR,2,2,0,2,,NA,NA,,
NB,10,Gagetown 51,5,NB10-05,NA,NA,DRG,2021,6,14,1,NB10-05-01-DRG,5:51,4,11,0,0,S,0,N,MALL,NA,NA,NA,NA,NA,NA,NA,NA,NA,NA,NA,NA,NA,NA,NA,NB10-05-01-DRG-MALL,0,2,2,2,OF,NA,NA,,
NB,10,Gagetown 51,5,NB10-05,NA,NA,DRG,2021,6,14,1,NB10-05-01-DRG,5:51,4,11,0,0,S,0,N,CANG,NA,NA,NA,NA,NA,NA,NA,NA,NA,NA,NA,NA,NA,NA,NA,NB10-05-01-DRG-CANG,0,0,9,9,,NA,NA,,"4 adults, 5 ducklings"
NB,10,Gagetown 51,5,NB10-05,NA,NA,DRG,2021,6,14,1,NB10-05-01-DRG,5:51,4,11,0,0,S,0,N,BWTE,NA,NA,NA,NA,NA,NA,NA,NA,NA,NA,NA,NA,NA,NA,NA,NB10-05-01-DRG-BWTE,0,0,1,1,OF,NA,NA,,
NB,10,Gagetown 51,5,NB10-05,NA,NA,JES,2021,7,6,2,NB10-05-02-JES,5:55,NA,13,1,2,N,0,Y,TRES,NA,NA,NA,NA,NA,NA,NA,NA,NA,NA,NA,NA,NA,NA,NA,NB10-05-02-JES-TRES,1,0,0,1,OF,NA,NA,,8x + 2x
NB,10,Gagetown 51,5,NB10-05,NA,NA,JES,2021,7,6,2,NB10-05-02-JES,5:55,NA,13,1,2,N,0,Y,RNDU,NA,NA,NA,NA,NA,NA,NA,NA,NA,NA,NA,NA,NA,NA,NA,NB10-05-02-JES-RNDU,1,0,1,1,OF,NA,NA,,2x
NB,10,Gagetown 51,5,NB10-05,NA,NA,JES,2021,7,6,2,NB10-05-02-JES,5:55,NA,13,1,2,N,0,Y,EAKI,NA,NA,NA,NA,NA,NA,NA,NA,NA,NA,NA,NA,NA,NA,NA,NB10-05-02-JES-EAKI,1,0,0,1,,NA,NA,,
NB,10,Gagetown 51,5,NB10-05,NA,NA,JES,2021,7,6,2,NB10-05-02-JES,5:55,NA,13,1,2,N,0,Y,RWBL,NA,NA,NA,NA,NA,NA,NA,NA,NA,NA,NA,NA,NA,NA,NA,NB10-05-02-JES-RWBL,0,1,0,1,,NA,NA,,
NB,10,Gagetown 51,5,NB10-05,NA,NA,JES,2021,7,6,2,NB10-05-02-JES,5:55,NA,13,1,2,N,0,Y,CHSP,NA,NA,NA,NA,NA,NA,NA,NA,NA,NA,NA,NA,NA,NA,NA,NB10-05-02-JES-CHSP,0,1,0,1,,NA,NA,,
NB,10,Gagetown 51,5,NB10-05,NA,NA,JES,2021,7,6,2,NB10-05-02-JES,5:55,NA,13,1,2,N,0,Y,SWSP,NA,NA,NA,NA,NA,NA,NA,NA,NA,NA,NA,NA,NA,NA,NA,NB10-05-02-JES-SWSP,0,0,1,1,,NA,NA,,
NB,10,Gagetown 51,6,NB10-06,NA,NA,DRG,2021,6,14,1,NB10-06-01-DRG,6:28,5,11,0,1,S,0,Y,COGR,NA,NA,NA,NA,NA,NA,NA,NA,NA,NA,NA,NA,NA,NA,NA,NB10-06-01-DRG-COGR,1,1,2,2,OF,NA,NA,,
NB,10,Gagetown 51,6,NB10-06,NA,NA,DRG,2021,6,14,1,NB10-06-01-DRG,6:28,5,11,0,1,S,0,Y,MALL,NA,NA,NA,NA,NA,NA,NA,NA,NA,NA,NA,NA,NA,NA,NA,NB10-06-01-DRG-MALL,1,0,1,1,OF,NA,NA,,
NB,10,Gagetown 51,6,NB10-06,NA,NA,DRG,2021,6,14,1,NB10-06-01-DRG,6:28,5,11,0,1,S,0,Y,RWBL,NA,NA,NA,NA,NA,NA,NA,NA,NA,NA,NA,NA,NA,NA,NA,NB10-06-01-DRG-RWBL,0,1,0,1,OF,NA,NA,,
NB,10,Gagetown 51,6,NB10-06,NA,NA,DRG,2021,6,14,1,NB10-06-01-DRG,6:28,5,11,0,1,S,0,Y,YEWA,NA,NA,NA,NA,NA,NA,NA,NA,NA,NA,NA,NA,NA,NA,NA,NB10-06-01-DRG-YEWA,0,1,0,1,OF,NA,NA,,
NB,10,Gagetown 51,6,NB10-06,NA,NA,DRG,2021,6,14,1,NB10-06-01-DRG,6:28,5,11,0,1,S,0,Y,TRES,NA,NA,NA,NA,NA,NA,NA,NA,NA,NA,NA,NA,NA,NA,NA,NB10-06-01-DRG-TRES,1,1,1,1,AF,NA,NA,,
NB,10,Gagetown 51,6,NB10-06,NA,NA,DRG,2021,6,14,1,NB10-06-01-DRG,6:28,5,11,0,1,S,0,Y,RNDU,NA,NA,NA,NA,NA,NA,NA,NA,NA,NA,NA,NA,NA,NA,NA,NB10-06-01-DRG-RNDU,0,1,1,1,OF,NA,NA,,
NB,10,Gagetown 51,6,NB10-06,NA,NA,DRG,2021,6,14,1,NB10-06-01-DRG,6:28,5,11,0,1,S,0,Y,REVI,NA,NA,NA,NA,NA,NA,NA,NA,NA,NA,NA,NA,NA,NA,NA,NB10-06-01-DRG-REVI,0,0,0,0,,NA,NA,,Did not indicate when observed
NB,10,Gagetown 51,6,NB10-06,NA,NA,JES,2021,7,6,2,NB10-06-02-JES,6:25,NA,15,0,2,N,0,Y,RNDU,NA,NA,NA,NA,NA,NA,NA,NA,NA,NA,NA,NA,NA,NA,NA,NB10-06-02-JES-RNDU,1,0,0,1,,NA,NA,,2x
NB,10,Gagetown 51,6,NB10-06,NA,NA,JES,2021,7,6,2,NB10-06-02-JES,6:25,NA,15,0,2,N,0,Y,NOHA,NA,NA,NA,NA,NA,NA,NA,NA,NA,NA,NA,NA,NA,NA,NA,NB10-06-02-JES-NOHA,1,0,0,1,OF,NA,NA,,
NB,10,Gagetown 51,6,NB10-06,NA,NA,JES,2021,7,6,2,NB10-06-02-JES,6:25,NA,15,0,2,N,0,Y,TRES,NA,NA,NA,NA,NA,NA,NA,NA,NA,NA,NA,NA,NA,NA,NA,NB10-06-02-JES-TRES,1,1,0,1,,NA,NA,,2x + 1x
NB,10,Gagetown 51,7,NB10-07,NA,NA,DRG,2021,6,14,1,NB10-07-01-DRG,7:47,3,11,0,2,S,0,Y,COGR,NA,NA,NA,NA,NA,NA,NA,NA,NA,NA,NA,NA,NA,NA,NA,NB10-07-01-DRG-COGR,1,0,0,1,OF,NA,NA,,
NB,10,Gagetown 51,7,NB10-07,NA,NA,DRG,2021,6,14,1,NB10-07-01-DRG,7:47,3,11,0,2,S,0,Y,TRES,NA,NA,NA,NA,NA,NA,NA,NA,NA,NA,NA,NA,NA,NA,NA,NB10-07-01-DRG-TRES,1,1,4,4,AF,NA,NA,,
NB,10,Gagetown 51,7,NB10-07,NA,NA,DRG,2021,6,14,1,NB10-07-01-DRG,7:47,3,11,0,2,S,0,Y,RWBL,NA,NA,NA,NA,NA,NA,NA,NA,NA,NA,NA,NA,NA,NA,NA,NB10-07-01-DRG-RWBL,0,0,1,1,OF,NA,NA,,
NB,10,Gagetown 51,7,NB10-07,NA,NA,JES,2021,7,6,2,NB10-07-02-JES,8:00,10,16,1,2,N,0,Y,EAKI,NA,NA,NA,NA,NA,NA,NA,NA,NA,NA,NA,NA,NA,NA,NA,NB10-07-02-JES-EAKI,1,0,0,1,,NA,NA,,
NB,10,Gagetown 51,7,NB10-07,NA,NA,JES,2021,7,6,2,NB10-07-02-JES,8:00,10,16,1,2,N,0,Y,COGR,NA,NA,NA,NA,NA,NA,NA,NA,NA,NA,NA,NA,NA,NA,NA,NB10-07-02-JES-COGR,1,1,0,1,OF,NA,NA,,2x
NB,10,Gagetown 51,7,NB10-07,NA,NA,JES,2021,7,6,2,NB10-07-02-JES,8:00,10,16,1,2,N,0,Y,RWBL,NA,NA,NA,NA,NA,NA,NA,NA,NA,NA,NA,NA,NA,NA,NA,NB10-07-02-JES-RWBL,0,2,1,2,OF,NA,NA,,
NB,10,Gagetown 51,7,NB10-07,NA,NA,JES,2021,7,6,2,NB10-07-02-JES,8:00,10,16,1,2,N,0,Y,REVI,NA,NA,NA,NA,NA,NA,NA,NA,NA,NA,NA,NA,NA,NA,NA,NB10-07-02-JES-REVI,0,0,1,1,,NA,NA,,
NB,10,Gagetown 51,7,NB10-07,NA,NA,JES,2021,7,6,2,NB10-07-02-JES,8:00,10,16,1,2,N,0,Y,TRES,NA,NA,NA,NA,NA,NA,NA,NA,NA,NA,NA,NA,NA,NA,NA,NB10-07-02-JES-TRES,0,0,1,1,OF,NA,NA,,2x
NB,10,Gagetown 51,8,NB10-08,NA,NA,DRG,2021,6,14,1,NB10-08-01-DRG,7:10,5,12,0,2,S,0,N,COGR,NA,NA,NA,NA,NA,NA,NA,NA,NA,NA,NA,NA,NA,NA,NA,NB10-08-01-DRG-COGR,2,3,0,3,OF,NA,NA,,
NB,10,Gagetown 51,8,NB10-08,NA,NA,JES,2021,7,6,2,NB10-08-02-JES,7:30,NA,16,1,2,N,0,Y,ABDU,NA,NA,NA,NA,NA,NA,NA,NA,NA,NA,NA,NA,NA,NA,NA,NB10-08-02-JES-ABDU,1,0,0,1,OF,NA,NA,,
NB,10,Gagetown 51,8,NB10-08,NA,NA,JES,2021,7,6,2,NB10-08-02-JES,7:30,NA,16,1,2,N,0,Y,TRES,NA,NA,NA,NA,NA,NA,NA,NA,NA,NA,NA,NA,NA,NA,NA,NB10-08-02-JES-TRES,0,2,0,2,,NA,NA,,#3
NB,10,Gagetown 51,8,NB10-08,NA,NA,JES,2021,7,6,2,NB10-08-02-JES,7:30,NA,16,1,2,N,0,Y,MALL,NA,NA,NA,NA,NA,NA,NA,NA,NA,NA,NA,NA,NA,NA,NA,NB10-08-02-JES-MALL,1,0,0,1,OF,NA,1,,Landing
NB,12,Gronegen Village,1,NB12-01,NA,NA,TAS,2021,6,18,1,NB12-01-01-TAS,7:40,0,11,0,1,SW,1,N,RWBL,NA,NA,NA,NA,NA,NA,NA,NA,NA,NA,NA,NA,NA,NA,NA,NB12-01-01-TAS-RWBL,5,0,0,5,AF,NA,NA,,
NB,12,Gronegen Village,1,NB12-01,NA,NA,TAS,2021,6,18,1,NB12-01-01-TAS,7:40,0,11,0,1,SW,1,N,AMRO,NA,NA,NA,NA,NA,NA,NA,NA,NA,NA,NA,NA,NA,NA,NA,NB12-01-01-TAS-AMRO,2,0,0,2,OF,NA,NA,,
NB,12,Gronegen Village,1,NB12-01,NA,NA,TAS,2021,6,18,1,NB12-01-01-TAS,7:40,0,11,0,1,SW,1,N,YEWA,NA,NA,NA,NA,NA,NA,NA,NA,NA,NA,NA,NA,NA,NA,NA,NB12-01-01-TAS-YEWA,1,0,1,1,AF,NA,NA,,
NB,12,Gronegen Village,1,NB12-01,NA,NA,TAS,2021,6,18,1,NB12-01-01-TAS,7:40,0,11,0,1,SW,1,N,TS??,NA,NA,NA,NA,NA,NA,NA,NA,NA,NA,NA,NA,NA,NA,NA,NB12-01-01-TAS-TS??,0,1,0,1,AF,NA,NA,,
NB,12,Gronegen Village,1,NB12-01,NA,NA,TAS,2021,6,18,1,NB12-01-01-TAS,7:40,0,11,0,1,SW,1,N,WTSP,NA,NA,NA,NA,NA,NA,NA,NA,NA,NA,NA,NA,NA,NA,NA,NB12-01-01-TAS-WTSP,0,0,1,1,AF,NA,NA,,
NB,12,Gronegen Village,1,NB12-01,NA,NA,DRG,2021,7,8,2,NB12-01-02-DRG,5:57,3,13.3,1,0,NA,0,Y,COYE,NA,NA,NA,NA,NA,NA,NA,NA,NA,NA,NA,NA,NA,NA,NA,NB12-01-02-DRG-COYE,1,0,0,1,,NA,NA,,"written as COYT, assumed to be COYE"
NB,12,Gronegen Village,1,NB12-01,NA,NA,DRG,2021,7,8,2,NB12-01-02-DRG,5:57,3,13.3,1,0,NA,0,Y,RWBL,NA,NA,NA,NA,NA,NA,NA,NA,NA,NA,NA,NA,NA,NA,NA,NB12-01-02-DRG-RWBL,4,4,0,4,OF,NA,NA,,perching
NB,12,Gronegen Village,1,NB12-01,NA,NA,DRG,2021,7,8,2,NB12-01-02-DRG,5:57,3,13.3,1,0,NA,0,Y,COGR,NA,NA,NA,NA,NA,NA,NA,NA,NA,NA,NA,NA,NA,NA,NA,NB12-01-02-DRG-COGR,0,2,0,2,,NA,NA,,
NB,12,Gronegen Village,1,NB12-01,NA,NA,DRG,2021,7,8,2,NB12-01-02-DRG,5:57,3,13.3,1,0,NA,0,Y,TRES,NA,NA,NA,NA,NA,NA,NA,NA,NA,NA,NA,NA,NA,NA,NA,NB12-01-02-DRG-TRES,0,0,3,3,AF,NA,NA,,
NB,12,Gronegen Village,1,NB12-01,NA,NA,DRG,2021,7,8,2,NB12-01-02-DRG,5:57,3,13.3,1,0,NA,0,Y,LEFL,NA,NA,NA,NA,NA,NA,NA,NA,NA,NA,NA,NA,NA,NA,NA,NB12-01-02-DRG-LEFL,0,0,1,1,,NA,NA,,
NB,12,Gronegen Village,2,NB12-02,NA,NA,TAS,2021,6,18,1,NB12-02-01-TAS,8:10,0,11,0,1,SW,1,N,RWBL,NA,NA,NA,NA,NA,NA,NA,NA,NA,NA,NA,NA,NA,NA,NA,NB12-02-01-TAS-RWBL,4,2,0,4,"OF, AF",NA,NA,,
NB,12,Gronegen Village,2,NB12-02,NA,NA,TAS,2021,6,18,1,NB12-02-01-TAS,8:10,0,11,0,1,SW,1,N,CG,NA,NA,NA,NA,NA,NA,NA,NA,NA,NA,NA,NA,NA,NA,NA,NB12-02-01-TAS-CG,1,1,0,1,AF,NA,NA,,unknown species code
NB,12,Gronegen Village,2,NB12-02,NA,NA,TAS,2021,6,18,1,NB12-02-01-TAS,8:10,0,11,0,1,SW,1,N,TS,NA,NA,NA,NA,NA,NA,NA,NA,NA,NA,NA,NA,NA,NA,NA,NB12-02-01-TAS-TS,4,1,0,4,OF,NA,NA,,unknown species code
NB,12,Gronegen Village,2,NB12-02,NA,NA,TAS,2021,6,18,1,NB12-02-01-TAS,8:10,0,11,0,1,SW,1,N,EAKI,NA,NA,NA,NA,NA,NA,NA,NA,NA,NA,NA,NA,NA,NA,NA,NB12-02-01-TAS-EAKI,0,1,0,1,AF,NA,NA,,"written as EKB, assuming EAKI"
NB,12,Gronegen Village,2,NB12-02,NA,NA,DRG,2021,7,8,2,NB12-02-02-DRG,6:37,2,14,1,0,NA,0,N,LEFL,NA,NA,NA,NA,NA,NA,NA,NA,NA,NA,NA,NA,NA,NA,NA,NB12-02-02-DRG-LEFL,1,0,0,1,,NA,NA,,perch
NB,12,Gronegen Village,2,NB12-02,NA,NA,DRG,2021,7,8,2,NB12-02-02-DRG,6:37,2,14,1,0,NA,0,N,SWSP,NA,NA,NA,NA,NA,NA,NA,NA,NA,NA,NA,NA,NA,NA,NA,NB12-02-02-DRG-SWSP,0,0,1,1,,NA,NA,,
NB,12,Gronegen Village,2,NB12-02,NA,NA,DRG,2021,7,8,2,NB12-02-02-DRG,6:37,2,14,1,0,NA,0,N,RWBL,NA,NA,NA,NA,NA,NA,NA,NA,NA,NA,NA,NA,NA,NA,NA,NB12-02-02-DRG-RWBL,0,3,8,8,,NA,NA,,
NB,12,Gronegen Village,2,NB12-02,NA,NA,DRG,2021,7,8,2,NB12-02-02-DRG,6:37,2,14,1,0,NA,0,N,EAKI,NA,NA,NA,NA,NA,NA,NA,NA,NA,NA,NA,NA,NA,NA,NA,NB12-02-02-DRG-EAKI,0,2,1,2,,NA,NA,,
NB,12,Gronegen Village,3,NB12-03,NA,NA,TAS,2021,6,18,1,NB12-03-01-TAS,9:10,0,20,0,1,SW,1,N,RWBL,NA,NA,NA,NA,NA,NA,NA,NA,NA,NA,NA,NA,NA,NA,NA,NB12-03-01-TAS-RWBL,1,1,0,1,AF,NA,NA,,
NB,12,Gronegen Village,3,NB12-03,NA,NA,TAS,2021,6,18,1,NB12-03-01-TAS,9:10,0,20,0,1,SW,1,N,COGR,NA,NA,NA,NA,NA,NA,NA,NA,NA,NA,NA,NA,NA,NA,NA,NB12-03-01-TAS-COGR,1,0,0,1,OF,NA,NA,,
NB,12,Gronegen Village,3,NB12-03,NA,NA,TAS,2021,6,18,1,NB12-03-01-TAS,9:10,0,20,0,1,SW,1,N,ABDU,NA,NA,NA,NA,NA,NA,NA,NA,NA,NA,NA,NA,NA,NA,NA,NB12-03-01-TAS-ABDU,0,2,0,2,OF,NA,NA,,"written as BLDU, assumed to be ABDU"
NB,12,Gronegen Village,3,NB12-03,NA,NA,TAS,2021,6,18,1,NB12-03-01-TAS,9:10,0,20,0,1,SW,1,N,YEWA,NA,NA,NA,NA,NA,NA,NA,NA,NA,NA,NA,NA,NA,NA,NA,NB12-03-01-TAS-YEWA,0,0,1,1,AF,NA,NA,,
NB,12,Gronegen Village,3,NB12-03,NA,NA,TAS,2021,6,18,1,NB12-03-01-TAS,9:10,0,20,0,1,SW,1,N,CHSP,NA,NA,NA,NA,NA,NA,NA,NA,NA,NA,NA,NA,NA,NA,NA,NB12-03-01-TAS-CHSP,0,0,1,1,AF,NA,NA,,
NB,12,Gronegen Village,3,NB12-03,NA,NA,DRG,2021,7,8,2,NB12-03-02-DRG,7:27,1,NA,0,0,NA,0,N,RTHU,NA,NA,NA,NA,NA,NA,NA,NA,NA,NA,NA,NA,NA,NA,NA,NB12-03-02-DRG-RTHU,1,0,0,1,,NA,NA,,
NB,12,Gronegen Village,3,NB12-03,NA,NA,DRG,2021,7,8,2,NB12-03-02-DRG,7:27,1,NA,0,0,NA,0,N,RWBL,NA,NA,NA,NA,NA,NA,NA,NA,NA,NA,NA,NA,NA,NA,NA,NB12-03-02-DRG-RWBL,8,0,0,8,,NA,NA,,
NB,12,Gronegen Village,3,NB12-03,NA,NA,DRG,2021,7,8,2,NB12-03-02-DRG,7:27,1,NA,0,0,NA,0,N,RNDU,NA,NA,NA,NA,NA,NA,NA,NA,NA,NA,NA,NA,NA,NA,NA,NB12-03-02-DRG-RNDU,6,0,0,6,,NA,1,5,
NB,12,Gronegen Village,3,NB12-03,NA,NA,DRG,2021,7,8,2,NB12-03-02-DRG,7:27,1,NA,0,0,NA,0,N,TRES,NA,NA,NA,NA,NA,NA,NA,NA,NA,NA,NA,NA,NA,NA,NA,NB12-03-02-DRG-TRES,2,2,0,2,AF,NA,NA,,
NB,12,Gronegen Village,3,NB12-03,NA,NA,DRG,2021,7,8,2,NB12-03-02-DRG,7:27,1,NA,0,0,NA,0,N,COME,NA,NA,NA,NA,NA,NA,NA,NA,NA,NA,NA,NA,NA,NA,NA,NB12-03-02-DRG-COME,0,2,0,2,,NA,NA,,small
NB,12,Gronegen Village,3,NB12-03,NA,NA,DRG,2021,7,8,2,NB12-03-02-DRG,7:27,1,NA,0,0,NA,0,N,SWSP,NA,NA,NA,NA,NA,NA,NA,NA,NA,NA,NA,NA,NA,NA,NA,NB12-03-02-DRG-SWSP,0,2,2,2,,NA,NA,,
NB,12,Gronegen Village,3,NB12-03,NA,NA,DRG,2021,7,8,2,NB12-03-02-DRG,7:27,1,NA,0,0,NA,0,N,EAKI,NA,NA,NA,NA,NA,NA,NA,NA,NA,NA,NA,NA,NA,NA,NA,NB12-03-02-DRG-EAKI,0,0,2,2,,NA,NA,,
NB,12,Gronegen Village,3,NB12-03,NA,NA,DRG,2021,7,8,2,NB12-03-02-DRG,7:27,1,NA,0,0,NA,0,N,CEDW,NA,NA,NA,NA,NA,NA,NA,NA,NA,NA,NA,NA,NA,NA,NA,NB12-03-02-DRG-CEDW,0,0,1,1,,NA,NA,,perch; written as CEWA
NB,12,Gronegen Village,4,NB12-04,NA,NA,HOS,2021,6,3,1,NB12-04-01-HOS,8:36,10,15.1,0,1,SSE,0,Y,RWBL,NA,NA,NA,NA,NA,NA,NA,NA,NA,NA,NA,NA,NA,NA,NA,NB12-04-01-HOS-RWBL,6,0,0,6,"OF, AF",NA,NA,,
NB,12,Gronegen Village,4,NB12-04,NA,NA,HOS,2021,6,3,1,NB12-04-01-HOS,8:36,10,15.1,0,1,SSE,0,Y,COGR,NA,NA,NA,NA,NA,NA,NA,NA,NA,NA,NA,NA,NA,NA,NA,NB12-04-01-HOS-COGR,1,0,0,1,OF,NA,NA,,
NB,12,Gronegen Village,4,NB12-04,NA,NA,HOS,2021,6,3,1,NB12-04-01-HOS,8:36,10,15.1,0,1,SSE,0,Y,EAKI,NA,NA,NA,NA,NA,NA,NA,NA,NA,NA,NA,NA,NA,NA,NA,NB12-04-01-HOS-EAKI,0,2,0,2,AF,NA,NA,,
NB,12,Gronegen Village,4,NB12-04,NA,NA,TAS,2021,7,7,2,NB12-04-02-TAS,6:50,8,19,0,2,W,0,N,BARS,NA,NA,NA,NA,NA,NA,NA,NA,NA,NA,NA,NA,NA,NA,NA,NB12-04-02-TAS-BARS,3,0,0,3,AF,NA,NA,,
NB,12,Gronegen Village,4,NB12-04,NA,NA,TAS,2021,7,7,2,NB12-04-02-TAS,6:50,8,19,0,2,W,0,N,TRES,NA,NA,NA,NA,NA,NA,NA,NA,NA,NA,NA,NA,NA,NA,NA,NB12-04-02-TAS-TRES,7,3,5,7,AF,NA,NA,,
NB,12,Gronegen Village,4,NB12-04,NA,NA,TAS,2021,7,7,2,NB12-04-02-TAS,6:50,8,19,0,2,W,0,N,RWBL,NA,NA,NA,NA,NA,NA,NA,NA,NA,NA,NA,NA,NA,NA,NA,NB12-04-02-TAS-RWBL,2,0,2,2,,NA,NA,,
NB,12,Gronegen Village,4,NB12-04,NA,NA,TAS,2021,7,7,2,NB12-04-02-TAS,6:50,8,19,0,2,W,0,N,CEDW,NA,NA,NA,NA,NA,NA,NA,NA,NA,NA,NA,NA,NA,NA,NA,NB12-04-02-TAS-CEDW,2,0,0,2,,NA,NA,,
NB,12,Gronegen Village,4,NB12-04,NA,NA,TAS,2021,7,7,2,NB12-04-02-TAS,6:50,8,19,0,2,W,0,N,EAKI,NA,NA,NA,NA,NA,NA,NA,NA,NA,NA,NA,NA,NA,NA,NA,NB12-04-02-TAS-EAKI,0,2,0,2,AF,NA,NA,,
NB,12,Gronegen Village,4,NB12-04,NA,NA,TAS,2021,7,7,2,NB12-04-02-TAS,6:50,8,19,0,2,W,0,N,ABDU,NA,NA,NA,NA,NA,NA,NA,NA,NA,NA,NA,NA,NA,NA,NA,NB12-04-02-TAS-ABDU,0,1,0,1,AF,NA,NA,,"written as BLAD, assumed to be ABDU"
NB,12,Gronegen Village,5,NB12-05,NA,NA,HOS,2021,6,3,1,NB12-05-01-HOS,6:40,5,15,0,2,S,0,Y,TRES,NA,NA,NA,NA,NA,NA,NA,NA,NA,NA,NA,NA,NA,NA,NA,NB12-05-01-HOS-TRES,1,0,0,1,OF,NA,NA,,
NB,12,Gronegen Village,5,NB12-05,NA,NA,HOS,2021,6,3,1,NB12-05-01-HOS,6:40,5,15,0,2,S,0,Y,RNDU,NA,NA,NA,NA,NA,NA,NA,NA,NA,NA,NA,NA,NA,NA,NA,NB12-05-01-HOS-RNDU,0,1,0,1,OF,NA,NA,,
NB,12,Gronegen Village,5,NB12-05,NA,NA,HOS,2021,6,3,1,NB12-05-01-HOS,6:40,5,15,0,2,S,0,Y,RWBL,NA,NA,NA,NA,NA,NA,NA,NA,NA,NA,NA,NA,NA,NA,NA,NB12-05-01-HOS-RWBL,0,1,0,1,OF,NA,NA,,
NB,12,Gronegen Village,5,NB12-05,NA,NA,ASH,2021,7,7,2,NB12-05-02-ASH,9:06,8,20,0,2,W,0,N,RWBL,NA,NA,NA,NA,NA,NA,NA,NA,NA,NA,NA,NA,NA,NA,NA,NB12-05-02-ASH-RWBL,2,0,1,2,OF,NA,NA,,
NB,12,Gronegen Village,5,NB12-05,NA,NA,ASH,2021,7,7,2,NB12-05-02-ASH,9:06,8,20,0,2,W,0,N,EAKI,NA,NA,NA,NA,NA,NA,NA,NA,NA,NA,NA,NA,NA,NA,NA,NB12-05-02-ASH-EAKI,2,0,0,2,AF,NA,NA,,
NB,12,Gronegen Village,5,NB12-05,NA,NA,ASH,2021,7,7,2,NB12-05-02-ASH,9:06,8,20,0,2,W,0,N,BARS,NA,NA,NA,NA,NA,NA,NA,NA,NA,NA,NA,NA,NA,NA,NA,NB12-05-02-ASH-BARS,2,1,0,2,AF,NA,NA,,
NB,12,Gronegen Village,5,NB12-05,NA,NA,ASH,2021,7,7,2,NB12-05-02-ASH,9:06,8,20,0,2,W,0,N,TRES,NA,NA,NA,NA,NA,NA,NA,NA,NA,NA,NA,NA,NA,NA,NA,NB12-05-02-ASH-TRES,2,3,2,3,AF,NA,NA,,
NB,12,Gronegen Village,5,NB12-05,NA,NA,ASH,2021,7,7,2,NB12-05-02-ASH,9:06,8,20,0,2,W,0,N,CEDW,NA,NA,NA,NA,NA,NA,NA,NA,NA,NA,NA,NA,NA,NA,NA,NB12-05-02-ASH-CEDW,1,0,0,1,OF,NA,NA,,
NB,12,Gronegen Village,5,NB12-05,NA,NA,ASH,2021,7,7,2,NB12-05-02-ASH,9:06,8,20,0,2,W,0,N,SWSP,NA,NA,NA,NA,NA,NA,NA,NA,NA,NA,NA,NA,NA,NA,NA,NB12-05-02-ASH-SWSP,0,0,1,1,AF,NA,NA,,
NB,12,Gronegen Village,5,NB12-05,NA,NA,ASH,2021,7,7,2,NB12-05-02-ASH,9:06,8,20,0,2,W,0,N,CLSW,NA,NA,NA,NA,NA,NA,NA,NA,NA,NA,NA,NA,NA,NA,NA,NB12-05-02-ASH-CLSW,0,0,3,3,AF,NA,NA,,
NB,12,Gronegen Village,6,NB12-06,NA,NA,HOS,2021,6,3,1,NB12-06-01-HOS,9:01,10,15.3,0,1,SW,1,Y,YEWA,NA,NA,NA,NA,NA,NA,NA,NA,NA,NA,NA,NA,NA,NA,NA,NB12-06-01-HOS-YEWA,2,0,0,2,OF,NA,NA,,
NB,12,Gronegen Village,6,NB12-06,NA,NA,HOS,2021,6,3,1,NB12-06-01-HOS,9:01,10,15.3,0,1,SW,1,Y,RWBL,NA,NA,NA,NA,NA,NA,NA,NA,NA,NA,NA,NA,NA,NA,NA,NB12-06-01-HOS-RWBL,0,1,0,1,AF,NA,NA,,
NB,12,Gronegen Village,6,NB12-06,NA,NA,TAS,2021,7,7,2,NB12-06-02-TAS,7:27,8,19,0,2,W,0,N,TRES,NA,NA,NA,NA,NA,NA,NA,NA,NA,NA,NA,NA,NA,NA,NA,NB12-06-02-TAS-TRES,3,2,4,4,OF,NA,NA,,
NB,12,Gronegen Village,6,NB12-06,NA,NA,TAS,2021,7,7,2,NB12-06-02-TAS,7:27,8,19,0,2,W,0,N,WISN,NA,NA,NA,NA,NA,NA,NA,NA,NA,NA,NA,NA,NA,NA,NA,NB12-06-02-TAS-WISN,1,0,0,1,OF,NA,NA,,
NB,12,Gronegen Village,6,NB12-06,NA,NA,TAS,2021,7,7,2,NB12-06-02-TAS,7:27,8,19,0,2,W,0,N,EAKI,NA,NA,NA,NA,NA,NA,NA,NA,NA,NA,NA,NA,NA,NA,NA,NB12-06-02-TAS-EAKI,1,0,1,1,OF,NA,NA,,
NB,12,Gronegen Village,6,NB12-06,NA,NA,TAS,2021,7,7,2,NB12-06-02-TAS,7:27,8,19,0,2,W,0,N,COGR,NA,NA,NA,NA,NA,NA,NA,NA,NA,NA,NA,NA,NA,NA,NA,NB12-06-02-TAS-COGR,1,0,0,1,OF,NA,NA,,
NB,12,Gronegen Village,6,NB12-06,NA,NA,TAS,2021,7,7,2,NB12-06-02-TAS,7:27,8,19,0,2,W,0,N,BARS,NA,NA,NA,NA,NA,NA,NA,NA,NA,NA,NA,NA,NA,NA,NA,NB12-06-02-TAS-BARS,2,0,2,2,OF,NA,NA,,
NB,12,Gronegen Village,6,NB12-06,NA,NA,TAS,2021,7,7,2,NB12-06-02-TAS,7:27,8,19,0,2,W,0,N,RWBL,NA,NA,NA,NA,NA,NA,NA,NA,NA,NA,NA,NA,NA,NA,NA,NB12-06-02-TAS-RWBL,0,3,0,3,OF,NA,NA,,
NB,12,Gronegen Village,6,NB12-06,NA,NA,TAS,2021,7,7,2,NB12-06-02-TAS,7:27,8,19,0,2,W,0,N,ABDU,NA,NA,NA,NA,NA,NA,NA,NA,NA,NA,NA,NA,NA,NA,NA,NB12-06-02-TAS-ABDU,0,1,0,1,AF ,NA,NA,,"written as BLAD, made note it's a Black Duck"
NB,12,Gronegen Village,6,NB12-06,NA,NA,TAS,2021,7,7,2,NB12-06-02-TAS,7:27,8,19,0,2,W,0,N,CEDW,NA,NA,NA,NA,NA,NA,NA,NA,NA,NA,NA,NA,NA,NA,NA,NB12-06-02-TAS-CEDW,0,1,1,1,AF,NA,NA,,
NB,12,Gronegen Village,6,NB12-06,NA,NA,TAS,2021,7,7,2,NB12-06-02-TAS,7:27,8,19,0,2,W,0,N,YEWA,NA,NA,NA,NA,NA,NA,NA,NA,NA,NA,NA,NA,NA,NA,NA,NB12-06-02-TAS-YEWA,0,0,1,1,AF ,NA,NA,,
NB,12,Gronegen Village,7,NB12-07,NA,NA,HOS,2021,6,3,1,NB12-07-01-HOS,7:14,8,15.6,0,3,S,0,Y,RWBL,NA,NA,NA,NA,NA,NA,NA,NA,NA,NA,NA,NA,NA,NA,NA,NB12-07-01-HOS-RWBL,2,1,0,2,OF,NA,NA,,
NB,12,Gronegen Village,7,NB12-07,NA,NA,HOS,2021,6,3,1,NB12-07-01-HOS,7:14,8,15.6,0,3,S,0,Y,RBGR,NA,NA,NA,NA,NA,NA,NA,NA,NA,NA,NA,NA,NA,NA,NA,NB12-07-01-HOS-RBGR,0,0,0,0,OF,NA,NA,,did not indicate when it was observed
NB,12,Gronegen Village,7,NB12-07,NA,NA,HOS,2021,6,3,1,NB12-07-01-HOS,7:14,8,15.6,0,3,S,0,Y,REVI,NA,NA,NA,NA,NA,NA,NA,NA,NA,NA,NA,NA,NA,NA,NA,NB12-07-01-HOS-REVI,0,0,1,1,OF,NA,NA,,
NB,12,Gronegen Village,7,NB12-07,NA,NA,HOS,2021,6,3,1,NB12-07-01-HOS,7:14,8,15.6,0,3,S,0,Y,SS,NA,NA,NA,NA,NA,NA,NA,NA,NA,NA,NA,NA,NA,NA,NA,NB12-07-01-HOS-SS,1,0,0,1,OF,NA,NA,,unknown species code
NB,12,Gronegen Village,7,NB12-07,NA,NA,HOS,2021,6,3,1,NB12-07-01-HOS,7:14,8,15.6,0,3,S,0,Y,COYE,NA,NA,NA,NA,NA,NA,NA,NA,NA,NA,NA,NA,NA,NA,NA,NB12-07-01-HOS-COYE,0,1,0,1,OF,NA,NA,,
NB,12,Gronegen Village,7,NB12-07,NA,NA,HOS,2021,6,3,1,NB12-07-01-HOS,7:14,8,15.6,0,3,S,0,Y,COGR,NA,NA,NA,NA,NA,NA,NA,NA,NA,NA,NA,NA,NA,NA,NA,NB12-07-01-HOS-COGR,0,0,1,1,OF,NA,NA,,
NB,12,Gronegen Village,7,NB12-07,NA,NA,ASH,2021,7,7,2,NB12-07-02-ASH,9:30,8,20,0,2,W,0,N,RWBL,NA,NA,NA,NA,NA,NA,NA,NA,NA,NA,NA,NA,NA,NA,NA,NB12-07-02-ASH-RWBL,1,0,0,1,AF,NA,NA,,
NB,12,Gronegen Village,7,NB12-07,NA,NA,ASH,2021,7,7,2,NB12-07-02-ASH,9:30,8,20,0,2,W,0,N,EAKI,NA,NA,NA,NA,NA,NA,NA,NA,NA,NA,NA,NA,NA,NA,NA,NB12-07-02-ASH-EAKI,1,0,0,1,OF,NA,NA,,
NB,12,Gronegen Village,7,NB12-07,NA,NA,ASH,2021,7,7,2,NB12-07-02-ASH,9:30,8,20,0,2,W,0,N,SWSP,NA,NA,NA,NA,NA,NA,NA,NA,NA,NA,NA,NA,NA,NA,NA,NB12-07-02-ASH-SWSP,1,0,0,1,,NA,NA,,
NB,12,Gronegen Village,7,NB12-07,NA,NA,ASH,2021,7,7,2,NB12-07-02-ASH,9:30,8,20,0,2,W,0,N,CANG,NA,NA,NA,NA,NA,NA,NA,NA,NA,NA,NA,NA,NA,NA,NA,NB12-07-02-ASH-CANG,1,1,0,1,,NA,NA,,
NB,12,Gronegen Village,7,NB12-07,NA,NA,ASH,2021,7,7,2,NB12-07-02-ASH,9:30,8,20,0,2,W,0,N,CHSP,NA,NA,NA,NA,NA,NA,NA,NA,NA,NA,NA,NA,NA,NA,NA,NB12-07-02-ASH-CHSP,1,1,0,1,,NA,NA,,
NB,12,Gronegen Village,7,NB12-07,NA,NA,ASH,2021,7,7,2,NB12-07-02-ASH,9:30,8,20,0,2,W,0,N,TRES,NA,NA,NA,NA,NA,NA,NA,NA,NA,NA,NA,NA,NA,NA,NA,NB12-07-02-ASH-TRES,0,0,2,2,,NA,NA,,
NB,12,Gronegen Village,8,NB12-08,NA,NA,HOS,2021,6,3,1,NB12-08-01-HOS,6:15,4,13.6,0,1,S,0,Y,TRES,NA,NA,NA,NA,NA,NA,NA,NA,NA,NA,NA,NA,NA,NA,NA,NB12-08-01-HOS-TRES,0,3,0,3,OF,NA,NA,,
NB,12,Gronegen Village,8,NB12-08,NA,NA,HOS,2021,6,3,1,NB12-08-01-HOS,6:15,4,13.6,0,1,S,0,Y,BARS,NA,NA,NA,NA,NA,NA,NA,NA,NA,NA,NA,NA,NA,NA,NA,NB12-08-01-HOS-BARS,1,0,0,1,OF,NA,NA,,
NB,12,Gronegen Village,8,NB12-08,NA,NA,HOS,2021,6,3,1,NB12-08-01-HOS,6:15,4,13.6,0,1,S,0,Y,EAKI,NA,NA,NA,NA,NA,NA,NA,NA,NA,NA,NA,NA,NA,NA,NA,NB12-08-01-HOS-EAKI,1,1,2,2,OF,NA,NA,,
NB,12,Gronegen Village,8,NB12-08,NA,NA,HOS,2021,6,3,1,NB12-08-01-HOS,6:15,4,13.6,0,1,S,0,Y,RWBL,NA,NA,NA,NA,NA,NA,NA,NA,NA,NA,NA,NA,NA,NA,NA,NB12-08-01-HOS-RWBL,3,2,0,3,OF,NA,NA,,
NB,12,Gronegen Village,8,NB12-08,NA,NA,HOS,2021,6,3,1,NB12-08-01-HOS,6:15,4,13.6,0,1,S,0,Y,RNDU,NA,NA,NA,NA,NA,NA,NA,NA,NA,NA,NA,NA,NA,NA,NA,NB12-08-01-HOS-RNDU,0,0,0,0,OF,NA,NA,,
NB,12,Gronegen Village,8,NB12-08,NA,NA,HOS,2021,6,3,1,NB12-08-01-HOS,6:15,4,13.6,0,1,S,0,Y,COGR,NA,NA,NA,NA,NA,NA,NA,NA,NA,NA,NA,NA,NA,NA,NA,NB12-08-01-HOS-COGR,0,0,1,1,OF,NA,NA,,"written as COGP, assuming to be COGR"
NB,12,Gronegen Village,8,NB12-08,NA,NA,JES,2021,7,6,2,NB12-08-02-JES,9:53,10,20.6,0,2,N,0,N,TRES,NA,NA,NA,NA,NA,NA,NA,NA,NA,NA,NA,NA,NA,NA,NA,NB12-08-02-JES-TRES,4,1,0,4,OF,NA,NA,,2x - 2x - 3x
NB,12,Gronegen Village,8,NB12-08,NA,NA,JES,2021,7,6,2,NB12-08-02-JES,9:53,10,20.6,0,2,N,0,N,RWBL,NA,NA,NA,NA,NA,NA,NA,NA,NA,NA,NA,NA,NA,NA,NA,NB12-08-02-JES-RWBL,3,1,3,3,OF,NA,NA,,juvi 2x - 2x
NB,12,Gronegen Village,8,NB12-08,NA,NA,JES,2021,7,6,2,NB12-08-02-JES,9:53,10,20.6,0,2,N,0,N,RNDU,NA,NA,NA,NA,NA,NA,NA,NA,NA,NA,NA,NA,NA,NA,NA,NB12-08-02-JES-RNDU,0,1,0,1,,NA,NA,,4x
NB,12,Gronegen Village,8,NB12-08,NA,NA,JES,2021,7,6,2,NB12-08-02-JES,9:53,10,20.6,0,2,N,0,N,EAKI,NA,NA,NA,NA,NA,NA,NA,NA,NA,NA,NA,NA,NA,NA,NA,NB12-08-02-JES-EAKI,0,1,0,1,OF,NA,NA,,1x
NB,12,Gronegen Village,8,NB12-08,NA,NA,JES,2021,7,6,2,NB12-08-02-JES,9:53,10,20.6,0,2,N,0,N,BARS,NA,NA,NA,NA,NA,NA,NA,NA,NA,NA,NA,NA,NA,NA,NA,NB12-08-02-JES-BARS,0,0,4,4,,NA,NA,,
NB,12,Gronegen Village,8,NB12-08,NA,NA,ASH,2021,7,7,3,NB12-08-03-ASH,8:40,8,20,0,2,W,0,N,CHSP,NA,NA,NA,NA,NA,NA,NA,NA,NA,NA,NA,NA,NA,NA,NA,NB12-08-03-ASH-CHSP,1,0,0,1,OF,NA,NA,,
NB,12,Gronegen Village,8,NB12-08,NA,NA,ASH,2021,7,7,3,NB12-08-03-ASH,8:40,8,20,0,2,W,0,N,TRES,NA,NA,NA,NA,NA,NA,NA,NA,NA,NA,NA,NA,NA,NA,NA,NB12-08-03-ASH-TRES,3,0,0,3,AF,NA,NA,,
NB,12,Gronegen Village,8,NB12-08,NA,NA,ASH,2021,7,7,3,NB12-08-03-ASH,8:40,8,20,0,2,W,0,N,BARS,NA,NA,NA,NA,NA,NA,NA,NA,NA,NA,NA,NA,NA,NA,NA,NB12-08-03-ASH-BARS,3,0,0,3,AF,NA,NA,,
NB,12,Gronegen Village,8,NB12-08,NA,NA,ASH,2021,7,7,3,NB12-08-03-ASH,8:40,8,20,0,2,W,0,N,CEDW,NA,NA,NA,NA,NA,NA,NA,NA,NA,NA,NA,NA,NA,NA,NA,NB12-08-03-ASH-CEDW,0,3,0,3,OF,NA,NA,,
NB,12,Gronegen Village,8,NB12-08,NA,NA,ASH,2021,7,7,3,NB12-08-03-ASH,8:40,8,20,0,2,W,0,N,RWBL,NA,NA,NA,NA,NA,NA,NA,NA,NA,NA,NA,NA,NA,NA,NA,NB12-08-03-ASH-RWBL,0,0,1,1,AF,NA,NA,,
NB,TH,Thompson Marsh (Chance Harbour),2,NBTH-02,45.12086,66.36738,DAR,2021,6,19,1,NBTH-02-01-DAR,5:16,9,12,0,2,E,1,Y,HERG,NA,NA,NA,NA,NA,NA,NA,NA,NA,NA,NA,NA,NA,NA,NA,NBTH-02-01-DAR-HERG,0,0,1,1,,NA,NA,,
NB,TH,Thompson Marsh (Chance Harbour),2,NBTH-02,45.12086,66.36738,DAR,2021,6,19,1,NBTH-02-01-DAR,5:16,9,12,0,2,E,1,Y,SOSP,NA,NA,NA,NA,NA,NA,NA,NA,NA,NA,NA,NA,NA,NA,NA,NBTH-02-01-DAR-SOSP,0,0,1,1,,NA,NA,,
NB,TH,Thompson Marsh (Chance Harbour),1,NBTH-01,45.12287,66.36454,DAR,2021,7,11,2,NBTH-01-02-DAR,5:08,0,12,0,0,NA,1,Y,SOSP,NA,NA,NA,NA,NA,NA,NA,NA,NA,NA,NA,NA,NA,NA,NA,NBTH-01-02-DAR-SOSP,2,2,2,2,,NA,NA,,
NB,TH,Thompson Marsh (Chance Harbour),1,NBTH-01,45.12287,66.36454,DAR,2021,7,11,2,NBTH-01-02-DAR,5:08,0,12,0,0,NA,1,Y,AMRO,NA,NA,NA,NA,NA,NA,NA,NA,NA,NA,NA,NA,NA,NA,NA,NBTH-01-02-DAR-AMRO,1,0,0,1,,NA,NA,,
NB,TH,Thompson Marsh (Chance Harbour),1,NBTH-01,45.12287,66.36454,DAR,2021,7,11,2,NBTH-01-02-DAR,5:08,0,12,0,0,NA,1,Y,COYE,NA,NA,NA,NA,NA,NA,NA,NA,NA,NA,NA,NA,NA,NA,NA,NBTH-01-02-DAR-COYE,1,1,0,1,,NA,NA,,
NB,TH,Thompson Marsh (Chance Harbour),1,NBTH-01,45.12287,66.36454,DAR,2021,7,11,2,NBTH-01-02-DAR,5:08,0,12,0,0,NA,1,Y,AMCR,NA,NA,NA,NA,NA,NA,NA,NA,NA,NA,NA,NA,NA,NA,NA,NBTH-01-02-DAR-AMCR,0,0,1,1,,NA,NA,,
NB,TH,Thompson Marsh (Chance Harbour),2,NBTH-02,45.12086,66.36738,DAR,2021,7,11,2,NBTH-02-02-DAR,5:34,0,12,0,0,NA,0,Y,COYE,NA,NA,NA,NA,NA,NA,NA,NA,NA,NA,NA,NA,NA,NA,NA,NBTH-02-02-DAR-COYE,1,0,1,1,,NA,NA,,
NB,TH,Thompson Marsh (Chance Harbour),2,NBTH-02,45.12086,66.36738,DAR,2021,7,11,2,NBTH-02-02-DAR,5:34,0,12,0,0,NA,0,Y,WTSP,NA,NA,NA,NA,NA,NA,NA,NA,NA,NA,NA,NA,NA,NA,NA,NBTH-02-02-DAR-WTSP,1,1,0,1,,NA,NA,,
NB,TH,Thompson Marsh (Chance Harbour),2,NBTH-02,45.12086,66.36738,DAR,2021,7,11,2,NBTH-02-02-DAR,5:34,0,12,0,0,NA,0,Y,BCCH,NA,NA,NA,NA,NA,NA,NA,NA,NA,NA,NA,NA,NA,NA,NA,NBTH-02-02-DAR-BCCH,1,0,0,1,,NA,NA,,
NB,TH,Thompson Marsh (Chance Harbour),2,NBTH-02,45.12086,66.36738,DAR,2021,7,11,2,NBTH-02-02-DAR,5:34,0,12,0,0,NA,0,Y,AMCR,NA,NA,NA,NA,NA,NA,NA,NA,NA,NA,NA,NA,NA,NA,NA,NBTH-02-02-DAR-AMCR,2,0,0,2,,NA,NA,,
NB,TH,Thompson Marsh (Chance Harbour),2,NBTH-02,45.12086,66.36738,DAR,2021,7,11,2,NBTH-02-02-DAR,5:34,0,12,0,0,NA,0,Y,HERG,NA,NA,NA,NA,NA,NA,NA,NA,NA,NA,NA,NA,NA,NA,NA,NBTH-02-02-DAR-HERG,0,0,1,1,,NA,NA,,
NB,TH,Thompson Marsh (Chance Harbour),3,NBTH-03,45.11963,66.36395,DAR,2021,6,19,1,NBTH-03-01-DAR,5:49,9,12,0,1,NE,2,Y,SOSP,NA,NA,NA,NA,NA,NA,NA,NA,NA,NA,NA,NA,NA,NA,NA,NBTH-03-01-DAR-SOSP,1,0,0,1,,NA,NA,,
NB,TH,Thompson Marsh (Chance Harbour),3,NBTH-03,45.11963,66.36395,DAR,2021,6,19,1,NBTH-03-01-DAR,5:49,9,12,0,1,NE,2,Y,HETH,NA,NA,NA,NA,NA,NA,NA,NA,NA,NA,NA,NA,NA,NA,NA,NBTH-03-01-DAR-HETH,0,1,0,1,,NA,NA,,
NB,TH,Thompson Marsh (Chance Harbour),3,NBTH-03,45.11963,66.36395,DAR,2021,7,11,2,NBTH-03-02-DAR,6:04,0,12,0,0,NA,0,Y,SOSP,NA,NA,NA,NA,NA,NA,NA,NA,NA,NA,NA,NA,NA,NA,NA,NBTH-03-02-DAR-SOSP,0,1,1,1,,NA,NA,,
NB,TH,Thompson Marsh (Chance Harbour),3,NBTH-03,45.11963,66.36395,DAR,2021,7,11,2,NBTH-03-02-DAR,6:04,0,12,0,0,NA,0,Y,HETH,NA,NA,NA,NA,NA,NA,NA,NA,NA,NA,NA,NA,NA,NA,NA,NBTH-03-02-DAR-HETH,2,1,0,2,,NA,NA,,
NB,TH,Thompson Marsh (Chance Harbour),3,NBTH-03,45.11963,66.36395,DAR,2021,7,11,2,NBTH-03-02-DAR,6:04,0,12,0,0,NA,0,Y,AMCR,NA,NA,NA,NA,NA,NA,NA,NA,NA,NA,NA,NA,NA,NA,NA,NBTH-03-02-DAR-AMCR,2,0,0,2,,NA,NA,,
NB,TH,Thompson Marsh (Chance Harbour),4,NBTH-04,45.11865,66.36026,DAR,2021,7,11,2,NBTH-04-02-DAR,6:39,0,12,0,0,NA,0,Y,AMCR,NA,NA,NA,NA,NA,NA,NA,NA,NA,NA,NA,NA,NA,NA,NA,NBTH-04-02-DAR-AMCR,1,2,0,2,,NA,NA,,
NB,TH,Thompson Marsh (Chance Harbour),4,NBTH-04,45.11865,66.36026,DAR,2021,7,11,2,NBTH-04-02-DAR,6:39,0,12,0,0,NA,0,Y,UNSP,NA,NA,NA,NA,NA,NA,NA,NA,NA,NA,NA,NA,NA,NA,NA,NBTH-04-02-DAR-UNSP,1,1,0,1,,NA,NA,,unknown species code
PE,05,Dunk River,1,PE05-01,46.35638,63.70226,MAG,2021,6,18,1,PE05-01-01-MAG,5:02,2,15,0,0,NA,3,Y,SWSP,NA,NA,NA,NA,NA,NA,NA,NA,NA,NA,NA,NA,NA,NA,NA,PE05-01-01-MAG-SWSP,4,4,4,4,,NA,NA,,
PE,05,Dunk River,1,PE05-01,46.35638,63.70226,MAG,2021,6,18,1,PE05-01-01-MAG,5:02,2,15,0,0,NA,3,Y,GBHE,NA,NA,NA,NA,NA,NA,NA,NA,NA,NA,NA,NA,NA,NA,NA,PE05-01-01-MAG-GBHE,7,3,2,7,,NA,NA,,Visual
PE,05,Dunk River,1,PE05-01,46.35638,63.70226,MAG,2021,6,18,1,PE05-01-01-MAG,5:02,2,15,0,0,NA,3,Y,BAEA,NA,NA,NA,NA,NA,NA,NA,NA,NA,NA,NA,NA,NA,NA,NA,PE05-01-01-MAG-BAEA,0,0,0,0,OF,NA,NA,,
PE,05,Dunk River,1,PE05-01,46.35638,63.70226,MAG,2021,6,18,1,PE05-01-01-MAG,5:02,2,15,0,0,NA,3,Y,RWBL,NA,NA,NA,NA,NA,NA,NA,NA,NA,NA,NA,NA,NA,NA,NA,PE05-01-01-MAG-RWBL,2,5,0,5,,NA,NA,,
PE,05,Dunk River,1,PE05-01,46.35638,63.70226,MAG,2021,6,18,1,PE05-01-01-MAG,5:02,2,15,0,0,NA,3,Y,COYE,NA,NA,NA,NA,NA,NA,NA,NA,NA,NA,NA,NA,NA,NA,NA,PE05-01-01-MAG-COYE,1,1,NA,1,,NA,NA,,
PE,05,Dunk River,1,PE05-01,46.35638,63.70226,MAG,2021,6,18,1,PE05-01-01-MAG,5:02,2,15,0,0,NA,3,Y,GADW,NA,NA,NA,NA,NA,NA,NA,NA,NA,NA,NA,NA,NA,NA,NA,PE05-01-01-MAG-GADW,0,1,0,1,OF,NA,NA,,
PE,05,Dunk River,1,PE05-01,46.35638,63.70226,MAG,2021,6,18,1,PE05-01-01-MAG,5:02,2,15,0,0,NA,3,Y,SOSP,NA,NA,NA,NA,NA,NA,NA,NA,NA,NA,NA,NA,NA,NA,NA,PE05-01-01-MAG-SOSP,0,1,0,1,,NA,NA,,
PE,05,Dunk River,2,PE05-02,46.35629,63.69836,MAG,2021,6,18,1,PE05-02-01-MAG,5:26,2,12,0,1,SE,2,N,ALFL,NA,NA,NA,NA,NA,NA,NA,NA,NA,NA,NA,NA,NA,NA,NA,PE05-02-01-MAG-ALFL,2,2,2,2,,NA,NA,,
PE,05,Dunk River,2,PE05-02,46.35629,63.69836,MAG,2021,6,18,1,PE05-02-01-MAG,5:26,2,12,0,1,SE,2,N,SOSP,NA,NA,NA,NA,NA,NA,NA,NA,NA,NA,NA,NA,NA,NA,NA,PE05-02-01-MAG-SOSP,1,3,1,3,,NA,NA,,
PE,05,Dunk River,2,PE05-02,46.35629,63.69836,MAG,2021,6,18,1,PE05-02-01-MAG,5:26,2,12,0,1,SE,2,N,NOFL,NA,NA,NA,NA,NA,NA,NA,NA,NA,NA,NA,NA,NA,NA,NA,PE05-02-01-MAG-NOFL,0,0,0,0,OF,NA,NA,,
PE,05,Dunk River,2,PE05-02,46.35629,63.69836,MAG,2021,6,18,1,PE05-02-01-MAG,5:26,2,12,0,1,SE,2,N,RWBL,NA,NA,NA,NA,NA,NA,NA,NA,NA,NA,NA,NA,NA,NA,NA,PE05-02-01-MAG-RWBL,3,2,0,3,OF,NA,NA,,
PE,05,Dunk River,2,PE05-02,46.35629,63.69836,MAG,2021,6,18,1,PE05-02-01-MAG,5:26,2,12,0,1,SE,2,N,YEWA,NA,NA,NA,NA,NA,NA,NA,NA,NA,NA,NA,NA,NA,NA,NA,PE05-02-01-MAG-YEWA,1,1,3,3,,NA,NA,,
PE,05,Dunk River,2,PE05-02,46.35629,63.69836,MAG,2021,6,18,1,PE05-02-01-MAG,5:26,2,12,0,1,SE,2,N,MALL,NA,NA,NA,NA,NA,NA,NA,NA,NA,NA,NA,NA,NA,NA,NA,PE05-02-01-MAG-MALL,0,0,0,0,OF,NA,NA,,
PE,05,Dunk River,2,PE05-02,46.35629,63.69836,MAG,2021,6,18,1,PE05-02-01-MAG,5:26,2,12,0,1,SE,2,N,COYE,NA,NA,NA,NA,NA,NA,NA,NA,NA,NA,NA,NA,NA,NA,NA,PE05-02-01-MAG-COYE,1,1,2,2,,NA,NA,,
PE,05,Dunk River,2,PE05-02,46.35629,63.69836,MAG,2021,6,18,1,PE05-02-01-MAG,5:26,2,12,0,1,SE,2,N,COGR,NA,NA,NA,NA,NA,NA,NA,NA,NA,NA,NA,NA,NA,NA,NA,PE05-02-01-MAG-COGR,0,0,0,0,OF,NA,NA,,
PE,05,Dunk River,2,PE05-02,46.35629,63.69836,MAG,2021,6,18,1,PE05-02-01-MAG,5:26,2,12,0,1,SE,2,N,SWSP,NA,NA,NA,NA,NA,NA,NA,NA,NA,NA,NA,NA,NA,NA,NA,PE05-02-01-MAG-SWSP,1,1,2,2,,NA,NA,,
PE,05,Dunk River,2,PE05-02,46.35629,63.69836,MAG,2021,6,18,1,PE05-02-01-MAG,5:26,2,12,0,1,SE,2,N,BAEA,NA,NA,NA,NA,NA,NA,NA,NA,NA,NA,NA,NA,NA,NA,NA,PE05-02-01-MAG-BAEA,0,0,0,0,OF,NA,NA,,
PE,05,Dunk River,2,PE05-02,46.35629,63.69836,MAG,2021,6,18,1,PE05-02-01-MAG,5:26,2,12,0,1,SE,2,N,GBHE,NA,NA,NA,NA,NA,NA,NA,NA,NA,NA,NA,NA,NA,NA,NA,PE05-02-01-MAG-GBHE,0,0,0,0,OF,NA,NA,,
PE,05,Dunk River,3,PE05-03,46.35771,63.69558,MAG,2021,6,18,1,PE05-03-01-MAG,5:48,2,12,0,1,SW,2,N,SWSP,NA,NA,NA,NA,NA,NA,NA,NA,NA,NA,NA,NA,NA,NA,NA,PE05-03-01-MAG-SWSP,3,3,3,3,,NA,NA,,
PE,05,Dunk River,3,PE05-03,46.35771,63.69558,MAG,2021,6,18,1,PE05-03-01-MAG,5:48,2,12,0,1,SW,2,N,CEDW,NA,NA,NA,NA,NA,NA,NA,NA,NA,NA,NA,NA,NA,NA,NA,PE05-03-01-MAG-CEDW,0,0,0,0,OF,NA,NA,,
PE,05,Dunk River,3,PE05-03,46.35771,63.69558,MAG,2021,6,18,1,PE05-03-01-MAG,5:48,2,12,0,1,SW,2,N,COYE,NA,NA,NA,NA,NA,NA,NA,NA,NA,NA,NA,NA,NA,NA,NA,PE05-03-01-MAG-COYE,2,2,0,2,,NA,NA,,
PE,05,Dunk River,3,PE05-03,46.35771,63.69558,MAG,2021,6,18,1,PE05-03-01-MAG,5:48,2,12,0,1,SW,2,N,GBHE,NA,NA,NA,NA,NA,NA,NA,NA,NA,NA,NA,NA,NA,NA,NA,PE05-03-01-MAG-GBHE,0,0,0,0,OF,NA,NA,,
PE,05,Dunk River,3,PE05-03,46.35771,63.69558,MAG,2021,6,18,1,PE05-03-01-MAG,5:48,2,12,0,1,SW,2,N,YEWA,NA,NA,NA,NA,NA,NA,NA,NA,NA,NA,NA,NA,NA,NA,NA,PE05-03-01-MAG-YEWA,2,2,2,2,,NA,NA,,
PE,05,Dunk River,3,PE05-03,46.35771,63.69558,MAG,2021,6,18,1,PE05-03-01-MAG,5:48,2,12,0,1,SW,2,N,RWBL,NA,NA,NA,NA,NA,NA,NA,NA,NA,NA,NA,NA,NA,NA,NA,PE05-03-01-MAG-RWBL,2,2,2,2,,NA,NA,,
PE,05,Dunk River,3,PE05-03,46.35771,63.69558,MAG,2021,6,18,1,PE05-03-01-MAG,5:48,2,12,0,1,SW,2,N,NOPA,NA,NA,NA,NA,NA,NA,NA,NA,NA,NA,NA,NA,NA,NA,NA,PE05-03-01-MAG-NOPA,1,0,0,1,,NA,NA,,
PE,05,Dunk River,3,PE05-03,46.35771,63.69558,MAG,2021,6,18,1,PE05-03-01-MAG,5:48,2,12,0,1,SW,2,N,SOSP,NA,NA,NA,NA,NA,NA,NA,NA,NA,NA,NA,NA,NA,NA,NA,PE05-03-01-MAG-SOSP,1,0,1,1,,NA,NA,,
PE,05,Dunk River,3,PE05-03,46.35771,63.69558,MAG,2021,6,18,1,PE05-03-01-MAG,5:48,2,12,0,1,SW,2,N,ABDU,NA,NA,NA,NA,NA,NA,NA,NA,NA,NA,NA,NA,NA,NA,NA,PE05-03-01-MAG-ABDU,0,0,0,0,OF,NA,NA,,
PE,05,Dunk River,3,PE05-03,46.35771,63.69558,MAG,2021,6,18,1,PE05-03-01-MAG,5:48,2,12,0,1,SW,2,N,BWWA,NA,NA,NA,NA,NA,NA,NA,NA,NA,NA,NA,NA,NA,NA,NA,PE05-03-01-MAG-BWWA,0,1,0,1,,NA,NA,,
PE,05,Dunk River,3,PE05-03,46.35771,63.69558,MAG,2021,6,18,1,PE05-03-01-MAG,5:48,2,12,0,1,SW,2,N,MOWA,NA,NA,NA,NA,NA,NA,NA,NA,NA,NA,NA,NA,NA,NA,NA,PE05-03-01-MAG-MOWA,0,1,0,1,,NA,NA,,"Not 100% of code, looks like ""MDWA"""
PE,05,Dunk River,3,PE05-03,46.35771,63.69558,MAG,2021,6,18,1,PE05-03-01-MAG,5:48,2,12,0,1,SW,2,N,AMRE,NA,NA,NA,NA,NA,NA,NA,NA,NA,NA,NA,NA,NA,NA,NA,PE05-03-01-MAG-AMRE,0,1,1,1,,NA,NA,,
PE,05,Dunk River,3,PE05-03,46.35771,63.69558,MAG,2021,6,18,1,PE05-03-01-MAG,5:48,2,12,0,1,SW,2,N,MALL,NA,NA,NA,NA,NA,NA,NA,NA,NA,NA,NA,NA,NA,NA,NA,PE05-03-01-MAG-MALL,0,0,0,0,OF,NA,NA,,
PE,05,Dunk River,3,PE05-03,46.35771,63.69558,MAG,2021,6,18,1,PE05-03-01-MAG,5:48,2,12,0,1,SW,2,N,REVI,NA,NA,NA,NA,NA,NA,NA,NA,NA,NA,NA,NA,NA,NA,NA,PE05-03-01-MAG-REVI,0,0,1,1,,NA,NA,,
PE,05,Dunk River,4,PE05-04,46.3576,63.69212,MAG,2021,8,18,1,PE05-04-01-MAG,6:10,2,12,0,1,SW,2,N,SWSP,NA,NA,NA,NA,NA,NA,NA,NA,NA,NA,NA,NA,NA,NA,NA,PE05-04-01-MAG-SWSP,3,3,2,3,,NA,NA,,
PE,05,Dunk River,4,PE05-04,46.3576,63.69212,MAG,2021,8,18,1,PE05-04-01-MAG,6:10,2,12,0,1,SW,2,N,COYE,NA,NA,NA,NA,NA,NA,NA,NA,NA,NA,NA,NA,NA,NA,NA,PE05-04-01-MAG-COYE,3,2,2,3,,NA,NA,,
PE,05,Dunk River,4,PE05-04,46.3576,63.69212,MAG,2021,8,18,1,PE05-04-01-MAG,6:10,2,12,0,1,SW,2,N,RWBL,NA,NA,NA,NA,NA,NA,NA,NA,NA,NA,NA,NA,NA,NA,NA,PE05-04-01-MAG-RWBL,4,3,3,4,,NA,NA,,
PE,05,Dunk River,4,PE05-04,46.3576,63.69212,MAG,2021,8,18,1,PE05-04-01-MAG,6:10,2,12,0,1,SW,2,N,ALFL,NA,NA,NA,NA,NA,NA,NA,NA,NA,NA,NA,NA,NA,NA,NA,PE05-04-01-MAG-ALFL,1,1,0,1,,NA,NA,,
PE,05,Dunk River,4,PE05-04,46.3576,63.69212,MAG,2021,8,18,1,PE05-04-01-MAG,6:10,2,12,0,1,SW,2,N,SOSP,NA,NA,NA,NA,NA,NA,NA,NA,NA,NA,NA,NA,NA,NA,NA,PE05-04-01-MAG-SOSP,1,1,1,1,,NA,NA,,
PE,05,Dunk River,4,PE05-04,46.3576,63.69212,MAG,2021,8,18,1,PE05-04-01-MAG,6:10,2,12,0,1,SW,2,N,GBHE,NA,NA,NA,NA,NA,NA,NA,NA,NA,NA,NA,NA,NA,NA,NA,PE05-04-01-MAG-GBHE,0,0,0,0,OF,NA,NA,,
PE,05,Dunk River,4,PE05-04,46.3576,63.69212,MAG,2021,8,18,1,PE05-04-01-MAG,6:10,2,12,0,1,SW,2,N,CEDW,NA,NA,NA,NA,NA,NA,NA,NA,NA,NA,NA,NA,NA,NA,NA,PE05-04-01-MAG-CEDW,1,2,2,2,,NA,NA,,
PE,05,Dunk River,4,PE05-04,46.3576,63.69212,MAG,2021,8,18,1,PE05-04-01-MAG,6:10,2,12,0,1,SW,2,N,MODO,NA,NA,NA,NA,NA,NA,NA,NA,NA,NA,NA,NA,NA,NA,NA,PE05-04-01-MAG-MODO,1,1,1,1,,NA,NA,,
PE,05,Dunk River,4,PE05-04,46.3576,63.69212,MAG,2021,8,18,1,PE05-04-01-MAG,6:10,2,12,0,1,SW,2,N,LEYE,NA,NA,NA,NA,NA,NA,NA,NA,NA,NA,NA,NA,NA,NA,NA,PE05-04-01-MAG-LEYE,0,1,0,1,,NA,NA,,
PE,05,Dunk River,4,PE05-04,46.3576,63.69212,MAG,2021,8,18,1,PE05-04-01-MAG,6:10,2,12,0,1,SW,2,N,YEWA,NA,NA,NA,NA,NA,NA,NA,NA,NA,NA,NA,NA,NA,NA,NA,PE05-04-01-MAG-YEWA,0,1,2,2,,NA,NA,,
PE,05,Dunk River,4,PE05-04,46.3576,63.69212,MAG,2021,8,18,1,PE05-04-01-MAG,6:10,2,12,0,1,SW,2,N,MALL,NA,NA,NA,NA,NA,NA,NA,NA,NA,NA,NA,NA,NA,NA,NA,PE05-04-01-MAG-MALL,0,0,0,0,OF,NA,NA,,
PE,05,Dunk River,4,PE05-04,46.3576,63.69212,MAG,2021,8,18,1,PE05-04-01-MAG,6:10,2,12,0,1,SW,2,N,AMRE,NA,NA,NA,NA,NA,NA,NA,NA,NA,NA,NA,NA,NA,NA,NA,PE05-04-01-MAG-AMRE,0,0,2,2,,NA,NA,,
PE,05,Dunk River,4,PE05-04,46.3576,63.69212,MAG,2021,8,18,1,PE05-04-01-MAG,6:10,2,12,0,1,SW,2,N,BCCH,NA,NA,NA,NA,NA,NA,NA,NA,NA,NA,NA,NA,NA,NA,NA,PE05-04-01-MAG-BCCH,0,0,1,1,,NA,NA,,
PE,05,Dunk River,5,PE05-05,46.35745,63.68874,MAG,2021,6,18,1,PE05-05-01-MAG,6:33,2,12,0,1,SW,2,N,RWBL,NA,NA,NA,NA,NA,NA,NA,NA,NA,NA,NA,NA,NA,NA,NA,PE05-05-01-MAG-RWBL,3,2,2,3,OF,NA,NA,,
PE,05,Dunk River,5,PE05-05,46.35745,63.68874,MAG,2021,6,18,1,PE05-05-01-MAG,6:33,2,12,0,1,SW,2,N,SOSP,NA,NA,NA,NA,NA,NA,NA,NA,NA,NA,NA,NA,NA,NA,NA,PE05-05-01-MAG-SOSP,2,2,2,2,,NA,NA,,
PE,05,Dunk River,5,PE05-05,46.35745,63.68874,MAG,2021,6,18,1,PE05-05-01-MAG,6:33,2,12,0,1,SW,2,N,REVI,NA,NA,NA,NA,NA,NA,NA,NA,NA,NA,NA,NA,NA,NA,NA,PE05-05-01-MAG-REVI,1,1,1,1,,NA,NA,,
PE,05,Dunk River,5,PE05-05,46.35745,63.68874,MAG,2021,6,18,1,PE05-05-01-MAG,6:33,2,12,0,1,SW,2,N,MODO,NA,NA,NA,NA,NA,NA,NA,NA,NA,NA,NA,NA,NA,NA,NA,PE05-05-01-MAG-MODO,1,1,1,1,,NA,NA,,
PE,05,Dunk River,5,PE05-05,46.35745,63.68874,MAG,2021,6,18,1,PE05-05-01-MAG,6:33,2,12,0,1,SW,2,N,SWSP,NA,NA,NA,NA,NA,NA,NA,NA,NA,NA,NA,NA,NA,NA,NA,PE05-05-01-MAG-SWSP,3,3,3,3,,NA,NA,,
PE,05,Dunk River,5,PE05-05,46.35745,63.68874,MAG,2021,6,18,1,PE05-05-01-MAG,6:33,2,12,0,1,SW,2,N,BLJA,NA,NA,NA,NA,NA,NA,NA,NA,NA,NA,NA,NA,NA,NA,NA,PE05-05-01-MAG-BLJA,1,0,0,1,,NA,NA,,
PE,05,Dunk River,5,PE05-05,46.35745,63.68874,MAG,2021,6,18,1,PE05-05-01-MAG,6:33,2,12,0,1,SW,2,N,GBHE,NA,NA,NA,NA,NA,NA,NA,NA,NA,NA,NA,NA,NA,NA,NA,PE05-05-01-MAG-GBHE,0,0,0,0,OF,NA,NA,,
PE,05,Dunk River,5,PE05-05,46.35745,63.68874,MAG,2021,6,18,1,PE05-05-01-MAG,6:33,2,12,0,1,SW,2,N,COYE,NA,NA,NA,NA,NA,NA,NA,NA,NA,NA,NA,NA,NA,NA,NA,PE05-05-01-MAG-COYE,1,1,2,2,,NA,NA,,
PE,05,Dunk River,5,PE05-05,46.35745,63.68874,MAG,2021,6,18,1,PE05-05-01-MAG,6:33,2,12,0,1,SW,2,N,YEWA,NA,NA,NA,NA,NA,NA,NA,NA,NA,NA,NA,NA,NA,NA,NA,PE05-05-01-MAG-YEWA,1,3,2,3,,NA,NA,,
PE,05,Dunk River,5,PE05-05,46.35745,63.68874,MAG,2021,6,18,1,PE05-05-01-MAG,6:33,2,12,0,1,SW,2,N,AMRE,NA,NA,NA,NA,NA,NA,NA,NA,NA,NA,NA,NA,NA,NA,NA,PE05-05-01-MAG-AMRE,1,2,0,2,,NA,NA,,
PE,05,Dunk River,5,PE05-05,46.35745,63.68874,MAG,2021,6,18,1,PE05-05-01-MAG,6:33,2,12,0,1,SW,2,N,SAVS,NA,NA,NA,NA,NA,NA,NA,NA,NA,NA,NA,NA,NA,NA,NA,PE05-05-01-MAG-SAVS,0,0,1,1,,NA,NA,,Written as SASP
PE,05,Dunk River,5,PE05-05,46.35745,63.68874,MAG,2021,6,18,1,PE05-05-01-MAG,6:33,2,12,0,1,SW,2,N,CEDW,NA,NA,NA,NA,NA,NA,NA,NA,NA,NA,NA,NA,NA,NA,NA,PE05-05-01-MAG-CEDW,0,0,1,1,,NA,NA,,
PE,05,Dunk River,5,PE05-05,46.35745,63.68874,MAG,2021,6,18,1,PE05-05-01-MAG,6:33,2,12,0,1,SW,2,N,DCCO,NA,NA,NA,NA,NA,NA,NA,NA,NA,NA,NA,NA,NA,NA,NA,PE05-05-01-MAG-DCCO,0,0,0,0,OF,NA,NA,,
PE,05,Dunk River,6,PE05-06,46.35526,63.68742,MAG,2021,6,18,1,PE05-06-01-MAG,6:55,2,12,0,2,SW,2,N,COYE,NA,NA,NA,NA,NA,NA,NA,NA,NA,NA,NA,NA,NA,NA,NA,PE05-06-01-MAG-COYE,2,2,3,3,,NA,NA,,
PE,05,Dunk River,6,PE05-06,46.35526,63.68742,MAG,2021,6,18,1,PE05-06-01-MAG,6:55,2,12,0,2,SW,2,N,RWBL,NA,NA,NA,NA,NA,NA,NA,NA,NA,NA,NA,NA,NA,NA,NA,PE05-06-01-MAG-RWBL,2,3,4,4,,NA,NA,,
PE,05,Dunk River,6,PE05-06,46.35526,63.68742,MAG,2021,6,18,1,PE05-06-01-MAG,6:55,2,12,0,2,SW,2,N,YEWA,NA,NA,NA,NA,NA,NA,NA,NA,NA,NA,NA,NA,NA,NA,NA,PE05-06-01-MAG-YEWA,3,3,2,3,,NA,NA,,
PE,05,Dunk River,6,PE05-06,46.35526,63.68742,MAG,2021,6,18,1,PE05-06-01-MAG,6:55,2,12,0,2,SW,2,N,SOSP,NA,NA,NA,NA,NA,NA,NA,NA,NA,NA,NA,NA,NA,NA,NA,PE05-06-01-MAG-SOSP,3,3,2,3,,NA,NA,,
PE,05,Dunk River,6,PE05-06,46.35526,63.68742,MAG,2021,6,18,1,PE05-06-01-MAG,6:55,2,12,0,2,SW,2,N,GBHE,NA,NA,NA,NA,NA,NA,NA,NA,NA,NA,NA,NA,NA,NA,NA,PE05-06-01-MAG-GBHE,0,0,0,0,OF,NA,NA,,
PE,05,Dunk River,6,PE05-06,46.35526,63.68742,MAG,2021,6,18,1,PE05-06-01-MAG,6:55,2,12,0,2,SW,2,N,REVI,NA,NA,NA,NA,NA,NA,NA,NA,NA,NA,NA,NA,NA,NA,NA,PE05-06-01-MAG-REVI,1,2,1,2,,NA,NA,,
PE,05,Dunk River,6,PE05-06,46.35526,63.68742,MAG,2021,6,18,1,PE05-06-01-MAG,6:55,2,12,0,2,SW,2,N,SWSP,NA,NA,NA,NA,NA,NA,NA,NA,NA,NA,NA,NA,NA,NA,NA,PE05-06-01-MAG-SWSP,1,2,1,2,,NA,NA,,
PE,05,Dunk River,6,PE05-06,46.35526,63.68742,MAG,2021,6,18,1,PE05-06-01-MAG,6:55,2,12,0,2,SW,2,N,ALFL,NA,NA,NA,NA,NA,NA,NA,NA,NA,NA,NA,NA,NA,NA,NA,PE05-06-01-MAG-ALFL,1,1,1,1,,NA,NA,,
PE,05,Dunk River,6,PE05-06,46.35526,63.68742,MAG,2021,6,18,1,PE05-06-01-MAG,6:55,2,12,0,2,SW,2,N,CEDW,NA,NA,NA,NA,NA,NA,NA,NA,NA,NA,NA,NA,NA,NA,NA,PE05-06-01-MAG-CEDW,0,0,0,0,OF,NA,NA,,
PE,05,Dunk River,7,PE05-07,46.35321,63.68614,MAG,2021,6,18,1,PE05-07-01-MAG,7:18,2,12,0,2,SW,2,N,YEWA,NA,NA,NA,NA,NA,NA,NA,NA,NA,NA,NA,NA,NA,NA,NA,PE05-07-01-MAG-YEWA,4,4,4,4,,NA,NA,,
PE,05,Dunk River,7,PE05-07,46.35321,63.68614,MAG,2021,6,18,1,PE05-07-01-MAG,7:18,2,12,0,2,SW,2,N,SOSP,NA,NA,NA,NA,NA,NA,NA,NA,NA,NA,NA,NA,NA,NA,NA,PE05-07-01-MAG-SOSP,2,2,2,2,,NA,NA,,
PE,05,Dunk River,7,PE05-07,46.35321,63.68614,MAG,2021,6,18,1,PE05-07-01-MAG,7:18,2,12,0,2,SW,2,N,COYE,NA,NA,NA,NA,NA,NA,NA,NA,NA,NA,NA,NA,NA,NA,NA,PE05-07-01-MAG-COYE,2,1,1,2,,NA,NA,,
PE,05,Dunk River,7,PE05-07,46.35321,63.68614,MAG,2021,6,18,1,PE05-07-01-MAG,7:18,2,12,0,2,SW,2,N,SWSP,NA,NA,NA,NA,NA,NA,NA,NA,NA,NA,NA,NA,NA,NA,NA,PE05-07-01-MAG-SWSP,3,4,4,4,,NA,NA,,
PE,05,Dunk River,7,PE05-07,46.35321,63.68614,MAG,2021,6,18,1,PE05-07-01-MAG,7:18,2,12,0,2,SW,2,N,GBHE,NA,NA,NA,NA,NA,NA,NA,NA,NA,NA,NA,NA,NA,NA,NA,PE05-07-01-MAG-GBHE,0,0,0,0,OF,NA,NA,,
PE,05,Dunk River,7,PE05-07,46.35321,63.68614,MAG,2021,6,18,1,PE05-07-01-MAG,7:18,2,12,0,2,SW,2,N,RWBL,NA,NA,NA,NA,NA,NA,NA,NA,NA,NA,NA,NA,NA,NA,NA,PE05-07-01-MAG-RWBL,2,2,2,2,,NA,NA,,
PE,05,Dunk River,7,PE05-07,46.35321,63.68614,MAG,2021,6,18,1,PE05-07-01-MAG,7:18,2,12,0,2,SW,2,N,AMGO,NA,NA,NA,NA,NA,NA,NA,NA,NA,NA,NA,NA,NA,NA,NA,PE05-07-01-MAG-AMGO,0,0,0,0,OF,NA,NA,,
PE,05,Dunk River,7,PE05-07,46.35321,63.68614,MAG,2021,6,18,1,PE05-07-01-MAG,7:18,2,12,0,2,SW,2,N,ALFL,NA,NA,NA,NA,NA,NA,NA,NA,NA,NA,NA,NA,NA,NA,NA,PE05-07-01-MAG-ALFL,0,3,3,3,,NA,NA,,
PE,05,Dunk River,7,PE05-07,46.35321,63.68614,MAG,2021,6,18,1,PE05-07-01-MAG,7:18,2,12,0,2,SW,2,N,RNDU,NA,NA,NA,NA,NA,NA,NA,NA,NA,NA,NA,NA,NA,NA,NA,PE05-07-01-MAG-RNDU,0,0,0,0,OF,NA,NA,,
PE,05,Dunk River,7,PE05-07,46.35321,63.68614,MAG,2021,6,18,1,PE05-07-01-MAG,7:18,2,12,0,2,SW,2,N,REVI,NA,NA,NA,NA,NA,NA,NA,NA,NA,NA,NA,NA,NA,NA,NA,PE05-07-01-MAG-REVI,0,0,1,1,,NA,NA,,
PE,10,Indian River,1,PE10-01,46.45948,63.67288,MAG,2021,6,11,1,PE10-01-01-MAG,4:57,0,6.5,0,0,NA,2,Y,RWBL,NA,NA,NA,NA,NA,NA,NA,NA,NA,NA,NA,NA,NA,NA,NA,PE10-01-01-MAG-RWBL,8,4,4,8,,NA,NA,,
PE,10,Indian River,1,PE10-01,46.45948,63.67288,MAG,2021,6,11,1,PE10-01-01-MAG,4:57,0,6.5,0,0,NA,2,Y,COYE,NA,NA,NA,NA,NA,NA,NA,NA,NA,NA,NA,NA,NA,NA,NA,PE10-01-01-MAG-COYE,4,2,3,4,,NA,NA,,
PE,10,Indian River,1,PE10-01,46.45948,63.67288,MAG,2021,6,11,1,PE10-01-01-MAG,4:57,0,6.5,0,0,NA,2,Y,GBHE,NA,NA,NA,NA,NA,NA,NA,NA,NA,NA,NA,NA,NA,NA,NA,PE10-01-01-MAG-GBHE,1,1,1,1,OF,NA,NA,,
PE,10,Indian River,1,PE10-01,46.45948,63.67288,MAG,2021,6,11,1,PE10-01-01-MAG,4:57,0,6.5,0,0,NA,2,Y,YEWA,NA,NA,NA,NA,NA,NA,NA,NA,NA,NA,NA,NA,NA,NA,NA,PE10-01-01-MAG-YEWA,4,3,3,4,,NA,NA,,
PE,10,Indian River,1,PE10-01,46.45948,63.67288,MAG,2021,6,11,1,PE10-01-01-MAG,4:57,0,6.5,0,0,NA,2,Y,CANG,NA,NA,NA,NA,NA,NA,NA,NA,NA,NA,NA,NA,NA,NA,NA,PE10-01-01-MAG-CANG,3,0,0,3,,NA,NA,,
PE,10,Indian River,1,PE10-01,46.45948,63.67288,MAG,2021,6,11,1,PE10-01-01-MAG,4:57,0,6.5,0,0,NA,2,Y,MODO,NA,NA,NA,NA,NA,NA,NA,NA,NA,NA,NA,NA,NA,NA,NA,PE10-01-01-MAG-MODO,2,0,1,2,,NA,NA,,
PE,10,Indian River,1,PE10-01,46.45948,63.67288,MAG,2021,6,11,1,PE10-01-01-MAG,4:57,0,6.5,0,0,NA,2,Y,ALFL,NA,NA,NA,NA,NA,NA,NA,NA,NA,NA,NA,NA,NA,NA,NA,PE10-01-01-MAG-ALFL,2,2,2,2,,NA,NA,,
PE,10,Indian River,1,PE10-01,46.45948,63.67288,MAG,2021,6,11,1,PE10-01-01-MAG,4:57,0,6.5,0,0,NA,2,Y,AMRO,NA,NA,NA,NA,NA,NA,NA,NA,NA,NA,NA,NA,NA,NA,NA,PE10-01-01-MAG-AMRO,1,1,1,1,,NA,NA,,
PE,10,Indian River,1,PE10-01,46.45948,63.67288,MAG,2021,6,11,1,PE10-01-01-MAG,4:57,0,6.5,0,0,NA,2,Y,SOSP,NA,NA,NA,NA,NA,NA,NA,NA,NA,NA,NA,NA,NA,NA,NA,PE10-01-01-MAG-SOSP,0,1,0,1,,NA,NA,,
PE,10,Indian River,1,PE10-01,46.45948,63.67288,MAG,2021,6,11,1,PE10-01-01-MAG,4:57,0,6.5,0,0,NA,2,Y,LEYE,NA,NA,NA,NA,NA,NA,NA,NA,NA,NA,NA,NA,NA,NA,NA,PE10-01-01-MAG-LEYE,0,1,0,1,,NA,NA,,
PE,10,Indian River,1,PE10-01,46.45948,63.67288,MAG,2021,6,11,1,PE10-01-01-MAG,4:57,0,6.5,0,0,NA,2,Y,SWSP,NA,NA,NA,NA,NA,NA,NA,NA,NA,NA,NA,NA,NA,NA,NA,PE10-01-01-MAG-SWSP,0,1,0,1,,NA,NA,,
PE,10,Indian River,1,PE10-01,46.45948,63.67288,MAG,2021,6,11,1,PE10-01-01-MAG,4:57,0,6.5,0,0,NA,2,Y,AMCR,NA,NA,NA,NA,NA,NA,NA,NA,NA,NA,NA,NA,NA,NA,NA,PE10-01-01-MAG-AMCR,0,0,1,1,,NA,NA,,
PE,10,Indian River,1,PE10-01,46.45948,63.67288,MAG,2021,6,11,1,PE10-01-01-MAG,4:57,0,6.5,0,0,NA,2,Y,CEDW,NA,NA,NA,NA,NA,NA,NA,NA,NA,NA,NA,NA,NA,NA,NA,PE10-01-01-MAG-CEDW,0,0,1,1,,NA,NA,,
PE,10,Indian River,2,PE10-02,46.4587,63.67088,MAG,2021,6,11,1,PE10-02-01-MAG,5:20,0,6.5,0,0,NA,2,Y,RWBL,NA,NA,NA,NA,NA,NA,NA,NA,NA,NA,NA,NA,NA,NA,NA,PE10-02-01-MAG-RWBL,6,8,5,8,OF,NA,NA,,
PE,10,Indian River,2,PE10-02,46.4587,63.67088,MAG,2021,6,11,1,PE10-02-01-MAG,5:20,0,6.5,0,0,NA,2,Y,YEWA,NA,NA,NA,NA,NA,NA,NA,NA,NA,NA,NA,NA,NA,NA,NA,PE10-02-01-MAG-YEWA,3,4,3,4,,NA,NA,,
PE,10,Indian River,2,PE10-02,46.4587,63.67088,MAG,2021,6,11,1,PE10-02-01-MAG,5:20,0,6.5,0,0,NA,2,Y,COYE,NA,NA,NA,NA,NA,NA,NA,NA,NA,NA,NA,NA,NA,NA,NA,PE10-02-01-MAG-COYE,2,3,3,3,,NA,NA,,
PE,10,Indian River,2,PE10-02,46.4587,63.67088,MAG,2021,6,11,1,PE10-02-01-MAG,5:20,0,6.5,0,0,NA,2,Y,SOSP,NA,NA,NA,NA,NA,NA,NA,NA,NA,NA,NA,NA,NA,NA,NA,PE10-02-01-MAG-SOSP,1,1,0,1,,NA,NA,,
PE,10,Indian River,2,PE10-02,46.4587,63.67088,MAG,2021,6,11,1,PE10-02-01-MAG,5:20,0,6.5,0,0,NA,2,Y,SWSP,NA,NA,NA,NA,NA,NA,NA,NA,NA,NA,NA,NA,NA,NA,NA,PE10-02-01-MAG-SWSP,1,1,2,2,,NA,NA,,
PE,10,Indian River,2,PE10-02,46.4587,63.67088,MAG,2021,6,11,1,PE10-02-01-MAG,5:20,0,6.5,0,0,NA,2,Y,AMRO,NA,NA,NA,NA,NA,NA,NA,NA,NA,NA,NA,NA,NA,NA,NA,PE10-02-01-MAG-AMRO,1,0,0,1,,NA,NA,,
PE,10,Indian River,2,PE10-02,46.4587,63.67088,MAG,2021,6,11,1,PE10-02-01-MAG,5:20,0,6.5,0,0,NA,2,Y,MODO,NA,NA,NA,NA,NA,NA,NA,NA,NA,NA,NA,NA,NA,NA,NA,PE10-02-01-MAG-MODO,1,1,1,1,,NA,NA,,
PE,10,Indian River,2,PE10-02,46.4587,63.67088,MAG,2021,6,11,1,PE10-02-01-MAG,5:20,0,6.5,0,0,NA,2,Y,ALFL,NA,NA,NA,NA,NA,NA,NA,NA,NA,NA,NA,NA,NA,NA,NA,PE10-02-01-MAG-ALFL,0,1,1,1,,NA,NA,,
PE,10,Indian River,2,PE10-02,46.4587,63.67088,MAG,2021,6,11,1,PE10-02-01-MAG,5:20,0,6.5,0,0,NA,2,Y,AMCR,NA,NA,NA,NA,NA,NA,NA,NA,NA,NA,NA,NA,NA,NA,NA,PE10-02-01-MAG-AMCR,0,1,1,1,,NA,NA,,
PE,10,Indian River,2,PE10-02,46.4587,63.67088,MAG,2021,6,11,1,PE10-02-01-MAG,5:20,0,6.5,0,0,NA,2,Y,GBHE,NA,NA,NA,NA,NA,NA,NA,NA,NA,NA,NA,NA,NA,NA,NA,PE10-02-01-MAG-GBHE,0,0,0,0,OF,NA,NA,,
PE,10,Indian River,3,PE10-03,46.45942,63.66912,MAG,2021,6,11,1,PE10-03-01-MAG,5:44,1,7,0,2,W,1,Y,RWBL,NA,NA,NA,NA,NA,NA,NA,NA,NA,NA,NA,NA,NA,NA,NA,PE10-03-01-MAG-RWBL,8,9,8,9,,NA,NA,,
PE,10,Indian River,3,PE10-03,46.45942,63.66912,MAG,2021,6,11,1,PE10-03-01-MAG,5:44,1,7,0,2,W,1,Y,WODU,NA,NA,NA,NA,NA,NA,NA,NA,NA,NA,NA,NA,NA,NA,NA,PE10-03-01-MAG-WODU,0,0,0,0,OF,6,2,,
PE,10,Indian River,3,PE10-03,46.45942,63.66912,MAG,2021,6,11,1,PE10-03-01-MAG,5:44,1,7,0,2,W,1,Y,ALFL,NA,NA,NA,NA,NA,NA,NA,NA,NA,NA,NA,NA,NA,NA,NA,PE10-03-01-MAG-ALFL,1,1,1,1,,NA,NA,,
PE,10,Indian River,3,PE10-03,46.45942,63.66912,MAG,2021,6,11,1,PE10-03-01-MAG,5:44,1,7,0,2,W,1,Y,YEWA,NA,NA,NA,NA,NA,NA,NA,NA,NA,NA,NA,NA,NA,NA,NA,PE10-03-01-MAG-YEWA,3,3,3,3,,NA,NA,,
PE,10,Indian River,3,PE10-03,46.45942,63.66912,MAG,2021,6,11,1,PE10-03-01-MAG,5:44,1,7,0,2,W,1,Y,SWSP,NA,NA,NA,NA,NA,NA,NA,NA,NA,NA,NA,NA,NA,NA,NA,PE10-03-01-MAG-SWSP,1,1,1,1,,NA,NA,,
PE,10,Indian River,4,PE10-04,46.46076,63.66719,MAG,2021,6,11,1,PE10-04-01-MAG,6:08,1,7.5,0,2,W,1,Y,RWBL,NA,NA,NA,NA,NA,NA,NA,NA,NA,NA,NA,NA,NA,NA,NA,PE10-04-01-MAG-RWBL,4,5,4,5,,NA,NA,,
PE,10,Indian River,4,PE10-04,46.46076,63.66719,MAG,2021,6,11,1,PE10-04-01-MAG,6:08,1,7.5,0,2,W,1,Y,AMRO,NA,NA,NA,NA,NA,NA,NA,NA,NA,NA,NA,NA,NA,NA,NA,PE10-04-01-MAG-AMRO,2,1,1,2,,NA,NA,,forest edge
PE,10,Indian River,4,PE10-04,46.46076,63.66719,MAG,2021,6,11,1,PE10-04-01-MAG,6:08,1,7.5,0,2,W,1,Y,COYE,NA,NA,NA,NA,NA,NA,NA,NA,NA,NA,NA,NA,NA,NA,NA,PE10-04-01-MAG-COYE,2,2,1,2,,NA,NA,,
PE,10,Indian River,4,PE10-04,46.46076,63.66719,MAG,2021,6,11,1,PE10-04-01-MAG,6:08,1,7.5,0,2,W,1,Y,YRWA,NA,NA,NA,NA,NA,NA,NA,NA,NA,NA,NA,NA,NA,NA,NA,PE10-04-01-MAG-YRWA,1,0,0,1,,NA,NA,,forest edge
PE,10,Indian River,4,PE10-04,46.46076,63.66719,MAG,2021,6,11,1,PE10-04-01-MAG,6:08,1,7.5,0,2,W,1,Y,SWSP,NA,NA,NA,NA,NA,NA,NA,NA,NA,NA,NA,NA,NA,NA,NA,PE10-04-01-MAG-SWSP,2,1,1,2,,NA,NA,,
PE,10,Indian River,4,PE10-04,46.46076,63.66719,MAG,2021,6,11,1,PE10-04-01-MAG,6:08,1,7.5,0,2,W,1,Y,BWWA,NA,NA,NA,NA,NA,NA,NA,NA,NA,NA,NA,NA,NA,NA,NA,PE10-04-01-MAG-BWWA,1,0,0,1,,NA,NA,,forest edge
PE,10,Indian River,4,PE10-04,46.46076,63.66719,MAG,2021,6,11,1,PE10-04-01-MAG,6:08,1,7.5,0,2,W,1,Y,YEWA,NA,NA,NA,NA,NA,NA,NA,NA,NA,NA,NA,NA,NA,NA,NA,PE10-04-01-MAG-YEWA,2,2,1,2,,NA,NA,,
PE,10,Indian River,4,PE10-04,46.46076,63.66719,MAG,2021,6,11,1,PE10-04-01-MAG,6:08,1,7.5,0,2,W,1,Y,RNDU,NA,NA,NA,NA,NA,NA,NA,NA,NA,NA,NA,NA,NA,NA,NA,PE10-04-01-MAG-RNDU,0,0,0,0,OF,1,NA,,
PE,10,Indian River,4,PE10-04,46.46076,63.66719,MAG,2021,6,11,1,PE10-04-01-MAG,6:08,1,7.5,0,2,W,1,Y,ALFL,NA,NA,NA,NA,NA,NA,NA,NA,NA,NA,NA,NA,NA,NA,NA,PE10-04-01-MAG-ALFL,1,1,1,1,,NA,NA,,
PE,10,Indian River,4,PE10-04,46.46076,63.66719,MAG,2021,6,11,1,PE10-04-01-MAG,6:08,1,7.5,0,2,W,1,Y,BWTE,NA,NA,NA,NA,NA,NA,NA,NA,NA,NA,NA,NA,NA,NA,NA,PE10-04-01-MAG-BWTE,0,0,0,0,OF,1,NA,,
PE,10,Indian River,4,PE10-04,46.46076,63.66719,MAG,2021,6,11,1,PE10-04-01-MAG,6:08,1,7.5,0,2,W,1,Y,TRES,NA,NA,NA,NA,NA,NA,NA,NA,NA,NA,NA,NA,NA,NA,NA,PE10-04-01-MAG-TRES,0,0,0,0,AF,NA,NA,,
PE,10,Indian River,5,PE10-05,46.46285,63.66719,MAG,2021,6,11,1,PE10-05-01-MAG,6:33,1,9.5,0,2,W,1,N,YEWA,NA,NA,NA,NA,NA,NA,NA,NA,NA,NA,NA,NA,NA,NA,NA,PE10-05-01-MAG-YEWA,1,1,0,1,,NA,NA,,
PE,10,Indian River,5,PE10-05,46.46285,63.66719,MAG,2021,6,11,1,PE10-05-01-MAG,6:33,1,9.5,0,2,W,1,N,ALFL,NA,NA,NA,NA,NA,NA,NA,NA,NA,NA,NA,NA,NA,NA,NA,PE10-05-01-MAG-ALFL,1,2,2,2,,NA,NA,,
PE,10,Indian River,5,PE10-05,46.46285,63.66719,MAG,2021,6,11,1,PE10-05-01-MAG,6:33,1,9.5,0,2,W,1,N,BWWA,NA,NA,NA,NA,NA,NA,NA,NA,NA,NA,NA,NA,NA,NA,NA,PE10-05-01-MAG-BWWA,1,0,0,1,,NA,NA,,
PE,10,Indian River,5,PE10-05,46.46285,63.66719,MAG,2021,6,11,1,PE10-05-01-MAG,6:33,1,9.5,0,2,W,1,N,RWBL,NA,NA,NA,NA,NA,NA,NA,NA,NA,NA,NA,NA,NA,NA,NA,PE10-05-01-MAG-RWBL,4,5,4,5,,NA,NA,,
PE,10,Indian River,5,PE10-05,46.46285,63.66719,MAG,2021,6,11,1,PE10-05-01-MAG,6:33,1,9.5,0,2,W,1,N,AMRO,NA,NA,NA,NA,NA,NA,NA,NA,NA,NA,NA,NA,NA,NA,NA,PE10-05-01-MAG-AMRO,1,1,0,1,,NA,NA,,
PE,10,Indian River,5,PE10-05,46.46285,63.66719,MAG,2021,6,11,1,PE10-05-01-MAG,6:33,1,9.5,0,2,W,1,N,SWSP,NA,NA,NA,NA,NA,NA,NA,NA,NA,NA,NA,NA,NA,NA,NA,PE10-05-01-MAG-SWSP,1,1,3,3,,NA,NA,,
PE,10,Indian River,5,PE10-05,46.46285,63.66719,MAG,2021,6,11,1,PE10-05-01-MAG,6:33,1,9.5,0,2,W,1,N,TRES,NA,NA,NA,NA,NA,NA,NA,NA,NA,NA,NA,NA,NA,NA,NA,PE10-05-01-MAG-TRES,0,0,0,0,AF,NA,NA,,
PE,10,Indian River,5,PE10-05,46.46285,63.66719,MAG,2021,6,11,1,PE10-05-01-MAG,6:33,1,9.5,0,2,W,1,N,RNDU,NA,NA,NA,NA,NA,NA,NA,NA,NA,NA,NA,NA,NA,NA,NA,PE10-05-01-MAG-RNDU,0,0,0,0,OF,1,NA,,
PE,10,Indian River,5,PE10-05,46.46285,63.66719,MAG,2021,6,11,1,PE10-05-01-MAG,6:33,1,9.5,0,2,W,1,N,BEKI,NA,NA,NA,NA,NA,NA,NA,NA,NA,NA,NA,NA,NA,NA,NA,PE10-05-01-MAG-BEKI,0,0,0,0,OF,NA,NA,,
PE,10,Indian River,5,PE10-05,46.46285,63.66719,MAG,2021,6,11,1,PE10-05-01-MAG,6:33,1,9.5,0,2,W,1,N,COYE,NA,NA,NA,NA,NA,NA,NA,NA,NA,NA,NA,NA,NA,NA,NA,PE10-05-01-MAG-COYE,0,0,1,1,,NA,NA,,
PE,10,Indian River,6,PE10-06,46.46527,63.6613,MAG,2021,6,11,1,PE10-06-01-MAG,7:00,3,11,0,2,W,1,Y,RWBL,NA,NA,NA,NA,NA,NA,NA,NA,NA,NA,NA,NA,NA,NA,NA,PE10-06-01-MAG-RWBL,5,4,5,5,,NA,NA,,
PE,10,Indian River,6,PE10-06,46.46527,63.6613,MAG,2021,6,11,1,PE10-06-01-MAG,7:00,3,11,0,2,W,1,Y,BWWA,NA,NA,NA,NA,NA,NA,NA,NA,NA,NA,NA,NA,NA,NA,NA,PE10-06-01-MAG-BWWA,3,1,0,3,,NA,NA,,
PE,10,Indian River,6,PE10-06,46.46527,63.6613,MAG,2021,6,11,1,PE10-06-01-MAG,7:00,3,11,0,2,W,1,Y,SWSP,NA,NA,NA,NA,NA,NA,NA,NA,NA,NA,NA,NA,NA,NA,NA,PE10-06-01-MAG-SWSP,2,1,1,2,,NA,NA,,
PE,10,Indian River,6,PE10-06,46.46527,63.6613,MAG,2021,6,11,1,PE10-06-01-MAG,7:00,3,11,0,2,W,1,Y,DEJU,NA,NA,NA,NA,NA,NA,NA,NA,NA,NA,NA,NA,NA,NA,NA,PE10-06-01-MAG-DEJU,0,0,0,0,OF,NA,NA,,
PE,10,Indian River,6,PE10-06,46.46527,63.6613,MAG,2021,6,11,1,PE10-06-01-MAG,7:00,3,11,0,2,W,1,Y,COYE,NA,NA,NA,NA,NA,NA,NA,NA,NA,NA,NA,NA,NA,NA,NA,PE10-06-01-MAG-COYE,2,3,3,3,,NA,NA,,
PE,10,Indian River,6,PE10-06,46.46527,63.6613,MAG,2021,6,11,1,PE10-06-01-MAG,7:00,3,11,0,2,W,1,Y,YEWA,NA,NA,NA,NA,NA,NA,NA,NA,NA,NA,NA,NA,NA,NA,NA,PE10-06-01-MAG-YEWA,1,0,1,1,,NA,NA,,
PE,10,Indian River,6,PE10-06,46.46527,63.6613,MAG,2021,6,11,1,PE10-06-01-MAG,7:00,3,11,0,2,W,1,Y,REVI,NA,NA,NA,NA,NA,NA,NA,NA,NA,NA,NA,NA,NA,NA,NA,PE10-06-01-MAG-REVI,1,2,2,2,,NA,NA,,
PE,10,Indian River,6,PE10-06,46.46527,63.6613,MAG,2021,6,11,1,PE10-06-01-MAG,7:00,3,11,0,2,W,1,Y,AMRO,NA,NA,NA,NA,NA,NA,NA,NA,NA,NA,NA,NA,NA,NA,NA,PE10-06-01-MAG-AMRO,1,2,2,2,,NA,NA,,
PE,10,Indian River,6,PE10-06,46.46527,63.6613,MAG,2021,6,11,1,PE10-06-01-MAG,7:00,3,11,0,2,W,1,Y,BCCH,NA,NA,NA,NA,NA,NA,NA,NA,NA,NA,NA,NA,NA,NA,NA,PE10-06-01-MAG-BCCH,3,3,1,3,,NA,NA,,
PE,10,Indian River,6,PE10-06,46.46527,63.6613,MAG,2021,6,11,1,PE10-06-01-MAG,7:00,3,11,0,2,W,1,Y,HAWO,NA,NA,NA,NA,NA,NA,NA,NA,NA,NA,NA,NA,NA,NA,NA,PE10-06-01-MAG-HAWO,0,0,0,0,OF,NA,NA,,
PE,10,Indian River,6,PE10-06,46.46527,63.6613,MAG,2021,6,11,1,PE10-06-01-MAG,7:00,3,11,0,2,W,1,Y,NOPA,NA,NA,NA,NA,NA,NA,NA,NA,NA,NA,NA,NA,NA,NA,NA,PE10-06-01-MAG-NOPA,0,0,1,1,,NA,NA,,
PE,10,Indian River,6,PE10-06,46.46527,63.6613,MAG,2021,6,11,1,PE10-06-01-MAG,7:00,3,11,0,2,W,1,Y,YRWA,NA,NA,NA,NA,NA,NA,NA,NA,NA,NA,NA,NA,NA,NA,NA,PE10-06-01-MAG-YRWA,0,0,1,1,,NA,NA,,
PE,10,Indian River,6,PE10-06,46.46527,63.6613,MAG,2021,6,11,1,PE10-06-01-MAG,7:00,3,11,0,2,W,1,Y,TRES,NA,NA,NA,NA,NA,NA,NA,NA,NA,NA,NA,NA,NA,NA,NA,PE10-06-01-MAG-TRES,0,0,0,0,OF,NA,NA,,
PE,10,Indian River,7,PE10-07,46.4654,63.66571,MAG,2021,6,11,1,PE10-07-01-MAG,7:38,3,11,0,2,W,1,Y,BANS,NA,NA,NA,NA,NA,NA,NA,NA,NA,NA,NA,NA,NA,NA,NA,PE10-07-01-MAG-BANS,0,0,0,0,,NA,NA,,"seen and heard after survey, >100 m, 15-20 flying over cattails"
PE,10,Indian River,7,PE10-07,46.4654,63.66571,MAG,2021,6,11,1,PE10-07-01-MAG,7:38,3,11,0,2,W,1,Y,ALFL,NA,NA,NA,NA,NA,NA,NA,NA,NA,NA,NA,NA,NA,NA,NA,PE10-07-01-MAG-ALFL,3,1,0,3,,NA,NA,,
PE,10,Indian River,7,PE10-07,46.4654,63.66571,MAG,2021,6,11,1,PE10-07-01-MAG,7:38,3,11,0,2,W,1,Y,BWWA,NA,NA,NA,NA,NA,NA,NA,NA,NA,NA,NA,NA,NA,NA,NA,PE10-07-01-MAG-BWWA,2,0,1,2,,NA,NA,,
PE,10,Indian River,7,PE10-07,46.4654,63.66571,MAG,2021,6,11,1,PE10-07-01-MAG,7:38,3,11,0,2,W,1,Y,COYE,NA,NA,NA,NA,NA,NA,NA,NA,NA,NA,NA,NA,NA,NA,NA,PE10-07-01-MAG-COYE,2,2,2,2,,NA,NA,,
PE,10,Indian River,7,PE10-07,46.4654,63.66571,MAG,2021,6,11,1,PE10-07-01-MAG,7:38,3,11,0,2,W,1,Y,GCKI,NA,NA,NA,NA,NA,NA,NA,NA,NA,NA,NA,NA,NA,NA,NA,PE10-07-01-MAG-GCKI,1,1,1,1,,NA,NA,,
PE,10,Indian River,7,PE10-07,46.4654,63.66571,MAG,2021,6,11,1,PE10-07-01-MAG,7:38,3,11,0,2,W,1,Y,RWBL,NA,NA,NA,NA,NA,NA,NA,NA,NA,NA,NA,NA,NA,NA,NA,PE10-07-01-MAG-RWBL,4,3,4,4,,NA,NA,,
PE,10,Indian River,7,PE10-07,46.4654,63.66571,MAG,2021,6,11,1,PE10-07-01-MAG,7:38,3,11,0,2,W,1,Y,COGR,NA,NA,NA,NA,NA,NA,NA,NA,NA,NA,NA,NA,NA,NA,NA,PE10-07-01-MAG-COGR,0,0,0,0,OF,NA,NA,,written as GRAC (assumed COGR)
PE,10,Indian River,7,PE10-07,46.4654,63.66571,MAG,2021,6,11,1,PE10-07-01-MAG,7:38,3,11,0,2,W,1,Y,YEWA,NA,NA,NA,NA,NA,NA,NA,NA,NA,NA,NA,NA,NA,NA,NA,PE10-07-01-MAG-YEWA,1,2,1,2,,NA,NA,,
PE,10,Indian River,7,PE10-07,46.4654,63.66571,MAG,2021,6,11,1,PE10-07-01-MAG,7:38,3,11,0,2,W,1,Y,AMRO,NA,NA,NA,NA,NA,NA,NA,NA,NA,NA,NA,NA,NA,NA,NA,PE10-07-01-MAG-AMRO,1,1,0,1,,NA,NA,,
PE,10,Indian River,7,PE10-07,46.4654,63.66571,MAG,2021,6,11,1,PE10-07-01-MAG,7:38,3,11,0,2,W,1,Y,CEDW,NA,NA,NA,NA,NA,NA,NA,NA,NA,NA,NA,NA,NA,NA,NA,PE10-07-01-MAG-CEDW,0,0,0,0,OF,NA,NA,,
PE,10,Indian River,7,PE10-07,46.4654,63.66571,MAG,2021,6,11,1,PE10-07-01-MAG,7:38,3,11,0,2,W,1,Y,NOPA,NA,NA,NA,NA,NA,NA,NA,NA,NA,NA,NA,NA,NA,NA,NA,PE10-07-01-MAG-NOPA,0,2,2,2,,NA,NA,,
PE,10,Indian River,7,PE10-07,46.4654,63.66571,MAG,2021,6,11,1,PE10-07-01-MAG,7:38,3,11,0,2,W,1,Y,NOFL,NA,NA,NA,NA,NA,NA,NA,NA,NA,NA,NA,NA,NA,NA,NA,PE10-07-01-MAG-NOFL,0,1,0,1,,NA,NA,,
PE,10,Indian River,7,PE10-07,46.4654,63.66571,MAG,2021,6,11,1,PE10-07-01-MAG,7:38,3,11,0,2,W,1,Y,YRWA,NA,NA,NA,NA,NA,NA,NA,NA,NA,NA,NA,NA,NA,NA,NA,PE10-07-01-MAG-YRWA,0,0,1,1,,NA,NA,,
PE,10,Indian River,7,PE10-07,46.4654,63.66571,MAG,2021,6,11,1,PE10-07-01-MAG,7:38,3,11,0,2,W,1,Y,SWSP,NA,NA,NA,NA,NA,NA,NA,NA,NA,NA,NA,NA,NA,NA,NA,PE10-07-01-MAG-SWSP,0,0,1,1,,NA,NA,,
PE,10,Indian River,1,PE10-01,46.45948,63.67288,MAG,2021,7,12,2,PE10-01-02-MAG,5:31,5,18,0,2,N,3,Y,YEWA,NA,NA,NA,NA,NA,NA,NA,NA,NA,NA,NA,NA,NA,NA,NA,PE10-01-02-MAG-YEWA,2,1,1,2,,NA,NA,,
PE,10,Indian River,1,PE10-01,46.45948,63.67288,MAG,2021,7,12,2,PE10-01-02-MAG,5:31,5,18,0,2,N,3,Y,RWBL,NA,NA,NA,NA,NA,NA,NA,NA,NA,NA,NA,NA,NA,NA,NA,PE10-01-02-MAG-RWBL,2,3,2,3,,NA,NA,,
PE,10,Indian River,1,PE10-01,46.45948,63.67288,MAG,2021,7,12,2,PE10-01-02-MAG,5:31,5,18,0,2,N,3,Y,MODO,NA,NA,NA,NA,NA,NA,NA,NA,NA,NA,NA,NA,NA,NA,NA,PE10-01-02-MAG-MODO,1,0,0,1,,NA,NA,,
PE,10,Indian River,1,PE10-01,46.45948,63.67288,MAG,2021,7,12,2,PE10-01-02-MAG,5:31,5,18,0,2,N,3,Y,COYE,NA,NA,NA,NA,NA,NA,NA,NA,NA,NA,NA,NA,NA,NA,NA,PE10-01-02-MAG-COYE,1,1,1,1,,NA,NA,,
PE,10,Indian River,1,PE10-01,46.45948,63.67288,MAG,2021,7,12,2,PE10-01-02-MAG,5:31,5,18,0,2,N,3,Y,SWSP,NA,NA,NA,NA,NA,NA,NA,NA,NA,NA,NA,NA,NA,NA,NA,PE10-01-02-MAG-SWSP,0,2,0,2,,NA,NA,,
PE,10,Indian River,1,PE10-01,46.45948,63.67288,MAG,2021,7,12,2,PE10-01-02-MAG,5:31,5,18,0,2,N,3,Y,GBHE,NA,NA,NA,NA,NA,NA,NA,NA,NA,NA,NA,NA,NA,NA,NA,PE10-01-02-MAG-GBHE,0,0,1,1,,NA,NA,,
PE,10,Indian River,2,PE10-02,46.4587,63.67088,MAG,2021,7,12,2,PE10-02-02-MAG,5:52,10,18,0,3,N,2,Y,RWBL,NA,NA,NA,NA,NA,NA,NA,NA,NA,NA,NA,NA,NA,NA,NA,PE10-02-02-MAG-RWBL,4,4,4,4,,NA,NA,,
PE,10,Indian River,2,PE10-02,46.4587,63.67088,MAG,2021,7,12,2,PE10-02-02-MAG,5:52,10,18,0,3,N,2,Y,SWSP,NA,NA,NA,NA,NA,NA,NA,NA,NA,NA,NA,NA,NA,NA,NA,PE10-02-02-MAG-SWSP,1,3,3,3,,NA,NA,,
PE,10,Indian River,2,PE10-02,46.4587,63.67088,MAG,2021,7,12,2,PE10-02-02-MAG,5:52,10,18,0,3,N,2,Y,YEWA,NA,NA,NA,NA,NA,NA,NA,NA,NA,NA,NA,NA,NA,NA,NA,PE10-02-02-MAG-YEWA,1,0,0,1,,NA,NA,,
PE,10,Indian River,2,PE10-02,46.4587,63.67088,MAG,2021,7,12,2,PE10-02-02-MAG,5:52,10,18,0,3,N,2,Y,ABDU,NA,NA,NA,NA,NA,NA,NA,NA,NA,NA,NA,NA,NA,NA,NA,PE10-02-02-MAG-ABDU,0,0,0,0,OF,NA,NA,,
PE,10,Indian River,2,PE10-02,46.4587,63.67088,MAG,2021,7,12,2,PE10-02-02-MAG,5:52,10,18,0,3,N,2,Y,CEDW,NA,NA,NA,NA,NA,NA,NA,NA,NA,NA,NA,NA,NA,NA,NA,PE10-02-02-MAG-CEDW,0,0,0,0,OF,NA,NA,,
PE,10,Indian River,2,PE10-02,46.4587,63.67088,MAG,2021,7,12,2,PE10-02-02-MAG,5:52,10,18,0,3,N,2,Y,MALL,NA,NA,NA,NA,NA,NA,NA,NA,NA,NA,NA,NA,NA,NA,NA,PE10-02-02-MAG-MALL,0,0,0,0,OF,NA,NA,,
PE,10,Indian River,3,PE10-03,46.45942,63.66912,MAG,2021,7,12,2,PE10-03-02-MAG,6:14,8,18,0,2,N,1,Y,RWBL,NA,NA,NA,NA,NA,NA,NA,NA,NA,NA,NA,NA,NA,NA,NA,PE10-03-02-MAG-RWBL,3,2,3,3,,NA,NA,,
PE,10,Indian River,3,PE10-03,46.45942,63.66912,MAG,2021,7,12,2,PE10-03-02-MAG,6:14,8,18,0,2,N,1,Y,SWSP,NA,NA,NA,NA,NA,NA,NA,NA,NA,NA,NA,NA,NA,NA,NA,PE10-03-02-MAG-SWSP,2,3,4,4,,NA,NA,,
PE,10,Indian River,3,PE10-03,46.45942,63.66912,MAG,2021,7,12,2,PE10-03-02-MAG,6:14,8,18,0,2,N,1,Y,COYE,NA,NA,NA,NA,NA,NA,NA,NA,NA,NA,NA,NA,NA,NA,NA,PE10-03-02-MAG-COYE,0,1,0,1,,NA,NA,,
PE,10,Indian River,3,PE10-03,46.45942,63.66912,MAG,2021,7,12,2,PE10-03-02-MAG,6:14,8,18,0,2,N,1,Y,MALL,NA,NA,NA,NA,NA,NA,NA,NA,NA,NA,NA,NA,NA,NA,NA,PE10-03-02-MAG-MALL,0,0,0,0,OF,NA,NA,,
PE,10,Indian River,3,PE10-03,46.45942,63.66912,MAG,2021,7,12,2,PE10-03-02-MAG,6:14,8,18,0,2,N,1,Y,CEDW,NA,NA,NA,NA,NA,NA,NA,NA,NA,NA,NA,NA,NA,NA,NA,PE10-03-02-MAG-CEDW,0,0,1,1,OF,NA,NA,,
PE,10,Indian River,4,PE10-04,46.46076,63.66719,MAG,2021,7,12,2,PE10-04-02-MAG,6:33,1,18,0,3,N,1,Y,SWSP,NA,NA,NA,NA,NA,NA,NA,NA,NA,NA,NA,NA,NA,NA,NA,PE10-04-02-MAG-SWSP,4,4,4,4,,NA,NA,,
PE,10,Indian River,4,PE10-04,46.46076,63.66719,MAG,2021,7,12,2,PE10-04-02-MAG,6:33,1,18,0,3,N,1,Y,RWBL,NA,NA,NA,NA,NA,NA,NA,NA,NA,NA,NA,NA,NA,NA,NA,PE10-04-02-MAG-RWBL,4,2,3,4,,NA,NA,,
PE,10,Indian River,4,PE10-04,46.46076,63.66719,MAG,2021,7,12,2,PE10-04-02-MAG,6:33,1,18,0,3,N,1,Y,COYE,NA,NA,NA,NA,NA,NA,NA,NA,NA,NA,NA,NA,NA,NA,NA,PE10-04-02-MAG-COYE,1,1,1,1,,NA,NA,,
PE,10,Indian River,4,PE10-04,46.46076,63.66719,MAG,2021,7,12,2,PE10-04-02-MAG,6:33,1,18,0,3,N,1,Y,BWWA,NA,NA,NA,NA,NA,NA,NA,NA,NA,NA,NA,NA,NA,NA,NA,PE10-04-02-MAG-BWWA,1,1,0,1,,NA,NA,,
PE,10,Indian River,4,PE10-04,46.46076,63.66719,MAG,2021,7,12,2,PE10-04-02-MAG,6:33,1,18,0,3,N,1,Y,CEDW,NA,NA,NA,NA,NA,NA,NA,NA,NA,NA,NA,NA,NA,NA,NA,PE10-04-02-MAG-CEDW,0,0,0,0,OF,NA,NA,,
PE,10,Indian River,4,PE10-04,46.46076,63.66719,MAG,2021,7,12,2,PE10-04-02-MAG,6:33,1,18,0,3,N,1,Y,ALFL,NA,NA,NA,NA,NA,NA,NA,NA,NA,NA,NA,NA,NA,NA,NA,PE10-04-02-MAG-ALFL,0,2,0,2,,NA,NA,,
PE,10,Indian River,4,PE10-04,46.46076,63.66719,MAG,2021,7,12,2,PE10-04-02-MAG,6:33,1,18,0,3,N,1,Y,REVI,NA,NA,NA,NA,NA,NA,NA,NA,NA,NA,NA,NA,NA,NA,NA,PE10-04-02-MAG-REVI,0,0,1,1,,NA,NA,,
PE,10,Indian River,5,PE10-05,46.46285,63.66719,MAG,2021,7,12,2,PE10-05-02-MAG,6:54,2,18,0,3,N,1,Y,COYE,NA,NA,NA,NA,NA,NA,NA,NA,NA,NA,NA,NA,NA,NA,NA,PE10-05-02-MAG-COYE,3,3,2,3,,NA,NA,,
PE,10,Indian River,5,PE10-05,46.46285,63.66719,MAG,2021,7,12,2,PE10-05-02-MAG,6:54,2,18,0,3,N,1,Y,SWSP,NA,NA,NA,NA,NA,NA,NA,NA,NA,NA,NA,NA,NA,NA,NA,PE10-05-02-MAG-SWSP,2,2,3,3,,NA,NA,,
PE,10,Indian River,5,PE10-05,46.46285,63.66719,MAG,2021,7,12,2,PE10-05-02-MAG,6:54,2,18,0,3,N,1,Y,YEWA,NA,NA,NA,NA,NA,NA,NA,NA,NA,NA,NA,NA,NA,NA,NA,PE10-05-02-MAG-YEWA,0,1,1,1,,NA,NA,,
PE,10,Indian River,5,PE10-05,46.46285,63.66719,MAG,2021,7,12,2,PE10-05-02-MAG,6:54,2,18,0,3,N,1,Y,EAWP,NA,NA,NA,NA,NA,NA,NA,NA,NA,NA,NA,NA,NA,NA,NA,PE10-05-02-MAG-EAWP,1,0,0,1,,NA,NA,,">100m, Written as EWPE, assumed EAWP"
PE,10,Indian River,6,PE10-06,46.46527,63.6613,MAG,2021,7,12,2,PE10-06-02-MAG,7:22,3,18,0,2,N,1,Y,YRWA,NA,NA,NA,NA,NA,NA,NA,NA,NA,NA,NA,NA,NA,NA,NA,PE10-06-02-MAG-YRWA,1,1,1,1,,NA,NA,,
PE,10,Indian River,6,PE10-06,46.46527,63.6613,MAG,2021,7,12,2,PE10-06-02-MAG,7:22,3,18,0,2,N,1,Y,REVI,NA,NA,NA,NA,NA,NA,NA,NA,NA,NA,NA,NA,NA,NA,NA,PE10-06-02-MAG-REVI,1,0,1,1,,NA,NA,,
PE,10,Indian River,6,PE10-06,46.46527,63.6613,MAG,2021,7,12,2,PE10-06-02-MAG,7:22,3,18,0,2,N,1,Y,YBSA,NA,NA,NA,NA,NA,NA,NA,NA,NA,NA,NA,NA,NA,NA,NA,PE10-06-02-MAG-YBSA,1,0,0,1,,NA,NA,,
PE,10,Indian River,6,PE10-06,46.46527,63.6613,MAG,2021,7,12,2,PE10-06-02-MAG,7:22,3,18,0,2,N,1,Y,MALL,NA,NA,NA,NA,NA,NA,NA,NA,NA,NA,NA,NA,NA,NA,NA,PE10-06-02-MAG-MALL,1,0,0,1,,NA,NA,,YOY
PE,10,Indian River,6,PE10-06,46.46527,63.6613,MAG,2021,7,12,2,PE10-06-02-MAG,7:22,3,18,0,2,N,1,Y,DEJU,NA,NA,NA,NA,NA,NA,NA,NA,NA,NA,NA,NA,NA,NA,NA,PE10-06-02-MAG-DEJU,1,1,1,1,,NA,NA,,
PE,10,Indian River,6,PE10-06,46.46527,63.6613,MAG,2021,7,12,2,PE10-06-02-MAG,7:22,3,18,0,2,N,1,Y,SWSP,NA,NA,NA,NA,NA,NA,NA,NA,NA,NA,NA,NA,NA,NA,NA,PE10-06-02-MAG-SWSP,1,1,0,1,,NA,NA,,
PE,10,Indian River,6,PE10-06,46.46527,63.6613,MAG,2021,7,12,2,PE10-06-02-MAG,7:22,3,18,0,2,N,1,Y,BLJA,NA,NA,NA,NA,NA,NA,NA,NA,NA,NA,NA,NA,NA,NA,NA,PE10-06-02-MAG-BLJA,1,2,1,2,,NA,NA,,
PE,10,Indian River,6,PE10-06,46.46527,63.6613,MAG,2021,7,12,2,PE10-06-02-MAG,7:22,3,18,0,2,N,1,Y,NOFL,NA,NA,NA,NA,NA,NA,NA,NA,NA,NA,NA,NA,NA,NA,NA,PE10-06-02-MAG-NOFL,1,1,0,1,,NA,NA,,
PE,10,Indian River,6,PE10-06,46.46527,63.6613,MAG,2021,7,12,2,PE10-06-02-MAG,7:22,3,18,0,2,N,1,Y,AMRO,NA,NA,NA,NA,NA,NA,NA,NA,NA,NA,NA,NA,NA,NA,NA,PE10-06-02-MAG-AMRO,0,1,2,2,,NA,NA,,
PE,10,Indian River,6,PE10-06,46.46527,63.6613,MAG,2021,7,12,2,PE10-06-02-MAG,7:22,3,18,0,2,N,1,Y,ALFL,NA,NA,NA,NA,NA,NA,NA,NA,NA,NA,NA,NA,NA,NA,NA,PE10-06-02-MAG-ALFL,0,0,1,1,,NA,NA,,
PE,10,Indian River,6,PE10-06,46.46527,63.6613,MAG,2021,7,12,2,PE10-06-02-MAG,7:22,3,18,0,2,N,1,Y,BWWA,NA,NA,NA,NA,NA,NA,NA,NA,NA,NA,NA,NA,NA,NA,NA,PE10-06-02-MAG-BWWA,0,0,1,1,,NA,NA,,
PE,10,Indian River,6,PE10-06,46.46527,63.6613,MAG,2021,7,12,2,PE10-06-02-MAG,7:22,3,18,0,2,N,1,Y,BCCH,NA,NA,NA,NA,NA,NA,NA,NA,NA,NA,NA,NA,NA,NA,NA,PE10-06-02-MAG-BCCH,0,0,1,1,,NA,NA,,
PE,10,Indian River,7,PE10-07,46.4654,63.66571,MAG,2021,7,12,2,PE10-07-02-MAG,7:47,5,18,0,2,N,1,Y,SWSP,NA,NA,NA,NA,NA,NA,NA,NA,NA,NA,NA,NA,NA,NA,NA,PE10-07-02-MAG-SWSP,3,4,4,4,,NA,NA,,
PE,10,Indian River,7,PE10-07,46.4654,63.66571,MAG,2021,7,12,2,PE10-07-02-MAG,7:47,5,18,0,2,N,1,Y,REVI,NA,NA,NA,NA,NA,NA,NA,NA,NA,NA,NA,NA,NA,NA,NA,PE10-07-02-MAG-REVI,1,1,1,1,,NA,NA,,
PE,10,Indian River,7,PE10-07,46.4654,63.66571,MAG,2021,7,12,2,PE10-07-02-MAG,7:47,5,18,0,2,N,1,Y,RBNU,NA,NA,NA,NA,NA,NA,NA,NA,NA,NA,NA,NA,NA,NA,NA,PE10-07-02-MAG-RBNU,1,0,0,1,,NA,NA,,
PE,10,Indian River,7,PE10-07,46.4654,63.66571,MAG,2021,7,12,2,PE10-07-02-MAG,7:47,5,18,0,2,N,1,Y,RWBL,NA,NA,NA,NA,NA,NA,NA,NA,NA,NA,NA,NA,NA,NA,NA,PE10-07-02-MAG-RWBL,3,3,3,3,,NA,NA,,
PE,10,Indian River,7,PE10-07,46.4654,63.66571,MAG,2021,7,12,2,PE10-07-02-MAG,7:47,5,18,0,2,N,1,Y,YRWA,NA,NA,NA,NA,NA,NA,NA,NA,NA,NA,NA,NA,NA,NA,NA,PE10-07-02-MAG-YRWA,1,0,1,1,,NA,NA,,
PE,10,Indian River,7,PE10-07,46.4654,63.66571,MAG,2021,7,12,2,PE10-07-02-MAG,7:47,5,18,0,2,N,1,Y,CEDW,NA,NA,NA,NA,NA,NA,NA,NA,NA,NA,NA,NA,NA,NA,NA,PE10-07-02-MAG-CEDW,2,0,1,2,,NA,NA,,
PE,10,Indian River,7,PE10-07,46.4654,63.66571,MAG,2021,7,12,2,PE10-07-02-MAG,7:47,5,18,0,2,N,1,Y,YEWA,NA,NA,NA,NA,NA,NA,NA,NA,NA,NA,NA,NA,NA,NA,NA,PE10-07-02-MAG-YEWA,3,2,3,3,,NA,NA,,
PE,10,Indian River,7,PE10-07,46.4654,63.66571,MAG,2021,7,12,2,PE10-07-02-MAG,7:47,5,18,0,2,N,1,Y,COYE,NA,NA,NA,NA,NA,NA,NA,NA,NA,NA,NA,NA,NA,NA,NA,PE10-07-02-MAG-COYE,0,0,1,1,,NA,NA,,
PE,07,Portage,1,PE07-01,46.66426,64.05667,MAG,2021,6,3,1,PE07-01-01-MAG,6:31,4,14,0,1,NA,3,Y,COYE,NA,NA,NA,NA,NA,NA,NA,NA,NA,NA,NA,NA,NA,NA,NA,PE07-01-01-MAG-COYE,3,3,3,3,,NA,NA,,
PE,07,Portage,1,PE07-01,46.66426,64.05667,MAG,2021,6,3,1,PE07-01-01-MAG,6:31,4,14,0,1,NA,3,Y,AMRE,NA,NA,NA,NA,NA,NA,NA,NA,NA,NA,NA,NA,NA,NA,NA,PE07-01-01-MAG-AMRE,4,4,4,4,,NA,NA,,
PE,07,Portage,1,PE07-01,46.66426,64.05667,MAG,2021,6,3,1,PE07-01-01-MAG,6:31,4,14,0,1,NA,3,Y,REVI,NA,NA,NA,NA,NA,NA,NA,NA,NA,NA,NA,NA,NA,NA,NA,PE07-01-01-MAG-REVI,2,3,2,3,,NA,NA,,
PE,07,Portage,1,PE07-01,46.66426,64.05667,MAG,2021,6,3,1,PE07-01-01-MAG,6:31,4,14,0,1,NA,3,Y,SWSP,NA,NA,NA,NA,NA,NA,NA,NA,NA,NA,NA,NA,NA,NA,NA,PE07-01-01-MAG-SWSP,1,1,0,1,,NA,NA,,
PE,07,Portage,1,PE07-01,46.66426,64.05667,MAG,2021,6,3,1,PE07-01-01-MAG,6:31,4,14,0,1,NA,3,Y,AMRO,NA,NA,NA,NA,NA,NA,NA,NA,NA,NA,NA,NA,NA,NA,NA,PE07-01-01-MAG-AMRO,2,1,1,2,,NA,NA,,
PE,07,Portage,1,PE07-01,46.66426,64.05667,MAG,2021,6,3,1,PE07-01-01-MAG,6:31,4,14,0,1,NA,3,Y,RWBL,NA,NA,NA,NA,NA,NA,NA,NA,NA,NA,NA,NA,NA,NA,NA,PE07-01-01-MAG-RWBL,2,3,2,3,,NA,NA,,
PE,07,Portage,1,PE07-01,46.66426,64.05667,MAG,2021,6,3,1,PE07-01-01-MAG,6:31,4,14,0,1,NA,3,Y,YEWA,NA,NA,NA,NA,NA,NA,NA,NA,NA,NA,NA,NA,NA,NA,NA,PE07-01-01-MAG-YEWA,0,1,1,1,,NA,NA,,"Written YEWR, assumed YEWA"
PE,07,Portage,1,PE07-01,46.66426,64.05667,MAG,2021,6,3,1,PE07-01-01-MAG,6:31,4,14,0,1,NA,3,Y,ALFL,NA,NA,NA,NA,NA,NA,NA,NA,NA,NA,NA,NA,NA,NA,NA,PE07-01-01-MAG-ALFL,0,0,1,1,,NA,NA,,
PE,07,Portage,1,PE07-01,46.66426,64.05667,MAG,2021,6,3,1,PE07-01-01-MAG,6:31,4,14,0,1,NA,3,Y,COGR,NA,NA,NA,NA,NA,NA,NA,NA,NA,NA,NA,NA,NA,NA,NA,PE07-01-01-MAG-COGR,0,0,0,0,OF,NA,NA,,"Written as GRAC, assumed COGR; 3 written in FT column"
PE,07,Portage,1,PE07-01,46.66426,64.05667,MAG,2021,6,3,1,PE07-01-01-MAG,6:31,4,14,0,1,NA,3,Y,CORA,NA,NA,NA,NA,NA,NA,NA,NA,NA,NA,NA,NA,NA,NA,NA,PE07-01-01-MAG-CORA,0,0,0,0,OF,NA,NA,,1 written in FT column
PE,07,Portage,2,PE07-02,46.66413,64.05292,MAG,2021,6,3,1,PE07-02-01-MAG,6:54,3,15,0,0,NA,3,N,AMRE,NA,NA,NA,NA,NA,NA,NA,NA,NA,NA,NA,NA,NA,NA,NA,PE07-02-01-MAG-AMRE,3,3,3,3,,NA,NA,,
PE,07,Portage,2,PE07-02,46.66413,64.05292,MAG,2021,6,3,1,PE07-02-01-MAG,6:54,3,15,0,0,NA,3,N,BWWA,NA,NA,NA,NA,NA,NA,NA,NA,NA,NA,NA,NA,NA,NA,NA,PE07-02-01-MAG-BWWA,2,3,2,3,,NA,NA,,
PE,07,Portage,2,PE07-02,46.66413,64.05292,MAG,2021,6,3,1,PE07-02-01-MAG,6:54,3,15,0,0,NA,3,N,NOPA,NA,NA,NA,NA,NA,NA,NA,NA,NA,NA,NA,NA,NA,NA,NA,PE07-02-01-MAG-NOPA,1,2,1,2,,NA,NA,,
PE,07,Portage,2,PE07-02,46.66413,64.05292,MAG,2021,6,3,1,PE07-02-01-MAG,6:54,3,15,0,0,NA,3,N,DEJU,NA,NA,NA,NA,NA,NA,NA,NA,NA,NA,NA,NA,NA,NA,NA,PE07-02-01-MAG-DEJU,1,0,0,1,,NA,NA,,
PE,07,Portage,2,PE07-02,46.66413,64.05292,MAG,2021,6,3,1,PE07-02-01-MAG,6:54,3,15,0,0,NA,3,N,MAWA,NA,NA,NA,NA,NA,NA,NA,NA,NA,NA,NA,NA,NA,NA,NA,PE07-02-01-MAG-MAWA,2,1,0,2,,NA,NA,,
PE,07,Portage,2,PE07-02,46.66413,64.05292,MAG,2021,6,3,1,PE07-02-01-MAG,6:54,3,15,0,0,NA,3,N,ALFL,NA,NA,NA,NA,NA,NA,NA,NA,NA,NA,NA,NA,NA,NA,NA,PE07-02-01-MAG-ALFL,3,4,4,4,,NA,NA,,
PE,07,Portage,2,PE07-02,46.66413,64.05292,MAG,2021,6,3,1,PE07-02-01-MAG,6:54,3,15,0,0,NA,3,N,YEWA,NA,NA,NA,NA,NA,NA,NA,NA,NA,NA,NA,NA,NA,NA,NA,PE07-02-01-MAG-YEWA,3,3,3,3,,NA,NA,,
PE,07,Portage,2,PE07-02,46.66413,64.05292,MAG,2021,6,3,1,PE07-02-01-MAG,6:54,3,15,0,0,NA,3,N,SWSP,NA,NA,NA,NA,NA,NA,NA,NA,NA,NA,NA,NA,NA,NA,NA,PE07-02-01-MAG-SWSP,1,2,1,2,,NA,NA,,
PE,07,Portage,2,PE07-02,46.66413,64.05292,MAG,2021,6,3,1,PE07-02-01-MAG,6:54,3,15,0,0,NA,3,N,RNDU,NA,NA,NA,NA,NA,NA,NA,NA,NA,NA,NA,NA,NA,NA,NA,PE07-02-01-MAG-RNDU,2,2,2,2,,NA,NA,,pair
PE,07,Portage,2,PE07-02,46.66413,64.05292,MAG,2021,6,3,1,PE07-02-01-MAG,6:54,3,15,0,0,NA,3,N,YRWA,NA,NA,NA,NA,NA,NA,NA,NA,NA,NA,NA,NA,NA,NA,NA,PE07-02-01-MAG-YRWA,1,1,1,1,,NA,NA,,
PE,07,Portage,2,PE07-02,46.66413,64.05292,MAG,2021,6,3,1,PE07-02-01-MAG,6:54,3,15,0,0,NA,3,N,WTSP,NA,NA,NA,NA,NA,NA,NA,NA,NA,NA,NA,NA,NA,NA,NA,PE07-02-01-MAG-WTSP,0,1,0,1,,NA,NA,,
PE,07,Portage,2,PE07-02,46.66413,64.05292,MAG,2021,6,3,1,PE07-02-01-MAG,6:54,3,15,0,0,NA,3,N,RWBL,NA,NA,NA,NA,NA,NA,NA,NA,NA,NA,NA,NA,NA,NA,NA,PE07-02-01-MAG-RWBL,0,1,0,1,,NA,NA,,
PE,07,Portage,2,PE07-02,46.66413,64.05292,MAG,2021,6,3,1,PE07-02-01-MAG,6:54,3,15,0,0,NA,3,N,COYE,NA,NA,NA,NA,NA,NA,NA,NA,NA,NA,NA,NA,NA,NA,NA,PE07-02-01-MAG-COYE,0,3,3,3,,NA,NA,,
PE,07,Portage,2,PE07-02,46.66413,64.05292,MAG,2021,6,3,1,PE07-02-01-MAG,6:54,3,15,0,0,NA,3,N,LEYE,NA,NA,NA,NA,NA,NA,NA,NA,NA,NA,NA,NA,NA,NA,NA,PE07-02-01-MAG-LEYE,0,1,0,1,,NA,NA,,
PE,07,Portage,2,PE07-02,46.66413,64.05292,MAG,2021,6,3,1,PE07-02-01-MAG,6:54,3,15,0,0,NA,3,N,WISN,NA,NA,NA,NA,NA,NA,NA,NA,NA,NA,NA,NA,NA,NA,NA,PE07-02-01-MAG-WISN,0,1,0,1,,NA,NA,,
PE,07,Portage,2,PE07-02,46.66413,64.05292,MAG,2021,6,3,1,PE07-02-01-MAG,6:54,3,15,0,0,NA,3,N,AMGO,NA,NA,NA,NA,NA,NA,NA,NA,NA,NA,NA,NA,NA,NA,NA,PE07-02-01-MAG-AMGO,0,0,0,0,OF,NA,NA,,3 marked in FT column
PE,07,Portage,2,PE07-02,46.66413,64.05292,MAG,2021,6,3,1,PE07-02-01-MAG,6:54,3,15,0,0,NA,3,N,AMRO,NA,NA,NA,NA,NA,NA,NA,NA,NA,NA,NA,NA,NA,NA,NA,PE07-02-01-MAG-AMRO,0,1,1,1,,NA,NA,,
PE,07,Portage,2,PE07-02,46.66413,64.05292,MAG,2021,6,3,1,PE07-02-01-MAG,6:54,3,15,0,0,NA,3,N,BLJA,NA,NA,NA,NA,NA,NA,NA,NA,NA,NA,NA,NA,NA,NA,NA,PE07-02-01-MAG-BLJA,0,0,1,1,,NA,NA,,
PE,07,Portage,1,PE07-01,46.66426,64.05667,MAG,2021,7,13,2,PE07-01-02-MAG,6:11,0,10,0,0,NA,3,N,REVI,NA,NA,NA,NA,NA,NA,NA,NA,NA,NA,NA,NA,NA,NA,NA,PE07-01-02-MAG-REVI,2,2,2,2,,NA,NA,,
PE,07,Portage,1,PE07-01,46.66426,64.05667,MAG,2021,7,13,2,PE07-01-02-MAG,6:11,0,10,0,0,NA,3,N,SWSP,NA,NA,NA,NA,NA,NA,NA,NA,NA,NA,NA,NA,NA,NA,NA,PE07-01-02-MAG-SWSP,3,3,3,3,,NA,NA,,
PE,07,Portage,1,PE07-01,46.66426,64.05667,MAG,2021,7,13,2,PE07-01-02-MAG,6:11,0,10,0,0,NA,3,N,AMRO,NA,NA,NA,NA,NA,NA,NA,NA,NA,NA,NA,NA,NA,NA,NA,PE07-01-02-MAG-AMRO,1,1,1,1,,NA,NA,,
PE,07,Portage,1,PE07-01,46.66426,64.05667,MAG,2021,7,13,2,PE07-01-02-MAG,6:11,0,10,0,0,NA,3,N,YEWA,NA,NA,NA,NA,NA,NA,NA,NA,NA,NA,NA,NA,NA,NA,NA,PE07-01-02-MAG-YEWA,2,1,2,2,,NA,NA,,
PE,07,Portage,1,PE07-01,46.66426,64.05667,MAG,2021,7,13,2,PE07-01-02-MAG,6:11,0,10,0,0,NA,3,N,CEDW,NA,NA,NA,NA,NA,NA,NA,NA,NA,NA,NA,NA,NA,NA,NA,PE07-01-02-MAG-CEDW,1,2,2,2,,NA,NA,,
PE,07,Portage,2,PE07-02,46.66413,64.05292,MAG,2021,7,13,2,PE07-02-02-MAG,6:30,0,10,0,0,NA,3,N,AMRO,NA,NA,NA,NA,NA,NA,NA,NA,NA,NA,NA,NA,NA,NA,NA,PE07-02-02-MAG-AMRO,2,1,1,2,,NA,NA,,
PE,07,Portage,2,PE07-02,46.66413,64.05292,MAG,2021,7,13,2,PE07-02-02-MAG,6:30,0,10,0,0,NA,3,N,SWSP,NA,NA,NA,NA,NA,NA,NA,NA,NA,NA,NA,NA,NA,NA,NA,PE07-02-02-MAG-SWSP,2,2,2,2,,NA,NA,,
PE,07,Portage,2,PE07-02,46.66413,64.05292,MAG,2021,7,13,2,PE07-02-02-MAG,6:30,0,10,0,0,NA,3,N,YEWA,NA,NA,NA,NA,NA,NA,NA,NA,NA,NA,NA,NA,NA,NA,NA,PE07-02-02-MAG-YEWA,2,2,2,2,,NA,NA,,
PE,07,Portage,2,PE07-02,46.66413,64.05292,MAG,2021,7,13,2,PE07-02-02-MAG,6:30,0,10,0,0,NA,3,N,REVI,NA,NA,NA,NA,NA,NA,NA,NA,NA,NA,NA,NA,NA,NA,NA,PE07-02-02-MAG-REVI,1,0,0,1,,NA,NA,,
PE,07,Portage,2,PE07-02,46.66413,64.05292,MAG,2021,7,13,2,PE07-02-02-MAG,6:30,0,10,0,0,NA,3,N,BWWA,NA,NA,NA,NA,NA,NA,NA,NA,NA,NA,NA,NA,NA,NA,NA,PE07-02-02-MAG-BWWA,1,0,0,1,,NA,NA,,
PE,07,Portage,2,PE07-02,46.66413,64.05292,MAG,2021,7,13,2,PE07-02-02-MAG,6:30,0,10,0,0,NA,3,N,ALFL,NA,NA,NA,NA,NA,NA,NA,NA,NA,NA,NA,NA,NA,NA,NA,PE07-02-02-MAG-ALFL,2,2,0,2,,NA,NA,,
PE,07,Portage,2,PE07-02,46.66413,64.05292,MAG,2021,7,13,2,PE07-02-02-MAG,6:30,0,10,0,0,NA,3,N,CSWA,NA,NA,NA,NA,NA,NA,NA,NA,NA,NA,NA,NA,NA,NA,NA,PE07-02-02-MAG-CSWA,2,2,1,2,,NA,NA,,
PE,07,Portage,2,PE07-02,46.66413,64.05292,MAG,2021,7,13,2,PE07-02-02-MAG,6:30,0,10,0,0,NA,3,N,COYE,NA,NA,NA,NA,NA,NA,NA,NA,NA,NA,NA,NA,NA,NA,NA,PE07-02-02-MAG-COYE,0,0,1,1,,NA,NA,,
PE,07,Portage,2,PE07-02,46.66413,64.05292,MAG,2021,7,13,2,PE07-02-02-MAG,6:30,0,10,0,0,NA,3,N,RNDU,NA,NA,NA,NA,NA,NA,NA,NA,NA,NA,NA,NA,NA,NA,NA,PE07-02-02-MAG-RNDU,0,0,3,3,,1,NA,2,
NB,36,Ward Marsh,3,NB36-03,45.9701,64.34698,KAP,2021,6,11,1,NB36-03-01-KAP,6:22,0,8,0,0,NA,0,Y,RWBL,NA,NA,NA,NA,NA,NA,NA,NA,NA,NA,NA,NA,NA,NA,NA,NB36-03-01-KAP-RWBL,6,0,0,6,,NA,NA,,
NB,36,Ward Marsh,3,NB36-03,45.9701,64.34698,KAP,2021,6,11,1,NB36-03-01-KAP,6:22,0,8,0,0,NA,0,Y,CANG,NA,NA,NA,NA,NA,NA,NA,NA,NA,NA,NA,NA,NA,NA,NA,NB36-03-01-KAP-CANG,1,0,0,1,,NA,NA,,
NB,36,Ward Marsh,3,NB36-03,45.9701,64.34698,KAP,2021,6,11,1,NB36-03-01-KAP,6:22,0,8,0,0,NA,0,Y,SWSP,NA,NA,NA,NA,NA,NA,NA,NA,NA,NA,NA,NA,NA,NA,NA,NB36-03-01-KAP-SWSP,0,1,0,1,,NA,NA,,
NB,36,Ward Marsh,3,NB36-03,45.9701,64.34698,KAP,2021,6,11,1,NB36-03-01-KAP,6:22,0,8,0,0,NA,0,Y,TRES,NA,NA,NA,NA,NA,NA,NA,NA,NA,NA,NA,NA,NA,NA,NA,NB36-03-01-KAP-TRES,0,0,20,20,,NA,NA,,"Written as TRSW, in distance"
NB,36,Ward Marsh,3,NB36-03,45.9701,64.34698,KAP,2021,6,11,1,NB36-03-01-KAP,6:22,0,8,0,0,NA,0,Y,COLO,NA,NA,NA,NA,NA,NA,NA,NA,NA,NA,NA,NA,NA,NA,NA,NB36-03-01-KAP-COLO,0,0,1,1,,NA,NA,,
NB,36,Ward Marsh,4,NB36-04,45.9721,64.34375,KAP,2021,6,11,1,NB36-04-01-KAP,6:47,0,8,0,0,NA,0,Y,COLO,NA,NA,NA,NA,NA,NA,NA,NA,NA,NA,NA,NA,NA,NA,NA,NB36-04-01-KAP-COLO,1,0,0,1,,NA,NA,,
NB,36,Ward Marsh,4,NB36-04,45.9721,64.34375,KAP,2021,6,11,1,NB36-04-01-KAP,6:47,0,8,0,0,NA,0,Y,CANG,NA,NA,NA,NA,NA,NA,NA,NA,NA,NA,NA,NA,NA,NA,NA,NB36-04-01-KAP-CANG,1,0,2,2,,NA,NA,,
NB,36,Ward Marsh,4,NB36-04,45.9721,64.34375,KAP,2021,6,11,1,NB36-04-01-KAP,6:47,0,8,0,0,NA,0,Y,RWBL,NA,NA,NA,NA,NA,NA,NA,NA,NA,NA,NA,NA,NA,NA,NA,NB36-04-01-KAP-RWBL,2,3,0,3,,NA,NA,,
NB,36,Ward Marsh,4,NB36-04,45.9721,64.34375,KAP,2021,6,11,1,NB36-04-01-KAP,6:47,0,8,0,0,NA,0,Y,BWTE,NA,NA,NA,NA,NA,NA,NA,NA,NA,NA,NA,NA,NA,NA,NA,NB36-04-01-KAP-BWTE,0,2,0,2,,NA,NA,,"Written as BWTL, assumed BWTE"
NB,36,Ward Marsh,4,NB36-04,45.9721,64.34375,KAP,2021,6,11,1,NB36-04-01-KAP,6:47,0,8,0,0,NA,0,Y,TRES,NA,NA,NA,NA,NA,NA,NA,NA,NA,NA,NA,NA,NA,NA,NA,NB36-04-01-KAP-TRES,0,2,0,2,,NA,NA,,Written as TRSW
NB,36,Ward Marsh,4,NB36-04,45.9721,64.34375,KAP,2021,6,11,1,NB36-04-01-KAP,6:47,0,8,0,0,NA,0,Y,YEWA,NA,NA,NA,NA,NA,NA,NA,NA,NA,NA,NA,NA,NA,NA,NA,NB36-04-01-KAP-YEWA,0,1,0,1,,NA,NA,,Written as YEWB
NB,36,Ward Marsh,4,NB36-04,45.9721,64.34375,KAP,2021,6,11,1,NB36-04-01-KAP,6:47,0,8,0,0,NA,0,Y,SWSP,NA,NA,NA,NA,NA,NA,NA,NA,NA,NA,NA,NA,NA,NA,NA,NB36-04-01-KAP-SWSP,0,1,0,1,,NA,NA,,
NB,36,Ward Marsh,5,NB36-05,45.97079,64.33791,KAP,2021,6,11,1,NB36-05-01-KAP,7:11,0,NA,0,0,NA,0,Y,TRES,NA,NA,NA,NA,NA,NA,NA,NA,NA,NA,NA,NA,NA,NA,NA,NB36-05-01-KAP-TRES,1,0,0,1,,NA,NA,,Written as TRSW
NB,36,Ward Marsh,5,NB36-05,45.97079,64.33791,KAP,2021,6,11,1,NB36-05-01-KAP,7:11,0,NA,0,0,NA,0,Y,MALL,NA,NA,NA,NA,NA,NA,NA,NA,NA,NA,NA,NA,NA,NA,NA,NB36-05-01-KAP-MALL,1,0,30,30,,NA,NA,,
NB,36,Ward Marsh,5,NB36-05,45.97079,64.33791,KAP,2021,6,11,1,NB36-05-01-KAP,7:11,0,NA,0,0,NA,0,Y,ABDU,NA,NA,NA,NA,NA,NA,NA,NA,NA,NA,NA,NA,NA,NA,NA,NB36-05-01-KAP-ABDU,2,0,0,2,,NA,NA,,
NB,36,Ward Marsh,5,NB36-05,45.97079,64.33791,KAP,2021,6,11,1,NB36-05-01-KAP,7:11,0,NA,0,0,NA,0,Y,BAEA,NA,NA,NA,NA,NA,NA,NA,NA,NA,NA,NA,NA,NA,NA,NA,NB36-05-01-KAP-BAEA,1,0,0,1,,NA,NA,,
NB,36,Ward Marsh,5,NB36-05,45.97079,64.33791,KAP,2021,6,11,1,NB36-05-01-KAP,7:11,0,NA,0,0,NA,0,Y,ALFL,NA,NA,NA,NA,NA,NA,NA,NA,NA,NA,NA,NA,NA,NA,NA,NB36-05-01-KAP-ALFL,1,0,0,1,,NA,NA,,
NB,36,Ward Marsh,5,NB36-05,45.97079,64.33791,KAP,2021,6,11,1,NB36-05-01-KAP,7:11,0,NA,0,0,NA,0,Y,SWSP,NA,NA,NA,NA,NA,NA,NA,NA,NA,NA,NA,NA,NA,NA,NA,NB36-05-01-KAP-SWSP,1,1,0,1,,NA,NA,,
NB,36,Ward Marsh,5,NB36-05,45.97079,64.33791,KAP,2021,6,11,1,NB36-05-01-KAP,7:11,0,NA,0,0,NA,0,Y,RNDU,NA,NA,NA,NA,NA,NA,NA,NA,NA,NA,NA,NA,NA,NA,NA,NB36-05-01-KAP-RNDU,0,2,6,6,,NA,NA,,
NB,36,Ward Marsh,5,NB36-05,45.97079,64.33791,KAP,2021,6,11,1,NB36-05-01-KAP,7:11,0,NA,0,0,NA,0,Y,COLO,NA,NA,NA,NA,NA,NA,NA,NA,NA,NA,NA,NA,NA,NA,NA,NB36-05-01-KAP-COLO,0,1,0,1,,NA,NA,,
NB,36,Ward Marsh,5,NB36-05,45.97079,64.33791,KAP,2021,6,11,1,NB36-05-01-KAP,7:11,0,NA,0,0,NA,0,Y,GWTE,NA,NA,NA,NA,NA,NA,NA,NA,NA,NA,NA,NA,NA,NA,NA,NB36-05-01-KAP-GWTE,0,0,1,1,,NA,NA,,Written as GWTL
NB,36,Ward Marsh,5,NB36-05,45.97079,64.33791,KAP,2021,6,11,1,NB36-05-01-KAP,7:11,0,NA,0,0,NA,0,Y,TRES,NA,NA,NA,NA,NA,NA,NA,NA,NA,NA,NA,NA,NA,NA,NA,NB36-05-01-KAP-TRES,0,0,0,0,OF,NA,NA,,"Written as TRSW, 40 written in FT column"
NB,36,Ward Marsh,5,NB36-05,45.97079,64.33791,KAP,2021,6,11,1,NB36-05-01-KAP,7:11,0,NA,0,0,NA,0,Y,HETH,NA,NA,NA,NA,NA,NA,NA,NA,NA,NA,NA,NA,NA,NA,NA,NB36-05-01-KAP-HETH,0,0,1,1,,NA,NA,,
NB,36,Ward Marsh,6,NB36-06,45.96399,64.32997,KAP,2021,6,11,1,NB36-06-01-KAP,7:45,0,NA,0,2,W,NA,Y,CHSP,NA,NA,NA,NA,NA,NA,NA,NA,NA,NA,NA,NA,NA,NA,NA,NB36-06-01-KAP-CHSP,1,1,0,1,,NA,NA,,
NB,36,Ward Marsh,6,NB36-06,45.96399,64.32997,KAP,2021,6,11,1,NB36-06-01-KAP,7:45,0,NA,0,2,W,NA,Y,ALFL,NA,NA,NA,NA,NA,NA,NA,NA,NA,NA,NA,NA,NA,NA,NA,NB36-06-01-KAP-ALFL,1,1,0,1,,NA,NA,,
NB,36,Ward Marsh,6,NB36-06,45.96399,64.32997,KAP,2021,6,11,1,NB36-06-01-KAP,7:45,0,NA,0,2,W,NA,Y,SWSP,NA,NA,NA,NA,NA,NA,NA,NA,NA,NA,NA,NA,NA,NA,NA,NB36-06-01-KAP-SWSP,1,0,0,1,,NA,NA,,
NB,36,Ward Marsh,6,NB36-06,45.96399,64.32997,KAP,2021,6,11,1,NB36-06-01-KAP,7:45,0,NA,0,2,W,NA,Y,COYE,NA,NA,NA,NA,NA,NA,NA,NA,NA,NA,NA,NA,NA,NA,NA,NB36-06-01-KAP-COYE,2,0,0,2,,NA,NA,,"nest material, written as COYT, assumed COYE"
NB,36,Ward Marsh,6,NB36-06,45.96399,64.32997,KAP,2021,6,11,1,NB36-06-01-KAP,7:45,0,NA,0,2,W,NA,Y,REVI,NA,NA,NA,NA,NA,NA,NA,NA,NA,NA,NA,NA,NA,NA,NA,NB36-06-01-KAP-REVI,0,0,0,0,,NA,NA,,"Written as REVE, assumed REVI, did not indicate when observed"
NB,36,Ward Marsh,6,NB36-06,45.96399,64.32997,KAP,2021,6,11,1,NB36-06-01-KAP,7:45,0,NA,0,2,W,NA,Y,BOBO,NA,NA,NA,NA,NA,NA,NA,NA,NA,NA,NA,NA,NA,NA,NA,NB36-06-01-KAP-BOBO,2,0,0,2,,NA,NA,,
NB,36,Ward Marsh,6,NB36-06,45.96399,64.32997,KAP,2021,6,11,1,NB36-06-01-KAP,7:45,0,NA,0,2,W,NA,Y,RWBL,NA,NA,NA,NA,NA,NA,NA,NA,NA,NA,NA,NA,NA,NA,NA,NB36-06-01-KAP-RWBL,2,0,0,2,,NA,NA,,
NB,36,Ward Marsh,6,NB36-06,45.96399,64.32997,KAP,2021,6,11,1,NB36-06-01-KAP,7:45,0,NA,0,2,W,NA,Y,WODU,NA,NA,NA,NA,NA,NA,NA,NA,NA,NA,NA,NA,NA,NA,NA,NB36-06-01-KAP-WODU,0,0,1,1,,NA,NA,,
NB,36,Ward Marsh,6,NB36-06,45.96399,64.32997,KAP,2021,6,11,1,NB36-06-01-KAP,7:45,0,NA,0,2,W,NA,Y,AMGO,NA,NA,NA,NA,NA,NA,NA,NA,NA,NA,NA,NA,NA,NA,NA,NB36-06-01-KAP-AMGO,0,0,1,1,,NA,NA,,"Written AMGF, assumed AMGO"
NB,36,Ward Marsh,6,NB36-06,45.96399,64.32997,KAP,2021,6,11,1,NB36-06-01-KAP,7:45,0,NA,0,2,W,NA,Y,MODO,NA,NA,NA,NA,NA,NA,NA,NA,NA,NA,NA,NA,NA,NA,NA,NB36-06-01-KAP-MODO,0,2,0,2,,NA,NA,,
NB,36,Ward Marsh,6,NB36-06,45.96399,64.32997,KAP,2021,6,11,1,NB36-06-01-KAP,7:45,0,NA,0,2,W,NA,Y,HETH,NA,NA,NA,NA,NA,NA,NA,NA,NA,NA,NA,NA,NA,NA,NA,NB36-06-01-KAP-HETH,0,0,0,0,,NA,NA,,Did not indicated when observed
NB,36,Ward Marsh,7,NB36-07,45.96666,64.3304,KAP,2021,6,11,1,NB36-07-01-KAP,8:04,0,14,0,3,W,0,Y,CHSP,NA,NA,NA,NA,NA,NA,NA,NA,NA,NA,NA,NA,NA,NA,NA,NB36-07-01-KAP-CHSP,0,1,0,1,,NA,NA,,
NB,36,Ward Marsh,7,NB36-07,45.96666,64.3304,KAP,2021,6,11,1,NB36-07-01-KAP,8:04,0,14,0,3,W,0,Y,TRES,NA,NA,NA,NA,NA,NA,NA,NA,NA,NA,NA,NA,NA,NA,NA,NB36-07-01-KAP-TRES,0,1,0,1,,NA,NA,,Written as TRSW
NB,36,Ward Marsh,7,NB36-07,45.96666,64.3304,KAP,2021,6,11,1,NB36-07-01-KAP,8:04,0,14,0,3,W,0,Y,AMCR,NA,NA,NA,NA,NA,NA,NA,NA,NA,NA,NA,NA,NA,NA,NA,NB36-07-01-KAP-AMCR,0,1,0,1,,NA,NA,,
NB,36,Ward Marsh,7,NB36-07,45.96666,64.3304,KAP,2021,6,11,1,NB36-07-01-KAP,8:04,0,14,0,3,W,0,Y,RWBL,NA,NA,NA,NA,NA,NA,NA,NA,NA,NA,NA,NA,NA,NA,NA,NB36-07-01-KAP-RWBL,0,4,4,4,,NA,NA,,
NB,36,Ward Marsh,7,NB36-07,45.96666,64.3304,KAP,2021,6,11,1,NB36-07-01-KAP,8:04,0,14,0,3,W,0,Y,CORA,NA,NA,NA,NA,NA,NA,NA,NA,NA,NA,NA,NA,NA,NA,NA,NB36-07-01-KAP-CORA,0,0,1,1,,NA,NA,,
NB,36,Ward Marsh,8,NB36-08,45.96292,64.3294,KAP,2021,6,11,1,NB36-08-01-KAP,8:22,0,15,0,3,W,0,Y,AMCR,NA,NA,NA,NA,NA,NA,NA,NA,NA,NA,NA,NA,NA,NA,NA,NB36-08-01-KAP-AMCR,1,0,0,1,,NA,NA,,
NB,36,Ward Marsh,8,NB36-08,45.96292,64.3294,KAP,2021,6,11,1,NB36-08-01-KAP,8:22,0,15,0,3,W,0,Y,COGR,NA,NA,NA,NA,NA,NA,NA,NA,NA,NA,NA,NA,NA,NA,NA,NB36-08-01-KAP-COGR,1,0,0,1,,NA,NA,,
NB,36,Ward Marsh,8,NB36-08,45.96292,64.3294,KAP,2021,6,11,1,NB36-08-01-KAP,8:22,0,15,0,3,W,0,Y,SOSP,NA,NA,NA,NA,NA,NA,NA,NA,NA,NA,NA,NA,NA,NA,NA,NB36-08-01-KAP-SOSP,1,0,0,1,,NA,NA,,
NB,36,Ward Marsh,8,NB36-08,45.96292,64.3294,KAP,2021,6,11,1,NB36-08-01-KAP,8:22,0,15,0,3,W,0,Y,MALL,NA,NA,NA,NA,NA,NA,NA,NA,NA,NA,NA,NA,NA,NA,NA,NB36-08-01-KAP-MALL,0,0,2,2,,NA,NA,,
NB,36,Ward Marsh,8,NB36-08,45.96292,64.3294,KAP,2021,6,11,1,NB36-08-01-KAP,8:22,0,15,0,3,W,0,Y,YEWA,NA,NA,NA,NA,NA,NA,NA,NA,NA,NA,NA,NA,NA,NA,NA,NB36-08-01-KAP-YEWA,0,0,1,1,,NA,NA,,"Written YEWB, assumed YEWA"
NB,36,Ward Marsh,8,NB36-08,45.96292,64.3294,KAP,2021,6,11,1,NB36-08-01-KAP,8:22,0,15,0,3,W,0,Y,CHSP,NA,NA,NA,NA,NA,NA,NA,NA,NA,NA,NA,NA,NA,NA,NA,NB36-08-01-KAP-CHSP,0,0,1,1,,NA,NA,,
NB,36,Ward Marsh,8,NB36-08,45.96292,64.3294,KAP,2021,6,11,1,NB36-08-01-KAP,8:22,0,15,0,3,W,0,Y,BWTE,NA,NA,NA,NA,NA,NA,NA,NA,NA,NA,NA,NA,NA,NA,NA,NB36-08-01-KAP-BWTE,0,0,1,1,,NA,NA,,"Written as BWTL, assumed BWTE"
NB,36,Ward Marsh,8,NB36-08,45.96292,64.3294,KAP,2021,6,11,1,NB36-08-01-KAP,8:22,0,15,0,3,W,0,Y,COYE,NA,NA,NA,NA,NA,NA,NA,NA,NA,NA,NA,NA,NA,NA,NA,NB36-08-01-KAP-COYE,0,1,0,1,,NA,NA,,"Written as COYT, assumed COYE"
NB,SE,Salisbury East,1,NBSE-01,46.03389,65.01414,BIW,2021,6,5,1,NBSE-01-01-BIW,6:50,0,11,0,1,W,1,Y,TRES,NA,NA,NA,NA,NA,NA,NA,NA,NA,NA,NA,NA,NA,NA,NA,NBSE-01-01-BIW-TRES,7,1,1,7,,NA,NA,,
NB,SE,Salisbury East,1,NBSE-01,46.03389,65.01414,BIW,2021,6,5,1,NBSE-01-01-BIW,6:50,0,11,0,1,W,1,Y,BANS,NA,NA,NA,NA,NA,NA,NA,NA,NA,NA,NA,NA,NA,NA,NA,NBSE-01-01-BIW-BANS,2,0,0,2,,NA,NA,,
NB,SE,Salisbury East,1,NBSE-01,46.03389,65.01414,BIW,2021,6,5,1,NBSE-01-01-BIW,6:50,0,11,0,1,W,1,Y,COYE,NA,NA,NA,NA,NA,NA,NA,NA,NA,NA,NA,NA,NA,NA,NA,NBSE-01-01-BIW-COYE,1,1,1,1,,NA,NA,,
NB,SE,Salisbury East,1,NBSE-01,46.03389,65.01414,BIW,2021,6,5,1,NBSE-01-01-BIW,6:50,0,11,0,1,W,1,Y,RWBL,NA,NA,NA,NA,NA,NA,NA,NA,NA,NA,NA,NA,NA,NA,NA,NBSE-01-01-BIW-RWBL,1,5,1,5,,NA,NA,,
NB,SE,Salisbury East,1,NBSE-01,46.03389,65.01414,BIW,2021,6,5,1,NBSE-01-01-BIW,6:50,0,11,0,1,W,1,Y,RIPH,NA,NA,NA,NA,NA,NA,NA,NA,NA,NA,NA,NA,NA,NA,NA,NBSE-01-01-BIW-RIPH,0,1,1,1,,NA,NA,,Written RINP
NB,SE,Salisbury East,1,NBSE-01,46.03389,65.01414,BIW,2021,6,5,1,NBSE-01-01-BIW,6:50,0,11,0,1,W,1,Y,WODU,NA,NA,NA,NA,NA,NA,NA,NA,NA,NA,NA,NA,NA,NA,NA,NBSE-01-01-BIW-WODU,12,2,2,12,OF,NA,NA,,
NB,SE,Salisbury East,1,NBSE-01,46.03389,65.01414,BIW,2021,6,5,1,NBSE-01-01-BIW,6:50,0,11,0,1,W,1,Y,YEWA,NA,NA,NA,NA,NA,NA,NA,NA,NA,NA,NA,NA,NA,NA,NA,NBSE-01-01-BIW-YEWA,0,0,2,2,,NA,NA,,
NB,SE,Salisbury East,1,NBSE-01,46.03389,65.01414,BIW,2021,6,5,1,NBSE-01-01-BIW,6:50,0,11,0,1,W,1,Y,MALL,NA,NA,NA,NA,NA,NA,NA,NA,NA,NA,NA,NA,NA,NA,NA,NBSE-01-01-BIW-MALL,6,0,0,6,,NA,NA,,
NB,SE,Salisbury East,1,NBSE-01,46.03389,65.01414,BIW,2021,6,5,1,NBSE-01-01-BIW,6:50,0,11,0,1,W,1,Y,RNDU,NA,NA,NA,NA,NA,NA,NA,NA,NA,NA,NA,NA,NA,NA,NA,NBSE-01-01-BIW-RNDU,6,0,0,6,,NA,NA,,
NB,SE,Salisbury East,1,NBSE-01,46.03375,65.01394,BIW,2021,6,29,2,NBSE-01-02-BIW,7:04,10,22,0,0,NA,2,Y,WODU,NA,NA,NA,NA,NA,NA,NA,NA,NA,NA,NA,NA,NA,NA,NA,NBSE-01-02-BIW-WODU,17,1,NA,17,OF,NA,NA,,
NB,SE,Salisbury East,1,NBSE-01,46.03375,65.01394,BIW,2021,6,29,2,NBSE-01-02-BIW,7:04,10,22,0,0,NA,2,Y,AMWI,NA,NA,NA,NA,NA,NA,NA,NA,NA,NA,NA,NA,NA,NA,NA,NBSE-01-02-BIW-AMWI,2,0,0,2,,NA,NA,,
NB,SE,Salisbury East,1,NBSE-01,46.03375,65.01394,BIW,2021,6,29,2,NBSE-01-02-BIW,7:04,10,22,0,0,NA,2,Y,MALL,NA,NA,NA,NA,NA,NA,NA,NA,NA,NA,NA,NA,NA,NA,NA,NBSE-01-02-BIW-MALL,5,0,0,5,,NA,NA,,
NB,SE,Salisbury East,1,NBSE-01,46.03375,65.01394,BIW,2021,6,29,2,NBSE-01-02-BIW,7:04,10,22,0,0,NA,2,Y,NSHO,NA,NA,NA,NA,NA,NA,NA,NA,NA,NA,NA,NA,NA,NA,NA,NBSE-01-02-BIW-NSHO,1,0,0,1,,NA,NA,,
NB,SE,Salisbury East,1,NBSE-01,46.03375,65.01394,BIW,2021,6,29,2,NBSE-01-02-BIW,7:04,10,22,0,0,NA,2,Y,COGR,NA,NA,NA,NA,NA,NA,NA,NA,NA,NA,NA,NA,NA,NA,NA,NBSE-01-02-BIW-COGR,3,0,0,3,,NA,NA,,
NB,SE,Salisbury East,1,NBSE-01,46.03375,65.01394,BIW,2021,6,29,2,NBSE-01-02-BIW,7:04,10,22,0,0,NA,2,Y,TRES,NA,NA,NA,NA,NA,NA,NA,NA,NA,NA,NA,NA,NA,NA,NA,NBSE-01-02-BIW-TRES,13,0,14,14,,NA,NA,,
NB,SE,Salisbury East,1,NBSE-01,46.03375,65.01394,BIW,2021,6,29,2,NBSE-01-02-BIW,7:04,10,22,0,0,NA,2,Y,COYE,NA,NA,NA,NA,NA,NA,NA,NA,NA,NA,NA,NA,NA,NA,NA,NBSE-01-02-BIW-COYE,0,0,0,0,OF,NA,NA,,
NB,SE,Salisbury East,1,NBSE-01,46.03375,65.01394,BIW,2021,6,29,2,NBSE-01-02-BIW,7:04,10,22,0,0,NA,2,Y,RWBL,NA,NA,NA,NA,NA,NA,NA,NA,NA,NA,NA,NA,NA,NA,NA,NBSE-01-02-BIW-RWBL,1,1,2,2,,NA,NA,,
NB,SE,Salisbury East,2,NBSE-02,46.03523,65.01151,BIW,2021,6,5,1,NBSE-02-01-BIW,7:15,0,14,0,1,W,1,Y,CANG,NA,NA,NA,NA,NA,NA,NA,NA,NA,NA,NA,NA,NA,NA,NA,NBSE-02-01-BIW-CANG,4,0,0,4,,NA,NA,,
NB,SE,Salisbury East,2,NBSE-02,46.03523,65.01151,BIW,2021,6,5,1,NBSE-02-01-BIW,7:15,0,14,0,1,W,1,Y,SOSP,NA,NA,NA,NA,NA,NA,NA,NA,NA,NA,NA,NA,NA,NA,NA,NBSE-02-01-BIW-SOSP,1,0,0,1,,NA,NA,,
NB,SE,Salisbury East,2,NBSE-02,46.03523,65.01151,BIW,2021,6,5,1,NBSE-02-01-BIW,7:15,0,14,0,1,W,1,Y,RWBL,NA,NA,NA,NA,NA,NA,NA,NA,NA,NA,NA,NA,NA,NA,NA,NBSE-02-01-BIW-RWBL,2,2,2,2,,NA,NA,,
NB,SE,Salisbury East,2,NBSE-02,46.03523,65.01151,BIW,2021,6,5,1,NBSE-02-01-BIW,7:15,0,14,0,1,W,1,Y,REVI,NA,NA,NA,NA,NA,NA,NA,NA,NA,NA,NA,NA,NA,NA,NA,NBSE-02-01-BIW-REVI,0,0,1,1,,NA,NA,,
NB,SE,Salisbury East,2,NBSE-02,46.03523,65.01151,BIW,2021,6,5,1,NBSE-02-01-BIW,7:15,0,14,0,1,W,1,Y,AMCR,NA,NA,NA,NA,NA,NA,NA,NA,NA,NA,NA,NA,NA,NA,NA,NBSE-02-01-BIW-AMCR,0,0,1,1,,NA,NA,,
NB,SE,Salisbury East,2,NBSE-02,46.03523,65.01151,BIW,2021,6,5,1,NBSE-02-01-BIW,7:15,0,14,0,1,W,1,Y,SPSA,NA,NA,NA,NA,NA,NA,NA,NA,NA,NA,NA,NA,NA,NA,NA,NBSE-02-01-BIW-SPSA,0,0,1,1,,NA,NA,,
NB,SE,Salisbury East,2,NBSE-02,46.03523,65.01151,BIW,2021,6,29,2,NBSE-02-02-BIW,7:36,8,24,0,0,NA,2,Y,WODU,NA,NA,NA,NA,NA,NA,NA,NA,NA,NA,NA,NA,NA,NA,NA,NBSE-02-02-BIW-WODU,5,3,0,5,,NA,NA,,
NB,SE,Salisbury East,2,NBSE-02,46.03523,65.01151,BIW,2021,6,29,2,NBSE-02-02-BIW,7:36,8,24,0,0,NA,2,Y,MALL,NA,NA,NA,NA,NA,NA,NA,NA,NA,NA,NA,NA,NA,NA,NA,NBSE-02-02-BIW-MALL,1,0,0,1,,NA,NA,,
NB,SE,Salisbury East,2,NBSE-02,46.03523,65.01151,BIW,2021,6,29,2,NBSE-02-02-BIW,7:36,8,24,0,0,NA,2,Y,BAEA,NA,NA,NA,NA,NA,NA,NA,NA,NA,NA,NA,NA,NA,NA,NA,NBSE-02-02-BIW-BAEA,1,1,0,1,,NA,NA,,adult
NB,SE,Salisbury East,2,NBSE-02,46.03523,65.01151,BIW,2021,6,29,2,NBSE-02-02-BIW,7:36,8,24,0,0,NA,2,Y,SWSP,NA,NA,NA,NA,NA,NA,NA,NA,NA,NA,NA,NA,NA,NA,NA,NBSE-02-02-BIW-SWSP,2,1,1,2,,NA,NA,,singing
NB,SE,Salisbury East,2,NBSE-02,46.03523,65.01151,BIW,2021,6,29,2,NBSE-02-02-BIW,7:36,8,24,0,0,NA,2,Y,RWBL,NA,NA,NA,NA,NA,NA,NA,NA,NA,NA,NA,NA,NA,NA,NA,NBSE-02-02-BIW-RWBL,2,1,2,2,OF,NA,NA,,
NB,SE,Salisbury East,2,NBSE-02,46.03523,65.01151,BIW,2021,6,29,2,NBSE-02-02-BIW,7:36,8,24,0,0,NA,2,Y,BLJA,NA,NA,NA,NA,NA,NA,NA,NA,NA,NA,NA,NA,NA,NA,NA,NBSE-02-02-BIW-BLJA,1,1,0,1,,NA,NA,,aural
NB,SE,Salisbury East,2,NBSE-02,46.03523,65.01151,BIW,2021,6,29,2,NBSE-02-02-BIW,7:36,8,24,0,0,NA,2,Y,COYE,NA,NA,NA,NA,NA,NA,NA,NA,NA,NA,NA,NA,NA,NA,NA,NBSE-02-02-BIW-COYE,1,1,1,1,,NA,NA,,aural
NB,SE,Salisbury East,2,NBSE-02,46.03523,65.01151,BIW,2021,6,29,2,NBSE-02-02-BIW,7:36,8,24,0,0,NA,2,Y,BEKI,NA,NA,NA,NA,NA,NA,NA,NA,NA,NA,NA,NA,NA,NA,NA,NBSE-02-02-BIW-BEKI,1,0,0,1,,NA,NA,,aural
NB,SE,Salisbury East,2,NBSE-02,46.03523,65.01151,BIW,2021,6,29,2,NBSE-02-02-BIW,7:36,8,24,0,0,NA,2,Y,COGR,NA,NA,NA,NA,NA,NA,NA,NA,NA,NA,NA,NA,NA,NA,NA,NBSE-02-02-BIW-COGR,0,1,0,1,,NA,NA,,
NB,SE,Salisbury East,3,NBSE-03,46.03226,NA,BIW,2021,6,5,1,NBSE-03-01-BIW,7:42,0,16,0,2,W,1,Y,YEWA,NA,NA,NA,NA,NA,NA,NA,NA,NA,NA,NA,NA,NA,NA,NA,NBSE-03-01-BIW-YEWA,1,2,2,2,,NA,NA,,
NB,SE,Salisbury East,3,NBSE-03,46.03226,NA,BIW,2021,6,5,1,NBSE-03-01-BIW,7:42,0,16,0,2,W,1,Y,RWBL,NA,NA,NA,NA,NA,NA,NA,NA,NA,NA,NA,NA,NA,NA,NA,NBSE-03-01-BIW-RWBL,2,2,1,2,,NA,NA,,
NB,SE,Salisbury East,3,NBSE-03,46.03226,NA,BIW,2021,6,5,1,NBSE-03-01-BIW,7:42,0,16,0,2,W,1,Y,RBGR,NA,NA,NA,NA,NA,NA,NA,NA,NA,NA,NA,NA,NA,NA,NA,NBSE-03-01-BIW-RBGR,1,0,0,1,,NA,NA,,
NB,SE,Salisbury East,3,NBSE-03,46.03226,NA,BIW,2021,6,5,1,NBSE-03-01-BIW,7:42,0,16,0,2,W,1,Y,COGR,NA,NA,NA,NA,NA,NA,NA,NA,NA,NA,NA,NA,NA,NA,NA,NBSE-03-01-BIW-COGR,1,1,1,1,,NA,NA,,
NB,SE,Salisbury East,3,NBSE-03,46.03226,NA,BIW,2021,6,5,1,NBSE-03-01-BIW,7:42,0,16,0,2,W,1,Y,CANG,NA,NA,NA,NA,NA,NA,NA,NA,NA,NA,NA,NA,NA,NA,NA,NBSE-03-01-BIW-CANG,6,0,1,6,,NA,NA,,
NB,SE,Salisbury East,3,NBSE-03,46.03226,NA,BIW,2021,6,5,1,NBSE-03-01-BIW,7:42,0,16,0,2,W,1,Y,AMRO,NA,NA,NA,NA,NA,NA,NA,NA,NA,NA,NA,NA,NA,NA,NA,NBSE-03-01-BIW-AMRO,0,1,0,1,OF,NA,NA,,
NB,SE,Salisbury East,3,NBSE-03,46.03226,NA,BIW,2021,6,5,1,NBSE-03-01-BIW,7:42,0,16,0,2,W,1,Y,COYE,NA,NA,NA,NA,NA,NA,NA,NA,NA,NA,NA,NA,NA,NA,NA,NBSE-03-01-BIW-COYE,0,1,1,1,,NA,NA,,
NB,SE,Salisbury East,3,NBSE-03,46.03226,NA,BIW,2021,6,5,1,NBSE-03-01-BIW,7:42,0,16,0,2,W,1,Y,ALFL,NA,NA,NA,NA,NA,NA,NA,NA,NA,NA,NA,NA,NA,NA,NA,NBSE-03-01-BIW-ALFL,0,1,2,2,,NA,NA,,
NB,SE,Salisbury East,3,NBSE-03,46.03226,NA,BIW,2021,6,5,1,NBSE-03-01-BIW,7:42,0,16,0,2,W,1,Y,BEKI,NA,NA,NA,NA,NA,NA,NA,NA,NA,NA,NA,NA,NA,NA,NA,NBSE-03-01-BIW-BEKI,0,0,1,1,OF,NA,NA,,
NB,SE,Salisbury East,4,NBSE-04,46.03087,65.01461,BIW,2021,6,5,1,NBSE-04-01-BIW,5:39,0,10,0,0,NA,1,Y,YEWA,NA,NA,NA,NA,NA,NA,NA,NA,NA,NA,NA,NA,NA,NA,NA,NBSE-04-01-BIW-YEWA,1,1,1,1,,NA,NA,,
NB,SE,Salisbury East,4,NBSE-04,46.03087,65.01461,BIW,2021,6,5,1,NBSE-04-01-BIW,5:39,0,10,0,0,NA,1,Y,RWBL,NA,NA,NA,NA,NA,NA,NA,NA,NA,NA,NA,NA,NA,NA,NA,NBSE-04-01-BIW-RWBL,2,0,0,2,OF,NA,NA,,
NB,SE,Salisbury East,4,NBSE-04,46.03087,65.01461,BIW,2021,6,5,1,NBSE-04-01-BIW,5:39,0,10,0,0,NA,1,Y,ALFL,NA,NA,NA,NA,NA,NA,NA,NA,NA,NA,NA,NA,NA,NA,NA,NBSE-04-01-BIW-ALFL,1,1,1,1,,NA,NA,,
NB,SE,Salisbury East,4,NBSE-04,46.03087,65.01461,BIW,2021,6,5,1,NBSE-04-01-BIW,5:39,0,10,0,0,NA,1,Y,AMCR,NA,NA,NA,NA,NA,NA,NA,NA,NA,NA,NA,NA,NA,NA,NA,NBSE-04-01-BIW-AMCR,0,1,1,1,,NA,NA,,
NB,SE,Salisbury East,4,NBSE-04,46.03087,65.01461,BIW,2021,6,5,1,NBSE-04-01-BIW,5:39,0,10,0,0,NA,1,Y,GRCA,NA,NA,NA,NA,NA,NA,NA,NA,NA,NA,NA,NA,NA,NA,NA,NBSE-04-01-BIW-GRCA,0,0,1,1,,NA,NA,,
NB,SE,Salisbury East,4,NBSE-04,46.03087,65.01461,BIW,2021,6,5,1,NBSE-04-01-BIW,5:39,0,10,0,0,NA,1,Y,WODU,NA,NA,NA,NA,NA,NA,NA,NA,NA,NA,NA,NA,NA,NA,NA,NBSE-04-01-BIW-WODU,18,0,0,18,,18,NA,,all males
NB,SE,Salisbury East,4,NBSE-04,46.03087,65.01461,BIW,2021,6,5,1,NBSE-04-01-BIW,5:39,0,10,0,0,NA,1,Y,AMWI,NA,NA,NA,NA,NA,NA,NA,NA,NA,NA,NA,NA,NA,NA,NA,NBSE-04-01-BIW-AMWI,5,0,0,5,,NA,NA,,
NB,SE,Salisbury East,4,NBSE-04,46.03087,65.01461,BIW,2021,6,5,1,NBSE-04-01-BIW,5:39,0,10,0,0,NA,1,Y,MALL,NA,NA,NA,NA,NA,NA,NA,NA,NA,NA,NA,NA,NA,NA,NA,NBSE-04-01-BIW-MALL,8,0,0,8,,NA,NA,,
NB,SE,Salisbury East,4,NBSE-04,46.03087,65.01461,BIW,2021,6,5,1,NBSE-04-01-BIW,5:39,0,10,0,0,NA,1,Y,BWTE,NA,NA,NA,NA,NA,NA,NA,NA,NA,NA,NA,NA,NA,NA,NA,NBSE-04-01-BIW-BWTE,3,0,0,3,,NA,NA,,
NB,SE,Salisbury East,4,NBSE-04,46.03087,65.01461,BIW,2021,6,5,1,NBSE-04-01-BIW,5:39,0,10,0,0,NA,1,Y,NSHO,NA,NA,NA,NA,NA,NA,NA,NA,NA,NA,NA,NA,NA,NA,NA,NBSE-04-01-BIW-NSHO,1,0,0,1,,NA,NA,,
NB,SE,Salisbury East,4,NBSE-04,46.03077,65.01455,BIW,2021,6,29,2,NBSE-04-02-BIW,6:03,10,16,0,0,NA,1,Y,MALL,NA,NA,NA,NA,NA,NA,NA,NA,NA,NA,NA,NA,NA,NA,NA,NBSE-04-02-BIW-MALL,4,0,0,4,,NA,NA,,
NB,SE,Salisbury East,4,NBSE-04,46.03077,65.01455,BIW,2021,6,29,2,NBSE-04-02-BIW,6:03,10,16,0,0,NA,1,Y,GWTE,NA,NA,NA,NA,NA,NA,NA,NA,NA,NA,NA,NA,NA,NA,NA,NBSE-04-02-BIW-GWTE,1,0,0,1,,NA,NA,,
NB,SE,Salisbury East,4,NBSE-04,46.03077,65.01455,BIW,2021,6,29,2,NBSE-04-02-BIW,6:03,10,16,0,0,NA,1,Y,RWBL,NA,NA,NA,NA,NA,NA,NA,NA,NA,NA,NA,NA,NA,NA,NA,NBSE-04-02-BIW-RWBL,3,3,1,3,,NA,NA,,
NB,SE,Salisbury East,4,NBSE-04,46.03077,65.01455,BIW,2021,6,29,2,NBSE-04-02-BIW,6:03,10,16,0,0,NA,1,Y,BEKI,NA,NA,NA,NA,NA,NA,NA,NA,NA,NA,NA,NA,NA,NA,NA,NBSE-04-02-BIW-BEKI,1,0,0,1,,NA,NA,,AURAL
NB,SE,Salisbury East,4,NBSE-04,46.03077,65.01455,BIW,2021,6,29,2,NBSE-04-02-BIW,6:03,10,16,0,0,NA,1,Y,BLJA,NA,NA,NA,NA,NA,NA,NA,NA,NA,NA,NA,NA,NA,NA,NA,NBSE-04-02-BIW-BLJA,0,1,0,1,,NA,NA,,AURAL
NB,SE,Salisbury East,4,NBSE-04,46.03077,65.01455,BIW,2021,6,29,2,NBSE-04-02-BIW,6:03,10,16,0,0,NA,1,Y,SWSP,NA,NA,NA,NA,NA,NA,NA,NA,NA,NA,NA,NA,NA,NA,NA,NBSE-04-02-BIW-SWSP,0,1,0,1,,NA,NA,,
NB,SE,Salisbury East,4,NBSE-04,46.03077,65.01455,BIW,2021,6,29,2,NBSE-04-02-BIW,6:03,10,16,0,0,NA,1,Y,COYE,NA,NA,NA,NA,NA,NA,NA,NA,NA,NA,NA,NA,NA,NA,NA,NBSE-04-02-BIW-COYE,0,1,0,1,,NA,NA,,AURAL
NB,SE,Salisbury East,4,NBSE-04,46.03077,65.01455,BIW,2021,6,29,2,NBSE-04-02-BIW,6:03,10,16,0,0,NA,1,Y,SOSP,NA,NA,NA,NA,NA,NA,NA,NA,NA,NA,NA,NA,NA,NA,NA,NBSE-04-02-BIW-SOSP,0,0,1,1,,NA,NA,,
NB,SE,Salisbury East,5,NBSE-05,46.03084,65.01767,BIW,2021,6,5,1,NBSE-05-01-BIW,6:11,0,9,0,0,NA,2,Y,COYE,NA,NA,NA,NA,NA,NA,NA,NA,NA,NA,NA,NA,NA,NA,NA,NBSE-05-01-BIW-COYE,1,1,1,1,,NA,NA,,
NB,SE,Salisbury East,5,NBSE-05,46.03084,65.01767,BIW,2021,6,5,1,NBSE-05-01-BIW,6:11,0,9,0,0,NA,2,Y,RWBL,NA,NA,NA,NA,NA,NA,NA,NA,NA,NA,NA,NA,NA,NA,NA,NBSE-05-01-BIW-RWBL,2,1,0,2,OF,NA,NA,,
NB,SE,Salisbury East,5,NBSE-05,46.03084,65.01767,BIW,2021,6,5,1,NBSE-05-01-BIW,6:11,0,9,0,0,NA,2,Y,TRES,NA,NA,NA,NA,NA,NA,NA,NA,NA,NA,NA,NA,NA,NA,NA,NBSE-05-01-BIW-TRES,1,2,1,2,AF,NA,NA,,
NB,SE,Salisbury East,5,NBSE-05,46.03084,65.01767,BIW,2021,6,5,1,NBSE-05-01-BIW,6:11,0,9,0,0,NA,2,Y,COGR,NA,NA,NA,NA,NA,NA,NA,NA,NA,NA,NA,NA,NA,NA,NA,NBSE-05-01-BIW-COGR,1,0,0,1,,NA,NA,,
NB,SE,Salisbury East,5,NBSE-05,46.03084,65.01767,BIW,2021,6,5,1,NBSE-05-01-BIW,6:11,0,9,0,0,NA,2,Y,AMCR,NA,NA,NA,NA,NA,NA,NA,NA,NA,NA,NA,NA,NA,NA,NA,NBSE-05-01-BIW-AMCR,1,0,1,1,,NA,NA,,
NB,SE,Salisbury East,5,NBSE-05,46.03084,65.01767,BIW,2021,6,5,1,NBSE-05-01-BIW,6:11,0,9,0,0,NA,2,Y,NOPA,NA,NA,NA,NA,NA,NA,NA,NA,NA,NA,NA,NA,NA,NA,NA,NBSE-05-01-BIW-NOPA,0,1,1,1,,NA,NA,,
NB,SE,Salisbury East,5,NBSE-05,46.03084,65.01767,BIW,2021,6,5,1,NBSE-05-01-BIW,6:11,0,9,0,0,NA,2,Y,YEWA,NA,NA,NA,NA,NA,NA,NA,NA,NA,NA,NA,NA,NA,NA,NA,NBSE-05-01-BIW-YEWA,0,0,1,1,,NA,NA,,
NB,SE,Salisbury East,5,NBSE-05,46.03084,65.01767,BIW,2021,6,5,1,NBSE-05-01-BIW,6:11,0,9,0,0,NA,2,Y,MALL,NA,NA,NA,NA,NA,NA,NA,NA,NA,NA,NA,NA,NA,NA,NA,NBSE-05-01-BIW-MALL,19,0,5,19,,NA,NA,,
NB,SE,Salisbury East,5,NBSE-05,46.03084,65.01767,BIW,2021,6,5,1,NBSE-05-01-BIW,6:11,0,9,0,0,NA,2,Y,AMWI,NA,NA,NA,NA,NA,NA,NA,NA,NA,NA,NA,NA,NA,NA,NA,NBSE-05-01-BIW-AMWI,2,0,1,2,,NA,NA,,
NB,SE,Salisbury East,5,NBSE-05,46.03084,65.01767,BIW,2021,6,5,1,NBSE-05-01-BIW,6:11,0,9,0,0,NA,2,Y,BAEA,NA,NA,NA,NA,NA,NA,NA,NA,NA,NA,NA,NA,NA,NA,NA,NBSE-05-01-BIW-BAEA,0,0,1,1,OF,NA,NA,,adult
NB,SE,Salisbury East,5,NBSE-05,46.03084,65.01767,BIW,2021,6,5,1,NBSE-05-01-BIW,6:11,0,9,0,0,NA,2,Y,CEDW,NA,NA,NA,NA,NA,NA,NA,NA,NA,NA,NA,NA,NA,NA,NA,NBSE-05-01-BIW-CEDW,0,0,1,1,,NA,NA,,
NB,SE,Salisbury East,5,NBSE-05,46.03084,65.01767,BIW,2021,6,5,1,NBSE-05-01-BIW,6:11,0,9,0,0,NA,2,Y,WODU,NA,NA,NA,NA,NA,NA,NA,NA,NA,NA,NA,NA,NA,NA,NA,NBSE-05-01-BIW-WODU,2,0,0,2,,NA,NA,,
NB,SE,Salisbury East,5,NBSE-05,46.03084,65.01767,BIW,2021,6,5,1,NBSE-05-01-BIW,6:11,0,9,0,0,NA,2,Y,RNDU,NA,NA,NA,NA,NA,NA,NA,NA,NA,NA,NA,NA,NA,NA,NA,NBSE-05-01-BIW-RNDU,6,0,0,6,,NA,NA,,
NB,SE,Salisbury East,5,NBSE-05,46.03084,65.01767,BIW,2021,6,5,1,NBSE-05-01-BIW,6:11,0,9,0,0,NA,2,Y,NSHO,NA,NA,NA,NA,NA,NA,NA,NA,NA,NA,NA,NA,NA,NA,NA,NBSE-05-01-BIW-NSHO,5,0,0,5,,NA,NA,,
NB,SE,Salisbury East,5,NBSE-05,46.03083,65.0177,BIW,2021,6,29,2,NBSE-05-02-BIW,6:30,8,18,0,0,NA,1,Y,MALL,NA,NA,NA,NA,NA,NA,NA,NA,NA,NA,NA,NA,NA,NA,NA,NBSE-05-02-BIW-MALL,20,0,0,20,,NA,NA,,
NB,SE,Salisbury East,5,NBSE-05,46.03083,65.0177,BIW,2021,6,29,2,NBSE-05-02-BIW,6:30,8,18,0,0,NA,1,Y,AMWI,NA,NA,NA,NA,NA,NA,NA,NA,NA,NA,NA,NA,NA,NA,NA,NBSE-05-02-BIW-AMWI,2,0,0,2,,NA,NA,,
NB,SE,Salisbury East,5,NBSE-05,46.03083,65.0177,BIW,2021,6,29,2,NBSE-05-02-BIW,6:30,8,18,0,0,NA,1,Y,COGO,NA,NA,NA,NA,NA,NA,NA,NA,NA,NA,NA,NA,NA,NA,NA,NBSE-05-02-BIW-COGO,1,0,0,1,,NA,NA,,
NB,SE,Salisbury East,5,NBSE-05,46.03083,65.0177,BIW,2021,6,29,2,NBSE-05-02-BIW,6:30,8,18,0,0,NA,1,Y,RNDU,NA,NA,NA,NA,NA,NA,NA,NA,NA,NA,NA,NA,NA,NA,NA,NBSE-05-02-BIW-RNDU,3,0,0,3,,NA,NA,,
NB,SE,Salisbury East,5,NBSE-05,46.03083,65.0177,BIW,2021,6,29,2,NBSE-05-02-BIW,6:30,8,18,0,0,NA,1,Y,WODU,NA,NA,NA,NA,NA,NA,NA,NA,NA,NA,NA,NA,NA,NA,NA,NBSE-05-02-BIW-WODU,1,0,0,1,,NA,NA,,
NB,SE,Salisbury East,5,NBSE-05,46.03083,65.0177,BIW,2021,6,29,2,NBSE-05-02-BIW,6:30,8,18,0,0,NA,1,Y,NSHO,NA,NA,NA,NA,NA,NA,NA,NA,NA,NA,NA,NA,NA,NA,NA,NBSE-05-02-BIW-NSHO,1,0,0,1,,NA,NA,,
NB,SE,Salisbury East,5,NBSE-05,46.03083,65.0177,BIW,2021,6,29,2,NBSE-05-02-BIW,6:30,8,18,0,0,NA,1,Y,BEKI,NA,NA,NA,NA,NA,NA,NA,NA,NA,NA,NA,NA,NA,NA,NA,NBSE-05-02-BIW-BEKI,1,0,0,1,,NA,NA,,aural
NB,SE,Salisbury East,5,NBSE-05,46.03083,65.0177,BIW,2021,6,29,2,NBSE-05-02-BIW,6:30,8,18,0,0,NA,1,Y,BAEA,NA,NA,NA,NA,NA,NA,NA,NA,NA,NA,NA,NA,NA,NA,NA,NBSE-05-02-BIW-BAEA,1,0,0,1,,NA,NA,,adult
NB,SE,Salisbury East,5,NBSE-05,46.03083,65.0177,BIW,2021,6,29,2,NBSE-05-02-BIW,6:30,8,18,0,0,NA,1,Y,AMRO,NA,NA,NA,NA,NA,NA,NA,NA,NA,NA,NA,NA,NA,NA,NA,NBSE-05-02-BIW-AMRO,1,0,0,1,,NA,NA,,
NB,SE,Salisbury East,5,NBSE-05,46.03083,65.0177,BIW,2021,6,29,2,NBSE-05-02-BIW,6:30,8,18,0,0,NA,1,Y,REVI,NA,NA,NA,NA,NA,NA,NA,NA,NA,NA,NA,NA,NA,NA,NA,NBSE-05-02-BIW-REVI,1,1,1,1,,NA,NA,,
NB,SE,Salisbury East,5,NBSE-05,46.03083,65.0177,BIW,2021,6,29,2,NBSE-05-02-BIW,6:30,8,18,0,0,NA,1,Y,COYE,NA,NA,NA,NA,NA,NA,NA,NA,NA,NA,NA,NA,NA,NA,NA,NBSE-05-02-BIW-COYE,1,2,1,2,,NA,NA,,aural
NB,SE,Salisbury East,5,NBSE-05,46.03083,65.0177,BIW,2021,6,29,2,NBSE-05-02-BIW,6:30,8,18,0,0,NA,1,Y,YEWA,NA,NA,NA,NA,NA,NA,NA,NA,NA,NA,NA,NA,NA,NA,NA,NBSE-05-02-BIW-YEWA,0,1,0,1,,NA,NA,,aural
NB,SE,Salisbury East,5,NBSE-05,46.03083,65.0177,BIW,2021,6,29,2,NBSE-05-02-BIW,6:30,8,18,0,0,NA,1,Y,CEDW,NA,NA,NA,NA,NA,NA,NA,NA,NA,NA,NA,NA,NA,NA,NA,NBSE-05-02-BIW-CEDW,0,0,2,2,OF,NA,NA,,
NB,SE,Salisbury East,5,NBSE-05,46.03083,65.0177,BIW,2021,6,29,2,NBSE-05-02-BIW,6:30,8,18,0,0,NA,1,Y,MODO,NA,NA,NA,NA,NA,NA,NA,NA,NA,NA,NA,NA,NA,NA,NA,NBSE-05-02-BIW-MODO,0,0,1,1,OF,NA,NA,,
NB,SE,Salisbury East,5,NBSE-05,46.03083,65.0177,BIW,2021,6,29,2,NBSE-05-02-BIW,6:30,8,18,0,0,NA,1,Y,GRCA,NA,NA,NA,NA,NA,NA,NA,NA,NA,NA,NA,NA,NA,NA,NA,NBSE-05-02-BIW-GRCA,0,0,1,1,OF,NA,NA,,
NB,SW,Salisbury West,1,NBSW-01,46.02093,65.04518,BIW,2021,6,9,1,NBSW-01-01-BIW,6:05,10,12,0,0,NA,2,Y,COYE,NA,NA,NA,NA,NA,NA,NA,NA,NA,NA,NA,NA,NA,NA,NA,NBSW-01-01-BIW-COYE,1,0,0,1,,NA,NA,,
NB,SW,Salisbury West,1,NBSW-01,46.02093,65.04518,BIW,2021,6,9,1,NBSW-01-01-BIW,6:05,10,12,0,0,NA,2,Y,RWBL,NA,NA,NA,NA,NA,NA,NA,NA,NA,NA,NA,NA,NA,NA,NA,NBSW-01-01-BIW-RWBL,3,5,4,5,,NA,NA,,
NB,SW,Salisbury West,1,NBSW-01,46.02093,65.04518,BIW,2021,6,9,1,NBSW-01-01-BIW,6:05,10,12,0,0,NA,2,Y,RIPH,NA,NA,NA,NA,NA,NA,NA,NA,NA,NA,NA,NA,NA,NA,NA,NBSW-01-01-BIW-RIPH,1,0,1,1,,NA,NA,,Written RINP; aural
NB,SW,Salisbury West,1,NBSW-01,46.02093,65.04518,BIW,2021,6,9,1,NBSW-01-01-BIW,6:05,10,12,0,0,NA,2,Y,BLJA,NA,NA,NA,NA,NA,NA,NA,NA,NA,NA,NA,NA,NA,NA,NA,NBSW-01-01-BIW-BLJA,1,0,0,1,,NA,NA,,
NB,SW,Salisbury West,1,NBSW-01,46.02093,65.04518,BIW,2021,6,9,1,NBSW-01-01-BIW,6:05,10,12,0,0,NA,2,Y,CEDW,NA,NA,NA,NA,NA,NA,NA,NA,NA,NA,NA,NA,NA,NA,NA,NBSW-01-01-BIW-CEDW,0,1,0,1,,NA,NA,,
NB,SW,Salisbury West,1,NBSW-01,46.02093,65.04518,BIW,2021,6,9,1,NBSW-01-01-BIW,6:05,10,12,0,0,NA,2,Y,MODO,NA,NA,NA,NA,NA,NA,NA,NA,NA,NA,NA,NA,NA,NA,NA,NBSW-01-01-BIW-MODO,0,1,0,1,,NA,NA,,
NB,SW,Salisbury West,1,NBSW-01,46.02093,65.04518,BIW,2021,6,9,1,NBSW-01-01-BIW,6:05,10,12,0,0,NA,2,Y,MALL,NA,NA,NA,NA,NA,NA,NA,NA,NA,NA,NA,NA,NA,NA,NA,NBSW-01-01-BIW-MALL,0,0,2,2,,NA,NA,,
NB,SW,Salisbury West,1,NBSW-01,46.02093,65.04518,BIW,2021,6,9,1,NBSW-01-01-BIW,6:05,10,12,0,0,NA,2,Y,COGR,NA,NA,NA,NA,NA,NA,NA,NA,NA,NA,NA,NA,NA,NA,NA,NBSW-01-01-BIW-COGR,0,0,3,3,,NA,NA,,
NB,SW,Salisbury West,1,NBSW-01,46.02093,65.04518,BIW,2021,6,9,1,NBSW-01-01-BIW,6:05,10,12,0,0,NA,2,Y,AMCR,NA,NA,NA,NA,NA,NA,NA,NA,NA,NA,NA,NA,NA,NA,NA,NBSW-01-01-BIW-AMCR,0,0,1,1,,NA,NA,,
NB,SW,Salisbury West,1,NBSW-01,46.02093,65.04518,BIW,2021,7,6,2,NBSW-01-02-BIW,6:20,1,NA,0,1,W,2,Y,AMWI,NA,NA,NA,NA,NA,NA,NA,NA,NA,NA,NA,NA,NA,NA,NA,NBSW-01-02-BIW-AMWI,3,0,0,3,,NA,NA,,
NB,SW,Salisbury West,1,NBSW-01,46.02093,65.04518,BIW,2021,7,6,2,NBSW-01-02-BIW,6:20,1,NA,0,1,W,2,Y,GWTE,NA,NA,NA,NA,NA,NA,NA,NA,NA,NA,NA,NA,NA,NA,NA,NBSW-01-02-BIW-GWTE,1,0,0,1,,NA,NA,,
NB,SW,Salisbury West,1,NBSW-01,46.02093,65.04518,BIW,2021,7,6,2,NBSW-01-02-BIW,6:20,1,NA,0,1,W,2,Y,MALL,NA,NA,NA,NA,NA,NA,NA,NA,NA,NA,NA,NA,NA,NA,NA,NBSW-01-02-BIW-MALL,40,0,0,40,,NA,NA,,
NB,SW,Salisbury West,1,NBSW-01,46.02093,65.04518,BIW,2021,7,6,2,NBSW-01-02-BIW,6:20,1,NA,0,1,W,2,Y,RWBL,NA,NA,NA,NA,NA,NA,NA,NA,NA,NA,NA,NA,NA,NA,NA,NBSW-01-02-BIW-RWBL,2,1,0,2,,NA,NA,,
NB,SW,Salisbury West,1,NBSW-01,46.02093,65.04518,BIW,2021,7,6,2,NBSW-01-02-BIW,6:20,1,NA,0,1,W,2,Y,MODO,NA,NA,NA,NA,NA,NA,NA,NA,NA,NA,NA,NA,NA,NA,NA,NBSW-01-02-BIW-MODO,1,0,0,1,,NA,NA,,
NB,SW,Salisbury West,1,NBSW-01,46.02093,65.04518,BIW,2021,7,6,2,NBSW-01-02-BIW,6:20,1,NA,0,1,W,2,Y,COGR,NA,NA,NA,NA,NA,NA,NA,NA,NA,NA,NA,NA,NA,NA,NA,NBSW-01-02-BIW-COGR,0,4,3,4,,NA,NA,,
NB,SW,Salisbury West,1,NBSW-01,46.02093,65.04518,BIW,2021,7,6,2,NBSW-01-02-BIW,6:20,1,NA,0,1,W,2,Y,BLJA,NA,NA,NA,NA,NA,NA,NA,NA,NA,NA,NA,NA,NA,NA,NA,NBSW-01-02-BIW-BLJA,0,0,1,1,,NA,NA,,
NB,SW,Salisbury West,1,NBSW-01,46.02093,65.04518,BIW,2021,7,6,2,NBSW-01-02-BIW,6:20,1,NA,0,1,W,2,Y,BAEA,NA,NA,NA,NA,NA,NA,NA,NA,NA,NA,NA,NA,NA,NA,NA,NBSW-01-02-BIW-BAEA,0,0,1,1,OF,NA,NA,,adult
NB,SW,Salisbury West,1,NBSW-01,46.02093,65.04518,BIW,2021,7,6,2,NBSW-01-02-BIW,6:20,1,NA,0,1,W,2,Y,YEWA,NA,NA,NA,NA,NA,NA,NA,NA,NA,NA,NA,NA,NA,NA,NA,NBSW-01-02-BIW-YEWA,0,0,3,3,,NA,NA,,
NB,SW,Salisbury West,1,NBSW-01,46.02093,65.04518,BIW,2021,7,6,2,NBSW-01-02-BIW,6:20,1,NA,0,1,W,2,Y,AMCR,NA,NA,NA,NA,NA,NA,NA,NA,NA,NA,NA,NA,NA,NA,NA,NBSW-01-02-BIW-AMCR,0,0,0,0,,NA,NA,,did not indicate when observed
NB,SW,Salisbury West,2,NBSW-02,46.01916,65.04296,BIW,2021,6,9,1,NBSW-02-01-BIW,5:40,10,14,0,0,NA,1,Y,RWBL,NA,NA,NA,NA,NA,NA,NA,NA,NA,NA,NA,NA,NA,NA,NA,NBSW-02-01-BIW-RWBL,3,0,0,3,,NA,NA,,
NB,SW,Salisbury West,2,NBSW-02,46.01916,65.04296,BIW,2021,6,9,1,NBSW-02-01-BIW,5:40,10,14,0,0,NA,1,Y,AMRO,NA,NA,NA,NA,NA,NA,NA,NA,NA,NA,NA,NA,NA,NA,NA,NBSW-02-01-BIW-AMRO,0,0,0,0,,NA,NA,,did not indicate when observed
NB,SW,Salisbury West,2,NBSW-02,46.01916,65.04296,BIW,2021,6,9,1,NBSW-02-01-BIW,5:40,10,14,0,0,NA,1,Y,YEWA,NA,NA,NA,NA,NA,NA,NA,NA,NA,NA,NA,NA,NA,NA,NA,NBSW-02-01-BIW-YEWA,0,0,1,1,,NA,NA,,
NB,SW,Salisbury West,2,NBSW-02,46.01916,65.04296,BIW,2021,6,9,1,NBSW-02-01-BIW,5:40,10,14,0,0,NA,1,Y,AMWI,NA,NA,NA,NA,NA,NA,NA,NA,NA,NA,NA,NA,NA,NA,NA,NBSW-02-01-BIW-AMWI,0,0,1,1,,NA,NA,,
NB,SW,Salisbury West,2,NBSW-02,46.01916,65.04296,BIW,2021,7,6,2,NBSW-02-02-BIW,5:52,0,NA,0,0,NA,2,Y,RWBL,NA,NA,NA,NA,NA,NA,NA,NA,NA,NA,NA,NA,NA,NA,NA,NBSW-02-02-BIW-RWBL,3,3,1,3,,NA,NA,,
NB,SW,Salisbury West,2,NBSW-02,46.01916,65.04296,BIW,2021,7,6,2,NBSW-02-02-BIW,5:52,0,NA,0,0,NA,2,Y,MALL,NA,NA,NA,NA,NA,NA,NA,NA,NA,NA,NA,NA,NA,NA,NA,NBSW-02-02-BIW-MALL,3,15,0,15,,NA,NA,,
NB,SW,Salisbury West,2,NBSW-02,46.01916,65.04296,BIW,2021,7,6,2,NBSW-02-02-BIW,5:52,0,NA,0,0,NA,2,Y,BWTE,NA,NA,NA,NA,NA,NA,NA,NA,NA,NA,NA,NA,NA,NA,NA,NBSW-02-02-BIW-BWTE,0,1,0,1,,NA,NA,,
NB,SW,Salisbury West,2,NBSW-02,46.01916,65.04296,BIW,2021,7,6,2,NBSW-02-02-BIW,5:52,0,NA,0,0,NA,2,Y,HOME,NA,NA,NA,NA,NA,NA,NA,NA,NA,NA,NA,NA,NA,NA,NA,NBSW-02-02-BIW-HOME,0,4,0,4,,NA,NA,,
NB,SW,Salisbury West,2,NBSW-02,46.01916,65.04296,BIW,2021,7,6,2,NBSW-02-02-BIW,5:52,0,NA,0,0,NA,2,Y,BLJA,NA,NA,NA,NA,NA,NA,NA,NA,NA,NA,NA,NA,NA,NA,NA,NBSW-02-02-BIW-BLJA,0,0,1,1,,NA,NA,,aural
NB,SW,Salisbury West,2,NBSW-02,46.01916,65.04296,BIW,2021,7,6,2,NBSW-02-02-BIW,5:52,0,NA,0,0,NA,2,Y,AMCR,NA,NA,NA,NA,NA,NA,NA,NA,NA,NA,NA,NA,NA,NA,NA,NBSW-02-02-BIW-AMCR,0,0,1,1,OF,NA,NA,,
NB,SW,Salisbury West,3,NBSW-03,46.02023,65.04033,BIW,2021,6,9,1,NBSW-03-01-BIW,5:13,10,19,0,0,NA,1,Y,RWBL,NA,NA,NA,NA,NA,NA,NA,NA,NA,NA,NA,NA,NA,NA,NA,NBSW-03-01-BIW-RWBL,2,1,0,2,,NA,NA,,
NB,SW,Salisbury West,3,NBSW-03,46.02023,65.04033,BIW,2021,6,9,1,NBSW-03-01-BIW,5:13,10,19,0,0,NA,1,Y,MALL,NA,NA,NA,NA,NA,NA,NA,NA,NA,NA,NA,NA,NA,NA,NA,NBSW-03-01-BIW-MALL,8,0,0,8,OF,NA,NA,,
NB,SW,Salisbury West,3,NBSW-03,46.02023,65.04033,BIW,2021,6,9,1,NBSW-03-01-BIW,5:13,10,19,0,0,NA,1,Y,COYE,NA,NA,NA,NA,NA,NA,NA,NA,NA,NA,NA,NA,NA,NA,NA,NBSW-03-01-BIW-COYE,0,0,1,1,,NA,NA,,
NB,SW,Salisbury West,3,NBSW-03,46.02023,65.04033,BIW,2021,7,6,2,NBSW-03-02-BIW,5:27,0,8,0,1,W,2,Y,MALL,NA,NA,NA,NA,NA,NA,NA,NA,NA,NA,NA,NA,NA,NA,NA,NBSW-03-02-BIW-MALL,39,0,0,39,,NA,NA,,
NB,SW,Salisbury West,3,NBSW-03,46.02023,65.04033,BIW,2021,7,6,2,NBSW-03-02-BIW,5:27,0,8,0,1,W,2,Y,BWTE,NA,NA,NA,NA,NA,NA,NA,NA,NA,NA,NA,NA,NA,NA,NA,NBSW-03-02-BIW-BWTE,1,0,0,1,,NA,NA,,
NB,SW,Salisbury West,3,NBSW-03,46.02023,65.04033,BIW,2021,7,6,2,NBSW-03-02-BIW,5:27,0,8,0,1,W,2,Y,RWBL,NA,NA,NA,NA,NA,NA,NA,NA,NA,NA,NA,NA,NA,NA,NA,NBSW-03-02-BIW-RWBL,2,1,0,2,,NA,NA,,
NB,SW,Salisbury West,3,NBSW-03,46.02023,65.04033,BIW,2021,7,6,2,NBSW-03-02-BIW,5:27,0,8,0,1,W,2,Y,BEKI,NA,NA,NA,NA,NA,NA,NA,NA,NA,NA,NA,NA,NA,NA,NA,NBSW-03-02-BIW-BEKI,0,2,1,2,,NA,NA,,
NB,SW,Salisbury West,3,NBSW-03,46.02023,65.04033,BIW,2021,7,6,2,NBSW-03-02-BIW,5:27,0,8,0,1,W,2,Y,SOSP,NA,NA,NA,NA,NA,NA,NA,NA,NA,NA,NA,NA,NA,NA,NA,NBSW-03-02-BIW-SOSP,0,0,1,1,,NA,NA,,
NB,38,Midgic,1,NB38-01,45.95944,64.31806,ADC,2021,6,30,1,NB38-01-01-ADC,5:15,9,19,1,3,SW,0,N,RWBL,NA,NA,NA,NA,NA,NA,NA,NA,NA,NA,NA,NA,NA,NA,NA,NB38-01-01-ADC-RWBL,2,0,0,2,,NA,NA,,
NB,38,Midgic,1,NB38-01,45.95944,64.31806,ADC,2021,6,30,1,NB38-01-01-ADC,5:15,9,19,1,3,SW,0,N,GADW,NA,NA,NA,NA,NA,NA,NA,NA,NA,NA,NA,NA,NA,NA,NA,NB38-01-01-ADC-GADW,0,1,0,1,,NA,NA,,
NB,38,Midgic,1,NB38-01,45.95944,64.31806,ADC,2021,6,30,1,NB38-01-01-ADC,5:15,9,19,1,3,SW,0,N,MALL,NA,NA,NA,NA,NA,NA,NA,NA,NA,NA,NA,NA,NA,NA,NA,NB38-01-01-ADC-MALL,0,0,1,1,,NA,NA,,
NB,38,Midgic,2,NB38-02,45.9575,64.31806,ADC,2021,6,30,1,NB38-02-01-ADC,5:45,9,19,1,3,SW,0,N,YEWA,NA,NA,NA,NA,NA,NA,NA,NA,NA,NA,NA,NA,NA,NA,NA,NB38-02-01-ADC-YEWA,1,0,1,1,,NA,NA,,
NB,38,Midgic,2,NB38-02,45.9575,64.31806,ADC,2021,6,30,1,NB38-02-01-ADC,5:45,9,19,1,3,SW,0,N,COGR,NA,NA,NA,NA,NA,NA,NA,NA,NA,NA,NA,NA,NA,NA,NA,NB38-02-01-ADC-COGR,0,0,1,1,,NA,NA,,
NB,38,Midgic,2,NB38-02,45.9575,64.31806,ADC,2021,6,30,1,NB38-02-01-ADC,5:45,9,19,1,3,SW,0,N,RWBL,NA,NA,NA,NA,NA,NA,NA,NA,NA,NA,NA,NA,NA,NA,NA,NB38-02-01-ADC-RWBL,1,0,0,1,,NA,NA,,
NB,38,Midgic,2,NB38-02,45.9575,64.31806,ADC,2021,6,30,1,NB38-02-01-ADC,5:45,9,19,1,3,SW,0,N,RWBL,NA,NA,NA,NA,NA,NA,NA,NA,NA,NA,NA,NA,NA,NA,NA,NB38-02-01-ADC-RWBL,0,2,0,2,OF,NA,NA,,
NB,38,Midgic,3,NB38-03,45.95583,64.31583,ADC,2021,6,30,1,NB38-03-01-ADC,6:05,9,19,1,3,SW,0,N,YEWA,NA,NA,NA,NA,NA,NA,NA,NA,NA,NA,NA,NA,NA,NA,NA,NB38-03-01-ADC-YEWA,2,0,0,2,,NA,NA,,
NB,38,Midgic,3,NB38-03,45.95583,64.31583,ADC,2021,6,30,1,NB38-03-01-ADC,6:05,9,19,1,3,SW,0,N,RWBL,NA,NA,NA,NA,NA,NA,NA,NA,NA,NA,NA,NA,NA,NA,NA,NB38-03-01-ADC-RWBL,0,1,0,1,,NA,NA,,
NB,38,Midgic,4,NB38-04,45.95639,64.31278,ADC,2021,6,30,1,NB38-04-01-ADC,7:15,10,20,1,3,SW,0,N,MALL,NA,NA,NA,NA,NA,NA,NA,NA,NA,NA,NA,NA,NA,NA,NA,NB38-04-01-ADC-MALL,0,0,1,1,OF,NA,NA,,flew in circles
NB,38,Midgic,4,NB38-04,45.95639,64.31278,ADC,2021,6,30,1,NB38-04-01-ADC,7:15,10,20,1,3,SW,0,N,YEWA,NA,NA,NA,NA,NA,NA,NA,NA,NA,NA,NA,NA,NA,NA,NA,NB38-04-01-ADC-YEWA,0,1,0,1,,NA,NA,,
NB,38,Midgic,4,NB38-04,45.95639,64.31278,ADC,2021,6,30,1,NB38-04-01-ADC,7:15,10,20,1,3,SW,0,N,RWBL,NA,NA,NA,NA,NA,NA,NA,NA,NA,NA,NA,NA,NA,NA,NA,NB38-04-01-ADC-RWBL,3,0,0,3,,NA,NA,,
NB,38,Midgic,5,NB38-05,45.95778,64.31028,ADC,2021,6,30,1,NB38-05-01-ADC,6:45,9,20,1,3,SW,0,N,RWBL,NA,NA,NA,NA,NA,NA,NA,NA,NA,NA,NA,NA,NA,NA,NA,NB38-05-01-ADC-RWBL,0,1,0,1,,NA,NA,,
NB,38,Midgic,5,NB38-05,45.95778,64.31028,ADC,2021,6,30,1,NB38-05-01-ADC,6:45,9,20,1,3,SW,0,N,TRES,NA,NA,NA,NA,NA,NA,NA,NA,NA,NA,NA,NA,NA,NA,NA,NB38-05-01-ADC-TRES,1,1,0,1,OF,NA,NA,,
NB,38,Midgic,5,NB38-05,45.95778,64.31028,ADC,2021,6,30,1,NB38-05-01-ADC,6:45,9,20,1,3,SW,0,N,CHSP,NA,NA,NA,NA,NA,NA,NA,NA,NA,NA,NA,NA,NA,NA,NA,NB38-05-01-ADC-CHSP,0,0,2,2,,NA,NA,,
NB,38,Midgic,5,NB38-05,45.95778,64.31028,ADC,2021,6,30,1,NB38-05-01-ADC,6:45,9,20,1,3,SW,0,N,YEWA,NA,NA,NA,NA,NA,NA,NA,NA,NA,NA,NA,NA,NA,NA,NA,NB38-05-01-ADC-YEWA,0,1,0,1,,NA,NA,,
NB,38,Midgic,6,NB38-06,45.95361,64.31472,ADC,2021,6,30,1,NB38-06-01-ADC,7:30,8,19,1,3,SW,1,N,MALL,NA,NA,NA,NA,NA,NA,NA,NA,NA,NA,NA,NA,NA,NA,NA,NB38-06-01-ADC-MALL,0,1,1,1,OF,NA,NA,,
NB,38,Midgic,6,NB38-06,45.95361,64.31472,ADC,2021,6,30,1,NB38-06-01-ADC,7:30,8,19,1,3,SW,1,N,COYE,NA,NA,NA,NA,NA,NA,NA,NA,NA,NA,NA,NA,NA,NA,NA,NB38-06-01-ADC-COYE,0,1,1,1,,NA,NA,,
NB,38,Midgic,6,NB38-06,45.95361,64.31472,ADC,2021,6,30,1,NB38-06-01-ADC,7:30,8,19,1,3,SW,1,N,RWBL,NA,NA,NA,NA,NA,NA,NA,NA,NA,NA,NA,NA,NA,NA,NA,NB38-06-01-ADC-RWBL,1,0,0,1,,NA,NA,,
NB,38,Midgic,7,NB38-07,45.95278,64.31167,ADC,2021,6,30,1,NB38-07-01-ADC,7:50,8,19,1,3,SW,1,N,MALL,NA,NA,NA,NA,NA,NA,NA,NA,NA,NA,NA,NA,NA,NA,NA,NB38-07-01-ADC-MALL,0,1,0,1,,NA,NA,,
NB,38,Midgic,7,NB38-07,45.95278,64.31167,ADC,2021,6,30,1,NB38-07-01-ADC,7:50,8,19,1,3,SW,1,N,CHSP,NA,NA,NA,NA,NA,NA,NA,NA,NA,NA,NA,NA,NA,NA,NA,NB38-07-01-ADC-CHSP,0,2,0,2,,NA,NA,,
NB,SV,Sunset Valley,1,NBSV-01,45.386855,-66.276566,AP,2021,6,16,1,NBSV-01-01-AP,5:29,10,16,0,4,S,0,Y,ALFL,NA,NA,NA,NA,NA,NA,NA,NA,NA,NA,NA,NA,NA,NA,NA,NBSV-01-01-AP-ALFL,1,1,1,1,,NA,NA,,
NB,SV,Sunset Valley,1,NBSV-01,45.386855,-66.276566,AP,2021,6,16,1,NBSV-01-01-AP,5:29,10,16,0,4,S,0,Y,SWSP,NA,NA,NA,NA,NA,NA,NA,NA,NA,NA,NA,NA,NA,NA,NA,NBSV-01-01-AP-SWSP,1,NA,1,1,,NA,NA,,
NB,SV,Sunset Valley,1,NBSV-01,45.386855,-66.276566,AP,2021,6,16,1,NBSV-01-01-AP,5:29,10,16,0,4,S,0,Y,RWBL,NA,NA,NA,NA,NA,NA,NA,NA,NA,NA,NA,NA,NA,NA,NA,NBSV-01-01-AP-RWBL,2,2,1,2,,NA,NA,,
NB,SV,Sunset Valley,1,NBSV-01,45.386855,-66.276566,AP,2021,6,16,1,NBSV-01-01-AP,5:29,10,16,0,4,S,0,Y,ABDU,NA,NA,NA,NA,NA,NA,NA,NA,NA,NA,NA,NA,NA,NA,NA,NBSV-01-01-AP-ABDU,8,6,1,8,,NA,NA,5,
NB,SV,Sunset Valley,1,NBSV-01,45.386855,-66.276566,AP,2021,6,16,1,NBSV-01-01-AP,5:29,10,16,0,4,S,0,Y,YEWA,NA,NA,NA,NA,NA,NA,NA,NA,NA,NA,NA,NA,NA,NA,NA,NBSV-01-01-AP-YEWA,1,1,1,1,,NA,NA,,
NB,SV,Sunset Valley,1,NBSV-01,45.386855,-66.276566,AP,2021,6,16,1,NBSV-01-01-AP,5:29,10,16,0,4,S,0,Y,COYE,NA,NA,NA,NA,NA,NA,NA,NA,NA,NA,NA,NA,NA,NA,NA,NBSV-01-01-AP-COYE,0,1,1,1,,NA,NA,,
NB,SV,Sunset Valley,1,NBSV-01,45.386855,-66.276566,AP,2021,6,16,1,NBSV-01-01-AP,5:29,10,16,0,4,S,0,Y,COGR,NA,NA,NA,NA,NA,NA,NA,NA,NA,NA,NA,NA,NA,NA,NA,NBSV-01-01-AP-COGR,0,1,0,1,,NA,NA,,
NB,SV,Sunset Valley,1,NBSV-01,45.386855,-66.276566,AP,2021,6,16,1,NBSV-01-01-AP,5:29,10,16,0,4,S,0,Y,duck sp,NA,NA,NA,NA,NA,NA,NA,NA,NA,NA,NA,NA,NA,NA,NA,NBSV-01-01-AP-duck sp,0,8,1,8,,NA,NA,,
NB,SV,Sunset Valley,1,NBSV-01,45.386855,-66.276566,AP,2021,6,16,1,NBSV-01-01-AP,5:29,10,16,0,4,S,0,Y,NOWA,NA,NA,NA,NA,NA,NA,NA,NA,NA,NA,NA,NA,NA,NA,NA,NBSV-01-01-AP-NOWA,0,1,0,1,,NA,NA,,
NB,SV,Sunset Valley,1,NBSV-01,45.386855,-66.276566,AP,2021,6,16,1,NBSV-01-01-AP,5:29,10,16,0,4,S,0,Y,WODU,NA,NA,NA,NA,NA,NA,NA,NA,NA,NA,NA,NA,NA,NA,NA,NBSV-01-01-AP-WODU,0,6,1,6,,NA,NA,,
NB,SV,Sunset Valley,3,NBSV-03,45.38678,-66.272944,AP,2021,6,16,1,NBSV-03-01-AP,6:15,10,14,0,0,N/A,2,Y,RWBL,NA,NA,NA,NA,NA,NA,NA,NA,NA,NA,NA,NA,NA,NA,NA,NBSV-03-01-AP-RWBL,1,3,1,3,,NA,NA,,
NB,SV,Sunset Valley,3,NBSV-03,45.38678,-66.272944,AP,2021,6,16,1,NBSV-03-01-AP,6:15,10,14,0,0,N/A,2,Y,WODU,NA,NA,NA,NA,NA,NA,NA,NA,NA,NA,NA,NA,NA,NA,NA,NBSV-03-01-AP-WODU,1,1,0,1,,NA,NA,,
NB,SV,Sunset Valley,4,NBSV-04,45.384467,-66.265489,AP,2021,6,16,1,NBSV-04-01-AP,8:03,10,17,0,0,N/A,2,Y,TRES,NA,NA,NA,NA,NA,NA,NA,NA,NA,NA,NA,NA,NA,NA,NA,NBSV-04-01-AP-TRES,0,1,0,1,AF,NA,NA,,
NB,SV,Sunset Valley,4,NBSV-04,45.384467,-66.265489,AP,2021,6,16,1,NBSV-04-01-AP,8:03,10,17,0,0,N/A,2,Y,WODU,NA,NA,NA,NA,NA,NA,NA,NA,NA,NA,NA,NA,NA,NA,NA,NBSV-04-01-AP-WODU,0,1,1,1,,NA,NA,,
NB,SV,Sunset Valley,4,NBSV-04,45.384467,-66.265489,AP,2021,6,16,1,NBSV-04-01-AP,8:03,10,17,0,0,N/A,2,Y,BOBO,NA,NA,NA,NA,NA,NA,NA,NA,NA,NA,NA,NA,NA,NA,NA,NBSV-04-01-AP-BOBO,0,0,3,3,,NA,NA,,
NB,SV,Sunset Valley,4,NBSV-04,45.384467,-66.265489,AP,2021,6,16,1,NBSV-04-01-AP,8:03,10,17,0,0,N/A,2,Y,MALL,NA,NA,NA,NA,NA,NA,NA,NA,NA,NA,NA,NA,NA,NA,NA,NBSV-04-01-AP-MALL,0,0,1,1,,NA,NA,,
NB,SV,Sunset Valley,5,NBSV-05,45.387882,-66.263798,AP,2021,6,16,1,NBSV-05-01-AP,8:48,10,16,0,0,N/A,2,Y,RWBL,NA,NA,NA,NA,NA,NA,NA,NA,NA,NA,NA,NA,NA,NA,NA,NBSV-05-01-AP-RWBL,2,1,2,2,,NA,NA,,
NB,SV,Sunset Valley,5,NBSV-05,45.387882,-66.263798,AP,2021,6,16,1,NBSV-05-01-AP,8:48,10,16,0,0,N/A,2,Y,WISN,NA,NA,NA,NA,NA,NA,NA,NA,NA,NA,NA,NA,NA,NA,NA,NBSV-05-01-AP-WISN,3,2,2,3,,NA,NA,,
NB,SV,Sunset Valley,5,NBSV-05,45.387882,-66.263798,AP,2021,6,16,1,NBSV-05-01-AP,8:48,10,16,0,0,N/A,2,Y,BOBO,NA,NA,NA,NA,NA,NA,NA,NA,NA,NA,NA,NA,NA,NA,NA,NBSV-05-01-AP-BOBO,0,0,1,1,,NA,NA,,
NB,SV,Sunset Valley,6,NBSV-06,45.390661,-66.263809,AP,2021,6,16,1,NBSV-06-01-AP,9:32,10,16,0,2,NW,1,Y,RWBL,NA,NA,NA,NA,NA,NA,NA,NA,NA,NA,NA,NA,NA,NA,NA,NBSV-06-01-AP-RWBL,3,2,2,3,,NA,NA,,
NB,SV,Sunset Valley,6,NBSV-06,45.390661,-66.263809,AP,2021,6,16,1,NBSV-06-01-AP,9:32,10,16,0,2,NW,1,Y,WISN,NA,NA,NA,NA,NA,NA,NA,NA,NA,NA,NA,NA,NA,NA,NA,NBSV-06-01-AP-WISN,0,0,1,1,,NA,NA,,
NB,SV,Sunset Valley,6,NBSV-06,45.390661,-66.263809,AP,2021,6,16,1,NBSV-06-01-AP,9:32,10,16,0,2,NW,1,Y,ALFL,NA,NA,NA,NA,NA,NA,NA,NA,NA,NA,NA,NA,NA,NA,NA,NBSV-06-01-AP-ALFL,1,1,0,1,,NA,NA,,
NB,SV,Sunset Valley,6,NBSV-06,45.390661,-66.263809,AP,2021,6,16,1,NBSV-06-01-AP,9:32,10,16,0,2,NW,1,Y,SWSP,NA,NA,NA,NA,NA,NA,NA,NA,NA,NA,NA,NA,NA,NA,NA,NBSV-06-01-AP-SWSP,1,1,0,1,,NA,NA,,
NB,SV,Sunset Valley,7,NBSV-07,45.390608,-66.263817,AP,2021,6,16,1,NBSV-07-01-AP,10:13,10,18,0,1,SW,1,Y,WISN,NA,NA,NA,NA,NA,NA,NA,NA,NA,NA,NA,NA,NA,NA,NA,NBSV-07-01-AP-WISN,1,0,1,1,,NA,NA,,
NB,SV,Sunset Valley,7,NBSV-07,45.390608,-66.263817,AP,2021,6,16,1,NBSV-07-01-AP,10:13,10,18,0,1,SW,1,Y,RWBL,NA,NA,NA,NA,NA,NA,NA,NA,NA,NA,NA,NA,NA,NA,NA,NBSV-07-01-AP-RWBL,1,2,0,2,,NA,NA,,
NB,SV,Sunset Valley,7,NBSV-07,45.390608,-66.263817,AP,2021,6,16,1,NBSV-07-01-AP,10:13,10,18,0,1,SW,1,Y,SWSP,NA,NA,NA,NA,NA,NA,NA,NA,NA,NA,NA,NA,NA,NA,NA,NBSV-07-01-AP-SWSP,2,1,4,4,,NA,NA,,
NB,SV,Sunset Valley,7,NBSV-07,45.390608,-66.263817,AP,2021,6,16,1,NBSV-07-01-AP,10:13,10,18,0,1,SW,1,Y,COYE,NA,NA,NA,NA,NA,NA,NA,NA,NA,NA,NA,NA,NA,NA,NA,NBSV-07-01-AP-COYE,0,1,1,1,,NA,NA,,
NB,SV,Sunset Valley,1,NBSV-01,45.386855,-66.276566,AP,2021,6,30,2,NBSV-01-02-AP,5:15,10,22,0,0,N/A,1,Y,VEER,NA,NA,NA,NA,NA,NA,NA,NA,NA,NA,NA,NA,NA,NA,NA,NBSV-01-02-AP-VEER,2,0,0,2,,NA,NA,,
NB,SV,Sunset Valley,1,NBSV-01,45.386855,-66.276566,AP,2021,6,30,2,NBSV-01-02-AP,5:15,10,22,0,0,N/A,1,Y,SWSP,NA,NA,NA,NA,NA,NA,NA,NA,NA,NA,NA,NA,NA,NA,NA,NBSV-01-02-AP-SWSP,4,4,3,4,,NA,NA,,
NB,SV,Sunset Valley,1,NBSV-01,45.386855,-66.276566,AP,2021,6,30,2,NBSV-01-02-AP,5:15,10,22,0,0,N/A,1,Y,SOSP,NA,NA,NA,NA,NA,NA,NA,NA,NA,NA,NA,NA,NA,NA,NA,NBSV-01-02-AP-SOSP,1,0,0,1,,NA,NA,,
NB,SV,Sunset Valley,1,NBSV-01,45.386855,-66.276566,AP,2021,6,30,2,NBSV-01-02-AP,5:15,10,22,0,0,N/A,1,Y,YEWA,NA,NA,NA,NA,NA,NA,NA,NA,NA,NA,NA,NA,NA,NA,NA,NBSV-01-02-AP-YEWA,1,1,1,1,,NA,NA,,
NB,SV,Sunset Valley,1,NBSV-01,45.386855,-66.276566,AP,2021,6,30,2,NBSV-01-02-AP,5:15,10,22,0,0,N/A,1,Y,RWBL,NA,NA,NA,NA,NA,NA,NA,NA,NA,NA,NA,NA,NA,NA,NA,NBSV-01-02-AP-RWBL,1,1,1,1,,NA,NA,,
NB,SV,Sunset Valley,1,NBSV-01,45.386855,-66.276566,AP,2021,6,30,2,NBSV-01-02-AP,5:15,10,22,0,0,N/A,1,Y,duck sp,NA,NA,NA,NA,NA,NA,NA,NA,NA,NA,NA,NA,NA,NA,NA,NBSV-01-02-AP-duck sp,1,0,1,1,,NA,NA,,
NB,SV,Sunset Valley,1,NBSV-01,45.386855,-66.276566,AP,2021,6,30,2,NBSV-01-02-AP,5:15,10,22,0,0,N/A,1,Y,COYE,NA,NA,NA,NA,NA,NA,NA,NA,NA,NA,NA,NA,NA,NA,NA,NBSV-01-02-AP-COYE,0,1,1,1,,NA,NA,,
NB,SV,Sunset Valley,1,NBSV-01,45.386855,-66.276566,AP,2021,6,30,2,NBSV-01-02-AP,5:15,10,22,0,0,N/A,1,Y,COGR,NA,NA,NA,NA,NA,NA,NA,NA,NA,NA,NA,NA,NA,NA,NA,NBSV-01-02-AP-COGR,0,0,4,4,,NA,NA,,
NB,SV,Sunset Valley,1,NBSV-01,45.386855,-66.276566,AP,2021,6,30,2,NBSV-01-02-AP,5:15,10,22,0,0,N/A,1,Y,AMGO,NA,NA,NA,NA,NA,NA,NA,NA,NA,NA,NA,NA,NA,NA,NA,NBSV-01-02-AP-AMGO,0,0,1,1,,NA,NA,,
NB,SV,Sunset Valley,3,NBSV-03,45.38678,-66.272944,AP,2021,6,30,2,NBSV-03-02-AP,5:57,10,22,0,0,N/A,1,Y,COYE,NA,NA,NA,NA,NA,NA,NA,NA,NA,NA,NA,NA,NA,NA,NA,NBSV-03-02-AP-COYE,1,0,0,1,,NA,NA,,
NB,SV,Sunset Valley,3,NBSV-03,45.38678,-66.272944,AP,2021,6,30,2,NBSV-03-02-AP,5:57,10,22,0,0,N/A,1,Y,RWBL,NA,NA,NA,NA,NA,NA,NA,NA,NA,NA,NA,NA,NA,NA,NA,NBSV-03-02-AP-RWBL,2,1,1,2,,NA,NA,,
NB,SV,Sunset Valley,3,NBSV-03,45.38678,-66.272944,AP,2021,6,30,2,NBSV-03-02-AP,5:57,10,22,0,0,N/A,1,Y,WODU,NA,NA,NA,NA,NA,NA,NA,NA,NA,NA,NA,NA,NA,NA,NA,NBSV-03-02-AP-WODU,1,0,0,1,,NA,NA,,
NB,SV,Sunset Valley,3,NBSV-03,45.38678,-66.272944,AP,2021,6,30,2,NBSV-03-02-AP,5:57,10,22,0,0,N/A,1,Y,PIWO,NA,NA,NA,NA,NA,NA,NA,NA,NA,NA,NA,NA,NA,NA,NA,NBSV-03-02-AP-PIWO,0,0,1,1,,NA,NA,,
NB,SV,Sunset Valley,3,NBSV-03,45.38678,-66.272944,AP,2021,6,30,2,NBSV-03-02-AP,5:57,10,22,0,0,N/A,1,Y,OVEN,NA,NA,NA,NA,NA,NA,NA,NA,NA,NA,NA,NA,NA,NA,NA,NBSV-03-02-AP-OVEN,0,0,1,1,,NA,NA,,
NB,SV,Sunset Valley,4,NBSV-04,45.384467,-66.265489,AP,2021,6,30,2,NBSV-04-02-AP,7:39,6,21,0,1,N,2,Y,RWBL,NA,NA,NA,NA,NA,NA,NA,NA,NA,NA,NA,NA,NA,NA,NA,NBSV-04-02-AP-RWBL,1,2,0,2,,NA,NA,,
NB,SV,Sunset Valley,4,NBSV-04,45.384467,-66.265489,AP,2021,6,30,2,NBSV-04-02-AP,7:39,6,21,0,1,N,2,Y,WISN,NA,NA,NA,NA,NA,NA,NA,NA,NA,NA,NA,NA,NA,NA,NA,NBSV-04-02-AP-WISN,1,0,0,1,,NA,NA,,
NB,SV,Sunset Valley,4,NBSV-04,45.384467,-66.265489,AP,2021,6,30,2,NBSV-04-02-AP,7:39,6,21,0,1,N,2,Y,SWSP,NA,NA,NA,NA,NA,NA,NA,NA,NA,NA,NA,NA,NA,NA,NA,NBSV-04-02-AP-SWSP,0,1,0,1,,NA,NA,,
NB,SV,Sunset Valley,5,NBSV-05,45.387882,-66.263798,AP,2021,6,30,2,NBSV-05-02-AP,8:22,9,22,0,2,NE,2,Y,RWBL,NA,NA,NA,NA,NA,NA,NA,NA,NA,NA,NA,NA,NA,NA,NA,NBSV-05-02-AP-RWBL,2,2,3,3,,NA,NA,,
NB,SV,Sunset Valley,6,NBSV-06,45.390661,-66.263809,AP,2021,6,30,2,NBSV-06-02-AP,8:54,9,22,0,1,S,1,Y,RWBL,NA,NA,NA,NA,NA,NA,NA,NA,NA,NA,NA,NA,NA,NA,NA,NBSV-06-02-AP-RWBL,2,2,5,5,,NA,NA,,
NB,SV,Sunset Valley,6,NBSV-06,45.390661,-66.263809,AP,2021,6,30,2,NBSV-06-02-AP,8:54,9,22,0,1,S,1,Y,SWSP,NA,NA,NA,NA,NA,NA,NA,NA,NA,NA,NA,NA,NA,NA,NA,NBSV-06-02-AP-SWSP,0,1,0,1,,NA,NA,,
NB,SV,Sunset Valley,6,NBSV-06,45.390661,-66.263809,AP,2021,6,30,2,NBSV-06-02-AP,8:54,9,22,0,1,S,1,Y,WISN,NA,NA,NA,NA,NA,NA,NA,NA,NA,NA,NA,NA,NA,NA,NA,NBSV-06-02-AP-WISN,0,0,1,1,,NA,NA,,
NB,SV,Sunset Valley,7,NBSV-07,45.39324,-66.26321,AP,2021,6,30,2,NBSV-07-02-AP,9:55,10,24,2,2,N,0,Y,RWBL,NA,NA,NA,NA,NA,NA,NA,NA,NA,NA,NA,NA,NA,NA,NA,NBSV-07-02-AP-RWBL,2,1,2,2,,NA,NA,,
NB,SV,Sunset Valley,7,NBSV-07,45.39324,-66.26321,AP,2021,6,30,2,NBSV-07-02-AP,9:55,10,24,2,2,N,0,Y,SWSP,NA,NA,NA,NA,NA,NA,NA,NA,NA,NA,NA,NA,NA,NA,NA,NBSV-07-02-AP-SWSP,1,0,0,1,,NA,NA,,
NB,SV,Sunset Valley,7,NBSV-07,45.39324,-66.26321,AP,2021,6,30,2,NBSV-07-02-AP,9:55,10,24,2,2,N,0,Y,WISN,NA,NA,NA,NA,NA,NA,NA,NA,NA,NA,NA,NA,NA,NA,NA,NBSV-07-02-AP-WISN,0,0,1,1,,NA,NA,,
NB,SV,Sunset Valley,7,NBSV-07,45.39324,-66.26321,AP,2021,6,30,2,NBSV-07-02-AP,9:55,10,24,2,2,N,0,Y,TRES,NA,NA,NA,NA,NA,NA,NA,NA,NA,NA,NA,NA,NA,NA,NA,NBSV-07-02-AP-TRES,1,2,1,2,AF,NA,NA,,
NB,36,Ward Marsh,1,NB36-01,45.96358,64.34468,KAP,2021,6,11,1,NB36-01-01-KAP,5:45,1,0,0,0,NA,0,Y,ALFL,NA,NA,NA,NA,NA,NA,NA,NA,NA,NA,NA,NA,NA,NA,NA,NB36-01-01-KAP-ALFL,1,0,0,1,,NA,NA,,
NB,36,Ward Marsh,1,NB36-01,45.96358,64.34468,KAP,2021,6,11,1,NB36-01-01-KAP,5:45,1,0,0,0,NA,0,Y,YEWA,NA,NA,NA,NA,NA,NA,NA,NA,NA,NA,NA,NA,NA,NA,NA,NB36-01-01-KAP-YEWA,1,0,0,1,,NA,NA,,
NB,36,Ward Marsh,1,NB36-01,45.96358,64.34468,KAP,2021,6,11,1,NB36-01-01-KAP,5:45,1,0,0,0,NA,0,Y,NOPA,NA,NA,NA,NA,NA,NA,NA,NA,NA,NA,NA,NA,NA,NA,NA,NB36-01-01-KAP-NOPA,1,0,0,1,,NA,NA,,
NB,36,Ward Marsh,1,NB36-01,45.96358,64.34468,KAP,2021,6,11,1,NB36-01-01-KAP,5:45,1,0,0,0,NA,0,Y,SOSP,NA,NA,NA,NA,NA,NA,NA,NA,NA,NA,NA,NA,NA,NA,NA,NB36-01-01-KAP-SOSP,1,0,0,1,,NA,NA,,
NB,36,Ward Marsh,1,NB36-01,45.96358,64.34468,KAP,2021,6,11,1,NB36-01-01-KAP,5:45,1,0,0,0,NA,0,Y,BOBO,NA,NA,NA,NA,NA,NA,NA,NA,NA,NA,NA,NA,NA,NA,NA,NB36-01-01-KAP-BOBO,4,0,0,4,,NA,NA,,
NB,36,Ward Marsh,1,NB36-01,45.96358,64.34468,KAP,2021,6,11,1,NB36-01-01-KAP,5:45,1,0,0,0,NA,0,Y,YETH,NA,NA,NA,NA,NA,NA,NA,NA,NA,NA,NA,NA,NA,NA,NA,NB36-01-01-KAP-YETH,1,0,0,1,,NA,NA,,unknown species code
NB,36,Ward Marsh,1,NB36-01,45.96358,64.34468,KAP,2021,6,11,1,NB36-01-01-KAP,5:45,1,0,0,0,NA,0,Y,COYE,NA,NA,NA,NA,NA,NA,NA,NA,NA,NA,NA,NA,NA,NA,NA,NB36-01-01-KAP-COYE,2,0,0,2,,NA,NA,,
NB,36,Ward Marsh,1,NB36-01,45.96358,64.34468,KAP,2021,6,11,1,NB36-01-01-KAP,5:45,1,0,0,0,NA,0,Y,COGR,NA,NA,NA,NA,NA,NA,NA,NA,NA,NA,NA,NA,NA,NA,NA,NB36-01-01-KAP-COGR,2,0,0,2,,NA,NA,,
NB,36,Ward Marsh,1,NB36-01,45.96358,64.34468,KAP,2021,6,11,1,NB36-01-01-KAP,5:45,1,0,0,0,NA,0,Y,RWBL,NA,NA,NA,NA,NA,NA,NA,NA,NA,NA,NA,NA,NA,NA,NA,NB36-01-01-KAP-RWBL,7,0,0,7,,NA,NA,,written as RWBB
NB,36,Ward Marsh,1,NB36-01,45.96358,64.34468,KAP,2021,6,11,1,NB36-01-01-KAP,5:45,1,0,0,0,NA,0,Y,AMRO,NA,NA,NA,NA,NA,NA,NA,NA,NA,NA,NA,NA,NA,NA,NA,NB36-01-01-KAP-AMRO,2,0,0,2,,NA,NA,,
NB,36,Ward Marsh,1,NB36-01,45.96358,64.34468,KAP,2021,6,11,1,NB36-01-01-KAP,5:45,1,0,0,0,NA,0,Y,ABDU,NA,NA,NA,NA,NA,NA,NA,NA,NA,NA,NA,NA,NA,NA,NA,NB36-01-01-KAP-ABDU,0,0,0,0,OF,NA,NA,,
NB,36,Ward Marsh,1,NB36-01,45.96358,64.34468,KAP,2021,6,11,1,NB36-01-01-KAP,5:45,1,0,0,0,NA,0,Y,OVEN,NA,NA,NA,NA,NA,NA,NA,NA,NA,NA,NA,NA,NA,NA,NA,NB36-01-01-KAP-OVEN,1,0,0,1,,NA,NA,,
NB,36,Ward Marsh,1,NB36-01,45.96358,64.34468,KAP,2021,6,30,2,NB36-01-02-KAP,5:09,10,19,0,0,NA,0,Y,SOSP,NA,NA,NA,NA,NA,NA,NA,NA,NA,NA,NA,NA,NA,NA,NA,NB36-01-02-KAP-SOSP,1,0,0,1,,NA,NA,,
NB,36,Ward Marsh,1,NB36-01,45.96358,64.34468,KAP,2021,6,30,2,NB36-01-02-KAP,5:09,10,19,0,0,NA,0,Y,COYE,NA,NA,NA,NA,NA,NA,NA,NA,NA,NA,NA,NA,NA,NA,NA,NB36-01-02-KAP-COYE,1,0,0,1,,NA,NA,,
NB,36,Ward Marsh,1,NB36-01,45.96358,64.34468,KAP,2021,6,30,2,NB36-01-02-KAP,5:09,10,19,0,0,NA,0,Y,CANG,NA,NA,NA,NA,NA,NA,NA,NA,NA,NA,NA,NA,NA,NA,NA,NB36-01-02-KAP-CANG,2,0,0,2,,NA,NA,,6 juvenile
NB,36,Ward Marsh,1,NB36-01,45.96358,64.34468,KAP,2021,6,30,2,NB36-01-02-KAP,5:09,10,19,0,0,NA,0,Y,COLO,NA,NA,NA,NA,NA,NA,NA,NA,NA,NA,NA,NA,NA,NA,NA,NB36-01-02-KAP-COLO,1,0,0,1,,NA,NA,,flying
NB,36,Ward Marsh,1,NB36-01,45.96358,64.34468,KAP,2021,6,30,2,NB36-01-02-KAP,5:09,10,19,0,0,NA,0,Y,BOBO,NA,NA,NA,NA,NA,NA,NA,NA,NA,NA,NA,NA,NA,NA,NA,NB36-01-02-KAP-BOBO,1,0,0,1,,NA,NA,,
NB,36,Ward Marsh,1,NB36-01,45.96358,64.34468,KAP,2021,6,30,2,NB36-01-02-KAP,5:09,10,19,0,0,NA,0,Y,RWBL,NA,NA,NA,NA,NA,NA,NA,NA,NA,NA,NA,NA,NA,NA,NA,NB36-01-02-KAP-RWBL,7,0,0,7,,NA,NA,,
NB,36,Ward Marsh,1,NB36-01,45.96358,64.34468,KAP,2021,6,30,2,NB36-01-02-KAP,5:09,10,19,0,0,NA,0,Y,SWSP,NA,NA,NA,NA,NA,NA,NA,NA,NA,NA,NA,NA,NA,NA,NA,NB36-01-02-KAP-SWSP,1,0,0,1,,NA,NA,,
NB,36,Ward Marsh,1,NB36-01,45.96358,64.34468,KAP,2021,6,30,2,NB36-01-02-KAP,5:09,10,19,0,0,NA,0,Y,AMCR,NA,NA,NA,NA,NA,NA,NA,NA,NA,NA,NA,NA,NA,NA,NA,NB36-01-02-KAP-AMCR,1,0,0,1,,NA,NA,,
NB,36,Ward Marsh,1,NB36-01,45.96358,64.34468,KAP,2021,6,30,2,NB36-01-02-KAP,5:09,10,19,0,0,NA,0,Y,duck sp,NA,NA,NA,NA,NA,NA,NA,NA,NA,NA,NA,NA,NA,NA,NA,NB36-01-02-KAP-duck sp,0,0,0,0,OF,NA,NA,,fly
NB,36,Ward Marsh,2,NB36-02,45.96731,64.34583,KAP,2021,6,11,1,NB36-02-01-KAP,6:06,0,0,0,0,NA,0,Y,SOSP,NA,NA,NA,NA,NA,NA,NA,NA,NA,NA,NA,NA,NA,NA,NA,NB36-02-01-KAP-SOSP,1,0,0,1,,NA,NA,,
NB,36,Ward Marsh,2,NB36-02,45.96731,64.34583,KAP,2021,6,11,1,NB36-02-01-KAP,6:06,0,0,0,0,NA,0,Y,YEWA,NA,NA,NA,NA,NA,NA,NA,NA,NA,NA,NA,NA,NA,NA,NA,NB36-02-01-KAP-YEWA,1,0,0,1,,NA,NA,,
NB,36,Ward Marsh,2,NB36-02,45.96731,64.34583,KAP,2021,6,11,1,NB36-02-01-KAP,6:06,0,0,0,0,NA,0,Y,REVI,NA,NA,NA,NA,NA,NA,NA,NA,NA,NA,NA,NA,NA,NA,NA,NB36-02-01-KAP-REVI,1,0,0,1,,NA,NA,,"written as REVE, assumed to be REVI"
NB,36,Ward Marsh,2,NB36-02,45.96731,64.34583,KAP,2021,6,11,1,NB36-02-01-KAP,6:06,0,0,0,0,NA,0,Y,CANG,NA,NA,NA,NA,NA,NA,NA,NA,NA,NA,NA,NA,NA,NA,NA,NB36-02-01-KAP-CANG,4,0,0,4,,NA,NA,,Written as CAGO
NB,36,Ward Marsh,2,NB36-02,45.96731,64.34583,KAP,2021,6,11,1,NB36-02-01-KAP,6:06,0,0,0,0,NA,0,Y,ALFL,NA,NA,NA,NA,NA,NA,NA,NA,NA,NA,NA,NA,NA,NA,NA,NB36-02-01-KAP-ALFL,1,0,0,1,,NA,NA,,
NB,36,Ward Marsh,2,NB36-02,45.96731,64.34583,KAP,2021,6,11,1,NB36-02-01-KAP,6:06,0,0,0,0,NA,0,Y,RWBL,NA,NA,NA,NA,NA,NA,NA,NA,NA,NA,NA,NA,NA,NA,NA,NB36-02-01-KAP-RWBL,3,0,0,3,,NA,NA,,
NB,36,Ward Marsh,2,NB36-02,45.96731,64.34583,KAP,2021,6,11,1,NB36-02-01-KAP,6:06,0,0,0,0,NA,0,Y,TRES,NA,NA,NA,NA,NA,NA,NA,NA,NA,NA,NA,NA,NA,NA,NA,NB36-02-01-KAP-TRES,20,0,0,20,AF,NA,NA,,"written as TRSW, ""outside circle"""
NB,36,Ward Marsh,2,NB36-02,45.96731,64.34583,KAP,2021,6,30,2,NB36-02-02-KAP,5:29,10,19,0,0,NA,0,Y,SOSP,NA,NA,NA,NA,NA,NA,NA,NA,NA,NA,NA,NA,NA,NA,NA,NB36-02-02-KAP-SOSP,1,0,0,1,,NA,NA,,
NB,36,Ward Marsh,2,NB36-02,45.96731,64.34583,KAP,2021,6,30,2,NB36-02-02-KAP,5:29,10,19,0,0,NA,0,Y,SWSP,NA,NA,NA,NA,NA,NA,NA,NA,NA,NA,NA,NA,NA,NA,NA,NB36-02-02-KAP-SWSP,0,1,0,1,,NA,NA,,
NB,36,Ward Marsh,2,NB36-02,45.96731,64.34583,KAP,2021,6,30,2,NB36-02-02-KAP,5:29,10,19,0,0,NA,0,Y,WTSP,NA,NA,NA,NA,NA,NA,NA,NA,NA,NA,NA,NA,NA,NA,NA,NB36-02-02-KAP-WTSP,0,1,0,1,,NA,NA,,
NB,36,Ward Marsh,2,NB36-02,45.96731,64.34583,KAP,2021,6,30,2,NB36-02-02-KAP,5:29,10,19,0,0,NA,0,Y,COYE,NA,NA,NA,NA,NA,NA,NA,NA,NA,NA,NA,NA,NA,NA,NA,NB36-02-02-KAP-COYE,0,1,0,1,,NA,NA,,
NB,36,Ward Marsh,2,NB36-02,45.96731,64.34583,KAP,2021,6,30,2,NB36-02-02-KAP,5:29,10,19,0,0,NA,0,Y,RWBL,NA,NA,NA,NA,NA,NA,NA,NA,NA,NA,NA,NA,NA,NA,NA,NB36-02-02-KAP-RWBL,0,2,0,2,,NA,NA,,
NB,36,Ward Marsh,2,NB36-02,45.96731,64.34583,KAP,2021,6,30,2,NB36-02-02-KAP,5:29,10,19,0,0,NA,0,Y,AMRO,NA,NA,NA,NA,NA,NA,NA,NA,NA,NA,NA,NA,NA,NA,NA,NB36-02-02-KAP-AMRO,0,0,1,1,,NA,NA,,
NB,36,Ward Marsh,3,NB36-03,45.9701,64.34698,KAP,2021,6,30,2,NB36-03-02-KAP,5:54,10,10,0,0,NA,0,Y,BAEA,NA,NA,NA,NA,NA,NA,NA,NA,NA,NA,NA,NA,NA,NA,NA,NB36-03-02-KAP-BAEA,1,0,0,1,OF,NA,NA,,
NB,36,Ward Marsh,3,NB36-03,45.9701,64.34698,KAP,2021,6,30,2,NB36-03-02-KAP,5:54,10,10,0,0,NA,0,Y,COYE,NA,NA,NA,NA,NA,NA,NA,NA,NA,NA,NA,NA,NA,NA,NA,NB36-03-02-KAP-COYE,0,1,0,1,,NA,NA,,
NB,36,Ward Marsh,3,NB36-03,45.9701,64.34698,KAP,2021,6,30,2,NB36-03-02-KAP,5:54,10,10,0,0,NA,0,Y,COGR,NA,NA,NA,NA,NA,NA,NA,NA,NA,NA,NA,NA,NA,NA,NA,NB36-03-02-KAP-COGR,0,1,0,1,,NA,NA,,
NB,36,Ward Marsh,3,NB36-03,45.9701,64.34698,KAP,2021,6,30,2,NB36-03-02-KAP,5:54,10,10,0,0,NA,0,Y,SWSP,NA,NA,NA,NA,NA,NA,NA,NA,NA,NA,NA,NA,NA,NA,NA,NB36-03-02-KAP-SWSP,0,1,0,1,,NA,NA,,
NB,36,Ward Marsh,3,NB36-03,45.9701,64.34698,KAP,2021,6,30,2,NB36-03-02-KAP,5:54,10,10,0,0,NA,0,Y,YEWA,NA,NA,NA,NA,NA,NA,NA,NA,NA,NA,NA,NA,NA,NA,NA,NB36-03-02-KAP-YEWA,0,1,0,1,,NA,NA,,
NB,36,Ward Marsh,3,NB36-03,45.9701,64.34698,KAP,2021,6,30,2,NB36-03-02-KAP,5:54,10,10,0,0,NA,0,Y,RWBL,NA,NA,NA,NA,NA,NA,NA,NA,NA,NA,NA,NA,NA,NA,NA,NB36-03-02-KAP-RWBL,0,0,0,0,,NA,NA,,did not indicated when observed
NB,36,Ward Marsh,3,NB36-03,45.9701,64.34698,KAP,2021,6,30,2,NB36-03-02-KAP,5:54,10,10,0,0,NA,0,Y,TRES,NA,NA,NA,NA,NA,NA,NA,NA,NA,NA,NA,NA,NA,NA,NA,NB36-03-02-KAP-TRES,0,0,2,2,,NA,NA,,written as TRSW
NB,36,Ward Marsh,3,NB36-03,45.9701,64.34698,KAP,2021,6,30,2,NB36-03-02-KAP,5:54,10,10,0,0,NA,0,Y,AMRE,NA,NA,NA,NA,NA,NA,NA,NA,NA,NA,NA,NA,NA,NA,NA,NB36-03-02-KAP-AMRE,0,0,0,0,,NA,NA,,"""extra"""
NB,36,Ward Marsh,3,NB36-03,45.9701,64.34698,KAP,2021,6,30,2,NB36-03-02-KAP,5:54,10,10,0,0,NA,0,Y,BHVI,NA,NA,NA,NA,NA,NA,NA,NA,NA,NA,NA,NA,NA,NA,NA,NB36-03-02-KAP-BHVI,0,0,0,0,,NA,NA,,"""extra"""
NB,36,Ward Marsh,4,NB36-04,45.9721,64.34375,KAP,2021,6,30,2,NB36-04-02-KAP,6:14,10,22,0,0,NA,0,Y,MALL,NA,NA,NA,NA,NA,NA,NA,NA,NA,NA,NA,NA,NA,NA,NA,NB36-04-02-KAP-MALL,3,0,0,3,,NA,NA,,
NB,36,Ward Marsh,4,NB36-04,45.9721,64.34375,KAP,2021,6,30,2,NB36-04-02-KAP,6:14,10,22,0,0,NA,0,Y,RWBL,NA,NA,NA,NA,NA,NA,NA,NA,NA,NA,NA,NA,NA,NA,NA,NB36-04-02-KAP-RWBL,0,0,0,0,,NA,NA,,did not indicated when observed
NB,36,Ward Marsh,4,NB36-04,45.9721,64.34375,KAP,2021,6,30,2,NB36-04-02-KAP,6:14,10,22,0,0,NA,0,Y,SOSP,NA,NA,NA,NA,NA,NA,NA,NA,NA,NA,NA,NA,NA,NA,NA,NB36-04-02-KAP-SOSP,0,0,0,0,,NA,NA,,did not indicated when observed
NB,36,Ward Marsh,4,NB36-04,45.9721,64.34375,KAP,2021,6,30,2,NB36-04-02-KAP,6:14,10,22,0,0,NA,0,Y,TRES,NA,NA,NA,NA,NA,NA,NA,NA,NA,NA,NA,NA,NA,NA,NA,NB36-04-02-KAP-TRES,0,2,0,2,OF,NA,NA,,
NB,36,Ward Marsh,4,NB36-04,45.9721,64.34375,KAP,2021,6,30,2,NB36-04-02-KAP,6:14,10,22,0,0,NA,0,Y,BAEA,NA,NA,NA,NA,NA,NA,NA,NA,NA,NA,NA,NA,NA,NA,NA,NB36-04-02-KAP-BAEA,0,0,0,0,OF,NA,NA,,may be same
NB,36,Ward Marsh,4,NB36-04,45.9721,64.34375,KAP,2021,6,30,2,NB36-04-02-KAP,6:14,10,22,0,0,NA,0,Y,WODU,NA,NA,NA,NA,NA,NA,NA,NA,NA,NA,NA,NA,NA,NA,NA,NB36-04-02-KAP-WODU,0,0,1,1,,NA,NA,,
NB,36,Ward Marsh,5,NB36-05,45.97079,64.33791,KAP,2021,6,30,2,NB36-05-02-KAP,6:37,10,20,0,0,NA,0,Y,WTSP,NA,NA,NA,NA,NA,NA,NA,NA,NA,NA,NA,NA,NA,NA,NA,NB36-05-02-KAP-WTSP,1,0,0,1,,NA,NA,,
NB,36,Ward Marsh,5,NB36-05,45.97079,64.33791,KAP,2021,6,30,2,NB36-05-02-KAP,6:37,10,20,0,0,NA,0,Y,SOSP,NA,NA,NA,NA,NA,NA,NA,NA,NA,NA,NA,NA,NA,NA,NA,NB36-05-02-KAP-SOSP,1,0,0,1,,NA,NA,,
NB,36,Ward Marsh,5,NB36-05,45.97079,64.33791,KAP,2021,6,30,2,NB36-05-02-KAP,6:37,10,20,0,0,NA,0,Y,ALFL,NA,NA,NA,NA,NA,NA,NA,NA,NA,NA,NA,NA,NA,NA,NA,NB36-05-02-KAP-ALFL,1,0,0,1,,NA,NA,,
NB,36,Ward Marsh,5,NB36-05,45.97079,64.33791,KAP,2021,6,30,2,NB36-05-02-KAP,6:37,10,20,0,0,NA,0,Y,SWSP,NA,NA,NA,NA,NA,NA,NA,NA,NA,NA,NA,NA,NA,NA,NA,NB36-05-02-KAP-SWSP,0,0,1,1,,NA,NA,,
NB,36,Ward Marsh,5,NB36-05,45.97079,64.33791,KAP,2021,6,30,2,NB36-05-02-KAP,6:37,10,20,0,0,NA,0,Y,COYE,NA,NA,NA,NA,NA,NA,NA,NA,NA,NA,NA,NA,NA,NA,NA,NB36-05-02-KAP-COYE,1,0,0,1,,NA,NA,,
NB,36,Ward Marsh,5,NB36-05,45.97079,64.33791,KAP,2021,6,30,2,NB36-05-02-KAP,6:37,10,20,0,0,NA,0,Y,CORA,NA,NA,NA,NA,NA,NA,NA,NA,NA,NA,NA,NA,NA,NA,NA,NB36-05-02-KAP-CORA,0,1,0,1,,NA,NA,,
NB,36,Ward Marsh,5,NB36-05,45.97079,64.33791,KAP,2021,6,30,2,NB36-05-02-KAP,6:37,10,20,0,0,NA,0,Y,LEFL,NA,NA,NA,NA,NA,NA,NA,NA,NA,NA,NA,NA,NA,NA,NA,NB36-05-02-KAP-LEFL,0,0,1,1,,NA,NA,,
NB,36,Ward Marsh,5,NB36-05,45.97079,64.33791,KAP,2021,6,30,2,NB36-05-02-KAP,6:37,10,20,0,0,NA,0,Y,RNDU,NA,NA,NA,NA,NA,NA,NA,NA,NA,NA,NA,NA,NA,NA,NA,NB36-05-02-KAP-RNDU,0,0,1,1,,NA,NA,,
NB,36,Ward Marsh,5,NB36-05,45.97079,64.33791,KAP,2021,6,30,2,NB36-05-02-KAP,6:37,10,20,0,0,NA,0,Y,MALL,NA,NA,NA,NA,NA,NA,NA,NA,NA,NA,NA,NA,NA,NA,NA,NB36-05-02-KAP-MALL,0,0,1,1,,NA,NA,,
NB,36,Ward Marsh,6,NB36-06,45.96399,64.32997,KAP,2021,6,30,2,NB36-06-02-KAP,7:37,10,20,0,0,NA,0,Y,WISN,NA,NA,NA,NA,NA,NA,NA,NA,NA,NA,NA,NA,NA,NA,NA,NB36-06-02-KAP-WISN,0,0,0,0,,NA,NA,,did not indicate when observed
NB,36,Ward Marsh,6,NB36-06,45.96399,64.32997,KAP,2021,6,30,2,NB36-06-02-KAP,7:37,10,20,0,0,NA,0,Y,BAEA,NA,NA,NA,NA,NA,NA,NA,NA,NA,NA,NA,NA,NA,NA,NA,NB36-06-02-KAP-BAEA,0,0,0,0,OF,NA,NA,,did not indicate when observed
NB,36,Ward Marsh,6,NB36-06,45.96399,64.32997,KAP,2021,6,30,2,NB36-06-02-KAP,7:37,10,20,0,0,NA,0,Y,COYE,NA,NA,NA,NA,NA,NA,NA,NA,NA,NA,NA,NA,NA,NA,NA,NB36-06-02-KAP-COYE,0,0,0,0,,NA,NA,,did not indicate when observed
NB,36,Ward Marsh,6,NB36-06,45.96399,64.32997,KAP,2021,6,30,2,NB36-06-02-KAP,7:37,10,20,0,0,NA,0,Y,RWBL,NA,NA,NA,NA,NA,NA,NA,NA,NA,NA,NA,NA,NA,NA,NA,NB36-06-02-KAP-RWBL,0,0,0,0,,NA,NA,,did not indicate when observed
NB,36,Ward Marsh,6,NB36-06,45.96399,64.32997,KAP,2021,6,30,2,NB36-06-02-KAP,7:37,10,20,0,0,NA,0,Y,CHSP,NA,NA,NA,NA,NA,NA,NA,NA,NA,NA,NA,NA,NA,NA,NA,NB36-06-02-KAP-CHSP,0,0,0,0,,NA,NA,,did not indicate when observed
NB,36,Ward Marsh,6,NB36-06,45.96399,64.32997,KAP,2021,6,30,2,NB36-06-02-KAP,7:37,10,20,0,0,NA,0,Y,YEWA,NA,NA,NA,NA,NA,NA,NA,NA,NA,NA,NA,NA,NA,NA,NA,NB36-06-02-KAP-YEWA,0,0,0,0,,NA,NA,,did not indicate when observed
NB,36,Ward Marsh,6,NB36-06,45.96399,64.32997,KAP,2021,6,30,2,NB36-06-02-KAP,7:37,10,20,0,0,NA,0,Y,UIDU,NA,NA,NA,NA,NA,NA,NA,NA,NA,NA,NA,NA,NA,NA,NA,NB36-06-02-KAP-UIDU,0,0,0,0,,NA,NA,,did not indicate when observed; unknown species code
NB,36,Ward Marsh,6,NB36-06,45.96399,64.32997,KAP,2021,6,30,2,NB36-06-02-KAP,7:37,10,20,0,0,NA,0,Y,BHVI,NA,NA,NA,NA,NA,NA,NA,NA,NA,NA,NA,NA,NA,NA,NA,NB36-06-02-KAP-BHVI,0,0,0,0,,NA,NA,,did not indicate when observed
NB,36,Ward Marsh,6,NB36-06,45.96399,64.32997,KAP,2021,6,30,2,NB36-06-02-KAP,7:37,10,20,0,0,NA,0,Y,LEFL,NA,NA,NA,NA,NA,NA,NA,NA,NA,NA,NA,NA,NA,NA,NA,NB36-06-02-KAP-LEFL,0,0,0,0,,NA,NA,,did not indicate when observed
NB,36,Ward Marsh,6,NB36-06,45.96399,64.32997,KAP,2021,6,30,2,NB36-06-02-KAP,7:37,10,20,0,0,NA,0,Y,ALFL,NA,NA,NA,NA,NA,NA,NA,NA,NA,NA,NA,NA,NA,NA,NA,NB36-06-02-KAP-ALFL,0,0,0,0,,NA,NA,,did not indicate when observed
NB,36,Ward Marsh,6,NB36-06,45.96399,64.32997,KAP,2021,6,30,2,NB36-06-02-KAP,7:37,10,20,0,0,NA,0,Y,CEDW,NA,NA,NA,NA,NA,NA,NA,NA,NA,NA,NA,NA,NA,NA,NA,NB36-06-02-KAP-CEDW,0,0,0,0,,NA,NA,,did not indicate when observed
NB,36,Ward Marsh,6,NB36-06,45.96399,64.32997,KAP,2021,6,30,2,NB36-06-02-KAP,7:37,10,20,0,0,NA,0,Y,AMRE,NA,NA,NA,NA,NA,NA,NA,NA,NA,NA,NA,NA,NA,NA,NA,NB36-06-02-KAP-AMRE,0,0,0,0,,NA,NA,,did not indicate when observed
NB,36,Ward Marsh,7,NB36-07,45.96666,64.3304,KAP,2021,6,30,2,NB36-07-02-KAP,7:47,10,20,0,0,NA,0,Y,RWBL,NA,NA,NA,NA,NA,NA,NA,NA,NA,NA,NA,NA,NA,NA,NA,NB36-07-02-KAP-RWBL,1,0,0,1,,NA,NA,,
NB,36,Ward Marsh,7,NB36-07,45.96666,64.3304,KAP,2021,6,30,2,NB36-07-02-KAP,7:47,10,20,0,0,NA,0,Y,YEWA,NA,NA,NA,NA,NA,NA,NA,NA,NA,NA,NA,NA,NA,NA,NA,NB36-07-02-KAP-YEWA,1,0,0,1,,NA,NA,,
NB,36,Ward Marsh,7,NB36-07,45.96666,64.3304,KAP,2021,6,30,2,NB36-07-02-KAP,7:47,10,20,0,0,NA,0,Y,SOSP,NA,NA,NA,NA,NA,NA,NA,NA,NA,NA,NA,NA,NA,NA,NA,NB36-07-02-KAP-SOSP,0,0,0,0,,NA,NA,,did not indicate when observed
NB,36,Ward Marsh,7,NB36-07,45.96666,64.3304,KAP,2021,6,30,2,NB36-07-02-KAP,7:47,10,20,0,0,NA,0,Y,SWSP,NA,NA,NA,NA,NA,NA,NA,NA,NA,NA,NA,NA,NA,NA,NA,NB36-07-02-KAP-SWSP,0,0,0,0,,NA,NA,,did not indicate when observed
NB,36,Ward Marsh,7,NB36-07,45.96666,64.3304,KAP,2021,6,30,2,NB36-07-02-KAP,7:47,10,20,0,0,NA,0,Y,WISN,NA,NA,NA,NA,NA,NA,NA,NA,NA,NA,NA,NA,NA,NA,NA,NB36-07-02-KAP-WISN,0,0,0,0,,NA,NA,,did not indicate when observed
NB,36,Ward Marsh,7,NB36-07,45.96666,64.3304,KAP,2021,6,30,2,NB36-07-02-KAP,7:47,10,20,0,0,NA,0,Y,REVI,NA,NA,NA,NA,NA,NA,NA,NA,NA,NA,NA,NA,NA,NA,NA,NB36-07-02-KAP-REVI,0,0,0,0,,NA,NA,,did not indicate when observed
NB,36,Ward Marsh,7,NB36-07,45.96666,64.3304,KAP,2021,6,30,2,NB36-07-02-KAP,7:47,10,20,0,0,NA,0,Y,AMCR,NA,NA,NA,NA,NA,NA,NA,NA,NA,NA,NA,NA,NA,NA,NA,NB36-07-02-KAP-AMCR,0,0,0,0,,NA,NA,,did not indicate when observed
NB,36,Ward Marsh,7,NB36-07,45.96666,64.3304,KAP,2021,6,30,2,NB36-07-02-KAP,7:47,10,20,0,0,NA,0,Y,CORA,NA,NA,NA,NA,NA,NA,NA,NA,NA,NA,NA,NA,NA,NA,NA,NB36-07-02-KAP-CORA,0,0,0,0,,NA,NA,,did not indicate when observed
NB,36,Ward Marsh,8,NB36-08,45.96292,64.3294,KAP,2021,6,30,2,NB36-08-02-KAP,8:06,10,20,0,1,SE,0,Y,RWBL,NA,NA,NA,NA,NA,NA,NA,NA,NA,NA,NA,NA,NA,NA,NA,NB36-08-02-KAP-RWBL,1,0,0,1,,NA,NA,,
NB,36,Ward Marsh,8,NB36-08,45.96292,64.3294,KAP,2021,6,30,2,NB36-08-02-KAP,8:06,10,20,0,1,SE,0,Y,SWSP,NA,NA,NA,NA,NA,NA,NA,NA,NA,NA,NA,NA,NA,NA,NA,NB36-08-02-KAP-SWSP,1,0,0,1,,NA,NA,,
NB,36,Ward Marsh,8,NB36-08,45.96292,64.3294,KAP,2021,6,30,2,NB36-08-02-KAP,8:06,10,20,0,1,SE,0,Y,AMCR,NA,NA,NA,NA,NA,NA,NA,NA,NA,NA,NA,NA,NA,NA,NA,NB36-08-02-KAP-AMCR,1,0,0,1,,NA,NA,,
NB,36,Ward Marsh,8,NB36-08,45.96292,64.3294,KAP,2021,6,30,2,NB36-08-02-KAP,8:06,10,20,0,1,SE,0,Y,AMRE,NA,NA,NA,NA,NA,NA,NA,NA,NA,NA,NA,NA,NA,NA,NA,NB36-08-02-KAP-AMRE,1,0,0,1,,NA,NA,,
NB,36,Ward Marsh,8,NB36-08,45.96292,64.3294,KAP,2021,6,30,2,NB36-08-02-KAP,8:06,10,20,0,1,SE,0,Y,SOSP,NA,NA,NA,NA,NA,NA,NA,NA,NA,NA,NA,NA,NA,NA,NA,NB36-08-02-KAP-SOSP,0,1,0,1,,NA,NA,,
NB,36,Ward Marsh,8,NB36-08,45.96292,64.3294,KAP,2021,6,30,2,NB36-08-02-KAP,8:06,10,20,0,1,SE,0,Y,COYE,NA,NA,NA,NA,NA,NA,NA,NA,NA,NA,NA,NA,NA,NA,NA,NB36-08-02-KAP-COYE,0,1,0,1,,NA,NA,,
NB,36,Ward Marsh,8,NB36-08,45.96292,64.3294,KAP,2021,6,30,2,NB36-08-02-KAP,8:06,10,20,0,1,SE,0,Y,WISN,NA,NA,NA,NA,NA,NA,NA,NA,NA,NA,NA,NA,NA,NA,NA,NB36-08-02-KAP-WISN,0,0,0,0,,NA,NA,,did not indicate when observed
PE,13,Johnstons River,1,PE13-01,46.43118,62.42059,DAJ,2021,6,3,1,PE13-01-01-DAJ,8:52,1,15,0,0,SW,0,Y,RWBL,NA,NA,NA,NA,NA,NA,NA,NA,NA,NA,NA,NA,NA,NA,NA,PE13-01-01-DAJ-RWBL,2,2,4,4,OF,NA,NA,,
PE,13,Johnstons River,1,PE13-01,46.43118,62.42059,DAJ,2021,6,3,1,PE13-01-01-DAJ,8:52,1,15,0,0,SW,0,Y,COYE,NA,NA,NA,NA,NA,NA,NA,NA,NA,NA,NA,NA,NA,NA,NA,PE13-01-01-DAJ-COYE,2,2,1,2,,NA,NA,,
PE,13,Johnstons River,1,PE13-01,46.43118,62.42059,DAJ,2021,6,3,1,PE13-01-01-DAJ,8:52,1,15,0,0,SW,0,Y,ALFL,NA,NA,NA,NA,NA,NA,NA,NA,NA,NA,NA,NA,NA,NA,NA,PE13-01-01-DAJ-ALFL,2,2,0,2,,NA,NA,,
PE,13,Johnstons River,1,PE13-01,46.43118,62.42059,DAJ,2021,6,3,1,PE13-01-01-DAJ,8:52,1,15,0,0,SW,0,Y,GBHE,NA,NA,NA,NA,NA,NA,NA,NA,NA,NA,NA,NA,NA,NA,NA,PE13-01-01-DAJ-GBHE,0,0,0,0,OF,NA,NA,,
PE,13,Johnstons River,1,PE13-01,46.43118,62.42059,DAJ,2021,6,3,1,PE13-01-01-DAJ,8:52,1,15,0,0,SW,0,Y,GWTE,NA,NA,NA,NA,NA,NA,NA,NA,NA,NA,NA,NA,NA,NA,NA,PE13-01-01-DAJ-GWTE,0,0,0,0,OF,NA,NA,,
PE,13,Johnstons River,1,PE13-01,46.43118,62.42059,DAJ,2021,6,3,1,PE13-01-01-DAJ,8:52,1,15,0,0,SW,0,Y,AMCR,NA,NA,NA,NA,NA,NA,NA,NA,NA,NA,NA,NA,NA,NA,NA,PE13-01-01-DAJ-AMCR,0,0,0,0,OF,NA,NA,,
PE,13,Johnstons River,1,PE13-01,46.43118,62.42059,DAJ,2021,6,3,1,PE13-01-01-DAJ,8:52,1,15,0,0,SW,0,Y,SWSP,NA,NA,NA,NA,NA,NA,NA,NA,NA,NA,NA,NA,NA,NA,NA,PE13-01-01-DAJ-SWSP,0,1,0,1,,NA,NA,,
PE,13,Johnstons River,1,PE13-01,46.43118,62.42059,DAJ,2021,6,3,1,PE13-01-01-DAJ,8:52,1,15,0,0,SW,0,Y,COGR,NA,NA,NA,NA,NA,NA,NA,NA,NA,NA,NA,NA,NA,NA,NA,PE13-01-01-DAJ-COGR,0,0,0,0,OF,NA,NA,,
PE,13,Johnstons River,2,PE13-02,46.42938,62.41961,DAJ,2021,6,3,1,PE13-02-01-DAJ,7:31,1,14,0,1,SW,1,Y,RWBL,NA,NA,NA,NA,NA,NA,NA,NA,NA,NA,NA,NA,NA,NA,NA,PE13-02-01-DAJ-RWBL,3,3,4,4,,NA,NA,,
PE,13,Johnstons River,2,PE13-02,46.42938,62.41961,DAJ,2021,6,3,1,PE13-02-01-DAJ,7:31,1,14,0,1,SW,1,Y,COYE,NA,NA,NA,NA,NA,NA,NA,NA,NA,NA,NA,NA,NA,NA,NA,PE13-02-01-DAJ-COYE,2,3,3,3,,NA,NA,,
PE,13,Johnstons River,2,PE13-02,46.42938,62.41961,DAJ,2021,6,3,1,PE13-02-01-DAJ,7:31,1,14,0,1,SW,1,Y,ALFL,NA,NA,NA,NA,NA,NA,NA,NA,NA,NA,NA,NA,NA,NA,NA,PE13-02-01-DAJ-ALFL,2,2,2,2,,NA,NA,,
PE,13,Johnstons River,2,PE13-02,46.42938,62.41961,DAJ,2021,6,3,1,PE13-02-01-DAJ,7:31,1,14,0,1,SW,1,Y,SWSP,NA,NA,NA,NA,NA,NA,NA,NA,NA,NA,NA,NA,NA,NA,NA,PE13-02-01-DAJ-SWSP,1,1,2,2,,NA,NA,,
PE,13,Johnstons River,2,PE13-02,46.42938,62.41961,DAJ,2021,6,3,1,PE13-02-01-DAJ,7:31,1,14,0,1,SW,1,Y,YEWA,NA,NA,NA,NA,NA,NA,NA,NA,NA,NA,NA,NA,NA,NA,NA,PE13-02-01-DAJ-YEWA,1,1,0,1,,NA,NA,,
PE,13,Johnstons River,2,PE13-02,46.42938,62.41961,DAJ,2021,6,3,1,PE13-02-01-DAJ,7:31,1,14,0,1,SW,1,Y,SOSP,NA,NA,NA,NA,NA,NA,NA,NA,NA,NA,NA,NA,NA,NA,NA,PE13-02-01-DAJ-SOSP,2,0,1,2,,NA,NA,,
PE,13,Johnstons River,2,PE13-02,46.42938,62.41961,DAJ,2021,6,3,1,PE13-02-01-DAJ,7:31,1,14,0,1,SW,1,Y,WTSP,NA,NA,NA,NA,NA,NA,NA,NA,NA,NA,NA,NA,NA,NA,NA,PE13-02-01-DAJ-WTSP,0,0,1,1,,NA,NA,,
PE,13,Johnstons River,2,PE13-02,46.42938,62.41961,DAJ,2021,6,3,1,PE13-02-01-DAJ,7:31,1,14,0,1,SW,1,Y,OSPR,NA,NA,NA,NA,NA,NA,NA,NA,NA,NA,NA,NA,NA,NA,NA,PE13-02-01-DAJ-OSPR,0,0,0,0,OF,NA,NA,,
PE,13,Johnstons River,3,PE13-03,46.42709,62.4187,DAJ,2021,6,3,1,PE13-03-01-DAJ,7:13,1,14,0,1,SW,1,Y,ALFL,NA,NA,NA,NA,NA,NA,NA,NA,NA,NA,NA,NA,NA,NA,NA,PE13-03-01-DAJ-ALFL,2,2,2,2,,NA,NA,,
PE,13,Johnstons River,3,PE13-03,46.42709,62.4187,DAJ,2021,6,3,1,PE13-03-01-DAJ,7:13,1,14,0,1,SW,1,Y,RWBL,NA,NA,NA,NA,NA,NA,NA,NA,NA,NA,NA,NA,NA,NA,NA,PE13-03-01-DAJ-RWBL,2,3,2,3,,NA,NA,,
PE,13,Johnstons River,3,PE13-03,46.42709,62.4187,DAJ,2021,6,3,1,PE13-03-01-DAJ,7:13,1,14,0,1,SW,1,Y,GBHE,NA,NA,NA,NA,NA,NA,NA,NA,NA,NA,NA,NA,NA,NA,NA,PE13-03-01-DAJ-GBHE,0,0,0,0,OF,NA,NA,,
PE,13,Johnstons River,3,PE13-03,46.42709,62.4187,DAJ,2021,6,3,1,PE13-03-01-DAJ,7:13,1,14,0,1,SW,1,Y,COYE,NA,NA,NA,NA,NA,NA,NA,NA,NA,NA,NA,NA,NA,NA,NA,PE13-03-01-DAJ-COYE,1,1,2,2,,NA,NA,,
PE,13,Johnstons River,3,PE13-03,46.42709,62.4187,DAJ,2021,6,3,1,PE13-03-01-DAJ,7:13,1,14,0,1,SW,1,Y,CANG,NA,NA,NA,NA,NA,NA,NA,NA,NA,NA,NA,NA,NA,NA,NA,PE13-03-01-DAJ-CANG,0,0,0,0,OF,NA,NA,,
PE,13,Johnstons River,3,PE13-03,46.42709,62.4187,DAJ,2021,6,3,1,PE13-03-01-DAJ,7:13,1,14,0,1,SW,1,Y,SWSP,NA,NA,NA,NA,NA,NA,NA,NA,NA,NA,NA,NA,NA,NA,NA,PE13-03-01-DAJ-SWSP,1,2,2,2,,NA,NA,,
PE,13,Johnstons River,3,PE13-03,46.42709,62.4187,DAJ,2021,6,3,1,PE13-03-01-DAJ,7:13,1,14,0,1,SW,1,Y,TRES,NA,NA,NA,NA,NA,NA,NA,NA,NA,NA,NA,NA,NA,NA,NA,PE13-03-01-DAJ-TRES,0,0,0,0,OF,NA,NA,,Written as TRSW
PE,13,Johnstons River,3,PE13-03,46.42709,62.4187,DAJ,2021,6,3,1,PE13-03-01-DAJ,7:13,1,14,0,1,SW,1,Y,BCCH,NA,NA,NA,NA,NA,NA,NA,NA,NA,NA,NA,NA,NA,NA,NA,PE13-03-01-DAJ-BCCH,0,1,0,1,,NA,NA,,
PE,13,Johnstons River,3,PE13-03,46.42709,62.4187,DAJ,2021,6,3,1,PE13-03-01-DAJ,7:13,1,14,0,1,SW,1,Y,AMRO,NA,NA,NA,NA,NA,NA,NA,NA,NA,NA,NA,NA,NA,NA,NA,PE13-03-01-DAJ-AMRO,0,1,2,2,,NA,NA,,
PE,13,Johnstons River,3,PE13-03,46.42709,62.4187,DAJ,2021,6,3,1,PE13-03-01-DAJ,7:13,1,14,0,1,SW,1,Y,WODU,NA,NA,NA,NA,NA,NA,NA,NA,NA,NA,NA,NA,NA,NA,NA,PE13-03-01-DAJ-WODU,0,0,0,0,OF,NA,NA,,
PE,13,Johnstons River,3,PE13-03,46.42709,62.4187,DAJ,2021,6,3,1,PE13-03-01-DAJ,7:13,1,14,0,1,SW,1,Y,YEWA,NA,NA,NA,NA,NA,NA,NA,NA,NA,NA,NA,NA,NA,NA,NA,PE13-03-01-DAJ-YEWA,0,0,1,1,,NA,NA,,
PE,13,Johnstons River,4,PE13-04,46.42732,62.42189,DAJ,2021,6,3,1,PE13-04-01-DAJ,7:37,0,14,0,0,SW,0,Y,AMRO,NA,NA,NA,NA,NA,NA,NA,NA,NA,NA,NA,NA,NA,NA,NA,PE13-04-01-DAJ-AMRO,1,2,1,2,,NA,NA,,
PE,13,Johnstons River,4,PE13-04,46.42732,62.42189,DAJ,2021,6,3,1,PE13-04-01-DAJ,7:37,0,14,0,0,SW,0,Y,ALFL,NA,NA,NA,NA,NA,NA,NA,NA,NA,NA,NA,NA,NA,NA,NA,PE13-04-01-DAJ-ALFL,2,1,2,2,,NA,NA,,
PE,13,Johnstons River,4,PE13-04,46.42732,62.42189,DAJ,2021,6,3,1,PE13-04-01-DAJ,7:37,0,14,0,0,SW,0,Y,COYE,NA,NA,NA,NA,NA,NA,NA,NA,NA,NA,NA,NA,NA,NA,NA,PE13-04-01-DAJ-COYE,1,1,1,1,,NA,NA,,
PE,13,Johnstons River,4,PE13-04,46.42732,62.42189,DAJ,2021,6,3,1,PE13-04-01-DAJ,7:37,0,14,0,0,SW,0,Y,RWBL,NA,NA,NA,NA,NA,NA,NA,NA,NA,NA,NA,NA,NA,NA,NA,PE13-04-01-DAJ-RWBL,1,1,1,1,OF,NA,NA,,
PE,13,Johnstons River,4,PE13-04,46.42732,62.42189,DAJ,2021,6,3,1,PE13-04-01-DAJ,7:37,0,14,0,0,SW,0,Y,BCCH,NA,NA,NA,NA,NA,NA,NA,NA,NA,NA,NA,NA,NA,NA,NA,PE13-04-01-DAJ-BCCH,1,1,1,1,,NA,NA,,
PE,13,Johnstons River,4,PE13-04,46.42732,62.42189,DAJ,2021,6,3,1,PE13-04-01-DAJ,7:37,0,14,0,0,SW,0,Y,SWSP,NA,NA,NA,NA,NA,NA,NA,NA,NA,NA,NA,NA,NA,NA,NA,PE13-04-01-DAJ-SWSP,2,1,0,2,,NA,NA,,
PE,13,Johnstons River,4,PE13-04,46.42732,62.42189,DAJ,2021,6,3,1,PE13-04-01-DAJ,7:37,0,14,0,0,SW,0,Y,REVI,NA,NA,NA,NA,NA,NA,NA,NA,NA,NA,NA,NA,NA,NA,NA,PE13-04-01-DAJ-REVI,0,0,1,1,,NA,NA,,
PE,13,Johnstons River,4,PE13-04,46.42732,62.42189,DAJ,2021,6,3,1,PE13-04-01-DAJ,7:37,0,14,0,0,SW,0,Y,SOSP,NA,NA,NA,NA,NA,NA,NA,NA,NA,NA,NA,NA,NA,NA,NA,PE13-04-01-DAJ-SOSP,1,1,1,1,,NA,NA,,
PE,13,Johnstons River,5,PE13-05,46.42963,62.42347,DAJ,2021,6,3,1,PE13-05-01-DAJ,7:59,1,15,0,0,SW,0,Y,BCCH,NA,NA,NA,NA,NA,NA,NA,NA,NA,NA,NA,NA,NA,NA,NA,PE13-05-01-DAJ-BCCH,2,1,1,2,,NA,NA,,
PE,13,Johnstons River,5,PE13-05,46.42963,62.42347,DAJ,2021,6,3,1,PE13-05-01-DAJ,7:59,1,15,0,0,SW,0,Y,SWSP,NA,NA,NA,NA,NA,NA,NA,NA,NA,NA,NA,NA,NA,NA,NA,PE13-05-01-DAJ-SWSP,1,1,1,1,,NA,NA,,
PE,13,Johnstons River,5,PE13-05,46.42963,62.42347,DAJ,2021,6,3,1,PE13-05-01-DAJ,7:59,1,15,0,0,SW,0,Y,AMRO,NA,NA,NA,NA,NA,NA,NA,NA,NA,NA,NA,NA,NA,NA,NA,PE13-05-01-DAJ-AMRO,1,1,1,1,,NA,NA,,
PE,13,Johnstons River,5,PE13-05,46.42963,62.42347,DAJ,2021,6,3,1,PE13-05-01-DAJ,7:59,1,15,0,0,SW,0,Y,REVI,NA,NA,NA,NA,NA,NA,NA,NA,NA,NA,NA,NA,NA,NA,NA,PE13-05-01-DAJ-REVI,1,0,1,1,,NA,NA,,
PE,13,Johnstons River,5,PE13-05,46.42963,62.42347,DAJ,2021,6,3,1,PE13-05-01-DAJ,7:59,1,15,0,0,SW,0,Y,COYE,NA,NA,NA,NA,NA,NA,NA,NA,NA,NA,NA,NA,NA,NA,NA,PE13-05-01-DAJ-COYE,2,1,1,2,,NA,NA,,
PE,13,Johnstons River,5,PE13-05,46.42963,62.42347,DAJ,2021,6,3,1,PE13-05-01-DAJ,7:59,1,15,0,0,SW,0,Y,MODO,NA,NA,NA,NA,NA,NA,NA,NA,NA,NA,NA,NA,NA,NA,NA,PE13-05-01-DAJ-MODO,1,0,0,1,,NA,NA,,
PE,13,Johnstons River,5,PE13-05,46.42963,62.42347,DAJ,2021,6,3,1,PE13-05-01-DAJ,7:59,1,15,0,0,SW,0,Y,YEWA,NA,NA,NA,NA,NA,NA,NA,NA,NA,NA,NA,NA,NA,NA,NA,PE13-05-01-DAJ-YEWA,0,2,2,2,,NA,NA,,
PE,13,Johnstons River,5,PE13-05,46.42963,62.42347,DAJ,2021,6,3,1,PE13-05-01-DAJ,7:59,1,15,0,0,SW,0,Y,EUST,NA,NA,NA,NA,NA,NA,NA,NA,NA,NA,NA,NA,NA,NA,NA,PE13-05-01-DAJ-EUST,0,2,0,2,,NA,NA,,
PE,13,Johnstons River,5,PE13-05,46.42963,62.42347,DAJ,2021,6,3,1,PE13-05-01-DAJ,7:59,1,15,0,0,SW,0,Y,TRES,NA,NA,NA,NA,NA,NA,NA,NA,NA,NA,NA,NA,NA,NA,NA,PE13-05-01-DAJ-TRES,0,0,0,0,OF,NA,NA,,Written as TRSW
PE,13,Johnstons River,6,PE13-06,46.42793,62.42643,DAJ,2021,6,3,1,PE13-06-01-DAJ,6:56,1,14,0,0,SW,1,Y,ALFL,NA,NA,NA,NA,NA,NA,NA,NA,NA,NA,NA,NA,NA,NA,NA,PE13-06-01-DAJ-ALFL,3,2,4,4,,NA,NA,,
PE,13,Johnstons River,6,PE13-06,46.42793,62.42643,DAJ,2021,6,3,1,PE13-06-01-DAJ,6:56,1,14,0,0,SW,1,Y,COYE,NA,NA,NA,NA,NA,NA,NA,NA,NA,NA,NA,NA,NA,NA,NA,PE13-06-01-DAJ-COYE,2,2,2,2,,NA,NA,,
PE,13,Johnstons River,6,PE13-06,46.42793,62.42643,DAJ,2021,6,3,1,PE13-06-01-DAJ,6:56,1,14,0,0,SW,1,Y,RWBL,NA,NA,NA,NA,NA,NA,NA,NA,NA,NA,NA,NA,NA,NA,NA,PE13-06-01-DAJ-RWBL,2,2,2,2,,NA,NA,,
PE,13,Johnstons River,6,PE13-06,46.42793,62.42643,DAJ,2021,6,3,1,PE13-06-01-DAJ,6:56,1,14,0,0,SW,1,Y,AMRO,NA,NA,NA,NA,NA,NA,NA,NA,NA,NA,NA,NA,NA,NA,NA,PE13-06-01-DAJ-AMRO,1,1,1,1,,NA,NA,,
PE,13,Johnstons River,6,PE13-06,46.42793,62.42643,DAJ,2021,6,3,1,PE13-06-01-DAJ,6:56,1,14,0,0,SW,1,Y,SWSP,NA,NA,NA,NA,NA,NA,NA,NA,NA,NA,NA,NA,NA,NA,NA,PE13-06-01-DAJ-SWSP,2,3,2,3,,NA,NA,,
PE,13,Johnstons River,6,PE13-06,46.42793,62.42643,DAJ,2021,6,3,1,PE13-06-01-DAJ,6:56,1,14,0,0,SW,1,Y,GBHE,NA,NA,NA,NA,NA,NA,NA,NA,NA,NA,NA,NA,NA,NA,NA,PE13-06-01-DAJ-GBHE,0,0,0,0,OF,NA,NA,,
PE,13,Johnstons River,6,PE13-06,46.42793,62.42643,DAJ,2021,6,3,1,PE13-06-01-DAJ,6:56,1,14,0,0,SW,1,Y,SOSP,NA,NA,NA,NA,NA,NA,NA,NA,NA,NA,NA,NA,NA,NA,NA,PE13-06-01-DAJ-SOSP,0,1,0,1,,NA,NA,,
PE,13,Johnstons River,6,PE13-06,46.42793,62.42643,DAJ,2021,6,3,1,PE13-06-01-DAJ,6:56,1,14,0,0,SW,1,Y,OSPR,NA,NA,NA,NA,NA,NA,NA,NA,NA,NA,NA,NA,NA,NA,NA,PE13-06-01-DAJ-OSPR,0,0,0,0,OF,NA,NA,,
PE,13,Johnstons River,6,PE13-06,46.42793,62.42643,DAJ,2021,6,3,1,PE13-06-01-DAJ,6:56,1,14,0,0,SW,1,Y,NOPA,NA,NA,NA,NA,NA,NA,NA,NA,NA,NA,NA,NA,NA,NA,NA,PE13-06-01-DAJ-NOPA,0,1,1,1,,NA,NA,,
PE,13,Johnstons River,6,PE13-06,46.42793,62.42643,DAJ,2021,6,3,1,PE13-06-01-DAJ,6:56,1,14,0,0,SW,1,Y,BTNW,NA,NA,NA,NA,NA,NA,NA,NA,NA,NA,NA,NA,NA,NA,NA,PE13-06-01-DAJ-BTNW,0,0,1,1,,NA,NA,,Written as BTGW
PE,13,Johnstons River,7,PE13-07,46.42397,62.42865,DAJ,2021,6,3,1,PE13-07-01-DAJ,5:15,1,1,0,0,SW,1,Y,ALFL,NA,NA,NA,NA,NA,NA,NA,NA,NA,NA,NA,NA,NA,NA,NA,PE13-07-01-DAJ-ALFL,1,1,1,1,,NA,NA,,
PE,13,Johnstons River,7,PE13-07,46.42397,62.42865,DAJ,2021,6,3,1,PE13-07-01-DAJ,5:15,1,1,0,0,SW,1,Y,RWBL,NA,NA,NA,NA,NA,NA,NA,NA,NA,NA,NA,NA,NA,NA,NA,PE13-07-01-DAJ-RWBL,3,3,2,3,OF,NA,NA,,
PE,13,Johnstons River,7,PE13-07,46.42397,62.42865,DAJ,2021,6,3,1,PE13-07-01-DAJ,5:15,1,1,0,0,SW,1,Y,CANG,NA,NA,NA,NA,NA,NA,NA,NA,NA,NA,NA,NA,NA,NA,NA,PE13-07-01-DAJ-CANG,0,0,0,0,OF,NA,NA,,
PE,13,Johnstons River,7,PE13-07,46.42397,62.42865,DAJ,2021,6,3,1,PE13-07-01-DAJ,5:15,1,1,0,0,SW,1,Y,AMRO,NA,NA,NA,NA,NA,NA,NA,NA,NA,NA,NA,NA,NA,NA,NA,PE13-07-01-DAJ-AMRO,0,1,2,2,OF,NA,NA,,
PE,13,Johnstons River,7,PE13-07,46.42397,62.42865,DAJ,2021,6,3,1,PE13-07-01-DAJ,5:15,1,1,0,0,SW,1,Y,REVI,NA,NA,NA,NA,NA,NA,NA,NA,NA,NA,NA,NA,NA,NA,NA,PE13-07-01-DAJ-REVI,0,1,0,1,,NA,NA,,
PE,13,Johnstons River,7,PE13-07,46.42397,62.42865,DAJ,2021,6,3,1,PE13-07-01-DAJ,5:15,1,1,0,0,SW,1,Y,SWSP,NA,NA,NA,NA,NA,NA,NA,NA,NA,NA,NA,NA,NA,NA,NA,PE13-07-01-DAJ-SWSP,0,1,0,1,,NA,NA,,
PE,13,Johnstons River,7,PE13-07,46.42397,62.42865,DAJ,2021,6,3,1,PE13-07-01-DAJ,5:15,1,1,0,0,SW,1,Y,COYE,NA,NA,NA,NA,NA,NA,NA,NA,NA,NA,NA,NA,NA,NA,NA,PE13-07-01-DAJ-COYE,2,2,1,2,OF,NA,NA,,
PE,13,Johnstons River,7,PE13-07,46.42397,62.42865,DAJ,2021,6,3,1,PE13-07-01-DAJ,5:15,1,1,0,0,SW,1,Y,DEJU,NA,NA,NA,NA,NA,NA,NA,NA,NA,NA,NA,NA,NA,NA,NA,PE13-07-01-DAJ-DEJU,0,1,1,1,,NA,NA,,
PE,13,Johnstons River,8,PE13-08,46.42105,62.43096,DAJ,2021,6,3,1,PE13-08-01-DAJ,5:37,1,14,0,0,SW,0,Y,COYE,NA,NA,NA,NA,NA,NA,NA,NA,NA,NA,NA,NA,NA,NA,NA,PE13-08-01-DAJ-COYE,3,2,2,3,,NA,NA,,
PE,13,Johnstons River,8,PE13-08,46.42105,62.43096,DAJ,2021,6,3,1,PE13-08-01-DAJ,5:37,1,14,0,0,SW,0,Y,AMRO,NA,NA,NA,NA,NA,NA,NA,NA,NA,NA,NA,NA,NA,NA,NA,PE13-08-01-DAJ-AMRO,1,2,0,2,,NA,NA,,
PE,13,Johnstons River,8,PE13-08,46.42105,62.43096,DAJ,2021,6,3,1,PE13-08-01-DAJ,5:37,1,14,0,0,SW,0,Y,RWBL,NA,NA,NA,NA,NA,NA,NA,NA,NA,NA,NA,NA,NA,NA,NA,PE13-08-01-DAJ-RWBL,1,1,0,1,,NA,NA,,
PE,13,Johnstons River,8,PE13-08,46.42105,62.43096,DAJ,2021,6,3,1,PE13-08-01-DAJ,5:37,1,14,0,0,SW,0,Y,NOGO,NA,NA,NA,NA,NA,NA,NA,NA,NA,NA,NA,NA,NA,NA,NA,PE13-08-01-DAJ-NOGO,0,0,0,0,OF,NA,NA,,
PE,13,Johnstons River,8,PE13-08,46.42105,62.43096,DAJ,2021,6,3,1,PE13-08-01-DAJ,5:37,1,14,0,0,SW,0,Y,SWSP,NA,NA,NA,NA,NA,NA,NA,NA,NA,NA,NA,NA,NA,NA,NA,PE13-08-01-DAJ-SWSP,1,1,2,2,,NA,NA,seen/heard,
PE,13,Johnstons River,8,PE13-08,46.42105,62.43096,DAJ,2021,6,3,1,PE13-08-01-DAJ,5:37,1,14,0,0,SW,0,Y,DEJU,NA,NA,NA,NA,NA,NA,NA,NA,NA,NA,NA,NA,NA,NA,NA,PE13-08-01-DAJ-DEJU,1,1,1,1,,NA,NA,,
PE,13,Johnstons River,8,PE13-08,46.42105,62.43096,DAJ,2021,6,3,1,PE13-08-01-DAJ,5:37,1,14,0,0,SW,0,Y,TRES,NA,NA,NA,NA,NA,NA,NA,NA,NA,NA,NA,NA,NA,NA,NA,PE13-08-01-DAJ-TRES,0,0,0,0,OF,NA,NA,,Written as TRSW
PE,13,Johnstons River,8,PE13-08,46.42105,62.43096,DAJ,2021,6,3,1,PE13-08-01-DAJ,5:37,1,14,0,0,SW,0,Y,BWWA,NA,NA,NA,NA,NA,NA,NA,NA,NA,NA,NA,NA,NA,NA,NA,PE13-08-01-DAJ-BWWA,0,1,1,1,,NA,NA,,
PE,13,Johnstons River,8,PE13-08,46.42105,62.43096,DAJ,2021,6,3,1,PE13-08-01-DAJ,5:37,1,14,0,0,SW,0,Y,EUST,NA,NA,NA,NA,NA,NA,NA,NA,NA,NA,NA,NA,NA,NA,NA,PE13-08-01-DAJ-EUST,1,1,0,1,OF,NA,NA,,
PE,13,Johnstons River,8,PE13-08,46.42105,62.43096,DAJ,2021,6,3,1,PE13-08-01-DAJ,5:37,1,14,0,0,SW,0,Y,AMCR,NA,NA,NA,NA,NA,NA,NA,NA,NA,NA,NA,NA,NA,NA,NA,PE13-08-01-DAJ-AMCR,0,0,0,0,OF,NA,NA,,
PE,13,Johnstons River,8,PE13-08,46.42105,62.43096,DAJ,2021,6,3,1,PE13-08-01-DAJ,5:37,1,14,0,0,SW,0,Y,ALFL,NA,NA,NA,NA,NA,NA,NA,NA,NA,NA,NA,NA,NA,NA,NA,PE13-08-01-DAJ-ALFL,0,0,1,1,,NA,NA,,
PE,13,Johnstons River,9,PE13-09,46.41914,62.42758,DAJ,2021,6,3,1,PE13-09-01-DAJ,5:58,1,14,0,0,SW,1,Y,RWBL,NA,NA,NA,NA,NA,NA,NA,NA,NA,NA,NA,NA,NA,NA,NA,PE13-09-01-DAJ-RWBL,4,5,4,5,OF,NA,NA,,
PE,13,Johnstons River,9,PE13-09,46.41914,62.42758,DAJ,2021,6,3,1,PE13-09-01-DAJ,5:58,1,14,0,0,SW,1,Y,CANG,NA,NA,NA,NA,NA,NA,NA,NA,NA,NA,NA,NA,NA,NA,NA,PE13-09-01-DAJ-CANG,3,3,0,3,,NA,NA,,
PE,13,Johnstons River,9,PE13-09,46.41914,62.42758,DAJ,2021,6,3,1,PE13-09-01-DAJ,5:58,1,14,0,0,SW,1,Y,DEJU,NA,NA,NA,NA,NA,NA,NA,NA,NA,NA,NA,NA,NA,NA,NA,PE13-09-01-DAJ-DEJU,1,1,0,1,,NA,NA,,
PE,13,Johnstons River,9,PE13-09,46.41914,62.42758,DAJ,2021,6,3,1,PE13-09-01-DAJ,5:58,1,14,0,0,SW,1,Y,ALFL,NA,NA,NA,NA,NA,NA,NA,NA,NA,NA,NA,NA,NA,NA,NA,PE13-09-01-DAJ-ALFL,3,1,1,3,,NA,NA,,
PE,13,Johnstons River,9,PE13-09,46.41914,62.42758,DAJ,2021,6,3,1,PE13-09-01-DAJ,5:58,1,14,0,0,SW,1,Y,COYE,NA,NA,NA,NA,NA,NA,NA,NA,NA,NA,NA,NA,NA,NA,NA,PE13-09-01-DAJ-COYE,2,1,2,2,,NA,NA,,
PE,13,Johnstons River,9,PE13-09,46.41914,62.42758,DAJ,2021,6,3,1,PE13-09-01-DAJ,5:58,1,14,0,0,SW,1,Y,OVEN,NA,NA,NA,NA,NA,NA,NA,NA,NA,NA,NA,NA,NA,NA,NA,PE13-09-01-DAJ-OVEN,1,0,0,1,,NA,NA,,
PE,13,Johnstons River,9,PE13-09,46.41914,62.42758,DAJ,2021,6,3,1,PE13-09-01-DAJ,5:58,1,14,0,0,SW,1,Y,AMRO,NA,NA,NA,NA,NA,NA,NA,NA,NA,NA,NA,NA,NA,NA,NA,PE13-09-01-DAJ-AMRO,0,1,2,2,,NA,NA,,
PE,13,Johnstons River,9,PE13-09,46.41914,62.42758,DAJ,2021,6,3,1,PE13-09-01-DAJ,5:58,1,14,0,0,SW,1,Y,YEWA,NA,NA,NA,NA,NA,NA,NA,NA,NA,NA,NA,NA,NA,NA,NA,PE13-09-01-DAJ-YEWA,0,1,1,1,,NA,NA,,
PE,13,Johnstons River,9,PE13-09,46.41914,62.42758,DAJ,2021,6,3,1,PE13-09-01-DAJ,5:58,1,14,0,0,SW,1,Y,SWSP,NA,NA,NA,NA,NA,NA,NA,NA,NA,NA,NA,NA,NA,NA,NA,PE13-09-01-DAJ-SWSP,1,1,2,2,,NA,NA,,
PE,13,Johnstons River,9,PE13-09,46.41914,62.42758,DAJ,2021,6,3,1,PE13-09-01-DAJ,5:58,1,14,0,0,SW,1,Y,WODU,NA,NA,NA,NA,NA,NA,NA,NA,NA,NA,NA,NA,NA,NA,NA,PE13-09-01-DAJ-WODU,0,0,0,0,OF,NA,NA,,
PE,13,Johnstons River,9,PE13-09,46.41914,62.42758,DAJ,2021,6,3,1,PE13-09-01-DAJ,5:58,1,14,0,0,SW,1,Y,AMWI,NA,NA,NA,NA,NA,NA,NA,NA,NA,NA,NA,NA,NA,NA,NA,PE13-09-01-DAJ-AMWI,0,0,2,2,,NA,NA,,
PE,13,Johnstons River,10,PE13-10,46.41708,62.42673,DAJ,2021,6,3,1,PE13-10-01-DAJ,6:23,1,14,0,0,SW,0,Y,ALFL,NA,NA,NA,NA,NA,NA,NA,NA,NA,NA,NA,NA,NA,NA,NA,PE13-10-01-DAJ-ALFL,1,1,2,2,,NA,NA,,
PE,13,Johnstons River,10,PE13-10,46.41708,62.42673,DAJ,2021,6,3,1,PE13-10-01-DAJ,6:23,1,14,0,0,SW,0,Y,NOPA,NA,NA,NA,NA,NA,NA,NA,NA,NA,NA,NA,NA,NA,NA,NA,PE13-10-01-DAJ-NOPA,1,1,0,1,,NA,NA,,
PE,13,Johnstons River,10,PE13-10,46.41708,62.42673,DAJ,2021,6,3,1,PE13-10-01-DAJ,6:23,1,14,0,0,SW,0,Y,MODO,NA,NA,NA,NA,NA,NA,NA,NA,NA,NA,NA,NA,NA,NA,NA,PE13-10-01-DAJ-MODO,2,1,0,2,,NA,NA,,
PE,13,Johnstons River,10,PE13-10,46.41708,62.42673,DAJ,2021,6,3,1,PE13-10-01-DAJ,6:23,1,14,0,0,SW,0,Y,RWBL,NA,NA,NA,NA,NA,NA,NA,NA,NA,NA,NA,NA,NA,NA,NA,PE13-10-01-DAJ-RWBL,1,1,2,2,OF,NA,NA,,
PE,13,Johnstons River,10,PE13-10,46.41708,62.42673,DAJ,2021,6,3,1,PE13-10-01-DAJ,6:23,1,14,0,0,SW,0,Y,COGR,NA,NA,NA,NA,NA,NA,NA,NA,NA,NA,NA,NA,NA,NA,NA,PE13-10-01-DAJ-COGR,2,2,1,2,OF,NA,NA,,
PE,13,Johnstons River,10,PE13-10,46.41708,62.42673,DAJ,2021,6,3,1,PE13-10-01-DAJ,6:23,1,14,0,0,SW,0,Y,EAPE,NA,NA,NA,NA,NA,NA,NA,NA,NA,NA,NA,NA,NA,NA,NA,PE13-10-01-DAJ-EAPE,1,1,0,1,,NA,NA,,
PE,13,Johnstons River,10,PE13-10,46.41708,62.42673,DAJ,2021,6,3,1,PE13-10-01-DAJ,6:23,1,14,0,0,SW,0,Y,AMRO,NA,NA,NA,NA,NA,NA,NA,NA,NA,NA,NA,NA,NA,NA,NA,PE13-10-01-DAJ-AMRO,2,1,2,2,OF,NA,NA,,
PE,13,Johnstons River,10,PE13-10,46.41708,62.42673,DAJ,2021,6,3,1,PE13-10-01-DAJ,6:23,1,14,0,0,SW,0,Y,COYE,NA,NA,NA,NA,NA,NA,NA,NA,NA,NA,NA,NA,NA,NA,NA,PE13-10-01-DAJ-COYE,1,1,3,3,,NA,NA,,
PE,13,Johnstons River,10,PE13-10,46.41708,62.42673,DAJ,2021,6,3,1,PE13-10-01-DAJ,6:23,1,14,0,0,SW,0,Y,YEWA,NA,NA,NA,NA,NA,NA,NA,NA,NA,NA,NA,NA,NA,NA,NA,PE13-10-01-DAJ-YEWA,0,1,1,1,OF,NA,NA,,
PE,13,Johnstons River,10,PE13-10,46.41708,62.42673,DAJ,2021,6,3,1,PE13-10-01-DAJ,6:23,1,14,0,0,SW,0,Y,DCCO,NA,NA,NA,NA,NA,NA,NA,NA,NA,NA,NA,NA,NA,NA,NA,PE13-10-01-DAJ-DCCO,0,0,0,0,OF,NA,NA,,
PE,13,Johnstons River,10,PE13-10,46.41708,62.42673,DAJ,2021,6,3,1,PE13-10-01-DAJ,6:23,1,14,0,0,SW,0,Y,SWSP,NA,NA,NA,NA,NA,NA,NA,NA,NA,NA,NA,NA,NA,NA,NA,PE13-10-01-DAJ-SWSP,0,1,1,1,,NA,NA,,
PE,13,Johnstons River,10,PE13-10,46.41708,62.42673,DAJ,2021,6,3,1,PE13-10-01-DAJ,6:23,1,14,0,0,SW,0,Y,DEJU,NA,NA,NA,NA,NA,NA,NA,NA,NA,NA,NA,NA,NA,NA,NA,PE13-10-01-DAJ-DEJU,0,1,0,1,,NA,NA,,
PE,13,Johnstons River,10,PE13-10,46.41708,62.42673,DAJ,2021,6,3,1,PE13-10-01-DAJ,6:23,1,14,0,0,SW,0,Y,BCCH,NA,NA,NA,NA,NA,NA,NA,NA,NA,NA,NA,NA,NA,NA,NA,PE13-10-01-DAJ-BCCH,0,0,1,1,,NA,NA,,
PE,13,Johnstons River,1,PE13-01,46.43118,62.42059,DAJ,2021,7,13,2,PE13-01-02-DAJ,9:15,0,14,0,0/1,S,0,Y,RWBL,NA,NA,NA,NA,NA,NA,NA,NA,NA,NA,NA,NA,NA,NA,NA,PE13-01-02-DAJ-RWBL,3,3,2,3,,NA,NA,,
PE,13,Johnstons River,1,PE13-01,46.43118,62.42059,DAJ,2021,7,13,2,PE13-01-02-DAJ,9:15,0,14,0,0/1,S,0,Y,SWSP,NA,NA,NA,NA,NA,NA,NA,NA,NA,NA,NA,NA,NA,NA,NA,PE13-01-02-DAJ-SWSP,2,2,3,3,,NA,NA,,
PE,13,Johnstons River,1,PE13-01,46.43118,62.42059,DAJ,2021,7,13,2,PE13-01-02-DAJ,9:15,0,14,0,0/1,S,0,Y,COYE,NA,NA,NA,NA,NA,NA,NA,NA,NA,NA,NA,NA,NA,NA,NA,PE13-01-02-DAJ-COYE,2,2,1,2,,NA,NA,,
PE,13,Johnstons River,1,PE13-01,46.43118,62.42059,DAJ,2021,7,13,2,PE13-01-02-DAJ,9:15,0,14,0,0/1,S,0,Y,YEWA,NA,NA,NA,NA,NA,NA,NA,NA,NA,NA,NA,NA,NA,NA,NA,PE13-01-02-DAJ-YEWA,0,0,1,1,,NA,NA,,
PE,13,Johnstons River,2,PE13-02,46.42938,62.41961,DAJ,2021,7,13,2,PE13-02-02-DAJ,8:55,0,12,0,0/1,S,0,Y,SWSP,NA,NA,NA,NA,NA,NA,NA,NA,NA,NA,NA,NA,NA,NA,NA,PE13-02-02-DAJ-SWSP,3,3,3,3,,NA,NA,,
PE,13,Johnstons River,2,PE13-02,46.42938,62.41961,DAJ,2021,7,13,2,PE13-02-02-DAJ,8:55,0,12,0,0/1,S,0,Y,COYE,NA,NA,NA,NA,NA,NA,NA,NA,NA,NA,NA,NA,NA,NA,NA,PE13-02-02-DAJ-COYE,2,2,2,2,,NA,NA,,
PE,13,Johnstons River,3,PE13-03,46.42709,62.4187,DAJ,2021,7,13,2,PE13-03-02-DAJ,7:41,0,10,0,0/1,S,0,Y,SWSP,NA,NA,NA,NA,NA,NA,NA,NA,NA,NA,NA,NA,NA,NA,NA,PE13-03-02-DAJ-SWSP,2,3,3,3,,NA,NA,,
PE,13,Johnstons River,3,PE13-03,46.42709,62.4187,DAJ,2021,7,13,2,PE13-03-02-DAJ,7:41,0,10,0,0/1,S,0,Y,COYE,NA,NA,NA,NA,NA,NA,NA,NA,NA,NA,NA,NA,NA,NA,NA,PE13-03-02-DAJ-COYE,2,2,1,2,,NA,NA,,
PE,13,Johnstons River,3,PE13-03,46.42709,62.4187,DAJ,2021,7,13,2,PE13-03-02-DAJ,7:41,0,10,0,0/1,S,0,Y,YEWA,NA,NA,NA,NA,NA,NA,NA,NA,NA,NA,NA,NA,NA,NA,NA,PE13-03-02-DAJ-YEWA,2,0,0,2,,NA,NA,,
PE,13,Johnstons River,3,PE13-03,46.42709,62.4187,DAJ,2021,7,13,2,PE13-03-02-DAJ,7:41,0,10,0,0/1,S,0,Y,NOHA,NA,NA,NA,NA,NA,NA,NA,NA,NA,NA,NA,NA,NA,NA,NA,PE13-03-02-DAJ-NOHA,0,0,0,0,OF,NA,NA,,
PE,13,Johnstons River,3,PE13-03,46.42709,62.4187,DAJ,2021,7,13,2,PE13-03-02-DAJ,7:41,0,10,0,0/1,S,0,Y,RWBL,NA,NA,NA,NA,NA,NA,NA,NA,NA,NA,NA,NA,NA,NA,NA,PE13-03-02-DAJ-RWBL,0,0,0,0,OF,NA,NA,,
PE,13,Johnstons River,4,PE13-04,46.42732,62.42189,DAJ,2021,7,13,2,PE13-04-02-DAJ,8:00,0,11,0,0/1,S,0,Y,SWSP,NA,NA,NA,NA,NA,NA,NA,NA,NA,NA,NA,NA,NA,NA,NA,PE13-04-02-DAJ-SWSP,2,2,1,2,,NA,NA,,
PE,13,Johnstons River,4,PE13-04,46.42732,62.42189,DAJ,2021,7,13,2,PE13-04-02-DAJ,8:00,0,11,0,0/1,S,0,Y,RWBL,NA,NA,NA,NA,NA,NA,NA,NA,NA,NA,NA,NA,NA,NA,NA,PE13-04-02-DAJ-RWBL,1,1,1,1,,NA,NA,,
PE,13,Johnstons River,4,PE13-04,46.42732,62.42189,DAJ,2021,7,13,2,PE13-04-02-DAJ,8:00,0,11,0,0/1,S,0,Y,AMRO,NA,NA,NA,NA,NA,NA,NA,NA,NA,NA,NA,NA,NA,NA,NA,PE13-04-02-DAJ-AMRO,1,1,1,1,,NA,NA,,
PE,13,Johnstons River,4,PE13-04,46.42732,62.42189,DAJ,2021,7,13,2,PE13-04-02-DAJ,8:00,0,11,0,0/1,S,0,Y,SOSP,NA,NA,NA,NA,NA,NA,NA,NA,NA,NA,NA,NA,NA,NA,NA,PE13-04-02-DAJ-SOSP,1,1,1,1,,NA,NA,,
PE,13,Johnstons River,4,PE13-04,46.42732,62.42189,DAJ,2021,7,13,2,PE13-04-02-DAJ,8:00,0,11,0,0/1,S,0,Y,NOHA,NA,NA,NA,NA,NA,NA,NA,NA,NA,NA,NA,NA,NA,NA,NA,PE13-04-02-DAJ-NOHA,0,0,0,0,OF,NA,NA,,
PE,13,Johnstons River,5,PE13-05,46.42963,62.42347,DAJ,2021,7,13,2,PE13-05-02-DAJ,8:30,0,11,0,0,S,0,Y,BWTE,NA,NA,NA,NA,NA,NA,NA,NA,NA,NA,NA,NA,NA,NA,NA,PE13-05-02-DAJ-BWTE,4,0,0,4,,NA,NA,,
PE,13,Johnstons River,5,PE13-05,46.42963,62.42347,DAJ,2021,7,13,2,PE13-05-02-DAJ,8:30,0,11,0,0,S,0,Y,SWSP,NA,NA,NA,NA,NA,NA,NA,NA,NA,NA,NA,NA,NA,NA,NA,PE13-05-02-DAJ-SWSP,2,2,2,2,,NA,NA,,
PE,13,Johnstons River,5,PE13-05,46.42963,62.42347,DAJ,2021,7,13,2,PE13-05-02-DAJ,8:30,0,11,0,0,S,0,Y,COYE,NA,NA,NA,NA,NA,NA,NA,NA,NA,NA,NA,NA,NA,NA,NA,PE13-05-02-DAJ-COYE,1,2,3,3,,NA,NA,,
PE,13,Johnstons River,5,PE13-05,46.42963,62.42347,DAJ,2021,7,13,2,PE13-05-02-DAJ,8:30,0,11,0,0,S,0,Y,AMRO,NA,NA,NA,NA,NA,NA,NA,NA,NA,NA,NA,NA,NA,NA,NA,PE13-05-02-DAJ-AMRO,1,1,0,1,,NA,NA,,
PE,13,Johnstons River,5,PE13-05,46.42963,62.42347,DAJ,2021,7,13,2,PE13-05-02-DAJ,8:30,0,11,0,0,S,0,Y,RWBL,NA,NA,NA,NA,NA,NA,NA,NA,NA,NA,NA,NA,NA,NA,NA,PE13-05-02-DAJ-RWBL,1,1,1,1,,NA,NA,,
PE,13,Johnstons River,6,PE13-06,46.42793,62.42643,DAJ,2021,7,13,2,PE13-06-02-DAJ,7:20,1,10,0,0/1,S,1,Y,COYE,NA,NA,NA,NA,NA,NA,NA,NA,NA,NA,NA,NA,NA,NA,NA,PE13-06-02-DAJ-COYE,3,2,2,3,,NA,NA,,
PE,13,Johnstons River,6,PE13-06,46.42793,62.42643,DAJ,2021,7,13,2,PE13-06-02-DAJ,7:20,1,10,0,0/1,S,1,Y,WODU,NA,NA,NA,NA,NA,NA,NA,NA,NA,NA,NA,NA,NA,NA,NA,PE13-06-02-DAJ-WODU,0,0,0,0,OF,NA,NA,,
PE,13,Johnstons River,6,PE13-06,46.42793,62.42643,DAJ,2021,7,13,2,PE13-06-02-DAJ,7:20,1,10,0,0/1,S,1,Y,SWSP,NA,NA,NA,NA,NA,NA,NA,NA,NA,NA,NA,NA,NA,NA,NA,PE13-06-02-DAJ-SWSP,2,2,2,2,,NA,NA,,
PE,13,Johnstons River,6,PE13-06,46.42793,62.42643,DAJ,2021,7,13,2,PE13-06-02-DAJ,7:20,1,10,0,0/1,S,1,Y,YEWA,NA,NA,NA,NA,NA,NA,NA,NA,NA,NA,NA,NA,NA,NA,NA,PE13-06-02-DAJ-YEWA,0,1,1,1,,NA,NA,,
PE,13,Johnstons River,7,PE13-07,46.42397,62.42865,DAJ,2021,7,13,2,PE13-07-02-DAJ,5:37,0,8,0,1,S,0,Y,AMRO,NA,NA,NA,NA,NA,NA,NA,NA,NA,NA,NA,NA,NA,NA,NA,PE13-07-02-DAJ-AMRO,2,2,2,2,,NA,NA,,
PE,13,Johnstons River,7,PE13-07,46.42397,62.42865,DAJ,2021,7,13,2,PE13-07-02-DAJ,5:37,0,8,0,1,S,0,Y,COYE,NA,NA,NA,NA,NA,NA,NA,NA,NA,NA,NA,NA,NA,NA,NA,PE13-07-02-DAJ-COYE,3,3,2,3,,NA,NA,,
PE,13,Johnstons River,7,PE13-07,46.42397,62.42865,DAJ,2021,7,13,2,PE13-07-02-DAJ,5:37,0,8,0,1,S,0,Y,SWSP,NA,NA,NA,NA,NA,NA,NA,NA,NA,NA,NA,NA,NA,NA,NA,PE13-07-02-DAJ-SWSP,2,3,4,4,,NA,NA,,
PE,13,Johnstons River,8,PE13-08,46.42105,62.43096,DAJ,2021,7,13,2,PE13-08-02-DAJ,6:00,0,0,0,0/1,S,0,Y,SWSP,NA,NA,NA,NA,NA,NA,NA,NA,NA,NA,NA,NA,NA,NA,NA,PE13-08-02-DAJ-SWSP,3,3,4,4,,NA,NA,,
PE,13,Johnstons River,8,PE13-08,46.42105,62.43096,DAJ,2021,7,13,2,PE13-08-02-DAJ,6:00,0,0,0,0/1,S,0,Y,COYE,NA,NA,NA,NA,NA,NA,NA,NA,NA,NA,NA,NA,NA,NA,NA,PE13-08-02-DAJ-COYE,4,3,3,4,,NA,NA,,
PE,13,Johnstons River,8,PE13-08,46.42105,62.43096,DAJ,2021,7,13,2,PE13-08-02-DAJ,6:00,0,0,0,0/1,S,0,Y,RWBL,NA,NA,NA,NA,NA,NA,NA,NA,NA,NA,NA,NA,NA,NA,NA,PE13-08-02-DAJ-RWBL,2,3,2,3,,NA,NA,,
PE,13,Johnstons River,8,PE13-08,46.42105,62.43096,DAJ,2021,7,13,2,PE13-08-02-DAJ,6:00,0,0,0,0/1,S,0,Y,AMRO,NA,NA,NA,NA,NA,NA,NA,NA,NA,NA,NA,NA,NA,NA,NA,PE13-08-02-DAJ-AMRO,0,1,1,1,,NA,NA,,
PE,13,Johnstons River,8,PE13-08,46.42105,62.43096,DAJ,2021,7,13,2,PE13-08-02-DAJ,6:00,0,0,0,0/1,S,0,Y,GBHE,NA,NA,NA,NA,NA,NA,NA,NA,NA,NA,NA,NA,NA,NA,NA,PE13-08-02-DAJ-GBHE,0,0,0,0,OF,NA,NA,,
PE,13,Johnstons River,9,PE13-09,46.41914,62.42758,DAJ,2021,7,13,2,PE13-09-02-DAJ,6:20,0,8,0,0/1,S,0,Y,COYE,NA,NA,NA,NA,NA,NA,NA,NA,NA,NA,NA,NA,NA,NA,NA,PE13-09-02-DAJ-COYE,1,1,1,1,,NA,NA,,
PE,13,Johnstons River,9,PE13-09,46.41914,62.42758,DAJ,2021,7,13,2,PE13-09-02-DAJ,6:20,0,8,0,0/1,S,0,Y,SWSP,NA,NA,NA,NA,NA,NA,NA,NA,NA,NA,NA,NA,NA,NA,NA,PE13-09-02-DAJ-SWSP,2,2,3,3,,NA,NA,,
PE,13,Johnstons River,9,PE13-09,46.41914,62.42758,DAJ,2021,7,13,2,PE13-09-02-DAJ,6:20,0,8,0,0/1,S,0,Y,TRES,NA,NA,NA,NA,NA,NA,NA,NA,NA,NA,NA,NA,NA,NA,NA,PE13-09-02-DAJ-TRES,0,0,0,0,AF,NA,NA,,Written as TRSW
PE,13,Johnstons River,9,PE13-09,46.41914,62.42758,DAJ,2021,7,13,2,PE13-09-02-DAJ,6:20,0,8,0,0/1,S,0,Y,CEDW,NA,NA,NA,NA,NA,NA,NA,NA,NA,NA,NA,NA,NA,NA,NA,PE13-09-02-DAJ-CEDW,0,0,0,0,AF,NA,NA,,Written as CEWA
PE,13,Johnstons River,10,PE13-10,46.41708,62.42673,DAJ,2021,7,13,2,PE13-10-02-DAJ,6:45,1,9,0,0/1,S,0,Y,CEDW,NA,NA,NA,NA,NA,NA,NA,NA,NA,NA,NA,NA,NA,NA,NA,PE13-10-02-DAJ-CEDW,2,2,2,2,,NA,NA,,Written as CEWA
PE,13,Johnstons River,10,PE13-10,46.41708,62.42673,DAJ,2021,7,13,2,PE13-10-02-DAJ,6:45,1,9,0,0/1,S,0,Y,SWSP,NA,NA,NA,NA,NA,NA,NA,NA,NA,NA,NA,NA,NA,NA,NA,PE13-10-02-DAJ-SWSP,3,3,3,3,,NA,NA,,
PE,13,Johnstons River,10,PE13-10,46.41708,62.42673,DAJ,2021,7,13,2,PE13-10-02-DAJ,6:45,1,9,0,0/1,S,0,Y,COYE,NA,NA,NA,NA,NA,NA,NA,NA,NA,NA,NA,NA,NA,NA,NA,PE13-10-02-DAJ-COYE,2,2,1,2,,NA,NA,,
PE,13,Johnstons River,10,PE13-10,46.41708,62.42673,DAJ,2021,7,13,2,PE13-10-02-DAJ,6:45,1,9,0,0/1,S,0,Y,NOPA,NA,NA,NA,NA,NA,NA,NA,NA,NA,NA,NA,NA,NA,NA,NA,PE13-10-02-DAJ-NOPA,1,1,0,1,,NA,NA,,
PE,13,Johnstons River,10,PE13-10,46.41708,62.42673,DAJ,2021,7,13,2,PE13-10-02-DAJ,6:45,1,9,0,0/1,S,0,Y,YEWA,NA,NA,NA,NA,NA,NA,NA,NA,NA,NA,NA,NA,NA,NA,NA,PE13-10-02-DAJ-YEWA,1,2,1,2,,NA,NA,,
PE,13,Johnstons River,10,PE13-10,46.41708,62.42673,DAJ,2021,7,13,2,PE13-10-02-DAJ,6:45,1,9,0,0/1,S,0,Y,AMRO,NA,NA,NA,NA,NA,NA,NA,NA,NA,NA,NA,NA,NA,NA,NA,PE13-10-02-DAJ-AMRO,1,1,1,1,,NA,NA,,
PE,13,Johnstons River,10,PE13-10,46.41708,62.42673,DAJ,2021,7,13,2,PE13-10-02-DAJ,6:45,1,9,0,0/1,S,0,Y,RWBL,NA,NA,NA,NA,NA,NA,NA,NA,NA,NA,NA,NA,NA,NA,NA,PE13-10-02-DAJ-RWBL,1,1,2,2,,NA,NA,,
PE,13,Johnstons River,10,PE13-10,46.41708,62.42673,DAJ,2021,7,13,2,PE13-10-02-DAJ,6:45,1,9,0,0/1,S,0,Y,BCCH,NA,NA,NA,NA,NA,NA,NA,NA,NA,NA,NA,NA,NA,NA,NA,PE13-10-02-DAJ-BCCH,0,1,1,1,,NA,NA,,
PE,13,Johnstons River,10,PE13-10,46.41708,62.42673,DAJ,2021,7,13,2,PE13-10-02-DAJ,6:45,1,9,0,0/1,S,0,Y,ALFL,NA,NA,NA,NA,NA,NA,NA,NA,NA,NA,NA,NA,NA,NA,NA,PE13-10-02-DAJ-ALFL,0,0,1,1,,NA,NA,,
PE,03,Des Gros Marsh,1,PE03-01,46.25218,62.50419,DAJ,2021,6,2,1,PE03-01-01-DAJ,6:03,0,12,0,3,SW,0,Y,COYE,NA,NA,NA,NA,NA,NA,NA,NA,NA,NA,NA,NA,NA,NA,NA,PE03-01-01-DAJ-COYE,1,0,0,1,,NA,NA,,
PE,03,Des Gros Marsh,1,PE03-01,46.25218,62.50419,DAJ,2021,6,2,1,PE03-01-01-DAJ,6:03,0,12,0,3,SW,0,Y,RWBL,NA,NA,NA,NA,NA,NA,NA,NA,NA,NA,NA,NA,NA,NA,NA,PE03-01-01-DAJ-RWBL,4,4,4,4,OF,NA,NA,,
PE,03,Des Gros Marsh,1,PE03-01,46.25218,62.50419,DAJ,2021,6,2,1,PE03-01-01-DAJ,6:03,0,12,0,3,SW,0,Y,WTSP,NA,NA,NA,NA,NA,NA,NA,NA,NA,NA,NA,NA,NA,NA,NA,PE03-01-01-DAJ-WTSP,1,0,1,1,,NA,NA,,
PE,03,Des Gros Marsh,1,PE03-01,46.25218,62.50419,DAJ,2021,6,2,1,PE03-01-01-DAJ,6:03,0,12,0,3,SW,0,Y,MODO,NA,NA,NA,NA,NA,NA,NA,NA,NA,NA,NA,NA,NA,NA,NA,PE03-01-01-DAJ-MODO,1,0,0,1,,NA,NA,,
PE,03,Des Gros Marsh,1,PE03-01,46.25218,62.50419,DAJ,2021,6,2,1,PE03-01-01-DAJ,6:03,0,12,0,3,SW,0,Y,CANG,NA,NA,NA,NA,NA,NA,NA,NA,NA,NA,NA,NA,NA,NA,NA,PE03-01-01-DAJ-CANG,1,1,0,1,,NA,NA,,
PE,03,Des Gros Marsh,1,PE03-01,46.25218,62.50419,DAJ,2021,6,2,1,PE03-01-01-DAJ,6:03,0,12,0,3,SW,0,Y,DCCO,NA,NA,NA,NA,NA,NA,NA,NA,NA,NA,NA,NA,NA,NA,NA,PE03-01-01-DAJ-DCCO,1,1,0,1,,NA,NA,,
PE,03,Des Gros Marsh,1,PE03-01,46.25218,62.50419,DAJ,2021,6,2,1,PE03-01-01-DAJ,6:03,0,12,0,3,SW,0,Y,YBSA,NA,NA,NA,NA,NA,NA,NA,NA,NA,NA,NA,NA,NA,NA,NA,PE03-01-01-DAJ-YBSA,0,0,0,0,OF,NA,NA,,
PE,03,Des Gros Marsh,1,PE03-01,46.25218,62.50419,DAJ,2021,6,2,1,PE03-01-01-DAJ,6:03,0,12,0,3,SW,0,Y,DEJU,NA,NA,NA,NA,NA,NA,NA,NA,NA,NA,NA,NA,NA,NA,NA,PE03-01-01-DAJ-DEJU,0,0,0,0,OF,NA,NA,,
PE,03,Des Gros Marsh,1,PE03-01,46.25218,62.50419,DAJ,2021,6,2,1,PE03-01-01-DAJ,6:03,0,12,0,3,SW,0,Y,TRES,NA,NA,NA,NA,NA,NA,NA,NA,NA,NA,NA,NA,NA,NA,NA,PE03-01-01-DAJ-TRES,0,0,0,0,AF,NA,NA,,Written as TRSW
PE,03,Des Gros Marsh,1,PE03-01,46.25218,62.50419,DAJ,2021,6,2,1,PE03-01-01-DAJ,6:03,0,12,0,3,SW,0,Y,AMRO,NA,NA,NA,NA,NA,NA,NA,NA,NA,NA,NA,NA,NA,NA,NA,PE03-01-01-DAJ-AMRO,0,1,0,1,,NA,NA,,
PE,03,Des Gros Marsh,1,PE03-01,46.25218,62.50419,DAJ,2021,6,2,1,PE03-01-01-DAJ,6:03,0,12,0,3,SW,0,Y,YCKI,NA,NA,NA,NA,NA,NA,NA,NA,NA,NA,NA,NA,NA,NA,NA,PE03-01-01-DAJ-YCKI,0,0,0,0,OF,NA,NA,,
PE,03,Des Gros Marsh,2,PE03-02,46.25203,62.50784,DAJ,2021,6,2,1,PE03-02-01-DAJ,6:28,0,13,0,2,SW,0,Y,RWBL,NA,NA,NA,NA,NA,NA,NA,NA,NA,NA,NA,NA,NA,NA,NA,PE03-02-01-DAJ-RWBL,5,4,6,6,OF,NA,NA,,
PE,03,Des Gros Marsh,2,PE03-02,46.25203,62.50784,DAJ,2021,6,2,1,PE03-02-01-DAJ,6:28,0,13,0,2,SW,0,Y,ALFL,NA,NA,NA,NA,NA,NA,NA,NA,NA,NA,NA,NA,NA,NA,NA,PE03-02-01-DAJ-ALFL,1,1,2,2,,NA,NA,,
PE,03,Des Gros Marsh,2,PE03-02,46.25203,62.50784,DAJ,2021,6,2,1,PE03-02-01-DAJ,6:28,0,13,0,2,SW,0,Y,REVI,NA,NA,NA,NA,NA,NA,NA,NA,NA,NA,NA,NA,NA,NA,NA,PE03-02-01-DAJ-REVI,1,0,0,1,,NA,NA,,
PE,03,Des Gros Marsh,2,PE03-02,46.25203,62.50784,DAJ,2021,6,2,1,PE03-02-01-DAJ,6:28,0,13,0,2,SW,0,Y,EAKI,NA,NA,NA,NA,NA,NA,NA,NA,NA,NA,NA,NA,NA,NA,NA,PE03-02-01-DAJ-EAKI,1,1,2,2,,NA,NA,,
PE,03,Des Gros Marsh,2,PE03-02,46.25203,62.50784,DAJ,2021,6,2,1,PE03-02-01-DAJ,6:28,0,13,0,2,SW,0,Y,GCKI,NA,NA,NA,NA,NA,NA,NA,NA,NA,NA,NA,NA,NA,NA,NA,PE03-02-01-DAJ-GCKI,1,1,1,1,,NA,NA,,
PE,03,Des Gros Marsh,2,PE03-02,46.25203,62.50784,DAJ,2021,6,2,1,PE03-02-01-DAJ,6:28,0,13,0,2,SW,0,Y,COYE,NA,NA,NA,NA,NA,NA,NA,NA,NA,NA,NA,NA,NA,NA,NA,PE03-02-01-DAJ-COYE,1,1,2,2,,NA,NA,,
PE,03,Des Gros Marsh,2,PE03-02,46.25203,62.50784,DAJ,2021,6,2,1,PE03-02-01-DAJ,6:28,0,13,0,2,SW,0,Y,MODO,NA,NA,NA,NA,NA,NA,NA,NA,NA,NA,NA,NA,NA,NA,NA,PE03-02-01-DAJ-MODO,2,0,0,2,,NA,NA,,
PE,03,Des Gros Marsh,2,PE03-02,46.25203,62.50784,DAJ,2021,6,2,1,PE03-02-01-DAJ,6:28,0,13,0,2,SW,0,Y,CANG,NA,NA,NA,NA,NA,NA,NA,NA,NA,NA,NA,NA,NA,NA,NA,PE03-02-01-DAJ-CANG,0,0,0,0,OF,NA,NA,,
PE,03,Des Gros Marsh,2,PE03-02,46.25203,62.50784,DAJ,2021,6,2,1,PE03-02-01-DAJ,6:28,0,13,0,2,SW,0,Y,TRES,NA,NA,NA,NA,NA,NA,NA,NA,NA,NA,NA,NA,NA,NA,NA,PE03-02-01-DAJ-TRES,0,0,0,0,AF,NA,NA,,Written as TRSW
PE,03,Des Gros Marsh,2,PE03-02,46.25203,62.50784,DAJ,2021,6,2,1,PE03-02-01-DAJ,6:28,0,13,0,2,SW,0,Y,WISN,NA,NA,NA,NA,NA,NA,NA,NA,NA,NA,NA,NA,NA,NA,NA,PE03-02-01-DAJ-WISN,0,2,3,3,,NA,NA,,
PE,03,Des Gros Marsh,2,PE03-02,46.25203,62.50784,DAJ,2021,6,2,1,PE03-02-01-DAJ,6:28,0,13,0,2,SW,0,Y,AMRO,NA,NA,NA,NA,NA,NA,NA,NA,NA,NA,NA,NA,NA,NA,NA,PE03-02-01-DAJ-AMRO,0,0,0,0,OF,NA,NA,,
PE,03,Des Gros Marsh,3,PE03-03,46.25209,62.5111,DAJ,2021,6,2,1,PE03-03-01-DAJ,6:58,0,13,0,2,SW,0,Y,WISN,NA,NA,NA,NA,NA,NA,NA,NA,NA,NA,NA,NA,NA,NA,NA,PE03-03-01-DAJ-WISN,1,1,2,2,OF,NA,NA,,
PE,03,Des Gros Marsh,3,PE03-03,46.25209,62.5111,DAJ,2021,6,2,1,PE03-03-01-DAJ,6:58,0,13,0,2,SW,0,Y,ALFL,NA,NA,NA,NA,NA,NA,NA,NA,NA,NA,NA,NA,NA,NA,NA,PE03-03-01-DAJ-ALFL,2,2,2,2,,NA,NA,,
PE,03,Des Gros Marsh,3,PE03-03,46.25209,62.5111,DAJ,2021,6,2,1,PE03-03-01-DAJ,6:58,0,13,0,2,SW,0,Y,RWBL,NA,NA,NA,NA,NA,NA,NA,NA,NA,NA,NA,NA,NA,NA,NA,PE03-03-01-DAJ-RWBL,6,4,5,6,OF,NA,NA,,
PE,03,Des Gros Marsh,3,PE03-03,46.25209,62.5111,DAJ,2021,6,2,1,PE03-03-01-DAJ,6:58,0,13,0,2,SW,0,Y,SOSP,NA,NA,NA,NA,NA,NA,NA,NA,NA,NA,NA,NA,NA,NA,NA,PE03-03-01-DAJ-SOSP,1,0,0,1,,NA,NA,,
PE,03,Des Gros Marsh,3,PE03-03,46.25209,62.5111,DAJ,2021,6,2,1,PE03-03-01-DAJ,6:58,0,13,0,2,SW,0,Y,YEWA,NA,NA,NA,NA,NA,NA,NA,NA,NA,NA,NA,NA,NA,NA,NA,PE03-03-01-DAJ-YEWA,2,1,1,2,OF,NA,NA,,
PE,03,Des Gros Marsh,3,PE03-03,46.25209,62.5111,DAJ,2021,6,2,1,PE03-03-01-DAJ,6:58,0,13,0,2,SW,0,Y,BCCH,NA,NA,NA,NA,NA,NA,NA,NA,NA,NA,NA,NA,NA,NA,NA,PE03-03-01-DAJ-BCCH,1,1,0,1,,NA,NA,,
PE,03,Des Gros Marsh,3,PE03-03,46.25209,62.5111,DAJ,2021,6,2,1,PE03-03-01-DAJ,6:58,0,13,0,2,SW,0,Y,BOCH,NA,NA,NA,NA,NA,NA,NA,NA,NA,NA,NA,NA,NA,NA,NA,PE03-03-01-DAJ-BOCH,1,1,0,1,,NA,NA,,
PE,03,Des Gros Marsh,3,PE03-03,46.25209,62.5111,DAJ,2021,6,2,1,PE03-03-01-DAJ,6:58,0,13,0,2,SW,0,Y,EUST,NA,NA,NA,NA,NA,NA,NA,NA,NA,NA,NA,NA,NA,NA,NA,PE03-03-01-DAJ-EUST,0,0,0,0,OF,NA,NA,,
PE,03,Des Gros Marsh,3,PE03-03,46.25209,62.5111,DAJ,2021,6,2,1,PE03-03-01-DAJ,6:58,0,13,0,2,SW,0,Y,COYE,NA,NA,NA,NA,NA,NA,NA,NA,NA,NA,NA,NA,NA,NA,NA,PE03-03-01-DAJ-COYE,0,0,0,0,OF,NA,NA,,
PE,03,Des Gros Marsh,4,PE03-04,46.25417,62.50877,DAJ,2021,6,2,1,PE03-04-01-DAJ,7:39,0,14,0,1,SW,1,Y,WISN,NA,NA,NA,NA,NA,NA,NA,NA,NA,NA,NA,NA,NA,NA,NA,PE03-04-01-DAJ-WISN,1,1,0,1,,NA,NA,,
PE,03,Des Gros Marsh,4,PE03-04,46.25417,62.50877,DAJ,2021,6,2,1,PE03-04-01-DAJ,7:39,0,14,0,1,SW,1,Y,RWBL,NA,NA,NA,NA,NA,NA,NA,NA,NA,NA,NA,NA,NA,NA,NA,PE03-04-01-DAJ-RWBL,5,6,4,6,OF,NA,NA,,
PE,03,Des Gros Marsh,4,PE03-04,46.25417,62.50877,DAJ,2021,6,2,1,PE03-04-01-DAJ,7:39,0,14,0,1,SW,1,Y,BLJA,NA,NA,NA,NA,NA,NA,NA,NA,NA,NA,NA,NA,NA,NA,NA,PE03-04-01-DAJ-BLJA,0,0,0,0,OF,NA,NA,,
PE,03,Des Gros Marsh,4,PE03-04,46.25417,62.50877,DAJ,2021,6,2,1,PE03-04-01-DAJ,7:39,0,14,0,1,SW,1,Y,WTSP,NA,NA,NA,NA,NA,NA,NA,NA,NA,NA,NA,NA,NA,NA,NA,PE03-04-01-DAJ-WTSP,1,0,0,1,,NA,NA,,
PE,03,Des Gros Marsh,4,PE03-04,46.25417,62.50877,DAJ,2021,6,2,1,PE03-04-01-DAJ,7:39,0,14,0,1,SW,1,Y,AMCR,NA,NA,NA,NA,NA,NA,NA,NA,NA,NA,NA,NA,NA,NA,NA,PE03-04-01-DAJ-AMCR,1,0,0,1,,NA,NA,,
PE,03,Des Gros Marsh,4,PE03-04,46.25417,62.50877,DAJ,2021,6,2,1,PE03-04-01-DAJ,7:39,0,14,0,1,SW,1,Y,NOPA,NA,NA,NA,NA,NA,NA,NA,NA,NA,NA,NA,NA,NA,NA,NA,PE03-04-01-DAJ-NOPA,0,1,1,1,,NA,NA,,
PE,03,Des Gros Marsh,4,PE03-04,46.25417,62.50877,DAJ,2021,6,2,1,PE03-04-01-DAJ,7:39,0,14,0,1,SW,1,Y,YEWA,NA,NA,NA,NA,NA,NA,NA,NA,NA,NA,NA,NA,NA,NA,NA,PE03-04-01-DAJ-YEWA,0,1,1,1,,NA,NA,,
PE,03,Des Gros Marsh,4,PE03-04,46.25417,62.50877,DAJ,2021,6,2,1,PE03-04-01-DAJ,7:39,0,14,0,1,SW,1,Y,COYE,NA,NA,NA,NA,NA,NA,NA,NA,NA,NA,NA,NA,NA,NA,NA,PE03-04-01-DAJ-COYE,0,1,1,1,,NA,NA,,
PE,03,Des Gros Marsh,4,PE03-04,46.25417,62.50877,DAJ,2021,6,2,1,PE03-04-01-DAJ,7:39,0,14,0,1,SW,1,Y,ALFL,NA,NA,NA,NA,NA,NA,NA,NA,NA,NA,NA,NA,NA,NA,NA,PE03-04-01-DAJ-ALFL,0,0,1,1,,NA,NA,,
PE,03,Des Gros Marsh,5,PE03-05,46.23983,62.5091,DAJ,2021,6,2,1,PE03-05-01-DAJ,5:29,0,13,0,2,SW,0,Y,DEJU,NA,NA,NA,NA,NA,NA,NA,NA,NA,NA,NA,NA,NA,NA,NA,PE03-05-01-DAJ-DEJU,2,2,1,2,,NA,NA,,
PE,03,Des Gros Marsh,5,PE03-05,46.23983,62.5091,DAJ,2021,6,2,1,PE03-05-01-DAJ,5:29,0,13,0,2,SW,0,Y,ALFL,NA,NA,NA,NA,NA,NA,NA,NA,NA,NA,NA,NA,NA,NA,NA,PE03-05-01-DAJ-ALFL,1,2,1,2,,NA,NA,,
PE,03,Des Gros Marsh,5,PE03-05,46.23983,62.5091,DAJ,2021,6,2,1,PE03-05-01-DAJ,5:29,0,13,0,2,SW,0,Y,SOSP,NA,NA,NA,NA,NA,NA,NA,NA,NA,NA,NA,NA,NA,NA,NA,PE03-05-01-DAJ-SOSP,2,1,0,2,,NA,NA,,
PE,03,Des Gros Marsh,5,PE03-05,46.23983,62.5091,DAJ,2021,6,2,1,PE03-05-01-DAJ,5:29,0,13,0,2,SW,0,Y,AMRO,NA,NA,NA,NA,NA,NA,NA,NA,NA,NA,NA,NA,NA,NA,NA,PE03-05-01-DAJ-AMRO,1,1,1,1,,NA,NA,,
PE,03,Des Gros Marsh,5,PE03-05,46.23983,62.5091,DAJ,2021,6,2,1,PE03-05-01-DAJ,5:29,0,13,0,2,SW,0,Y,AMCR,NA,NA,NA,NA,NA,NA,NA,NA,NA,NA,NA,NA,NA,NA,NA,PE03-05-01-DAJ-AMCR,0,0,0,0,OF,NA,NA,,
PE,03,Des Gros Marsh,5,PE03-05,46.23983,62.5091,DAJ,2021,6,2,1,PE03-05-01-DAJ,5:29,0,13,0,2,SW,0,Y,RWBL,NA,NA,NA,NA,NA,NA,NA,NA,NA,NA,NA,NA,NA,NA,NA,PE03-05-01-DAJ-RWBL,1,1,0,1,OF,NA,NA,,
PE,03,Des Gros Marsh,5,PE03-05,46.23983,62.5091,DAJ,2021,6,2,1,PE03-05-01-DAJ,5:29,0,13,0,2,SW,0,Y,CANG,NA,NA,NA,NA,NA,NA,NA,NA,NA,NA,NA,NA,NA,NA,NA,PE03-05-01-DAJ-CANG,1,2,1,2,,NA,NA,,
PE,03,Des Gros Marsh,5,PE03-05,46.23983,62.5091,DAJ,2021,6,2,1,PE03-05-01-DAJ,5:29,0,13,0,2,SW,0,Y,COYE,NA,NA,NA,NA,NA,NA,NA,NA,NA,NA,NA,NA,NA,NA,NA,PE03-05-01-DAJ-COYE,0,1,1,1,,NA,NA,,
PE,03,Des Gros Marsh,5,PE03-05,46.23983,62.5091,DAJ,2021,6,2,1,PE03-05-01-DAJ,5:29,0,13,0,2,SW,0,Y,REVI,NA,NA,NA,NA,NA,NA,NA,NA,NA,NA,NA,NA,NA,NA,NA,PE03-05-01-DAJ-REVI,0,1,0,1,,NA,NA,,
PE,03,Des Gros Marsh,5,PE03-05,46.23983,62.5091,DAJ,2021,6,2,1,PE03-05-01-DAJ,5:29,0,13,0,2,SW,0,Y,SWSP,NA,NA,NA,NA,NA,NA,NA,NA,NA,NA,NA,NA,NA,NA,NA,PE03-05-01-DAJ-SWSP,0,1,0,1,,NA,NA,,
PE,03,Des Gros Marsh,5,PE03-05,46.23983,62.5091,DAJ,2021,6,2,1,PE03-05-01-DAJ,5:29,0,13,0,2,SW,0,Y,NOPA,NA,NA,NA,NA,NA,NA,NA,NA,NA,NA,NA,NA,NA,NA,NA,PE03-05-01-DAJ-NOPA,0,0,1,1,,NA,NA,,
PE,03,Des Gros Marsh,5,PE03-05,46.23983,62.5091,DAJ,2021,6,2,1,PE03-05-01-DAJ,5:29,0,13,0,2,SW,0,Y,WTSP,NA,NA,NA,NA,NA,NA,NA,NA,NA,NA,NA,NA,NA,NA,NA,PE03-05-01-DAJ-WTSP,0,0,1,1,,NA,NA,,
PE,03,Des Gros Marsh,5,PE03-05,46.23983,62.5091,DAJ,2021,6,2,1,PE03-05-01-DAJ,5:29,0,13,0,2,SW,0,Y,UNKN,NA,NA,NA,NA,NA,NA,NA,NA,NA,NA,NA,NA,NA,NA,NA,PE03-05-01-DAJ-UNKN,0,0,1,1,,NA,NA,,
PE,03,Des Gros Marsh,6,PE03-06,46.24004,62.51417,DAJ,2021,6,2,1,PE03-06-01-DAJ,4:58,0,13,0,1,SW,1,Y,CANG,NA,NA,NA,NA,NA,NA,NA,NA,NA,NA,NA,NA,NA,NA,NA,PE03-06-01-DAJ-CANG,5,0,0,5,,NA,NA,,
PE,03,Des Gros Marsh,6,PE03-06,46.24004,62.51417,DAJ,2021,6,2,1,PE03-06-01-DAJ,4:58,0,13,0,1,SW,1,Y,DEJU,NA,NA,NA,NA,NA,NA,NA,NA,NA,NA,NA,NA,NA,NA,NA,PE03-06-01-DAJ-DEJU,1,0,1,1,,NA,NA,,
PE,03,Des Gros Marsh,6,PE03-06,46.24004,62.51417,DAJ,2021,6,2,1,PE03-06-01-DAJ,4:58,0,13,0,1,SW,1,Y,WTSP,NA,NA,NA,NA,NA,NA,NA,NA,NA,NA,NA,NA,NA,NA,NA,PE03-06-01-DAJ-WTSP,1,1,0,1,,NA,NA,,
PE,03,Des Gros Marsh,6,PE03-06,46.24004,62.51417,DAJ,2021,6,2,1,PE03-06-01-DAJ,4:58,0,13,0,1,SW,1,Y,SPSA,NA,NA,NA,NA,NA,NA,NA,NA,NA,NA,NA,NA,NA,NA,NA,PE03-06-01-DAJ-SPSA,1,0,0,1,,NA,NA,,
PE,03,Des Gros Marsh,6,PE03-06,46.24004,62.51417,DAJ,2021,6,2,1,PE03-06-01-DAJ,4:58,0,13,0,1,SW,1,Y,AMRO,NA,NA,NA,NA,NA,NA,NA,NA,NA,NA,NA,NA,NA,NA,NA,PE03-06-01-DAJ-AMRO,1,0,0,1,OF,NA,NA,,
PE,03,Des Gros Marsh,6,PE03-06,46.24004,62.51417,DAJ,2021,6,2,1,PE03-06-01-DAJ,4:58,0,13,0,1,SW,1,Y,BAEA,NA,NA,NA,NA,NA,NA,NA,NA,NA,NA,NA,NA,NA,NA,NA,PE03-06-01-DAJ-BAEA,0,1,0,1,,NA,NA,,
PE,03,Des Gros Marsh,6,PE03-06,46.24004,62.51417,DAJ,2021,6,2,1,PE03-06-01-DAJ,4:58,0,13,0,1,SW,1,Y,RWBL,NA,NA,NA,NA,NA,NA,NA,NA,NA,NA,NA,NA,NA,NA,NA,PE03-06-01-DAJ-RWBL,0,2,2,2,OF,NA,NA,,
PE,03,Des Gros Marsh,6,PE03-06,46.24004,62.51417,DAJ,2021,6,2,1,PE03-06-01-DAJ,4:58,0,13,0,1,SW,1,Y,REVI,NA,NA,NA,NA,NA,NA,NA,NA,NA,NA,NA,NA,NA,NA,NA,PE03-06-01-DAJ-REVI,0,1,0,1,,NA,NA,,
PE,03,Des Gros Marsh,6,PE03-06,46.24004,62.51417,DAJ,2021,6,2,1,PE03-06-01-DAJ,4:58,0,13,0,1,SW,1,Y,YEWA,NA,NA,NA,NA,NA,NA,NA,NA,NA,NA,NA,NA,NA,NA,NA,PE03-06-01-DAJ-YEWA,0,0,1,1,,NA,NA,,
PE,03,Des Gros Marsh,6,PE03-06,46.24004,62.51417,DAJ,2021,6,2,1,PE03-06-01-DAJ,4:58,0,13,0,1,SW,1,Y,SOSP,NA,NA,NA,NA,NA,NA,NA,NA,NA,NA,NA,NA,NA,NA,NA,PE03-06-01-DAJ-SOSP,1,1,1,1,,NA,NA,,
PE,03,Des Gros Marsh,1,PE03-01,46.25218,62.50419,DAJ,2021,7,8,2,PE03-01-02-DAJ,6:12,1,13,0,1,SW,2,Y,RWBL,NA,NA,NA,NA,NA,NA,NA,NA,NA,NA,NA,NA,NA,NA,NA,PE03-01-02-DAJ-RWBL,3,3,2,3,,NA,NA,,
PE,03,Des Gros Marsh,1,PE03-01,46.25218,62.50419,DAJ,2021,7,8,2,PE03-01-02-DAJ,6:12,1,13,0,1,SW,2,Y,COYE,NA,NA,NA,NA,NA,NA,NA,NA,NA,NA,NA,NA,NA,NA,NA,PE03-01-02-DAJ-COYE,1,1,1,1,,NA,NA,,
PE,03,Des Gros Marsh,1,PE03-01,46.25218,62.50419,DAJ,2021,7,8,2,PE03-01-02-DAJ,6:12,1,13,0,1,SW,2,Y,AMRO,NA,NA,NA,NA,NA,NA,NA,NA,NA,NA,NA,NA,NA,NA,NA,PE03-01-02-DAJ-AMRO,1,0,0,1,,NA,NA,,
PE,03,Des Gros Marsh,1,PE03-01,46.25218,62.50419,DAJ,2021,7,8,2,PE03-01-02-DAJ,6:12,1,13,0,1,SW,2,Y,DUCKLINGS,NA,NA,NA,NA,NA,NA,NA,NA,NA,NA,NA,NA,NA,NA,NA,PE03-01-02-DAJ-DUCKLINGS,3,0,0,3,,NA,NA,,
PE,03,Des Gros Marsh,1,PE03-01,46.25218,62.50419,DAJ,2021,7,8,2,PE03-01-02-DAJ,6:12,1,13,0,1,SW,2,Y,EAKI,NA,NA,NA,NA,NA,NA,NA,NA,NA,NA,NA,NA,NA,NA,NA,PE03-01-02-DAJ-EAKI,1,0,0,1,,NA,NA,,
PE,03,Des Gros Marsh,1,PE03-01,46.25218,62.50419,DAJ,2021,7,8,2,PE03-01-02-DAJ,6:12,1,13,0,1,SW,2,Y,ALFL,NA,NA,NA,NA,NA,NA,NA,NA,NA,NA,NA,NA,NA,NA,NA,PE03-01-02-DAJ-ALFL,0,1,1,1,,NA,NA,,
PE,03,Des Gros Marsh,1,PE03-01,46.25218,62.50419,DAJ,2021,7,8,2,PE03-01-02-DAJ,6:12,1,13,0,1,SW,2,Y,DEJU,NA,NA,NA,NA,NA,NA,NA,NA,NA,NA,NA,NA,NA,NA,NA,PE03-01-02-DAJ-DEJU,0,2,1,2,,NA,NA,,
PE,03,Des Gros Marsh,2,PE03-02,46.25203,62.50784,DAJ,2021,7,8,2,PE03-02-02-DAJ,6:40,1,14,0,1,SW,0,Y,RWBL,NA,NA,NA,NA,NA,NA,NA,NA,NA,NA,NA,NA,NA,NA,NA,PE03-02-02-DAJ-RWBL,7,7,7,7,,NA,NA,,
PE,03,Des Gros Marsh,2,PE03-02,46.25203,62.50784,DAJ,2021,7,8,2,PE03-02-02-DAJ,6:40,1,14,0,1,SW,0,Y,SWSP,NA,NA,NA,NA,NA,NA,NA,NA,NA,NA,NA,NA,NA,NA,NA,PE03-02-02-DAJ-SWSP,1,1,1,1,,NA,NA,,
PE,03,Des Gros Marsh,2,PE03-02,46.25203,62.50784,DAJ,2021,7,8,2,PE03-02-02-DAJ,6:40,1,14,0,1,SW,0,Y,EAKI,NA,NA,NA,NA,NA,NA,NA,NA,NA,NA,NA,NA,NA,NA,NA,PE03-02-02-DAJ-EAKI,1,1,2,2,,NA,NA,,
PE,03,Des Gros Marsh,2,PE03-02,46.25203,62.50784,DAJ,2021,7,8,2,PE03-02-02-DAJ,6:40,1,14,0,1,SW,0,Y,CEDW,NA,NA,NA,NA,NA,NA,NA,NA,NA,NA,NA,NA,NA,NA,NA,PE03-02-02-DAJ-CEDW,0,1,1,1,,NA,NA,,Written as CEWA
PE,03,Des Gros Marsh,2,PE03-02,46.25203,62.50784,DAJ,2021,7,8,2,PE03-02-02-DAJ,6:40,1,14,0,1,SW,0,Y,MALL,NA,NA,NA,NA,NA,NA,NA,NA,NA,NA,NA,NA,NA,NA,NA,PE03-02-02-DAJ-MALL,0,1,0,1,,NA,NA,,
PE,03,Des Gros Marsh,2,PE03-02,46.25203,62.50784,DAJ,2021,7,8,2,PE03-02-02-DAJ,6:40,1,14,0,1,SW,0,Y,WISN,NA,NA,NA,NA,NA,NA,NA,NA,NA,NA,NA,NA,NA,NA,NA,PE03-02-02-DAJ-WISN,0,1,1,1,,NA,NA,,
PE,03,Des Gros Marsh,3,PE03-03,46.25209,62.5111,DAJ,2021,7,8,2,PE03-03-02-DAJ,7:09,1,14,0,1,SW,0,Y,COYE,NA,NA,NA,NA,NA,NA,NA,NA,NA,NA,NA,NA,NA,NA,NA,PE03-03-02-DAJ-COYE,2,1,2,2,,NA,NA,,
PE,03,Des Gros Marsh,3,PE03-03,46.25209,62.5111,DAJ,2021,7,8,2,PE03-03-02-DAJ,7:09,1,14,0,1,SW,0,Y,RWBL,NA,NA,NA,NA,NA,NA,NA,NA,NA,NA,NA,NA,NA,NA,NA,PE03-03-02-DAJ-RWBL,3,3,3,3,OF,NA,NA,,
PE,03,Des Gros Marsh,3,PE03-03,46.25209,62.5111,DAJ,2021,7,8,2,PE03-03-02-DAJ,7:09,1,14,0,1,SW,0,Y,WISN,NA,NA,NA,NA,NA,NA,NA,NA,NA,NA,NA,NA,NA,NA,NA,PE03-03-02-DAJ-WISN,2,2,2,2,,NA,NA,,
PE,03,Des Gros Marsh,3,PE03-03,46.25209,62.5111,DAJ,2021,7,8,2,PE03-03-02-DAJ,7:09,1,14,0,1,SW,0,Y,ALFL,NA,NA,NA,NA,NA,NA,NA,NA,NA,NA,NA,NA,NA,NA,NA,PE03-03-02-DAJ-ALFL,1,0,0,1,,NA,NA,,
PE,03,Des Gros Marsh,3,PE03-03,46.25209,62.5111,DAJ,2021,7,8,2,PE03-03-02-DAJ,7:09,1,14,0,1,SW,0,Y,SWSP,NA,NA,NA,NA,NA,NA,NA,NA,NA,NA,NA,NA,NA,NA,NA,PE03-03-02-DAJ-SWSP,1,2,2,2,,NA,NA,,
PE,03,Des Gros Marsh,3,PE03-03,46.25209,62.5111,DAJ,2021,7,8,2,PE03-03-02-DAJ,7:09,1,14,0,1,SW,0,Y,DEJU,NA,NA,NA,NA,NA,NA,NA,NA,NA,NA,NA,NA,NA,NA,NA,PE03-03-02-DAJ-DEJU,1,0,0,1,,NA,NA,,
PE,03,Des Gros Marsh,3,PE03-03,46.25209,62.5111,DAJ,2021,7,8,2,PE03-03-02-DAJ,7:09,1,14,0,1,SW,0,Y,YEWA,NA,NA,NA,NA,NA,NA,NA,NA,NA,NA,NA,NA,NA,NA,NA,PE03-03-02-DAJ-YEWA,0,1,1,1,,NA,NA,,
PE,03,Des Gros Marsh,3,PE03-03,46.25209,62.5111,DAJ,2021,7,8,2,PE03-03-02-DAJ,7:09,1,14,0,1,SW,0,Y,SOSP,NA,NA,NA,NA,NA,NA,NA,NA,NA,NA,NA,NA,NA,NA,NA,PE03-03-02-DAJ-SOSP,0,1,1,1,,NA,NA,,
PE,03,Des Gros Marsh,3,PE03-03,46.25209,62.5111,DAJ,2021,7,8,2,PE03-03-02-DAJ,7:09,1,14,0,1,SW,0,Y,REVI,NA,NA,NA,NA,NA,NA,NA,NA,NA,NA,NA,NA,NA,NA,NA,PE03-03-02-DAJ-REVI,0,1,1,1,,NA,NA,,
PE,03,Des Gros Marsh,3,PE03-03,46.25209,62.5111,DAJ,2021,7,8,2,PE03-03-02-DAJ,7:09,1,14,0,1,SW,0,Y,BCCH,NA,NA,NA,NA,NA,NA,NA,NA,NA,NA,NA,NA,NA,NA,NA,PE03-03-02-DAJ-BCCH,0,0,1,1,,NA,NA,,
PE,03,Des Gros Marsh,4,PE03-04,46.25417,62.50877,DAJ,2021,7,8,2,PE03-04-02-DAJ,7:49,0,14,0,1,SW,0,Y,SWSP,NA,NA,NA,NA,NA,NA,NA,NA,NA,NA,NA,NA,NA,NA,NA,PE03-04-02-DAJ-SWSP,1,2,1,2,,NA,NA,,
PE,03,Des Gros Marsh,4,PE03-04,46.25417,62.50877,DAJ,2021,7,8,2,PE03-04-02-DAJ,7:49,0,14,0,1,SW,0,Y,COYE,NA,NA,NA,NA,NA,NA,NA,NA,NA,NA,NA,NA,NA,NA,NA,PE03-04-02-DAJ-COYE,1,1,1,1,,NA,NA,,
PE,03,Des Gros Marsh,4,PE03-04,46.25417,62.50877,DAJ,2021,7,8,2,PE03-04-02-DAJ,7:49,0,14,0,1,SW,0,Y,RWBL,NA,NA,NA,NA,NA,NA,NA,NA,NA,NA,NA,NA,NA,NA,NA,PE03-04-02-DAJ-RWBL,3,3,3,3,,NA,NA,,
PE,03,Des Gros Marsh,4,PE03-04,46.25417,62.50877,DAJ,2021,7,8,2,PE03-04-02-DAJ,7:49,0,14,0,1,SW,0,Y,WISN,NA,NA,NA,NA,NA,NA,NA,NA,NA,NA,NA,NA,NA,NA,NA,PE03-04-02-DAJ-WISN,2,2,1,2,,NA,NA,,
PE,03,Des Gros Marsh,4,PE03-04,46.25417,62.50877,DAJ,2021,7,8,2,PE03-04-02-DAJ,7:49,0,14,0,1,SW,0,Y,DEJU,NA,NA,NA,NA,NA,NA,NA,NA,NA,NA,NA,NA,NA,NA,NA,PE03-04-02-DAJ-DEJU,1,1,0,1,,NA,NA,,
PE,03,Des Gros Marsh,4,PE03-04,46.25417,62.50877,DAJ,2021,7,8,2,PE03-04-02-DAJ,7:49,0,14,0,1,SW,0,Y,NOPA,NA,NA,NA,NA,NA,NA,NA,NA,NA,NA,NA,NA,NA,NA,NA,PE03-04-02-DAJ-NOPA,1,1,0,1,,NA,NA,,
PE,03,Des Gros Marsh,4,PE03-04,46.25417,62.50877,DAJ,2021,7,8,2,PE03-04-02-DAJ,7:49,0,14,0,1,SW,0,Y,TRES,NA,NA,NA,NA,NA,NA,NA,NA,NA,NA,NA,NA,NA,NA,NA,PE03-04-02-DAJ-TRES,0,0,0,0,OF,NA,NA,,Written as TRSW
PE,03,Des Gros Marsh,5,PE03-05,46.23983,62.5091,DAJ,2021,7,8,2,PE03-05-02-DAJ,5:40,1,13,0,1,SW,1,Y,DEJU,NA,NA,NA,NA,NA,NA,NA,NA,NA,NA,NA,NA,NA,NA,NA,PE03-05-02-DAJ-DEJU,1,1,1,1,,NA,NA,,
PE,03,Des Gros Marsh,5,PE03-05,46.23983,62.5091,DAJ,2021,7,8,2,PE03-05-02-DAJ,5:40,1,13,0,1,SW,1,Y,RWBL,NA,NA,NA,NA,NA,NA,NA,NA,NA,NA,NA,NA,NA,NA,NA,PE03-05-02-DAJ-RWBL,4,3,2,4,,NA,NA,,
PE,03,Des Gros Marsh,5,PE03-05,46.23983,62.5091,DAJ,2021,7,8,2,PE03-05-02-DAJ,5:40,1,13,0,1,SW,1,Y,AMRO,NA,NA,NA,NA,NA,NA,NA,NA,NA,NA,NA,NA,NA,NA,NA,PE03-05-02-DAJ-AMRO,1,0,1,1,,NA,NA,,
PE,03,Des Gros Marsh,5,PE03-05,46.23983,62.5091,DAJ,2021,7,8,2,PE03-05-02-DAJ,5:40,1,13,0,1,SW,1,Y,WTSP,NA,NA,NA,NA,NA,NA,NA,NA,NA,NA,NA,NA,NA,NA,NA,PE03-05-02-DAJ-WTSP,1,1,2,2,,NA,NA,,
PE,03,Des Gros Marsh,5,PE03-05,46.23983,62.5091,DAJ,2021,7,8,2,PE03-05-02-DAJ,5:40,1,13,0,1,SW,1,Y,SOSP,NA,NA,NA,NA,NA,NA,NA,NA,NA,NA,NA,NA,NA,NA,NA,PE03-05-02-DAJ-SOSP,2,2,2,2,,NA,NA,,
PE,03,Des Gros Marsh,5,PE03-05,46.23983,62.5091,DAJ,2021,7,8,2,PE03-05-02-DAJ,5:40,1,13,0,1,SW,1,Y,MALL,NA,NA,NA,NA,NA,NA,NA,NA,NA,NA,NA,NA,NA,NA,NA,PE03-05-02-DAJ-MALL,1,0,0,1,,NA,NA,,
PE,03,Des Gros Marsh,5,PE03-05,46.23983,62.5091,DAJ,2021,7,8,2,PE03-05-02-DAJ,5:40,1,13,0,1,SW,1,Y,GBHE,NA,NA,NA,NA,NA,NA,NA,NA,NA,NA,NA,NA,NA,NA,NA,PE03-05-02-DAJ-GBHE,0,0,0,0,OF,NA,NA,,
PE,03,Des Gros Marsh,5,PE03-05,46.23983,62.5091,DAJ,2021,7,8,2,PE03-05-02-DAJ,5:40,1,13,0,1,SW,1,Y,SWSP,NA,NA,NA,NA,NA,NA,NA,NA,NA,NA,NA,NA,NA,NA,NA,PE03-05-02-DAJ-SWSP,0,2,1,2,,NA,NA,,Written as SWPA
PE,03,Des Gros Marsh,5,PE03-05,46.23983,62.5091,DAJ,2021,7,8,2,PE03-05-02-DAJ,5:40,1,13,0,1,SW,1,Y,NOPA,NA,NA,NA,NA,NA,NA,NA,NA,NA,NA,NA,NA,NA,NA,NA,PE03-05-02-DAJ-NOPA,0,1,1,1,,NA,NA,,
PE,03,Des Gros Marsh,6,PE03-06,46.24004,62.51417,DAJ,2021,7,8,2,PE03-06-02-DAJ,5:20,1,13,0,1,SW,1,Y,DEJU,NA,NA,NA,NA,NA,NA,NA,NA,NA,NA,NA,NA,NA,NA,NA,PE03-06-02-DAJ-DEJU,1,1,0,1,,NA,NA,,
PE,03,Des Gros Marsh,6,PE03-06,46.24004,62.51417,DAJ,2021,7,8,2,PE03-06-02-DAJ,5:20,1,13,0,1,SW,1,Y,SOSP,NA,NA,NA,NA,NA,NA,NA,NA,NA,NA,NA,NA,NA,NA,NA,PE03-06-02-DAJ-SOSP,1,2,1,2,,NA,NA,,
PE,03,Des Gros Marsh,6,PE03-06,46.24004,62.51417,DAJ,2021,7,8,2,PE03-06-02-DAJ,5:20,1,13,0,1,SW,1,Y,RWBL,NA,NA,NA,NA,NA,NA,NA,NA,NA,NA,NA,NA,NA,NA,NA,PE03-06-02-DAJ-RWBL,1,1,1,1,,NA,NA,,
PE,03,Des Gros Marsh,6,PE03-06,46.24004,62.51417,DAJ,2021,7,8,2,PE03-06-02-DAJ,5:20,1,13,0,1,SW,1,Y,YEWA,NA,NA,NA,NA,NA,NA,NA,NA,NA,NA,NA,NA,NA,NA,NA,PE03-06-02-DAJ-YEWA,1,1,1,1,,NA,NA,,
PE,03,Des Gros Marsh,6,PE03-06,46.24004,62.51417,DAJ,2021,7,8,2,PE03-06-02-DAJ,5:20,1,13,0,1,SW,1,Y,COYE,NA,NA,NA,NA,NA,NA,NA,NA,NA,NA,NA,NA,NA,NA,NA,PE03-06-02-DAJ-COYE,1,1,1,1,,NA,NA,,
PE,03,Des Gros Marsh,6,PE03-06,46.24004,62.51417,DAJ,2021,7,8,2,PE03-06-02-DAJ,5:20,1,13,0,1,SW,1,Y,NOPA,NA,NA,NA,NA,NA,NA,NA,NA,NA,NA,NA,NA,NA,NA,NA,PE03-06-02-DAJ-NOPA,1,0,0,1,,NA,NA,,
PE,03,Des Gros Marsh,6,PE03-06,46.24004,62.51417,DAJ,2021,7,8,2,PE03-06-02-DAJ,5:20,1,13,0,1,SW,1,Y,ALFL,NA,NA,NA,NA,NA,NA,NA,NA,NA,NA,NA,NA,NA,NA,NA,PE03-06-02-DAJ-ALFL,1,1,0,1,,NA,NA,,seen/no call
PE,03,Des Gros Marsh,6,PE03-06,46.24004,62.51417,DAJ,2021,7,8,2,PE03-06-02-DAJ,5:20,1,13,0,1,SW,1,Y,AMRO,NA,NA,NA,NA,NA,NA,NA,NA,NA,NA,NA,NA,NA,NA,NA,PE03-06-02-DAJ-AMRO,2,1,2,2,,NA,NA,,
PE,03,Des Gros Marsh,6,PE03-06,46.24004,62.51417,DAJ,2021,7,8,2,PE03-06-02-DAJ,5:20,1,13,0,1,SW,1,Y,WTSP,NA,NA,NA,NA,NA,NA,NA,NA,NA,NA,NA,NA,NA,NA,NA,PE03-06-02-DAJ-WTSP,1,1,1,1,,NA,NA,,
PE,03,Des Gros Marsh,6,PE03-06,46.24004,62.51417,DAJ,2021,7,8,2,PE03-06-02-DAJ,5:20,1,13,0,1,SW,1,Y,GBHE,NA,NA,NA,NA,NA,NA,NA,NA,NA,NA,NA,NA,NA,NA,NA,PE03-06-02-DAJ-GBHE,0,0,0,0,OF,NA,NA,,
PE,03,Des Gros Marsh,6,PE03-06,46.24004,62.51417,DAJ,2021,7,8,2,PE03-06-02-DAJ,5:20,1,13,0,1,SW,1,Y,BAEA,NA,NA,NA,NA,NA,NA,NA,NA,NA,NA,NA,NA,NA,NA,NA,PE03-06-02-DAJ-BAEA,0,0,0,0,OF,NA,NA,,
PE,11,Larkins Pond,1,PE11-01,46.43118,62.42059,DAJ,2021,6,10,1,PE11-01-01-DAJ,5:06,8,7,0,1,sw,0,y,ALFL,NA,NA,NA,NA,NA,NA,NA,NA,NA,NA,NA,NA,NA,NA,NA,PE11-01-01-DAJ-ALFL,1,1,0,1,,NA,NA,,
PE,11,Larkins Pond,1,PE11-01,46.43118,62.42059,DAJ,2021,6,10,1,PE11-01-01-DAJ,5:06,8,7,0,1,sw,0,y,BTNW,NA,NA,NA,NA,NA,NA,NA,NA,NA,NA,NA,NA,NA,NA,NA,PE11-01-01-DAJ-BTNW,2,1,1,2,,NA,NA,,Written as BTGW
PE,11,Larkins Pond,1,PE11-01,46.43118,62.42059,DAJ,2021,6,10,1,PE11-01-01-DAJ,5:06,8,7,0,1,sw,0,y,AMRO,NA,NA,NA,NA,NA,NA,NA,NA,NA,NA,NA,NA,NA,NA,NA,PE11-01-01-DAJ-AMRO,2,2,2,2,,NA,NA,,
PE,11,Larkins Pond,1,PE11-01,46.43118,62.42059,DAJ,2021,6,10,1,PE11-01-01-DAJ,5:06,8,7,0,1,sw,0,y,WTSP,NA,NA,NA,NA,NA,NA,NA,NA,NA,NA,NA,NA,NA,NA,NA,PE11-01-01-DAJ-WTSP,1,1,0,1,,NA,NA,,
PE,11,Larkins Pond,1,PE11-01,46.43118,62.42059,DAJ,2021,6,10,1,PE11-01-01-DAJ,5:06,8,7,0,1,sw,0,y,RCKI,NA,NA,NA,NA,NA,NA,NA,NA,NA,NA,NA,NA,NA,NA,NA,PE11-01-01-DAJ-RCKI,1,1,1,1,,NA,NA,,
PE,11,Larkins Pond,1,PE11-01,46.43118,62.42059,DAJ,2021,6,10,1,PE11-01-01-DAJ,5:06,8,7,0,1,sw,0,y,BLJA,NA,NA,NA,NA,NA,NA,NA,NA,NA,NA,NA,NA,NA,NA,NA,PE11-01-01-DAJ-BLJA,0,1,0,1,,NA,NA,,
PE,11,Larkins Pond,1,PE11-01,46.43118,62.42059,DAJ,2021,6,10,1,PE11-01-01-DAJ,5:06,8,7,0,1,sw,0,y,HETH,NA,NA,NA,NA,NA,NA,NA,NA,NA,NA,NA,NA,NA,NA,NA,PE11-01-01-DAJ-HETH,0,1,1,1,,NA,NA,,
PE,11,Larkins Pond,1,PE11-01,46.43118,62.42059,DAJ,2021,6,10,1,PE11-01-01-DAJ,5:06,8,7,0,1,sw,0,y,COYE,NA,NA,NA,NA,NA,NA,NA,NA,NA,NA,NA,NA,NA,NA,NA,PE11-01-01-DAJ-COYE,0,0,1,1,,NA,NA,,
PE,11,Larkins Pond,2,PE11-02,46.42938,62.41961,DAJ,2021,6,10,1,PE11-02-01-DAJ,5:29,8,7,0,1,SW,0,Y,SWSP,NA,NA,NA,NA,NA,NA,NA,NA,NA,NA,NA,NA,NA,NA,NA,PE11-02-01-DAJ-SWSP,1,1,1,1,,NA,NA,,
PE,11,Larkins Pond,2,PE11-02,46.42938,62.41961,DAJ,2021,6,10,1,PE11-02-01-DAJ,5:29,8,7,0,1,SW,0,Y,ALFL,NA,NA,NA,NA,NA,NA,NA,NA,NA,NA,NA,NA,NA,NA,NA,PE11-02-01-DAJ-ALFL,2,2,1,2,,NA,NA,,
PE,11,Larkins Pond,2,PE11-02,46.42938,62.41961,DAJ,2021,6,10,1,PE11-02-01-DAJ,5:29,8,7,0,1,SW,0,Y,RWBL,NA,NA,NA,NA,NA,NA,NA,NA,NA,NA,NA,NA,NA,NA,NA,PE11-02-01-DAJ-RWBL,1,1,2,2,OF,NA,NA,,
PE,11,Larkins Pond,2,PE11-02,46.42938,62.41961,DAJ,2021,6,10,1,PE11-02-01-DAJ,5:29,8,7,0,1,SW,0,Y,GBHE,NA,NA,NA,NA,NA,NA,NA,NA,NA,NA,NA,NA,NA,NA,NA,PE11-02-01-DAJ-GBHE,1,0,0,1,,NA,NA,,
PE,11,Larkins Pond,2,PE11-02,46.42938,62.41961,DAJ,2021,6,10,1,PE11-02-01-DAJ,5:29,8,7,0,1,SW,0,Y,COYE,NA,NA,NA,NA,NA,NA,NA,NA,NA,NA,NA,NA,NA,NA,NA,PE11-02-01-DAJ-COYE,1,1,1,1,,NA,NA,,
PE,11,Larkins Pond,2,PE11-02,46.42938,62.41961,DAJ,2021,6,10,1,PE11-02-01-DAJ,5:29,8,7,0,1,SW,0,Y,COGR,NA,NA,NA,NA,NA,NA,NA,NA,NA,NA,NA,NA,NA,NA,NA,PE11-02-01-DAJ-COGR,0,2,0,2,,NA,NA,,
PE,11,Larkins Pond,3,PE11-03,46.42709,62.4187,DAJ,2021,6,10,1,PE11-03-01-DAJ,5:48,8,8,0,1,SW,0,Y,ALFL,NA,NA,NA,NA,NA,NA,NA,NA,NA,NA,NA,NA,NA,NA,NA,PE11-03-01-DAJ-ALFL,2,2,2,2,,NA,NA,,
PE,11,Larkins Pond,3,PE11-03,46.42709,62.4187,DAJ,2021,6,10,1,PE11-03-01-DAJ,5:48,8,8,0,1,SW,0,Y,OVEN,NA,NA,NA,NA,NA,NA,NA,NA,NA,NA,NA,NA,NA,NA,NA,PE11-03-01-DAJ-OVEN,1,0,0,1,,NA,NA,,
PE,11,Larkins Pond,3,PE11-03,46.42709,62.4187,DAJ,2021,6,10,1,PE11-03-01-DAJ,5:48,8,8,0,1,SW,0,Y,REVI,NA,NA,NA,NA,NA,NA,NA,NA,NA,NA,NA,NA,NA,NA,NA,PE11-03-01-DAJ-REVI,1,0,1,1,,NA,NA,,
PE,11,Larkins Pond,3,PE11-03,46.42709,62.4187,DAJ,2021,6,10,1,PE11-03-01-DAJ,5:48,8,8,0,1,SW,0,Y,RWBL,NA,NA,NA,NA,NA,NA,NA,NA,NA,NA,NA,NA,NA,NA,NA,PE11-03-01-DAJ-RWBL,2,2,4,4,OF,NA,NA,,
PE,11,Larkins Pond,3,PE11-03,46.42709,62.4187,DAJ,2021,6,10,1,PE11-03-01-DAJ,5:48,8,8,0,1,SW,0,Y,AMRO,NA,NA,NA,NA,NA,NA,NA,NA,NA,NA,NA,NA,NA,NA,NA,PE11-03-01-DAJ-AMRO,1,1,0,1,,NA,NA,,
PE,11,Larkins Pond,3,PE11-03,46.42709,62.4187,DAJ,2021,6,10,1,PE11-03-01-DAJ,5:48,8,8,0,1,SW,0,Y,DEJU,NA,NA,NA,NA,NA,NA,NA,NA,NA,NA,NA,NA,NA,NA,NA,PE11-03-01-DAJ-DEJU,1,1,0,1,,NA,NA,,
PE,11,Larkins Pond,3,PE11-03,46.42709,62.4187,DAJ,2021,6,10,1,PE11-03-01-DAJ,5:48,8,8,0,1,SW,0,Y,RCKI,NA,NA,NA,NA,NA,NA,NA,NA,NA,NA,NA,NA,NA,NA,NA,PE11-03-01-DAJ-RCKI,0,0,1,1,OF,NA,NA,,
PE,11,Larkins Pond,3,PE11-03,46.42709,62.4187,DAJ,2021,6,10,1,PE11-03-01-DAJ,5:48,8,8,0,1,SW,0,Y,BWWA,NA,NA,NA,NA,NA,NA,NA,NA,NA,NA,NA,NA,NA,NA,NA,PE11-03-01-DAJ-BWWA,0,0,1,1,,NA,NA,,
PE,11,Larkins Pond,3,PE11-03,46.42709,62.4187,DAJ,2021,6,10,1,PE11-03-01-DAJ,5:48,8,8,0,1,SW,0,Y,BLJA,NA,NA,NA,NA,NA,NA,NA,NA,NA,NA,NA,NA,NA,NA,NA,PE11-03-01-DAJ-BLJA,0,0,1,1,,NA,NA,,
PE,11,Larkins Pond,3,PE11-03,46.42709,62.4187,DAJ,2021,6,10,1,PE11-03-01-DAJ,5:48,8,8,0,1,SW,0,Y,RTHU,NA,NA,NA,NA,NA,NA,NA,NA,NA,NA,NA,NA,NA,NA,NA,PE11-03-01-DAJ-RTHU,0,0,1,1,,NA,NA,,
PE,11,Larkins Pond,4,PE11-04,46.42732,62.42189,DAJ,2021,6,10,1,PE11-04-01-DAJ,6:09,8,8,0,1,SW,0,Y,ALFL,NA,NA,NA,NA,NA,NA,NA,NA,NA,NA,NA,NA,NA,NA,NA,PE11-04-01-DAJ-ALFL,2,1,2,2,,NA,NA,,
PE,11,Larkins Pond,4,PE11-04,46.42732,62.42189,DAJ,2021,6,10,1,PE11-04-01-DAJ,6:09,8,8,0,1,SW,0,Y,DEJU,NA,NA,NA,NA,NA,NA,NA,NA,NA,NA,NA,NA,NA,NA,NA,PE11-04-01-DAJ-DEJU,1,1,0,1,,NA,NA,,
PE,11,Larkins Pond,4,PE11-04,46.42732,62.42189,DAJ,2021,6,10,1,PE11-04-01-DAJ,6:09,8,8,0,1,SW,0,Y,AMWI,NA,NA,NA,NA,NA,NA,NA,NA,NA,NA,NA,NA,NA,NA,NA,PE11-04-01-DAJ-AMWI,2,2,0,2,,NA,NA,,
PE,11,Larkins Pond,4,PE11-04,46.42732,62.42189,DAJ,2021,6,10,1,PE11-04-01-DAJ,6:09,8,8,0,1,SW,0,Y,GCKI,NA,NA,NA,NA,NA,NA,NA,NA,NA,NA,NA,NA,NA,NA,NA,PE11-04-01-DAJ-GCKI,1,1,1,1,,NA,NA,,
PE,11,Larkins Pond,4,PE11-04,46.42732,62.42189,DAJ,2021,6,10,1,PE11-04-01-DAJ,6:09,8,8,0,1,SW,0,Y,RWBL,NA,NA,NA,NA,NA,NA,NA,NA,NA,NA,NA,NA,NA,NA,NA,PE11-04-01-DAJ-RWBL,1,1,1,1,,NA,NA,,
PE,11,Larkins Pond,4,PE11-04,46.42732,62.42189,DAJ,2021,6,10,1,PE11-04-01-DAJ,6:09,8,8,0,1,SW,0,Y,GBHE,NA,NA,NA,NA,NA,NA,NA,NA,NA,NA,NA,NA,NA,NA,NA,PE11-04-01-DAJ-GBHE,0,0,0,0,OF,NA,NA,,
PE,11,Larkins Pond,4,PE11-04,46.42732,62.42189,DAJ,2021,6,10,1,PE11-04-01-DAJ,6:09,8,8,0,1,SW,0,Y,RNDU,NA,NA,NA,NA,NA,NA,NA,NA,NA,NA,NA,NA,NA,NA,NA,PE11-04-01-DAJ-RNDU,2,2,2,2,,NA,NA,,
PE,11,Larkins Pond,4,PE11-04,46.42732,62.42189,DAJ,2021,6,10,1,PE11-04-01-DAJ,6:09,8,8,0,1,SW,0,Y,NOPA,NA,NA,NA,NA,NA,NA,NA,NA,NA,NA,NA,NA,NA,NA,NA,PE11-04-01-DAJ-NOPA,1,0,2,2,,NA,NA,,
PE,11,Larkins Pond,4,PE11-04,46.42732,62.42189,DAJ,2021,6,10,1,PE11-04-01-DAJ,6:09,8,8,0,1,SW,0,Y,RBNU,NA,NA,NA,NA,NA,NA,NA,NA,NA,NA,NA,NA,NA,NA,NA,PE11-04-01-DAJ-RBNU,0,0,1,1,,NA,NA,,
PE,11,Larkins Pond,4,PE11-04,46.42732,62.42189,DAJ,2021,6,10,1,PE11-04-01-DAJ,6:09,8,8,0,1,SW,0,Y,WTSP,NA,NA,NA,NA,NA,NA,NA,NA,NA,NA,NA,NA,NA,NA,NA,PE11-04-01-DAJ-WTSP,0,0,1,1,,NA,NA,,
PE,11,Larkins Pond,5,PE11-05,46.42963,62.42347,DAJ,2021,6,10,1,PE11-05-01-DAJ,6:30,9,8,0,1,SW,0,Y,WTSP,NA,NA,NA,NA,NA,NA,NA,NA,NA,NA,NA,NA,NA,NA,NA,PE11-05-01-DAJ-WTSP,1,1,0,1,,NA,NA,,
PE,11,Larkins Pond,5,PE11-05,46.42963,62.42347,DAJ,2021,6,10,1,PE11-05-01-DAJ,6:30,9,8,0,1,SW,0,Y,RWBL,NA,NA,NA,NA,NA,NA,NA,NA,NA,NA,NA,NA,NA,NA,NA,PE11-05-01-DAJ-RWBL,3,2,2,3,OF,NA,NA,,
PE,11,Larkins Pond,5,PE11-05,46.42963,62.42347,DAJ,2021,6,10,1,PE11-05-01-DAJ,6:30,9,8,0,1,SW,0,Y,AMRO,NA,NA,NA,NA,NA,NA,NA,NA,NA,NA,NA,NA,NA,NA,NA,PE11-05-01-DAJ-AMRO,1,1,1,1,,NA,NA,,
PE,11,Larkins Pond,5,PE11-05,46.42963,62.42347,DAJ,2021,6,10,1,PE11-05-01-DAJ,6:30,9,8,0,1,SW,0,Y,DEJU,NA,NA,NA,NA,NA,NA,NA,NA,NA,NA,NA,NA,NA,NA,NA,PE11-05-01-DAJ-DEJU,1,1,0,1,,NA,NA,,
PE,11,Larkins Pond,5,PE11-05,46.42963,62.42347,DAJ,2021,6,10,1,PE11-05-01-DAJ,6:30,9,8,0,1,SW,0,Y,REVI,NA,NA,NA,NA,NA,NA,NA,NA,NA,NA,NA,NA,NA,NA,NA,PE11-05-01-DAJ-REVI,0,1,1,1,,NA,NA,,
PE,11,Larkins Pond,5,PE11-05,46.42963,62.42347,DAJ,2021,6,10,1,PE11-05-01-DAJ,6:30,9,8,0,1,SW,0,Y,BAEA,NA,NA,NA,NA,NA,NA,NA,NA,NA,NA,NA,NA,NA,NA,NA,PE11-05-01-DAJ-BAEA,0,0,0,0,OF,NA,NA,,
PE,11,Larkins Pond,5,PE11-05,46.42963,62.42347,DAJ,2021,6,10,1,PE11-05-01-DAJ,6:30,9,8,0,1,SW,0,Y,ALFL,NA,NA,NA,NA,NA,NA,NA,NA,NA,NA,NA,NA,NA,NA,NA,PE11-05-01-DAJ-ALFL,0,0,1,1,,NA,NA,,
PE,11,Larkins Pond,5,PE11-05,46.42963,62.42347,DAJ,2021,6,10,1,PE11-05-01-DAJ,6:30,9,8,0,1,SW,0,Y,YEWA,NA,NA,NA,NA,NA,NA,NA,NA,NA,NA,NA,NA,NA,NA,NA,PE11-05-01-DAJ-YEWA,0,0,1,1,,NA,NA,,
PE,11,Larkins Pond,5,PE11-05,46.42963,62.42347,DAJ,2021,6,10,1,PE11-05-01-DAJ,6:30,9,8,0,1,SW,0,Y,SWSP,NA,NA,NA,NA,NA,NA,NA,NA,NA,NA,NA,NA,NA,NA,NA,PE11-05-01-DAJ-SWSP,0,1,1,1,,NA,NA,,
PE,11,Larkins Pond,6,PE11-06,46.42793,62.42643,DAJ,2021,6,17,1,PE11-06-01-DAJ,6:35,0,12,0,1,SW,1,Y,YEWA,NA,NA,NA,NA,NA,NA,NA,NA,NA,NA,NA,NA,NA,NA,NA,PE11-06-01-DAJ-YEWA,3,3,3,3,,NA,NA,,
PE,11,Larkins Pond,6,PE11-06,46.42793,62.42643,DAJ,2021,6,17,1,PE11-06-01-DAJ,6:35,0,12,0,1,SW,1,Y,RWBL,NA,NA,NA,NA,NA,NA,NA,NA,NA,NA,NA,NA,NA,NA,NA,PE11-06-01-DAJ-RWBL,2,1,1,2,OF,NA,NA,,
PE,11,Larkins Pond,6,PE11-06,46.42793,62.42643,DAJ,2021,6,17,1,PE11-06-01-DAJ,6:35,0,12,0,1,SW,1,Y,REVI,NA,NA,NA,NA,NA,NA,NA,NA,NA,NA,NA,NA,NA,NA,NA,PE11-06-01-DAJ-REVI,1,1,0,1,,NA,NA,,
PE,11,Larkins Pond,6,PE11-06,46.42793,62.42643,DAJ,2021,6,17,1,PE11-06-01-DAJ,6:35,0,12,0,1,SW,1,Y,BTNW,NA,NA,NA,NA,NA,NA,NA,NA,NA,NA,NA,NA,NA,NA,NA,PE11-06-01-DAJ-BTNW,1,1,0,1,,NA,NA,,Written as BTGW
PE,11,Larkins Pond,6,PE11-06,46.42793,62.42643,DAJ,2021,6,17,1,PE11-06-01-DAJ,6:35,0,12,0,1,SW,1,Y,OSFL,NA,NA,NA,NA,NA,NA,NA,NA,NA,NA,NA,NA,NA,NA,NA,PE11-06-01-DAJ-OSFL,1,0,0,1,,NA,NA,,
PE,11,Larkins Pond,6,PE11-06,46.42793,62.42643,DAJ,2021,6,17,1,PE11-06-01-DAJ,6:35,0,12,0,1,SW,1,Y,DEJU,NA,NA,NA,NA,NA,NA,NA,NA,NA,NA,NA,NA,NA,NA,NA,PE11-06-01-DAJ-DEJU,0,1,0,1,,NA,NA,,
PE,11,Larkins Pond,6,PE11-06,46.42793,62.42643,DAJ,2021,6,17,1,PE11-06-01-DAJ,6:35,0,12,0,1,SW,1,Y,NOPA,NA,NA,NA,NA,NA,NA,NA,NA,NA,NA,NA,NA,NA,NA,NA,PE11-06-01-DAJ-NOPA,0,1,0,1,,NA,NA,,
PE,11,Larkins Pond,6,PE11-06,46.42793,62.42643,DAJ,2021,6,17,1,PE11-06-01-DAJ,6:35,0,12,0,1,SW,1,Y,ALFL,NA,NA,NA,NA,NA,NA,NA,NA,NA,NA,NA,NA,NA,NA,NA,PE11-06-01-DAJ-ALFL,0,0,1,1,,NA,NA,,
PE,11,Larkins Pond,6,PE11-06,46.42793,62.42643,DAJ,2021,6,17,1,PE11-06-01-DAJ,6:35,0,12,0,1,SW,1,Y,AMRO,NA,NA,NA,NA,NA,NA,NA,NA,NA,NA,NA,NA,NA,NA,NA,PE11-06-01-DAJ-AMRO,0,0,0,0,OF,NA,NA,,
PE,11,Larkins Pond,7,PE11-07,46.42397,62.42865,DAJ,2021,6,17,1,PE11-07-01-DAJ,6:58,0,12,2,1,SW,0,Y,ALFL,NA,NA,NA,NA,NA,NA,NA,NA,NA,NA,NA,NA,NA,NA,NA,PE11-07-01-DAJ-ALFL,1,1,1,1,,NA,NA,,
PE,11,Larkins Pond,7,PE11-07,46.42397,62.42865,DAJ,2021,6,17,1,PE11-07-01-DAJ,6:58,0,12,2,1,SW,0,Y,RCKI,NA,NA,NA,NA,NA,NA,NA,NA,NA,NA,NA,NA,NA,NA,NA,PE11-07-01-DAJ-RCKI,1,0,1,1,,NA,NA,,
PE,11,Larkins Pond,7,PE11-07,46.42397,62.42865,DAJ,2021,6,17,1,PE11-07-01-DAJ,6:58,0,12,2,1,SW,0,Y,AMRO,NA,NA,NA,NA,NA,NA,NA,NA,NA,NA,NA,NA,NA,NA,NA,PE11-07-01-DAJ-AMRO,1,1,1,1,,NA,NA,,
PE,11,Larkins Pond,7,PE11-07,46.42397,62.42865,DAJ,2021,6,17,1,PE11-07-01-DAJ,6:58,0,12,2,1,SW,0,Y,DEJU,NA,NA,NA,NA,NA,NA,NA,NA,NA,NA,NA,NA,NA,NA,NA,PE11-07-01-DAJ-DEJU,1,0,1,1,,NA,NA,,
PE,11,Larkins Pond,7,PE11-07,46.42397,62.42865,DAJ,2021,6,17,1,PE11-07-01-DAJ,6:58,0,12,2,1,SW,0,Y,BLJA,NA,NA,NA,NA,NA,NA,NA,NA,NA,NA,NA,NA,NA,NA,NA,PE11-07-01-DAJ-BLJA,0,1,2,2,OF,NA,NA,,
PE,11,Larkins Pond,7,PE11-07,46.42397,62.42865,DAJ,2021,6,17,1,PE11-07-01-DAJ,6:58,0,12,2,1,SW,0,Y,HETH,NA,NA,NA,NA,NA,NA,NA,NA,NA,NA,NA,NA,NA,NA,NA,PE11-07-01-DAJ-HETH,1,0,0,1,,NA,NA,,
PE,11,Larkins Pond,7,PE11-07,46.42397,62.42865,DAJ,2021,6,17,1,PE11-07-01-DAJ,6:58,0,12,2,1,SW,0,Y,BWTE,NA,NA,NA,NA,NA,NA,NA,NA,NA,NA,NA,NA,NA,NA,NA,PE11-07-01-DAJ-BWTE,0,0,0,0,OF,NA,NA,,
PE,11,Larkins Pond,7,PE11-07,46.42397,62.42865,DAJ,2021,6,17,1,PE11-07-01-DAJ,6:58,0,12,2,1,SW,0,Y,REVI,NA,NA,NA,NA,NA,NA,NA,NA,NA,NA,NA,NA,NA,NA,NA,PE11-07-01-DAJ-REVI,1,1,1,1,,NA,NA,,
PE,11,Larkins Pond,7,PE11-07,46.42397,62.42865,DAJ,2021,6,17,1,PE11-07-01-DAJ,6:58,0,12,2,1,SW,0,Y,RWBL,NA,NA,NA,NA,NA,NA,NA,NA,NA,NA,NA,NA,NA,NA,NA,PE11-07-01-DAJ-RWBL,1,1,3,3,,NA,NA,,
PE,11,Larkins Pond,7,PE11-07,46.42397,62.42865,DAJ,2021,6,17,1,PE11-07-01-DAJ,6:58,0,12,2,1,SW,0,Y,SWSP,NA,NA,NA,NA,NA,NA,NA,NA,NA,NA,NA,NA,NA,NA,NA,PE11-07-01-DAJ-SWSP,0,1,1,1,,NA,NA,,
PE,11,Larkins Pond,7,PE11-07,46.42397,62.42865,DAJ,2021,6,17,1,PE11-07-01-DAJ,6:58,0,12,2,1,SW,0,Y,COGR,NA,NA,NA,NA,NA,NA,NA,NA,NA,NA,NA,NA,NA,NA,NA,PE11-07-01-DAJ-COGR,0,1,0,1,OF,NA,NA,,
PE,11,Larkins Pond,7,PE11-07,46.42397,62.42865,DAJ,2021,6,17,1,PE11-07-01-DAJ,6:58,0,12,2,1,SW,0,Y,BTBW,NA,NA,NA,NA,NA,NA,NA,NA,NA,NA,NA,NA,NA,NA,NA,PE11-07-01-DAJ-BTBW,0,0,1,1,,NA,NA,,Written as BTBL
PE,11,Larkins Pond,8,PE11-08,46.42105,62.43096,DAJ,2021,6,17,1,PE11-08-01-DAJ,7:20,0,13,0,1,SW,0,Y,RWBL,NA,NA,NA,NA,NA,NA,NA,NA,NA,NA,NA,NA,NA,NA,NA,PE11-08-01-DAJ-RWBL,2,3,3,3,,NA,NA,,
PE,11,Larkins Pond,8,PE11-08,46.42105,62.43096,DAJ,2021,6,17,1,PE11-08-01-DAJ,7:20,0,13,0,1,SW,0,Y,AMRO,NA,NA,NA,NA,NA,NA,NA,NA,NA,NA,NA,NA,NA,NA,NA,PE11-08-01-DAJ-AMRO,1,1,1,1,,NA,NA,,
PE,11,Larkins Pond,8,PE11-08,46.42105,62.43096,DAJ,2021,6,17,1,PE11-08-01-DAJ,7:20,0,13,0,1,SW,0,Y,WODU,NA,NA,NA,NA,NA,NA,NA,NA,NA,NA,NA,NA,NA,NA,NA,PE11-08-01-DAJ-WODU,0,0,0,0,OF,NA,NA,,
PE,11,Larkins Pond,8,PE11-08,46.42105,62.43096,DAJ,2021,6,17,1,PE11-08-01-DAJ,7:20,0,13,0,1,SW,0,Y,YEWA,NA,NA,NA,NA,NA,NA,NA,NA,NA,NA,NA,NA,NA,NA,NA,PE11-08-01-DAJ-YEWA,2,2,0,2,,NA,NA,,
PE,11,Larkins Pond,8,PE11-08,46.42105,62.43096,DAJ,2021,6,17,1,PE11-08-01-DAJ,7:20,0,13,0,1,SW,0,Y,AMWI,NA,NA,NA,NA,NA,NA,NA,NA,NA,NA,NA,NA,NA,NA,NA,PE11-08-01-DAJ-AMWI,0,0,0,0,OF,NA,NA,,
PE,11,Larkins Pond,8,PE11-08,46.42105,62.43096,DAJ,2021,6,17,1,PE11-08-01-DAJ,7:20,0,13,0,1,SW,0,Y,COGR,NA,NA,NA,NA,NA,NA,NA,NA,NA,NA,NA,NA,NA,NA,NA,PE11-08-01-DAJ-COGR,1,0,1,1,,NA,NA,,
PE,11,Larkins Pond,8,PE11-08,46.42105,62.43096,DAJ,2021,6,17,1,PE11-08-01-DAJ,7:20,0,13,0,1,SW,0,Y,DEJU,NA,NA,NA,NA,NA,NA,NA,NA,NA,NA,NA,NA,NA,NA,NA,PE11-08-01-DAJ-DEJU,1,1,1,1,,NA,NA,,
PE,11,Larkins Pond,8,PE11-08,46.42105,62.43096,DAJ,2021,6,17,1,PE11-08-01-DAJ,7:20,0,13,0,1,SW,0,Y,GCKI,NA,NA,NA,NA,NA,NA,NA,NA,NA,NA,NA,NA,NA,NA,NA,PE11-08-01-DAJ-GCKI,0,0,1,1,,NA,NA,,
PE,11,Larkins Pond,8,PE11-08,46.42105,62.43096,DAJ,2021,6,17,1,PE11-08-01-DAJ,7:20,0,13,0,1,SW,0,Y,CEDW,NA,NA,NA,NA,NA,NA,NA,NA,NA,NA,NA,NA,NA,NA,NA,PE11-08-01-DAJ-CEDW,0,0,1,1,,NA,NA,,Written as CEWA
PE,11,Larkins Pond,8,PE11-08,46.42105,62.43096,DAJ,2021,6,17,1,PE11-08-01-DAJ,7:20,0,13,0,1,SW,0,Y,ALFL,NA,NA,NA,NA,NA,NA,NA,NA,NA,NA,NA,NA,NA,NA,NA,PE11-08-01-DAJ-ALFL,0,0,1,1,,NA,NA,,
PE,11,Larkins Pond,9,PE11-09,46.41914,62.42758,DAJ,2021,6,17,1,PE11-09-01-DAJ,7:42,0,14,0,1,SW,0,Y,RWBL,NA,NA,NA,NA,NA,NA,NA,NA,NA,NA,NA,NA,NA,NA,NA,PE11-09-01-DAJ-RWBL,2,2,3,3,OF,NA,NA,,
PE,11,Larkins Pond,9,PE11-09,46.41914,62.42758,DAJ,2021,6,17,1,PE11-09-01-DAJ,7:42,0,14,0,1,SW,0,Y,SWSP,NA,NA,NA,NA,NA,NA,NA,NA,NA,NA,NA,NA,NA,NA,NA,PE11-09-01-DAJ-SWSP,1,0,0,1,,NA,NA,,
PE,11,Larkins Pond,9,PE11-09,46.41914,62.42758,DAJ,2021,6,17,1,PE11-09-01-DAJ,7:42,0,14,0,1,SW,0,Y,YEWA,NA,NA,NA,NA,NA,NA,NA,NA,NA,NA,NA,NA,NA,NA,NA,PE11-09-01-DAJ-YEWA,1,1,1,1,,NA,NA,,
PE,11,Larkins Pond,9,PE11-09,46.41914,62.42758,DAJ,2021,6,17,1,PE11-09-01-DAJ,7:42,0,14,0,1,SW,0,Y,WISN,NA,NA,NA,NA,NA,NA,NA,NA,NA,NA,NA,NA,NA,NA,NA,PE11-09-01-DAJ-WISN,2,2,2,2,,NA,NA,,
PE,11,Larkins Pond,9,PE11-09,46.41914,62.42758,DAJ,2021,6,17,1,PE11-09-01-DAJ,7:42,0,14,0,1,SW,0,Y,COYE,NA,NA,NA,NA,NA,NA,NA,NA,NA,NA,NA,NA,NA,NA,NA,PE11-09-01-DAJ-COYE,0,0,1,1,,NA,NA,,
PE,11,Larkins Pond,10,PE11-10,46.41708,62.42673,DAJ,2021,6,17,1,PE11-10-01-DAJ,8:05,0,14,0,3,SW,0,Y,RWBL,NA,NA,NA,NA,NA,NA,NA,NA,NA,NA,NA,NA,NA,NA,NA,PE11-10-01-DAJ-RWBL,1,1,1,1,,NA,NA,,
PE,11,Larkins Pond,10,PE11-10,46.41708,62.42673,DAJ,2021,6,17,1,PE11-10-01-DAJ,8:05,0,14,0,3,SW,0,Y,COYE,NA,NA,NA,NA,NA,NA,NA,NA,NA,NA,NA,NA,NA,NA,NA,PE11-10-01-DAJ-COYE,1,2,1,2,,NA,NA,,
PE,11,Larkins Pond,10,PE11-10,46.41708,62.42673,DAJ,2021,6,17,1,PE11-10-01-DAJ,8:05,0,14,0,3,SW,0,Y,SWSP,NA,NA,NA,NA,NA,NA,NA,NA,NA,NA,NA,NA,NA,NA,NA,PE11-10-01-DAJ-SWSP,1,2,0,2,,NA,NA,,
PE,11,Larkins Pond,10,PE11-10,46.41708,62.42673,DAJ,2021,6,17,1,PE11-10-01-DAJ,8:05,0,14,0,3,SW,0,Y,WISN,NA,NA,NA,NA,NA,NA,NA,NA,NA,NA,NA,NA,NA,NA,NA,PE11-10-01-DAJ-WISN,1,0,0,1,,NA,NA,,
PE,11,Larkins Pond,10,PE11-10,46.41708,62.42673,DAJ,2021,6,17,1,PE11-10-01-DAJ,8:05,0,14,0,3,SW,0,Y,WTSP,NA,NA,NA,NA,NA,NA,NA,NA,NA,NA,NA,NA,NA,NA,NA,PE11-10-01-DAJ-WTSP,1,1,1,1,,NA,NA,,
PE,11,Larkins Pond,10,PE11-10,46.41708,62.42673,DAJ,2021,6,17,1,PE11-10-01-DAJ,8:05,0,14,0,3,SW,0,Y,BCCH,NA,NA,NA,NA,NA,NA,NA,NA,NA,NA,NA,NA,NA,NA,NA,PE11-10-01-DAJ-BCCH,1,0,0,1,,NA,NA,,
PE,11,Larkins Pond,10,PE11-10,46.41708,62.42673,DAJ,2021,6,17,1,PE11-10-01-DAJ,8:05,0,14,0,3,SW,0,Y,ALFL,NA,NA,NA,NA,NA,NA,NA,NA,NA,NA,NA,NA,NA,NA,NA,PE11-10-01-DAJ-ALFL,1,0,0,1,,NA,NA,,
PE,11,Larkins Pond,10,PE11-10,46.41708,62.42673,DAJ,2021,6,17,1,PE11-10-01-DAJ,8:05,0,14,0,3,SW,0,Y,AMRO,NA,NA,NA,NA,NA,NA,NA,NA,NA,NA,NA,NA,NA,NA,NA,PE11-10-01-DAJ-AMRO,1,1,0,1,,NA,NA,,
PE,11,Larkins Pond,10,PE11-10,46.41708,62.42673,DAJ,2021,6,17,1,PE11-10-01-DAJ,8:05,0,14,0,3,SW,0,Y,GBHE,NA,NA,NA,NA,NA,NA,NA,NA,NA,NA,NA,NA,NA,NA,NA,PE11-10-01-DAJ-GBHE,0,0,0,0,OF,NA,NA,,
PE,11,Larkins Pond,1,PE11-01,46.43118,62.42059,DAJ,2021,7,14,2,PE11-01-02-DAJ,5:15,6,15,0,0/1,SW,0,Y,AMRO,NA,NA,NA,NA,NA,NA,NA,NA,NA,NA,NA,NA,NA,NA,NA,PE11-01-02-DAJ-AMRO,1,1,1,1,,NA,NA,,
PE,11,Larkins Pond,1,PE11-01,46.43118,62.42059,DAJ,2021,7,14,2,PE11-01-02-DAJ,5:15,6,15,0,0/1,SW,0,Y,BCCH,NA,NA,NA,NA,NA,NA,NA,NA,NA,NA,NA,NA,NA,NA,NA,PE11-01-02-DAJ-BCCH,2,2,2,2,,NA,NA,,
PE,11,Larkins Pond,1,PE11-01,46.43118,62.42059,DAJ,2021,7,14,2,PE11-01-02-DAJ,5:15,6,15,0,0/1,SW,0,Y,ALFL,NA,NA,NA,NA,NA,NA,NA,NA,NA,NA,NA,NA,NA,NA,NA,PE11-01-02-DAJ-ALFL,1,1,2,2,,NA,NA,,
PE,11,Larkins Pond,1,PE11-01,46.43118,62.42059,DAJ,2021,7,14,2,PE11-01-02-DAJ,5:15,6,15,0,0/1,SW,0,Y,SOSP,NA,NA,NA,NA,NA,NA,NA,NA,NA,NA,NA,NA,NA,NA,NA,PE11-01-02-DAJ-SOSP,2,2,1,2,,NA,NA,,
PE,11,Larkins Pond,1,PE11-01,46.43118,62.42059,DAJ,2021,7,14,2,PE11-01-02-DAJ,5:15,6,15,0,0/1,SW,0,Y,NOPA,NA,NA,NA,NA,NA,NA,NA,NA,NA,NA,NA,NA,NA,NA,NA,PE11-01-02-DAJ-NOPA,2,2,1,2,,NA,NA,,
PE,11,Larkins Pond,2,PE11-02,46.42938,62.41961,DAJ,2021,7,14,2,PE11-02-02-DAJ,5:33,6,15,0,0/1,SW,0,Y,ALFL,NA,NA,NA,NA,NA,NA,NA,NA,NA,NA,NA,NA,NA,NA,NA,PE11-02-02-DAJ-ALFL,1,1,1,1,OF,NA,NA,,
PE,11,Larkins Pond,2,PE11-02,46.42938,62.41961,DAJ,2021,7,14,2,PE11-02-02-DAJ,5:33,6,15,0,0/1,SW,0,Y,AMRO,NA,NA,NA,NA,NA,NA,NA,NA,NA,NA,NA,NA,NA,NA,NA,PE11-02-02-DAJ-AMRO,1,1,1,1,OF,NA,NA,,
PE,11,Larkins Pond,2,PE11-02,46.42938,62.41961,DAJ,2021,7,14,2,PE11-02-02-DAJ,5:33,6,15,0,0/1,SW,0,Y,CEDW,NA,NA,NA,NA,NA,NA,NA,NA,NA,NA,NA,NA,NA,NA,NA,PE11-02-02-DAJ-CEDW,1,0,0,1,,NA,NA,,Written as CEWA
PE,11,Larkins Pond,2,PE11-02,46.42938,62.41961,DAJ,2021,7,14,2,PE11-02-02-DAJ,5:33,6,15,0,0/1,SW,0,Y,RWBL,NA,NA,NA,NA,NA,NA,NA,NA,NA,NA,NA,NA,NA,NA,NA,PE11-02-02-DAJ-RWBL,0,1,2,2,OF,NA,NA,,
PE,11,Larkins Pond,2,PE11-02,46.42938,62.41961,DAJ,2021,7,14,2,PE11-02-02-DAJ,5:33,6,15,0,0/1,SW,0,Y,SWSP,NA,NA,NA,NA,NA,NA,NA,NA,NA,NA,NA,NA,NA,NA,NA,PE11-02-02-DAJ-SWSP,0,1,1,1,OF,NA,NA,,
PE,11,Larkins Pond,3,PE11-03,46.42709,62.4187,DAJ,2021,7,14,2,PE11-03-02-DAJ,5:55,5,16,0,0/1,SW,0,Y,AMRO,NA,NA,NA,NA,NA,NA,NA,NA,NA,NA,NA,NA,NA,NA,NA,PE11-03-02-DAJ-AMRO,2,2,1,2,OF,NA,NA,,
PE,11,Larkins Pond,3,PE11-03,46.42709,62.4187,DAJ,2021,7,14,2,PE11-03-02-DAJ,5:55,5,16,0,0/1,SW,0,Y,GCKI,NA,NA,NA,NA,NA,NA,NA,NA,NA,NA,NA,NA,NA,NA,NA,PE11-03-02-DAJ-GCKI,1,1,1,1,,NA,NA,,
PE,11,Larkins Pond,3,PE11-03,46.42709,62.4187,DAJ,2021,7,14,2,PE11-03-02-DAJ,5:55,5,16,0,0/1,SW,0,Y,CEDW,NA,NA,NA,NA,NA,NA,NA,NA,NA,NA,NA,NA,NA,NA,NA,PE11-03-02-DAJ-CEDW,1,1,2,2,,NA,NA,,Written as CEWA
PE,11,Larkins Pond,3,PE11-03,46.42709,62.4187,DAJ,2021,7,14,2,PE11-03-02-DAJ,5:55,5,16,0,0/1,SW,0,Y,NOPA,NA,NA,NA,NA,NA,NA,NA,NA,NA,NA,NA,NA,NA,NA,NA,PE11-03-02-DAJ-NOPA,1,1,0,1,,NA,NA,,
PE,11,Larkins Pond,3,PE11-03,46.42709,62.4187,DAJ,2021,7,14,2,PE11-03-02-DAJ,5:55,5,16,0,0/1,SW,0,Y,COGR,NA,NA,NA,NA,NA,NA,NA,NA,NA,NA,NA,NA,NA,NA,NA,PE11-03-02-DAJ-COGR,3,0,0,3,,NA,NA,,
PE,11,Larkins Pond,3,PE11-03,46.42709,62.4187,DAJ,2021,7,14,2,PE11-03-02-DAJ,5:55,5,16,0,0/1,SW,0,Y,NOFL,NA,NA,NA,NA,NA,NA,NA,NA,NA,NA,NA,NA,NA,NA,NA,PE11-03-02-DAJ-NOFL,1,0,1,1,,NA,NA,,
PE,11,Larkins Pond,3,PE11-03,46.42709,62.4187,DAJ,2021,7,14,2,PE11-03-02-DAJ,5:55,5,16,0,0/1,SW,0,Y,RTHU,NA,NA,NA,NA,NA,NA,NA,NA,NA,NA,NA,NA,NA,NA,NA,PE11-03-02-DAJ-RTHU,1,1,0,1,,NA,NA,,
PE,11,Larkins Pond,3,PE11-03,46.42709,62.4187,DAJ,2021,7,14,2,PE11-03-02-DAJ,5:55,5,16,0,0/1,SW,0,Y,YEWA,NA,NA,NA,NA,NA,NA,NA,NA,NA,NA,NA,NA,NA,NA,NA,PE11-03-02-DAJ-YEWA,0,1,1,1,,NA,NA,,
PE,11,Larkins Pond,3,PE11-03,46.42709,62.4187,DAJ,2021,7,14,2,PE11-03-02-DAJ,5:55,5,16,0,0/1,SW,0,Y,REVI,NA,NA,NA,NA,NA,NA,NA,NA,NA,NA,NA,NA,NA,NA,NA,PE11-03-02-DAJ-REVI,0,0,1,1,,NA,NA,,
PE,11,Larkins Pond,3,PE11-03,46.42709,62.4187,DAJ,2021,7,14,2,PE11-03-02-DAJ,5:55,5,16,0,0/1,SW,0,Y,RWBL,NA,NA,NA,NA,NA,NA,NA,NA,NA,NA,NA,NA,NA,NA,NA,PE11-03-02-DAJ-RWBL,0,0,1,1,,NA,NA,,
PE,11,Larkins Pond,4,PE11-04,46.42732,62.42189,DAJ,2021,7,14,2,PE11-04-02-DAJ,6:14,6,15,0,0/1,SW,0,Y,COYE,NA,NA,NA,NA,NA,NA,NA,NA,NA,NA,NA,NA,NA,NA,NA,PE11-04-02-DAJ-COYE,1,1,0,1,,NA,NA,,
PE,11,Larkins Pond,4,PE11-04,46.42732,62.42189,DAJ,2021,7,14,2,PE11-04-02-DAJ,6:14,6,15,0,0/1,SW,0,Y,AMRO,NA,NA,NA,NA,NA,NA,NA,NA,NA,NA,NA,NA,NA,NA,NA,PE11-04-02-DAJ-AMRO,1,1,1,1,OF,NA,NA,,
PE,11,Larkins Pond,4,PE11-04,46.42732,62.42189,DAJ,2021,7,14,2,PE11-04-02-DAJ,6:14,6,15,0,0/1,SW,0,Y,SOSP,NA,NA,NA,NA,NA,NA,NA,NA,NA,NA,NA,NA,NA,NA,NA,PE11-04-02-DAJ-SOSP,1,0,0,1,,NA,NA,,
PE,11,Larkins Pond,4,PE11-04,46.42732,62.42189,DAJ,2021,7,14,2,PE11-04-02-DAJ,6:14,6,15,0,0/1,SW,0,Y,SWSP,NA,NA,NA,NA,NA,NA,NA,NA,NA,NA,NA,NA,NA,NA,NA,PE11-04-02-DAJ-SWSP,1,1,1,1,,NA,NA,,
PE,11,Larkins Pond,4,PE11-04,46.42732,62.42189,DAJ,2021,7,14,2,PE11-04-02-DAJ,6:14,6,15,0,0/1,SW,0,Y,GCKI,NA,NA,NA,NA,NA,NA,NA,NA,NA,NA,NA,NA,NA,NA,NA,PE11-04-02-DAJ-GCKI,1,1,0,1,,NA,NA,,
PE,11,Larkins Pond,4,PE11-04,46.42732,62.42189,DAJ,2021,7,14,2,PE11-04-02-DAJ,6:14,6,15,0,0/1,SW,0,Y,YEWA,NA,NA,NA,NA,NA,NA,NA,NA,NA,NA,NA,NA,NA,NA,NA,PE11-04-02-DAJ-YEWA,1,1,0,1,,NA,NA,,
PE,11,Larkins Pond,4,PE11-04,46.42732,62.42189,DAJ,2021,7,14,2,PE11-04-02-DAJ,6:14,6,15,0,0/1,SW,0,Y,NOPA,NA,NA,NA,NA,NA,NA,NA,NA,NA,NA,NA,NA,NA,NA,NA,PE11-04-02-DAJ-NOPA,0,2,0,2,,NA,NA,,
PE,11,Larkins Pond,5,PE11-05,46.42963,62.42347,DAJ,2021,7,14,2,PE11-05-02-DAJ,6:35,6,15,0,1,SW,0,Y,SWSP,NA,NA,NA,NA,NA,NA,NA,NA,NA,NA,NA,NA,NA,NA,NA,PE11-05-02-DAJ-SWSP,2,1,1,2,,NA,NA,,
PE,11,Larkins Pond,5,PE11-05,46.42963,62.42347,DAJ,2021,7,14,2,PE11-05-02-DAJ,6:35,6,15,0,1,SW,0,Y,RWBL,NA,NA,NA,NA,NA,NA,NA,NA,NA,NA,NA,NA,NA,NA,NA,PE11-05-02-DAJ-RWBL,2,0,1,2,,NA,NA,,
PE,11,Larkins Pond,5,PE11-05,46.42963,62.42347,DAJ,2021,7,14,2,PE11-05-02-DAJ,6:35,6,15,0,1,SW,0,Y,YEWA,NA,NA,NA,NA,NA,NA,NA,NA,NA,NA,NA,NA,NA,NA,NA,PE11-05-02-DAJ-YEWA,3,2,1,3,,NA,NA,,
PE,11,Larkins Pond,5,PE11-05,46.42963,62.42347,DAJ,2021,7,14,2,PE11-05-02-DAJ,6:35,6,15,0,1,SW,0,Y,ALFL,NA,NA,NA,NA,NA,NA,NA,NA,NA,NA,NA,NA,NA,NA,NA,PE11-05-02-DAJ-ALFL,1,0,1,1,,NA,NA,,
PE,11,Larkins Pond,5,PE11-05,46.42963,62.42347,DAJ,2021,7,14,2,PE11-05-02-DAJ,6:35,6,15,0,1,SW,0,Y,AMRO,NA,NA,NA,NA,NA,NA,NA,NA,NA,NA,NA,NA,NA,NA,NA,PE11-05-02-DAJ-AMRO,1,1,0,1,,NA,NA,,
PE,11,Larkins Pond,5,PE11-05,46.42963,62.42347,DAJ,2021,7,14,2,PE11-05-02-DAJ,6:35,6,15,0,1,SW,0,Y,BWTE,NA,NA,NA,NA,NA,NA,NA,NA,NA,NA,NA,NA,NA,NA,NA,PE11-05-02-DAJ-BWTE,0,0,0,0,OF,NA,NA,,
PE,11,Larkins Pond,6,PE11-06,46.42793,62.42643,DAJ,2021,7,14,2,PE11-06-02-DAJ,6:55,6,15,0,1,SW,1,Y,YEWA,NA,NA,NA,NA,NA,NA,NA,NA,NA,NA,NA,NA,NA,NA,NA,PE11-06-02-DAJ-YEWA,1,1,1,1,,NA,NA,,
PE,11,Larkins Pond,6,PE11-06,46.42793,62.42643,DAJ,2021,7,14,2,PE11-06-02-DAJ,6:55,6,15,0,1,SW,1,Y,COYE,NA,NA,NA,NA,NA,NA,NA,NA,NA,NA,NA,NA,NA,NA,NA,PE11-06-02-DAJ-COYE,1,1,1,1,,NA,NA,,
PE,11,Larkins Pond,6,PE11-06,46.42793,62.42643,DAJ,2021,7,14,2,PE11-06-02-DAJ,6:55,6,15,0,1,SW,1,Y,AMRO,NA,NA,NA,NA,NA,NA,NA,NA,NA,NA,NA,NA,NA,NA,NA,PE11-06-02-DAJ-AMRO,1,1,0,1,,NA,NA,,
PE,11,Larkins Pond,7,PE11-07,46.42397,62.42865,DAJ,2021,7,14,2,PE11-07-02-DAJ,7:20,7,15,0,1,SW,0,Y,SWSP,NA,NA,NA,NA,NA,NA,NA,NA,NA,NA,NA,NA,NA,NA,NA,PE11-07-02-DAJ-SWSP,2,2,2,2,,NA,NA,,
PE,11,Larkins Pond,7,PE11-07,46.42397,62.42865,DAJ,2021,7,14,2,PE11-07-02-DAJ,7:20,7,15,0,1,SW,0,Y,RWBL,NA,NA,NA,NA,NA,NA,NA,NA,NA,NA,NA,NA,NA,NA,NA,PE11-07-02-DAJ-RWBL,1,1,1,1,,NA,NA,,
PE,11,Larkins Pond,7,PE11-07,46.42397,62.42865,DAJ,2021,7,14,2,PE11-07-02-DAJ,7:20,7,15,0,1,SW,0,Y,CEDW,NA,NA,NA,NA,NA,NA,NA,NA,NA,NA,NA,NA,NA,NA,NA,PE11-07-02-DAJ-CEDW,1,1,1,1,,NA,NA,,Written as CEWA
PE,11,Larkins Pond,7,PE11-07,46.42397,62.42865,DAJ,2021,7,14,2,PE11-07-02-DAJ,7:20,7,15,0,1,SW,0,Y,WODU,NA,NA,NA,NA,NA,NA,NA,NA,NA,NA,NA,NA,NA,NA,NA,PE11-07-02-DAJ-WODU,0,0,0,0,OF,NA,NA,,
PE,11,Larkins Pond,7,PE11-07,46.42397,62.42865,DAJ,2021,7,14,2,PE11-07-02-DAJ,7:20,7,15,0,1,SW,0,Y,RCKI,NA,NA,NA,NA,NA,NA,NA,NA,NA,NA,NA,NA,NA,NA,NA,PE11-07-02-DAJ-RCKI,1,1,1,1,,NA,NA,,
PE,11,Larkins Pond,8,PE11-08,46.42105,62.43096,DAJ,2021,7,14,2,PE11-08-02-DAJ,7:41,7,15,0,1,SW,0,Y,YEWA,NA,NA,NA,NA,NA,NA,NA,NA,NA,NA,NA,NA,NA,NA,NA,PE11-08-02-DAJ-YEWA,1,1,1,1,,NA,NA,,
PE,11,Larkins Pond,8,PE11-08,46.42105,62.43096,DAJ,2021,7,14,2,PE11-08-02-DAJ,7:41,7,15,0,1,SW,0,Y,RWBL,NA,NA,NA,NA,NA,NA,NA,NA,NA,NA,NA,NA,NA,NA,NA,PE11-08-02-DAJ-RWBL,2,2,1,2,OF,NA,NA,,
PE,11,Larkins Pond,8,PE11-08,46.42105,62.43096,DAJ,2021,7,14,2,PE11-08-02-DAJ,7:41,7,15,0,1,SW,0,Y,CEDW,NA,NA,NA,NA,NA,NA,NA,NA,NA,NA,NA,NA,NA,NA,NA,PE11-08-02-DAJ-CEDW,1,1,1,1,,NA,NA,,Written as CEWA
PE,11,Larkins Pond,8,PE11-08,46.42105,62.43096,DAJ,2021,7,14,2,PE11-08-02-DAJ,7:41,7,15,0,1,SW,0,Y,COYE,NA,NA,NA,NA,NA,NA,NA,NA,NA,NA,NA,NA,NA,NA,NA,PE11-08-02-DAJ-COYE,0,1,1,1,,NA,NA,,
PE,11,Larkins Pond,8,PE11-08,46.42105,62.43096,DAJ,2021,7,14,2,PE11-08-02-DAJ,7:41,7,15,0,1,SW,0,Y,SWSP,NA,NA,NA,NA,NA,NA,NA,NA,NA,NA,NA,NA,NA,NA,NA,PE11-08-02-DAJ-SWSP,0,1,1,1,,NA,NA,,
PE,11,Larkins Pond,9,PE11-09,46.41914,62.42758,DAJ,2021,7,14,2,PE11-09-02-DAJ,8:00,7,15,0,1,SW,0,Y,SWSP,NA,NA,NA,NA,NA,NA,NA,NA,NA,NA,NA,NA,NA,NA,NA,PE11-09-02-DAJ-SWSP,3,3,4,4,,NA,NA,,
PE,11,Larkins Pond,9,PE11-09,46.41914,62.42758,DAJ,2021,7,14,2,PE11-09-02-DAJ,8:00,7,15,0,1,SW,0,Y,WTSP,NA,NA,NA,NA,NA,NA,NA,NA,NA,NA,NA,NA,NA,NA,NA,PE11-09-02-DAJ-WTSP,1,1,0,1,,NA,NA,,
PE,11,Larkins Pond,9,PE11-09,46.41914,62.42758,DAJ,2021,7,14,2,PE11-09-02-DAJ,8:00,7,15,0,1,SW,0,Y,YEWA,NA,NA,NA,NA,NA,NA,NA,NA,NA,NA,NA,NA,NA,NA,NA,PE11-09-02-DAJ-YEWA,1,1,1,1,,NA,NA,,
PE,11,Larkins Pond,9,PE11-09,46.41914,62.42758,DAJ,2021,7,14,2,PE11-09-02-DAJ,8:00,7,15,0,1,SW,0,Y,AMRO,NA,NA,NA,NA,NA,NA,NA,NA,NA,NA,NA,NA,NA,NA,NA,PE11-09-02-DAJ-AMRO,0,1,1,1,,NA,NA,,
PE,11,Larkins Pond,9,PE11-09,46.41914,62.42758,DAJ,2021,7,14,2,PE11-09-02-DAJ,8:00,7,15,0,1,SW,0,Y,RWBL,NA,NA,NA,NA,NA,NA,NA,NA,NA,NA,NA,NA,NA,NA,NA,PE11-09-02-DAJ-RWBL,0,0,0,0,OF,NA,NA,,
PE,11,Larkins Pond,9,PE11-09,46.41914,62.42758,DAJ,2021,7,14,2,PE11-09-02-DAJ,8:00,7,15,0,1,SW,0,Y,NOPA,NA,NA,NA,NA,NA,NA,NA,NA,NA,NA,NA,NA,NA,NA,NA,PE11-09-02-DAJ-NOPA,0,0,1,1,,NA,NA,,
PE,11,Larkins Pond,10,PE11-10,46.41708,62.42673,DAJ,2021,7,14,2,PE11-10-02-DAJ,8:22,7,15,0,1,SW,0,Y,RWBL,NA,NA,NA,NA,NA,NA,NA,NA,NA,NA,NA,NA,NA,NA,NA,PE11-10-02-DAJ-RWBL,1,1,1,1,,NA,NA,,
PE,11,Larkins Pond,10,PE11-10,46.41708,62.42673,DAJ,2021,7,14,2,PE11-10-02-DAJ,8:22,7,15,0,1,SW,0,Y,SWSP,NA,NA,NA,NA,NA,NA,NA,NA,NA,NA,NA,NA,NA,NA,NA,PE11-10-02-DAJ-SWSP,1,2,2,2,,NA,NA,,
PE,11,Larkins Pond,10,PE11-10,46.41708,62.42673,DAJ,2021,7,14,2,PE11-10-02-DAJ,8:22,7,15,0,1,SW,0,Y,YEWA,NA,NA,NA,NA,NA,NA,NA,NA,NA,NA,NA,NA,NA,NA,NA,PE11-10-02-DAJ-YEWA,0,1,1,1,,NA,NA,,
PE,11,Larkins Pond,10,PE11-10,46.41708,62.42673,DAJ,2021,7,14,2,PE11-10-02-DAJ,8:22,7,15,0,1,SW,0,Y,BWTE,NA,NA,NA,NA,NA,NA,NA,NA,NA,NA,NA,NA,NA,NA,NA,PE11-10-02-DAJ-BWTE,0,1,0,1,,NA,NA,,
PE,11,Larkins Pond,10,PE11-10,46.41708,62.42673,DAJ,2021,7,14,2,PE11-10-02-DAJ,8:22,7,15,0,1,SW,0,Y,COYE,NA,NA,NA,NA,NA,NA,NA,NA,NA,NA,NA,NA,NA,NA,NA,PE11-10-02-DAJ-COYE,0,0,1,1,,NA,NA,,
PE,11,Larkins Pond,10,PE11-10,46.41708,62.42673,DAJ,2021,7,14,2,PE11-10-02-DAJ,8:22,7,15,0,1,SW,0,Y,WISN,NA,NA,NA,NA,NA,NA,NA,NA,NA,NA,NA,NA,NA,NA,NA,PE11-10-02-DAJ-WISN,0,0,0,0,OF,NA,NA,,
