"","prov","route","route_identifier","route.name","point","pointID","lat","long","obs","year","month","day","visit","visitID","start","cloud","temp","ppt","wind","dir","bkgd","both.prim.sec","spcd","common_name","bef","m1","m2","m3","m4","m5","lebi","yera.nesp","vira","sora","pbgr","m10.15","after","distance","prev_point","observationID","m0.5","m5.10","m10.15_secondary","max.count","af_of","duck_nM","duck_nF","n_young","notes"
"1","NB","28","NB28","Beech Lake",10,"NB28-10",NA,NA,"LEB",2021,7,14,2,"NB28-10-02-LEB","8:28",8,NA,0,"3","S","1","Y","PBGR","Pied-billed Grebe","0","0","0","0","0","0","0","0","0","0","A","0","V","50-100","N",NA,NA,NA,NA,NA,NA,NA,NA,NA,""
"2","NB","28","NB28","Beech Lake",10,"NB28-10",NA,NA,"LEB",2021,7,14,2,"NB28-10-02-LEB","8:28",8,NA,0,"3","S","1","Y","AMBI","American Bittern","0","0","0","0","0","0","0","0","0","0","0","AV","0","50-100","N",NA,NA,NA,NA,NA,NA,NA,NA,NA,"Croaking"
"3","NB","28","NB28","Beech Lake",6,"NB28-06",NA,NA,"LEB",2021,7,14,2,"NB28-06-02-LEB","7:00",7,NA,0,"0",NA,"1","Y","VIRA","Virginia Rail","0","0","0","0","0","0","0","A","A","0","0","0","0",">100","N",NA,NA,NA,NA,NA,NA,NA,NA,NA,""
"4","NB","28","NB28","Beech Lake",5,"NB28-05",NA,NA,"LEB",2021,7,14,2,"NB28-05-02-LEB","6:37",8,NA,0,"1","SE","1","Y","PBGR","Pied-billed Grebe","0","0","0","0","0","0","0","A","0","0","0","0","0",">100","N",NA,NA,NA,NA,NA,NA,NA,NA,NA,"VERY distant!"
"5","NB","28","NB28","Beech Lake",4,"NB28-04",NA,NA,"LEB",2021,7,14,2,"NB28-04-02-LEB","6:14",8,NA,0,"0",NA,"1","Y","AMBI","American Bittern","0","0","0","0","0","0","0","0","0","0","0","0","V","50-100","N",NA,NA,NA,NA,NA,NA,NA,NA,NA,""
"6","NB","28","NB28","Beech Lake",3,"NB28-03",NA,NA,"LEB",2021,7,14,2,"NB28-03-02-LEB","5:52",8,NA,0,"1","SE","0","Y","VIRA","Virginia Rail","0","0","0","0","0","0","0","0","0","0","0","AV","0",">100","N",NA,NA,NA,NA,NA,NA,NA,NA,NA,""
"7","NB","28","NB28","Beech Lake",1,"NB28-01",NA,NA,"LEB",2021,7,14,2,"NB28-01-02-LEB","5:23",8,NA,0,"2","SE","0","Y","VIRA","Virginia Rail","0","0","0","0","0","0","0","0","A","0","0","0","0","50-100","N",NA,NA,NA,NA,NA,NA,NA,NA,NA,""
"8","NB","28","NB28","Beech Lake",1,"NB28-01",NA,NA,"LEB",2021,7,14,2,"NB28-01-02-LEB","5:23",8,NA,0,"2","SE","0","Y","SORA","Sora","0","0","0","0","0","0","0","0","0","A","0","0","A",">100","N",NA,NA,NA,NA,NA,NA,NA,NA,NA,""
"9","NB","37","NB37","Westcock",1,"NB37-01",NA,NA,"KIO",2021,6,9,1,"NB37-01-01-KIO","5:00",6,NA,0,"1","W","1","Y","NESP","Nelson's Sparrow","A","A","A","A","A","A","A","A","A","A","0","A","0","50-100","N",NA,NA,NA,NA,NA,NA,NA,NA,NA,"Might be >4 total NESP"
"10","NB","37","NB37","Westcock",1,"NB37-01",NA,NA,"KIO",2021,6,9,1,"NB37-01-01-KIO","5:00",6,NA,0,"1","W","1","Y","NESP","Nelson's Sparrow","A","A","A","A","A","A","A","A","A","A","0","A","0","50-100","N",NA,NA,NA,NA,NA,NA,NA,NA,NA,""
"11","NB","37","NB37","Westcock",1,"NB37-01",NA,NA,"KIO",2021,6,9,1,"NB37-01-01-KIO","5:00",6,NA,0,"1","W","1","Y","NESP","Nelson's Sparrow","0","0","0","0","0","A","A","A","A","A","0","A","0","<50","N",NA,NA,NA,NA,NA,NA,NA,NA,NA,""
"12","NB","37","NB37","Westcock",1,"NB37-01",NA,NA,"KIO",2021,6,9,1,"NB37-01-01-KIO","5:00",6,NA,0,"1","W","1","Y","NESP","Nelson's Sparrow","0","0","0","0","0","0","0","0","0","A","0","A","0","50-100","N",NA,NA,NA,NA,NA,NA,NA,NA,NA,"Probably heard before but only now knew it was a 4th"
"13","NB","37","NB37","Westcock",1,"NB37-01",NA,NA,"KIO",2021,6,9,1,"NB37-01-01-KIO","5:00",6,NA,0,"1","W","1","Y","WILL","Willet","0","0","0","0","0","0","0","0","0","0","A","0","0",">100","N",NA,NA,NA,NA,NA,NA,NA,NA,NA,""
"14","NB","37","NB37","Westcock",2,"NB37-02",NA,NA,"KIO",2021,6,9,1,"NB37-02-01-KIO","5:28",6,NA,0,"1","W","1","Y","NESP","Nelson's Sparrow","0","0","A","0","0","0","0","0","0","0","0","0","0","<50","N",NA,NA,NA,NA,NA,NA,NA,NA,NA,""
"15","NB","37","NB37","Westcock",2,"NB37-02",NA,NA,"KIO",2021,6,9,1,"NB37-02-01-KIO","5:28",6,NA,0,"1","W","1","Y","NESP","Nelson's Sparrow","0","0","0","0","A","0","A","0","0","0","A","0","A","50-100","N",NA,NA,NA,NA,NA,NA,NA,NA,NA,""
"16","NB","37","NB37","Westcock",2,"NB37-02",NA,NA,"KIO",2021,6,9,1,"NB37-02-01-KIO","5:28",6,NA,0,"1","W","1","Y","NESP","Nelson's Sparrow","0","0","0","0","0","0","0","A","0","0","A","0","A","50-100","N",NA,NA,NA,NA,NA,NA,NA,NA,NA,""
"17","NB","37","NB37","Westcock",2,"NB37-02",NA,NA,"KIO",2021,6,9,1,"NB37-02-01-KIO","5:28",6,NA,0,"1","W","1","Y","NESP","Nelson's Sparrow","0","0","0","0","0","0","0","0","0","A","0","0","0","50-100","N",NA,NA,NA,NA,NA,NA,NA,NA,NA,""
"18","NB","37","NB37","Westcock",3,"NB37-03",NA,NA,"KIO",2021,6,9,1,"NB37-03-01-KIO","5:50",10,NA,0,"0",NA,"1","Y","NESP","Nelson's Sparrow","A","A","A","A","A","0","0","0","A","0","0","0","0","<50","N",NA,NA,NA,NA,NA,NA,NA,NA,NA,""
"19","NB","37","NB37","Westcock",3,"NB37-03",NA,NA,"KIO",2021,6,9,1,"NB37-03-01-KIO","5:50",10,NA,0,"0",NA,"1","Y","NESP","Nelson's Sparrow","0","A","A","A","0","0","A","0","0","A","0","A","0","<50","N",NA,NA,NA,NA,NA,NA,NA,NA,NA,""
"20","NB","37","NB37","Westcock",4,"NB37-04",NA,NA,"KIO",2021,6,9,1,"NB37-04-01-KIO","6:12",10,NA,0,"1","W","2","Y","NESP","Nelson's Sparrow","A","0","0","0","0","0","0","0","0","0","0","A","0","<50","N",NA,NA,NA,NA,NA,NA,NA,NA,NA,""
"21","NB","37","NB37","Westcock",4,"NB37-04",NA,NA,"KIO",2021,6,9,1,"NB37-04-01-KIO","6:12",10,NA,0,"1","W","2","Y","NESP","Nelson's Sparrow","0","A","A","A","0","0","0","0","A","0","0","A","A","<50","N",NA,NA,NA,NA,NA,NA,NA,NA,NA,""
"22","NB","37","NB37","Westcock",4,"NB37-04",NA,NA,"KIO",2021,6,9,1,"NB37-04-01-KIO","6:12",10,NA,0,"1","W","2","Y","NESP","Nelson's Sparrow","0","A","A","A","0","A","0","A","0","0","0","A","0","<50","N",NA,NA,NA,NA,NA,NA,NA,NA,NA,"Might be two"
"23","NB","37","NB37","Westcock",4,"NB37-04",NA,NA,"KIO",2021,6,9,1,"NB37-04-01-KIO","6:12",10,NA,0,"1","W","2","Y","NESP","Nelson's Sparrow","0","0","0","A","0","A","0","A","A","0","0","0","0","50-100","N",NA,NA,NA,NA,NA,NA,NA,NA,NA,""
"24","NB","37","NB37","Westcock",5,"NB37-05",NA,NA,"KIO",2021,6,9,1,"NB37-05-01-KIO","6:34",10,NA,0,"1","W","2","Y","NESP","Nelson's Sparrow","V","A","0","0","0","A","0","0","0","0","0","A","0","<50","N",NA,NA,NA,NA,NA,NA,NA,NA,NA,""
"25","NB","37","NB37","Westcock",5,"NB37-05",NA,NA,"KIO",2021,6,9,1,"NB37-05-01-KIO","6:34",10,NA,0,"1","W","2","Y","NESP","Nelson's Sparrow","0","0","A","0","0","0","0","A","0","0","0","0","0","50-100","N",NA,NA,NA,NA,NA,NA,NA,NA,NA,""
"26","NB","37","NB37","Westcock",5,"NB37-05",NA,NA,"KIO",2021,6,9,1,"NB37-05-01-KIO","6:34",10,NA,0,"1","W","2","Y","NESP","Nelson's Sparrow","0","0","0","0","A","0","A","V","V","V","V","AV","V","<50","N",NA,NA,NA,NA,NA,NA,NA,NA,NA,""
"27","NB","37","NB37","Westcock",5,"NB37-05",NA,NA,"KIO",2021,6,9,1,"NB37-05-01-KIO","6:34",10,NA,0,"1","W","2","Y","NESP","Nelson's Sparrow","0","0","0","0","0","A","A","0","0","A","0","A","0","<50","N",NA,NA,NA,NA,NA,NA,NA,NA,NA,""
"28","NB","37","NB37","Westcock",5,"NB37-05",NA,NA,"KIO",2021,6,9,1,"NB37-05-01-KIO","6:34",10,NA,0,"1","W","2","Y","NESP","Nelson's Sparrow","0","0","0","0","0","0","0","0","0","0","A","A","0","<50","N",NA,NA,NA,NA,NA,NA,NA,NA,NA,""
"29","NB","37","NB37","Westcock",6,"NB37-06",NA,NA,"KIO",2021,6,9,1,"NB37-06-01-KIO","6:57",10,NA,0,"0",NA,"2","Y","NESP","Nelson's Sparrow","0","A","A","A","A","A","A","0","0","0","0","0","0","<50","N",NA,NA,NA,NA,NA,NA,NA,NA,NA,""
"30","NB","37","NB37","Westcock",6,"NB37-06",NA,NA,"KIO",2021,6,9,1,"NB37-06-01-KIO","6:57",10,NA,0,"0",NA,"2","Y","NESP","Nelson's Sparrow","0","A","A","0","A","0","0","0","0","0","0","A","0","<50","N",NA,NA,NA,NA,NA,NA,NA,NA,NA,""
"31","NB","37","NB37","Westcock",6,"NB37-06",NA,NA,"KIO",2021,6,9,1,"NB37-06-01-KIO","6:57",10,NA,0,"0",NA,"2","Y","NESP","Nelson's Sparrow","0","0","A","0","0","0","A","A","0","0","A","0","0","<50","N",NA,NA,NA,NA,NA,NA,NA,NA,NA,""
"32","NB","37","NB37","Westcock",6,"NB37-06",NA,NA,"KIO",2021,6,9,1,"NB37-06-01-KIO","6:57",10,NA,0,"0",NA,"2","Y","NESP","Nelson's Sparrow","0","0","0","0","0","A","0","0","0","0","0","A","0","50-100","N",NA,NA,NA,NA,NA,NA,NA,NA,NA,""
"33","NB","37","NB37","Westcock",6,"NB37-06",NA,NA,"KIO",2021,6,9,1,"NB37-06-01-KIO","6:57",10,NA,0,"0",NA,"2","Y","NESP","Nelson's Sparrow","0","0","0","0","0","0","A","0","0","A","0","A","0","<50","N",NA,NA,NA,NA,NA,NA,NA,NA,NA,""
"34","NB","37","NB37","Westcock",7,"NB37-07",NA,NA,"KIO",2021,6,9,1,"NB37-07-01-KIO","7:20",10,NA,0,"1","W","3","Y","NESP","Nelson's Sparrow","A","A","0","A","0","0","0","A","0","0","0","A","0","<50","N",NA,NA,NA,NA,NA,NA,NA,NA,NA,""
"35","NB","37","NB37","Westcock",7,"NB37-07",NA,NA,"KIO",2021,6,9,1,"NB37-07-01-KIO","7:20",10,NA,0,"1","W","3","Y","NESP","Nelson's Sparrow","0","0","0","A","A","A","A","0","0","A","0","0","0","<50","N",NA,NA,NA,NA,NA,NA,NA,NA,NA,""
"36","NB","37","NB37","Westcock",7,"NB37-07",NA,NA,"KIO",2021,6,9,1,"NB37-07-01-KIO","7:20",10,NA,0,"1","W","3","Y","NESP","Nelson's Sparrow","0","0","0","A","0","0","0","0","0","0","A","A","0","<50","N",NA,NA,NA,NA,NA,NA,NA,NA,NA,""
"37","NB","37","NB37","Westcock",7,"NB37-07",NA,NA,"KIO",2021,6,9,1,"NB37-07-01-KIO","7:20",10,NA,0,"1","W","3","Y","NESP","Nelson's Sparrow","0","0","0","0","A","A","A","0","0","0","0","0","0","<50","N",NA,NA,NA,NA,NA,NA,NA,NA,NA,""
"38","NB","37","NB37","Westcock",7,"NB37-07",NA,NA,"KIO",2021,6,9,1,"NB37-07-01-KIO","7:20",10,NA,0,"1","W","3","Y","NESP","Nelson's Sparrow","0","0","0","0","0","0","0","V","0","0","0","0","0","<50","N",NA,NA,NA,NA,NA,NA,NA,NA,NA,""
"39","NB","37","NB37","Westcock",8,"NB37-08",NA,NA,"KIO",2021,6,9,1,"NB37-08-01-KIO","7:45",10,NA,0,"2","W","1","Y","NESP","Nelson's Sparrow","0","0","0","0","0","0","A","A","A","A","A","A","0","<50","N",NA,NA,NA,NA,NA,NA,NA,NA,NA,"Might be >3"
"40","NB","37","NB37","Westcock",8,"NB37-08",NA,NA,"KIO",2021,6,9,1,"NB37-08-01-KIO","7:45",10,NA,0,"2","W","1","Y","NESP","Nelson's Sparrow","0","0","0","0","0","0","0","A","0","0","0","A","A","50-100","N",NA,NA,NA,NA,NA,NA,NA,NA,NA,""
"41","NB","37","NB37","Westcock",8,"NB37-08",NA,NA,"KIO",2021,6,9,1,"NB37-08-01-KIO","7:45",10,NA,0,"2","W","1","Y","NESP","Nelson's Sparrow","0","0","0","0","0","0","0","0","0","A","0","A","A","<50","N",NA,NA,NA,NA,NA,NA,NA,NA,NA,""
"42","NB","37","NB37","Westcock",9,"NB37-09",NA,NA,"KIO",2021,6,9,1,"NB37-09-01-KIO","8:07",10,NA,0,"1","W","1","Y","NESP","Nelson's Sparrow","0","0","0","0","0","0","0","A","0","A","0","A","0","50-100","N",NA,NA,NA,NA,NA,NA,NA,NA,NA,""
"43","NB","37","NB37","Westcock",10,"NB37-10",NA,NA,"KIO",2021,6,9,1,"NB37-10-01-KIO","8:29",8,NA,0,"0",NA,"1","Y","NESP","Nelson's Sparrow","0","A","0","0","0","A","0","0","0","0","0","0","0","<50","N",NA,NA,NA,NA,NA,NA,NA,NA,NA,""
"44","NB","37","NB37","Westcock",10,"NB37-10",NA,NA,"KIO",2021,6,9,1,"NB37-10-01-KIO","8:29",8,NA,0,"0",NA,"1","Y","NESP","Nelson's Sparrow","0","A","0","0","0","0","0","A","0","0","0","0","0","<50","N",NA,NA,NA,NA,NA,NA,NA,NA,NA,""
"45","NB","37","NB37","Westcock",10,"NB37-10",NA,NA,"KIO",2021,6,9,1,"NB37-10-01-KIO","8:29",8,NA,0,"0",NA,"1","Y","NESP","Nelson's Sparrow","0","0","0","0","0","0","0","0","0","A","0","A","0","<50","N",NA,NA,NA,NA,NA,NA,NA,NA,NA,"Could be one of the other 2 and just moved closer"
"46","NB","35","NB35","Beaubassin",1,"NB35-01",NA,NA,"KIO",2021,6,11,1,"NB35-01-01-KIO","5:05",0,NA,1,"1","SW","2","Y","PBGR","Pied-billed Grebe","0","0","0","0","0","0","0","0","0","0","0","A","0","50-100","N",NA,NA,NA,NA,NA,NA,NA,NA,NA,""
"47","NB","35","NB35","Beaubassin",1,"NB35-01",NA,NA,"KIO",2021,6,11,1,"NB35-01-01-KIO","5:05",0,NA,1,"1","SW","2","Y","SORA","Sora","0","0","0","0","0","0","0","0","0","0","0","A","0","50-100","N",NA,NA,NA,NA,NA,NA,NA,NA,NA,""
"48","NB","35","NB35","Beaubassin",2,"NB35-02",NA,NA,"KIO",2021,6,11,1,"NB35-02-01-KIO","5:36",1,NA,1,"0",NA,"3","Y","SORA","Sora","0","A","0","0","0","0","0","0","A","0","0","0","0",">100","Y",NA,NA,NA,NA,NA,NA,NA,NA,NA,""
"49","NB","35","NB35","Beaubassin",2,"NB35-02",NA,NA,"KIO",2021,6,11,1,"NB35-02-01-KIO","5:36",1,NA,1,"0",NA,"3","Y","PBGR","Pied-billed Grebe","0","0","0","0","0","A","0","0","0","0","0","0","0",">100","Y",NA,NA,NA,NA,NA,NA,NA,NA,NA,""
"50","NB","35","NB35","Beaubassin",3,"NB35-03",NA,NA,"KIO",2021,6,11,1,"NB35-03-01-KIO","6:10",1,NA,0,"2","SW","4","Y","SORA","Sora","0","0","0","0","0","0","0","A","0","0","0","0","0","50-100","N",NA,NA,NA,NA,NA,NA,NA,NA,NA,""
"51","NB","35","NB35","Beaubassin",3,"NB35-03",NA,NA,"KIO",2021,6,11,1,"NB35-03-01-KIO","6:10",1,NA,0,"2","SW","4","Y","SORA","Sora","0","0","0","0","0","0","0","0","0","A ","0","0","0","<50","N",NA,NA,NA,NA,NA,NA,NA,NA,NA,""
"52","NB","35","NB35","Beaubassin",3,"NB35-03",NA,NA,"KIO",2021,6,11,1,"NB35-03-01-KIO","6:10",1,NA,0,"2","SW","4","Y","VIRA","Virginia Rail","0","0","0","0","0","0","0","0","0","0","0","A","0",">100","N",NA,NA,NA,NA,NA,NA,NA,NA,NA,""
"53","NB","35","NB35","Beaubassin",4,"NB35-04",NA,NA,"KIO",2021,6,11,1,"NB35-04-01-KIO","6:35",1,NA,0,"1","SW","1","Y","PBGR","Pied-billed Grebe","0","0","A","0","0","0","0","0","0","0","0","0","0","50-100","Y",NA,NA,NA,NA,NA,NA,NA,NA,NA,""
"54","NB","35","NB35","Beaubassin",4,"NB35-04",NA,NA,"KIO",2021,6,11,1,"NB35-04-01-KIO","6:35",1,NA,0,"1","SW","1","Y","PBGR","Pied-billed Grebe","0","0","0","0","0","0","A","0","0","0","0","0","0",">100","N",NA,NA,NA,NA,NA,NA,NA,NA,NA,""
"55","NB","35","NB35","Beaubassin",4,"NB35-04",NA,NA,"KIO",2021,6,11,1,"NB35-04-01-KIO","6:35",1,NA,0,"1","SW","1","Y","VIRA","Virginia Rail","0","0","0","0","0","0","0","0","A","0","0","0","0",">100","Y",NA,NA,NA,NA,NA,NA,NA,NA,NA,""
"56","NB","35","NB35","Beaubassin",4,"NB35-04",NA,NA,"KIO",2021,6,11,1,"NB35-04-01-KIO","6:35",1,NA,0,"1","SW","1","Y","NESP","Nelson's Sparrow","0","0","0","0","0","0","0","0","0","A","A","A","0","<50","N",NA,NA,NA,NA,NA,NA,NA,NA,NA,""
"57","NB","35","NB35","Beaubassin",4,"NB35-04",NA,NA,"KIO",2021,6,11,1,"NB35-04-01-KIO","6:35",1,NA,0,"1","SW","1","Y","SORA","Sora","","","","","","","","","","","","","",">100","Y",NA,NA,NA,NA,NA,NA,NA,NA,NA,"Time periods not noted"
"58","NB","35","NB35","Beaubassin",5,"NB35-05",NA,NA,"KIO",2021,6,11,1,"NB35-05-01-KIO","7:03",1,NA,0,"2","SW","1","Y","SORA","Sora","0","0","0","0","0","0","0","A","0","0","0","0","0",">100","Y",NA,NA,NA,NA,NA,NA,NA,NA,NA,""
"59","NB","35","NB35","Beaubassin",5,"NB35-05",NA,NA,"KIO",2021,6,11,1,"NB35-05-01-KIO","7:03",1,NA,0,"2","SW","1","Y","NESP","Nelson's Sparrow","0","0","0","0","0","0","0","0","0","A","0","0","0","<50","N",NA,NA,NA,NA,NA,NA,NA,NA,NA,""
"60","NB","35","NB35","Beaubassin",5,"NB35-05",NA,NA,"KIO",2021,6,11,1,"NB35-05-01-KIO","7:03",1,NA,0,"2","SW","1","Y","NESP","Nelson's Sparrow","0","0","0","0","0","0","0","0","0","0","A","0","0","50-100","Y",NA,NA,NA,NA,NA,NA,NA,NA,NA,"Assume it's the same individual as earlier"
"61","NB","35","NB35","Beaubassin",6,"NB35-06",NA,NA,"KIO",2021,6,11,1,"NB35-06-01-KIO","7:30",1,NA,0,"2","SW","0","Y","NESP","Nelson's Sparrow","A","A","A","A","AV","AV","A","0","AV","AV","AV","AV","0","<50","N",NA,NA,NA,NA,NA,NA,NA,NA,NA,""
"62","NB","35","NB35","Beaubassin",6,"NB35-06",NA,NA,"KIO",2021,6,11,1,"NB35-06-01-KIO","7:30",1,NA,0,"2","SW","0","Y","NESP","Nelson's Sparrow","A","A","A","A","0","0","0","0","0","0","0","0","0","<50","N",NA,NA,NA,NA,NA,NA,NA,NA,NA,""
"63","NB","35","NB35","Beaubassin",6,"NB35-06",NA,NA,"KIO",2021,6,11,1,"NB35-06-01-KIO","7:30",1,NA,0,"2","SW","0","Y","NESP","Nelson's Sparrow","0","0","0","A","A","0","0","0","A","A","0","A","0","<50","N",NA,NA,NA,NA,NA,NA,NA,NA,NA,""
"64","NB","35","NB35","Beaubassin",7,"NB35-07",NA,NA,"KIO",2021,6,11,1,"NB35-07-01-KIO","8:16",2,NA,0,"4","SW","1","Y","PBGR","Pied-billed Grebe","0","0","A","0","0","0","0","0","0","0","0","A","0","50-100","N",NA,NA,NA,NA,NA,NA,NA,NA,NA,""
"65","NB","38","NB38","Midgic",7,"NB38-07",NA,NA,"LMA",2021,7,14,2,"NB38-07-02-LMA","8:34",6,NA,0,"3","S","1","Y","VIRA","Virginia Rail","0","0","0","0","0","0","0","0","A","0","A","0","0","<50","N",NA,NA,NA,NA,NA,NA,NA,NA,NA,""
"66","NB","38","NB38","Midgic",6,"NB38-06",NA,NA,"LMA",2021,7,14,2,"NB38-06-02-LMA","8:07",6,NA,0,"1","var","1","Y","VIRA","Virginia Rail","0","0","0","0","0","0","0","0","A","0","A","A","0","<50","N",NA,NA,NA,NA,NA,NA,NA,NA,NA,""
"67","NB","38","NB38","Midgic",6,"NB38-06",NA,NA,"LMA",2021,7,14,2,"NB38-06-02-LMA","8:07",6,NA,0,"1","var","1","Y","AMBI","American Bittern","0","0","0","0","0","0","0","0","V","0","0","0","0",">100","Y",NA,NA,NA,NA,NA,NA,NA,NA,NA,"Flying"
"68","NB","38","NB38","Midgic",6,"NB38-06",NA,NA,"LMA",2021,7,14,2,"NB38-06-02-LMA","8:07",6,NA,0,"1","var","1","Y","VIRA","Virginia Rail","0","0","0","0","0","0","0","0","0","A","0","0","0","50-100","Y",NA,NA,NA,NA,NA,NA,NA,NA,NA,""
"69","NB","38","NB38","Midgic",6,"NB38-06",NA,NA,"LMA",2021,7,14,2,"NB38-06-02-LMA","8:07",6,NA,0,"1","var","1","Y","PBGR","Pied-billed Grebe","0","0","0","0","0","0","0","0","0","A","0","0","0","50-100","Y",NA,NA,NA,NA,NA,NA,NA,NA,NA,""
"70","NB","38","NB38","Midgic",5,"NB38-05",NA,NA,"LMA",2021,7,14,2,"NB38-05-02-LMA","7:28",5,NA,0,"2","SW","1","Y","AMBI","American Bittern","AV","0","0","0","0","0","0","0","0","0","0","0","0","<50","N",NA,NA,NA,NA,NA,NA,NA,NA,NA,""
"71","NB","38","NB38","Midgic",5,"NB38-05",NA,NA,"LMA",2021,7,14,2,"NB38-05-02-LMA","7:28",5,NA,0,"2","SW","1","Y","AMBI","American Bittern","A","0","0","0","0","0","0","0","0","0","0","0","0","<50","N",NA,NA,NA,NA,NA,NA,NA,NA,NA,""
"72","NB","38","NB38","Midgic",3,"NB38-03",NA,NA,"LMA",2021,7,14,2,"NB38-03-02-LMA","6:34",6,NA,0,"1","var","1","Y","NESP","Nelson's Sparrow","0","0","0","0","0","0","0","0","0","0","0","A","0",">100","N",NA,NA,NA,NA,NA,NA,NA,NA,NA,""
"73","NB","38","NB38","Midgic",2,"NB38-02",NA,NA,"LMA",2021,7,14,2,"NB38-02-02-LMA","6:05",7,NA,0,"1","var","1","Y","PBGR","Pied-billed Grebe","0","0","A","0","0","0","0","0","0","0","AV","AV","AV","<50","N",NA,NA,NA,NA,NA,NA,NA,NA,NA,"Small calls"
"74","NB","38","NB38","Midgic",2,"NB38-02",NA,NA,"LMA",2021,7,14,2,"NB38-02-02-LMA","6:05",7,NA,0,"1","var","1","Y","PBGR","Pied-billed Grebe","0","0","0","0","0","0","0","0","0","0","V","V","V","<50","N",NA,NA,NA,NA,NA,NA,NA,NA,NA,"juvenile"
"75","NB","38","NB38","Midgic",2,"NB38-02",NA,NA,"LMA",2021,7,14,2,"NB38-02-02-LMA","6:05",7,NA,0,"1","var","1","Y","PBGR","Pied-billed Grebe","0","0","0","0","0","0","0","0","0","0","V","V","V","<50","N",NA,NA,NA,NA,NA,NA,NA,NA,NA,"juvenile"
"76","NB","38","NB38","Midgic",2,"NB38-02",NA,NA,"LMA",2021,7,14,2,"NB38-02-02-LMA","6:05",7,NA,0,"1","var","1","Y","PBGR","Pied-billed Grebe","0","0","0","0","0","0","0","0","0","0","V","V","V","<50","N",NA,NA,NA,NA,NA,NA,NA,NA,NA,"juvenile"
"77","NB","38","NB38","Midgic",1,"NB38-01",NA,NA,"LMA",2021,7,14,2,"NB38-01-02-LMA","5:37",6,12,0,"1","var","1","Y","SORA","Sora","0","0","0","0","0","0","0","0","0","A","0","0","0",">100","N",NA,NA,NA,NA,NA,NA,NA,NA,NA,""
"78","NB","38","NB38","Midgic",1,"NB38-01",NA,NA,"LMA",2021,7,14,2,"NB38-01-02-LMA","5:37",6,12,0,"1","var","1","Y","VIRA","Virginia Rail","0","0","0","0","0","0","0","0","0","0","0","A","0",">100","N",NA,NA,NA,NA,NA,NA,NA,NA,NA,""
"79","NB","35","NB35","Beaubassin",1,"NB35-01",NA,NA,"LEB",2021,7,13,2,"NB35-01-02-LEB","5:36",2,11,0,"3",NA,"3","Y","SORA","Sora","0","0","0","0","0","0","0","0","A","A","0","0","0","<50","N",NA,NA,NA,NA,NA,NA,NA,NA,NA,""
"80","NB","35","NB35","Beaubassin",2,"NB35-02",NA,NA,"LEB",2021,7,13,2,"NB35-02-02-LEB","6:09",1,12,0,"1","E","4","Y","SORA","Sora","0","0","0","0","0","0","A","0","0","0","0","0","0",">100","N",NA,NA,NA,NA,NA,NA,NA,NA,NA,""
"81","NB","35","NB35","Beaubassin",3,"NB35-03",NA,NA,"LEB",2021,7,13,2,"NB35-03-02-LEB","6:37",1,12,0,"1","E","4","Y","SORA","Sora","0","0","0","0","0","0","0","0","0","0","A","AV","0","<50","N",NA,NA,NA,NA,NA,NA,NA,NA,NA,""
"82","NB","35","NB35","Beaubassin",4,"NB35-04",NA,NA,"LEB",2021,7,13,2,"NB35-04-02-LEB","7:09",0,12,0,"1","E","3","Y","NESP","Nelson's Sparrow","A","A","0","0","0","A","0","0","0","0","0","0","A","50-100","N",NA,NA,NA,NA,NA,NA,NA,NA,NA,""
"83","NB","35","NB35","Beaubassin",4,"NB35-04",NA,NA,"LEB",2021,7,13,2,"NB35-04-02-LEB","7:09",0,12,0,"1","E","3","Y","MAWR","Marsh Wren","A","A","A","A","A","0","0","0","0","0","0","0","A","50-100","N",NA,NA,NA,NA,NA,NA,NA,NA,NA,""
"84","NB","35","NB35","Beaubassin",4,"NB35-04",NA,NA,"LEB",2021,7,13,2,"NB35-04-02-LEB","7:09",0,12,0,"1","E","3","Y","MAWR","Marsh Wren","0","A","A","A","A","0","0","0","0","0","0","0","A","<50","N",NA,NA,NA,NA,NA,NA,NA,NA,NA,""
"85","NB","35","NB35","Beaubassin",4,"NB35-04",NA,NA,"LEB",2021,7,13,2,"NB35-04-02-LEB","7:09",0,12,0,"1","E","3","Y","SORA","Sora","A","0","0","0","A","0","0","0","0","0","0","0","0",">100","Y",NA,NA,NA,NA,NA,NA,NA,NA,NA,""
"86","NB","35","NB35","Beaubassin",4,"NB35-04",NA,NA,"LEB",2021,7,13,2,"NB35-04-02-LEB","7:09",0,12,0,"1","E","3","Y","VIRA","Virginia Rail","0","0","0","0","A","A","0","0","A","0","0","0","0","50-100","N",NA,NA,NA,NA,NA,NA,NA,NA,NA,""
"87","NB","35","NB35","Beaubassin",4,"NB35-04",NA,NA,"LEB",2021,7,13,2,"NB35-04-02-LEB","7:09",0,12,0,"1","E","3","Y","NESP","Nelson's Sparrow","0","0","0","0","A","A","0","0","0","0","0","0","0","50-100","N",NA,NA,NA,NA,NA,NA,NA,NA,NA,""
"88","NB","35","NB35","Beaubassin",4,"NB35-04",NA,NA,"LEB",2021,7,13,2,"NB35-04-02-LEB","7:09",0,12,0,"1","E","3","Y","NESP","Nelson's Sparrow","A","0","0","0","0","0","0","A","V","V","0","0","V","<50","N",NA,NA,NA,NA,NA,NA,NA,NA,NA,"Approached during playback"
"89","NB","35","NB35","Beaubassin",4,"NB35-04",NA,NA,"LEB",2021,7,13,2,"NB35-04-02-LEB","7:09",0,12,0,"1","E","3","Y","SORA","Sora","0","0","0","0","0","0","0","0","0","A","0","0","0","<50","N",NA,NA,NA,NA,NA,NA,NA,NA,NA,""
"90","NB","35","NB35","Beaubassin",4,"NB35-04",NA,NA,"LEB",2021,7,13,2,"NB35-04-02-LEB","7:09",0,12,0,"1","E","3","Y","VIRA","Virginia Rail","0","0","0","0","0","0","0","0","0","A","0","0","0","50-100","N",NA,NA,NA,NA,NA,NA,NA,NA,NA,""
"91","NB","35","NB35","Beaubassin",4,"NB35-04",NA,NA,"LEB",2021,7,13,2,"NB35-04-02-LEB","7:09",0,12,0,"1","E","3","Y","NESP","Nelson's Sparrow","0","0","0","0","0","0","0","0","0","0","0","V","A","<50","N",NA,NA,NA,NA,NA,NA,NA,NA,NA,""
"92","NB","35","NB35","Beaubassin",5,"NB35-05",NA,NA,"LEB",2021,7,13,2,"NB35-05-02-LEB","7:46",0,13,0,"1","E","2","Y","PBGR","Pied-billed Grebe","V","0","0","0","0","0","V","V","0","V","V","0","0","<50","N",NA,NA,NA,NA,NA,NA,NA,NA,NA,""
"93","NB","35","NB35","Beaubassin",5,"NB35-05",NA,NA,"LEB",2021,7,13,2,"NB35-05-02-LEB","7:46",0,13,0,"1","E","2","Y","NESP","Nelson's Sparrow","0","0","0","0","0","0","0","0","0","AV","0","0","0","<50","N",NA,NA,NA,NA,NA,NA,NA,NA,NA,""
"94","NB","35","NB35","Beaubassin",5,"NB35-05",NA,NA,"LEB",2021,7,13,2,"NB35-05-02-LEB","7:46",0,13,0,"1","E","2","Y","NESP","Nelson's Sparrow","0","0","0","0","0","0","0","0","0","0","0","A","0","50-100","N",NA,NA,NA,NA,NA,NA,NA,NA,NA,""
"95","NB","35","NB35","Beaubassin",6,"NB35-06",NA,NA,"LEB",2021,7,13,2,"NB35-06-02-LEB","8:06",0,12,0,"2","SE","1","Y","NESP","Nelson's Sparrow","A","A","A","A","A","A","A","A","0","A","0","A","A","50-100","N",NA,NA,NA,NA,NA,NA,NA,NA,NA,""
"96","NB","35","NB35","Beaubassin",6,"NB35-06",NA,NA,"LEB",2021,7,13,2,"NB35-06-02-LEB","8:06",0,12,0,"2","SE","1","Y","NESP","Nelson's Sparrow","0","0","0","0","A","A","0","A","0","A","0","A","0","50-100","N",NA,NA,NA,NA,NA,NA,NA,NA,NA,""
"97","NB","35","NB35","Beaubassin",6,"NB35-06",NA,NA,"LEB",2021,7,13,2,"NB35-06-02-LEB","8:06",0,12,0,"2","SE","1","Y","NESP","Nelson's Sparrow","0","0","0","0","A","A","V","V","0","A","AV","AV","A","<50","N",NA,NA,NA,NA,NA,NA,NA,NA,NA,""
"98","NB","35","NB35","Beaubassin",6,"NB35-06",NA,NA,"LEB",2021,7,13,2,"NB35-06-02-LEB","8:06",0,12,0,"2","SE","1","Y","NESP","Nelson's Sparrow","0","0","0","0","0","0","A","A","A","A","A","A","A","50-100","N",NA,NA,NA,NA,NA,NA,NA,NA,NA,""
"99","NB","35","NB35","Beaubassin",6,"NB35-06",NA,NA,"LEB",2021,7,13,2,"NB35-06-02-LEB","8:06",0,12,0,"2","SE","1","Y","NESP","Nelson's Sparrow","0","0","0","0","0","0","0","0","0","AV","AV","AV","A","<50","N",NA,NA,NA,NA,NA,NA,NA,NA,NA,""
"100","NB","35","NB35","Beaubassin",6,"NB35-06",NA,NA,"LEB",2021,7,13,2,"NB35-06-02-LEB","8:06",0,12,0,"2","SE","1","Y","NESP","Nelson's Sparrow","0","0","0","0","0","0","0","0","0","0","0","0","A","<50","N",NA,NA,NA,NA,NA,NA,NA,NA,NA,""
"101","NB","35","NB35","Beaubassin",7,"NB35-07",NA,NA,"LEB",2021,7,13,2,"NB35-07-02-LEB","9:11",1,19,0,"2","S","1","Y","NESP","Nelson's Sparrow","A","A","0","0","A","A","AV","0","0","0","0","A","0","50-100","N",NA,NA,NA,NA,NA,NA,NA,NA,NA,""
"102","NB","35","NB35","Beaubassin",7,"NB35-07",NA,NA,"LEB",2021,7,13,2,"NB35-07-02-LEB","9:11",1,19,0,"2","S","1","Y","SORA","Sora","0","A","0","0","0","0","0","0","0","0","0","0","0",">100","N",NA,NA,NA,NA,NA,NA,NA,NA,NA,""
"103","NB","35","NB35","Beaubassin",7,"NB35-07",NA,NA,"LEB",2021,7,13,2,"NB35-07-02-LEB","9:11",1,19,0,"2","S","1","Y","NESP","Nelson's Sparrow","0","0","0","0","0","0","0","V","0","0","0","AV","A","<50","N",NA,NA,NA,NA,NA,NA,NA,NA,NA,"Approached during playback"
"104","NB","35","NB35","Beaubassin",7,"NB35-07",NA,NA,"LEB",2021,7,13,2,"NB35-07-02-LEB","9:11",1,19,0,"2","S","1","Y","PBGR","Pied-billed Grebe","0","0","0","0","0","0","0","0","0","0","0","0","A","50-100","N",NA,NA,NA,NA,NA,NA,NA,NA,NA,""
"105","NB","37","NB37","Westcock",1,"NB37-01",NA,NA,"LMA",2021,7,13,2,"NB37-01-02-LMA","5:15",2,11,0,"0",NA,"1","Y","NESP","Nelson's Sparrow","A","A","0","A","0","0","0","AV","AV","AV","AV","0","0","<50","N",NA,NA,NA,NA,NA,NA,NA,NA,NA,"Approached during playback"
"106","NB","37","NB37","Westcock",2,"NB37-02",NA,NA,"LMA",2021,7,13,2,"NB37-02-02-LMA","5:46",2,NA,0,"0",NA,"1","Y","NESP","Nelson's Sparrow","V","0","0","0","0","0","0","0","0","AV","A","A","0","<50","N",NA,NA,NA,NA,NA,NA,NA,NA,NA,"Display flight and very quiet calls"
"107","NB","37","NB37","Westcock",2,"NB37-02",NA,NA,"LMA",2021,7,13,2,"NB37-02-02-LMA","5:46",2,NA,0,"0",NA,"1","Y","NESP","Nelson's Sparrow","0","0","0","0","0","A","0","0","0","V","V","0","0","<50","N",NA,NA,NA,NA,NA,NA,NA,NA,NA,""
"108","NB","37","NB37","Westcock",2,"NB37-02",NA,NA,"LMA",2021,7,13,2,"NB37-02-02-LMA","5:46",2,NA,0,"0",NA,"1","Y","NESP","Nelson's Sparrow","0","0","0","0","0","0","0","0","0","0","0","A","0","50-100","N",NA,NA,NA,NA,NA,NA,NA,NA,NA,""
"109","NB","37","NB37","Westcock",3,"NB37-03",NA,NA,"LMA",2021,7,13,2,"NB37-03-02-LMA","6:08",1,NA,0,"0",NA,"1","Y","NESP","Nelson's Sparrow","0","0","0","A","A","0","V","V","0","0","A","AV","0","<50","N",NA,NA,NA,NA,NA,NA,NA,NA,NA,"Approached during playback"
"110","NB","37","NB37","Westcock",3,"NB37-03",NA,NA,"LMA",2021,7,13,2,"NB37-03-02-LMA","6:08",1,NA,0,"0",NA,"1","Y","NESP","Nelson's Sparrow","0","0","0","0","0","0","V","V","0","0","A","AV","0","<50","N",NA,NA,NA,NA,NA,NA,NA,NA,NA,"Approached during playback"
"111","NB","37","NB37","Westcock",3,"NB37-03",NA,NA,"LMA",2021,7,13,2,"NB37-03-02-LMA","6:08",1,NA,0,"0",NA,"1","Y","NESP","Nelson's Sparrow","0","0","0","0","0","0","V","0","A","0","A","AV","0","<50","N",NA,NA,NA,NA,NA,NA,NA,NA,NA,""
"112","NB","37","NB37","Westcock",3,"NB37-03",NA,NA,"LMA",2021,7,13,2,"NB37-03-02-LMA","6:08",1,NA,0,"0",NA,"1","Y","NESP","Nelson's Sparrow","0","0","0","0","0","0","V","0","0","0","0","0","0","<50","N",NA,NA,NA,NA,NA,NA,NA,NA,NA,""
"113","NB","37","NB37","Westcock",4,"NB37-04",NA,NA,"LMA",2021,7,13,2,"NB37-04-02-LMA","6:32",0,NA,0,"0",NA,"1","Y","NESP","Nelson's Sparrow","A","A","A","A","0","0","0","V","V","A","A","A","A","<50","N",NA,NA,NA,NA,NA,NA,NA,NA,NA,"Approached during playback. First two NESP flying together most of the survey, one (or both?) regularly displaying"
"114","NB","37","NB37","Westcock",4,"NB37-04",NA,NA,"LMA",2021,7,13,2,"NB37-04-02-LMA","6:32",0,NA,0,"0",NA,"1","Y","NESP","Nelson's Sparrow","0","0","0","AV","0","0","0","0","V","AV","AV","AV","AV","<50","N",NA,NA,NA,NA,NA,NA,NA,NA,NA,"Approached during playback"
"115","NB","37","NB37","Westcock",4,"NB37-04",NA,NA,"LMA",2021,7,13,2,"NB37-04-02-LMA","6:32",0,NA,0,"0",NA,"1","Y","NESP","Nelson's Sparrow","0","0","0","A","0","0","0","0","0","A","0","A","0","50-100","N",NA,NA,NA,NA,NA,NA,NA,NA,NA,""
"116","NB","37","NB37","Westcock",5,"NB37-05",NA,NA,"LMA",2021,7,13,2,"NB37-05-02-LMA","6:57",0,NA,0,"0",NA,"2","Y","NESP","Nelson's Sparrow","0","0","0","0","0","0","A","V","V","V","V","A","A","<50","N",NA,NA,NA,NA,NA,NA,NA,NA,NA,"Approached during playback"
"117","NB","37","NB37","Westcock",5,"NB37-05",NA,NA,"LMA",2021,7,13,2,"NB37-05-02-LMA","6:57",0,NA,0,"0",NA,"2","Y","NESP","Nelson's Sparrow","0","0","0","0","0","0","0","V","V","V","V","0","0","<50","N",NA,NA,NA,NA,NA,NA,NA,NA,NA,""
"118","NB","37","NB37","Westcock",5,"NB37-05",NA,NA,"LMA",2021,7,13,2,"NB37-05-02-LMA","6:57",0,NA,0,"0",NA,"2","Y","NESP","Nelson's Sparrow","0","0","0","0","0","0","0","0","0","0","0","A","0","<50","N",NA,NA,NA,NA,NA,NA,NA,NA,NA,""
"119","NB","37","NB37","Westcock",6,"NB37-06",NA,NA,"LMA",2021,7,13,2,"NB37-06-02-LMA","7:22",0,NA,0,"0",NA,"1","Y","NESP","Nelson's Sparrow","A","0","A","0","0","A","V","V","AV","","","V","V","<50","N",NA,NA,NA,NA,NA,NA,NA,NA,NA,"Approached during playback. Speaker issues during SORA and PBGR playback"
"120","NB","37","NB37","Westcock",6,"NB37-06",NA,NA,"LMA",2021,7,13,2,"NB37-06-02-LMA","7:22",0,NA,0,"0",NA,"1","Y","NESP","Nelson's Sparrow","A","0","A","A","0","A","A","AV","0","","","AV","AV","<50","N",NA,NA,NA,NA,NA,NA,NA,NA,NA,"Approached during playback. Speaker issues during SORA and PBGR playback"
"121","NB","37","NB37","Westcock",6,"NB37-06",NA,NA,"LMA",2021,7,13,2,"NB37-06-02-LMA","7:22",0,NA,0,"0",NA,"1","Y","NESP","Nelson's Sparrow","V","V","AV","AV","V","AV","A","AV","AV","","","V","A","<50","N",NA,NA,NA,NA,NA,NA,NA,NA,NA,"Approached during playback. Speaker issues during SORA and PBGR playback"
"122","NB","37","NB37","Westcock",6,"NB37-06",NA,NA,"LMA",2021,7,13,2,"NB37-06-02-LMA","7:22",0,NA,0,"0",NA,"1","Y","NESP","Nelson's Sparrow","V","V","0","0","0","AV","A","V","A","","","AV","A","<50","N",NA,NA,NA,NA,NA,NA,NA,NA,NA,"Approached during playback. Speaker issues during SORA and PBGR playback"
"123","NB","37","NB37","Westcock",6,"NB37-06",NA,NA,"LMA",2021,7,13,2,"NB37-06-02-LMA","7:22",0,NA,0,"0",NA,"1","Y","NESP","Nelson's Sparrow","0","0","0","0","0","V","0","V","V","","","V","0","<50","N",NA,NA,NA,NA,NA,NA,NA,NA,NA,"Speaker issues during SORA and PBGR playback"
"124","NB","37","NB37","Westcock",7,"NB37-07",NA,NA,"LMA",2021,7,13,2,"NB37-07-02-LMA","7:50",0,NA,0,"2","W","1","Y","NESP","Nelson's Sparrow","A","0","0","0","A","0","0","AV","A","A","0","0","0","<50","N",NA,NA,NA,NA,NA,NA,NA,NA,NA,"Display during playback"
"125","NB","37","NB37","Westcock",7,"NB37-07",NA,NA,"LMA",2021,7,13,2,"NB37-07-02-LMA","7:50",0,NA,0,"2","W","1","Y","NESP","Nelson's Sparrow","0","0","0","0","0","0","0","0","0","A","A","A","0","50-100","N",NA,NA,NA,NA,NA,NA,NA,NA,NA,""
"126","NB","37","NB37","Westcock",8,"NB37-08",NA,NA,"LMA",2021,7,13,2,"NB37-08-02-LMA","8:17",0,NA,0,"2","W","1","Y","NESP","Nelson's Sparrow","A","AV","AV","A","0","0","0","V","V","A","V","AV","A","<50","Y",NA,NA,NA,NA,NA,NA,NA,NA,NA,"Approached during playback"
"127","NB","37","NB37","Westcock",8,"NB37-08",NA,NA,"LMA",2021,7,13,2,"NB37-08-02-LMA","8:17",0,NA,0,"2","W","1","Y","NESP","Nelson's Sparrow","0","0","A","0","0","0","0","A","A","A","0","0","0","50-100","N",NA,NA,NA,NA,NA,NA,NA,NA,NA,""
"128","NB","37","NB37","Westcock",8,"NB37-08",NA,NA,"LMA",2021,7,13,2,"NB37-08-02-LMA","8:17",0,NA,0,"2","W","1","Y","NESP","Nelson's Sparrow","0","0","0","0","0","0","0","0","V","0","0","0","0","<50","N",NA,NA,NA,NA,NA,NA,NA,NA,NA,""
"129","NB","37","NB37","Westcock",8,"NB37-08",NA,NA,"LMA",2021,7,13,2,"NB37-08-02-LMA","8:17",0,NA,0,"2","W","1","Y","NESP","Nelson's Sparrow","0","0","0","0","0","0","0","V","0","V","0","A","A","<50","N",NA,NA,NA,NA,NA,NA,NA,NA,NA,""
"130","NB","37","NB37","Westcock",8,"NB37-08",NA,NA,"LMA",2021,7,13,2,"NB37-08-02-LMA","8:17",0,NA,0,"2","W","1","Y","NESP","Nelson's Sparrow","0","0","0","0","0","0","0","V","0","0","0","0","0","<50","N",NA,NA,NA,NA,NA,NA,NA,NA,NA,""
"131","NB","37","NB37","Westcock",9,"NB37-09",NA,NA,"LMA",2021,7,13,2,"NB37-09-02-LMA","8:42",0,NA,0,"1","NW","1","Y","NESP","Nelson's Sparrow","0","0","0","A","0","0","0","0","0","0","A","A","0","50-100","N",NA,NA,NA,NA,NA,NA,NA,NA,NA,""
"132","NB","37","NB37","Westcock",10,"NB37-10",NA,NA,"LMA",2021,7,13,2,"NB37-10-02-LMA","9:05",0,NA,0,"1","var","1","Y","NESP","Nelson's Sparrow","0","A","0","A","A","A","A","A","A","A","A","A","0","<50","N",NA,NA,NA,NA,NA,NA,NA,NA,NA,""
"133","NB","37","NB37","Westcock",10,"NB37-10",NA,NA,"LMA",2021,7,13,2,"NB37-10-02-LMA","9:05",0,NA,0,"1","var","1","Y","NESP","Nelson's Sparrow","0","0","0","0","0","0","A","A","0","A","0","A","A","50-100","N",NA,NA,NA,NA,NA,NA,NA,NA,NA,""
"134","NB","37","NB37","Westcock",10,"NB37-10",NA,NA,"LMA",2021,7,13,2,"NB37-10-02-LMA","9:05",0,NA,0,"1","var","1","Y","NESP","Nelson's Sparrow","0","0","0","0","0","0","A","0","0","0","0","A","0","<50","N",NA,NA,NA,NA,NA,NA,NA,NA,NA,""
"135","NB","51","NB51","Musquash",1,"NB51-01",NA,NA,"SBO",2021,6,2,1,"NB51-01-01-SBO","5:09",0,7,0,"1","SSW","1","N","MAWR","Marsh Wren","A","A","A","A","A","A","A","A","A","A","A","A","A","<50","N",NA,NA,NA,NA,NA,NA,NA,NA,NA,""
"136","NB","51","NB51","Musquash",1,"NB51-01",NA,NA,"SBO",2021,6,2,1,"NB51-01-01-SBO","5:09",0,7,0,"1","SSW","1","N","PBGR","Pied-billed Grebe","0","A","0","0","0","0","0","0","0","A","A","0","0","50-100","N",NA,NA,NA,NA,NA,NA,NA,NA,NA,""
"137","NB","51","NB51","Musquash",1,"NB51-01",NA,NA,"SBO",2021,6,2,1,"NB51-01-01-SBO","5:09",0,7,0,"1","SSW","1","N","MAWR","Marsh Wren","0","0","0","0","0","A","0","0","0","A","0","0","0","<50","N",NA,NA,NA,NA,NA,NA,NA,NA,NA,""
"138","NB","51","NB51","Musquash",1,"NB51-01",NA,NA,"SBO",2021,6,2,1,"NB51-01-01-SBO","5:09",0,7,0,"1","SSW","1","N","AMBI","American Bittern","0","0","0","0","0","0","0","0","0","0","0","0","A","50-100","N",NA,NA,NA,NA,NA,NA,NA,NA,NA,""
"139","NB","51","NB51","Musquash",2,"NB51-02",NA,NA,"SBO",2021,6,2,1,"NB51-02-01-SBO","5:45",0,7,0,"0",NA,"2","N","MAWR","Marsh Wren","A","A","A","A","A","V","A","A","A","A","A","A","A","<50","Y",NA,NA,NA,NA,NA,NA,NA,NA,NA,""
"140","NB","51","NB51","Musquash",2,"NB51-02",NA,NA,"SBO",2021,6,2,1,"NB51-02-01-SBO","5:45",0,7,0,"0",NA,"2","N","MAWR","Marsh Wren","A","A","0","A","A","A","A","A","A","A","A","A","A","<50","Y",NA,NA,NA,NA,NA,NA,NA,NA,NA,""
"141","NB","51","NB51","Musquash",2,"NB51-02",NA,NA,"SBO",2021,6,2,1,"NB51-02-01-SBO","5:45",0,7,0,"0",NA,"2","N","AMBI","American Bittern","A","0","0","0","0","0","0","0","0","0","0","0","0","50-100","Y",NA,NA,NA,NA,NA,NA,NA,NA,NA,""
"142","NB","51","NB51","Musquash",2,"NB51-02",NA,NA,"SBO",2021,6,2,1,"NB51-02-01-SBO","5:45",0,7,0,"0",NA,"2","N","MAWR","Marsh Wren","0","0","A","A","A","A","A","A","A","A","A","A","A","50-100","N",NA,NA,NA,NA,NA,NA,NA,NA,NA,""
"143","NB","51","NB51","Musquash",2,"NB51-02",NA,NA,"SBO",2021,6,2,1,"NB51-02-01-SBO","5:45",0,7,0,"0",NA,"2","N","SORA","Sora","0","0","0","0","0","0","0","0","A","A","0","0","0","50-100","N",NA,NA,NA,NA,NA,NA,NA,NA,NA,""
"144","NB","51","NB51","Musquash",2,"NB51-02",NA,NA,"SBO",2021,6,2,1,"NB51-02-01-SBO","5:45",0,7,0,"0",NA,"2","N","VIRA","Virginia Rail","0","0","0","0","0","0","0","0","A","0","A","0","0",">100","N",NA,NA,NA,NA,NA,NA,NA,NA,NA,""
"145","NB","51","NB51","Musquash",3,"NB51-03",NA,NA,"SBO",2021,6,2,1,"NB51-03-01-SBO","6:20",0,9,0,"0",NA,"2","N","MAWR","Marsh Wren","AV","0","A","V","V","A","0","A","0","0","0","A","0","<50","N",NA,NA,NA,NA,NA,NA,NA,NA,NA,""
"146","NB","51","NB51","Musquash",3,"NB51-03",NA,NA,"SBO",2021,6,2,1,"NB51-03-01-SBO","6:20",0,9,0,"0",NA,"2","N","MAWR","Marsh Wren","0","0","A","V","A","A","0","A","A","A","0","A","0","50-100","N",NA,NA,NA,NA,NA,NA,NA,NA,NA,""
"147","NB","51","NB51","Musquash",3,"NB51-03",NA,NA,"SBO",2021,6,2,1,"NB51-03-01-SBO","6:20",0,9,0,"0",NA,"2","N","MAWR","Marsh Wren","0","0","A","A","A","A","0","A","A","A","0","A","0","50-100","N",NA,NA,NA,NA,NA,NA,NA,NA,NA,""
"148","NB","51","NB51","Musquash",3,"NB51-03",NA,NA,"SBO",2021,6,2,1,"NB51-03-01-SBO","6:20",0,9,0,"0",NA,"2","N","AMBI","American Bittern","0","0","0","0","0","0","V","0","0","0","0","0","0",">100","Y",NA,NA,NA,NA,NA,NA,NA,NA,NA,"Flying"
"149","NB","51","NB51","Musquash",3,"NB51-03",NA,NA,"SBO",2021,6,2,1,"NB51-03-01-SBO","6:20",0,9,0,"0",NA,"2","N","SORA","Sora","0","0","0","0","0","0","0","A","0","0","0","0","0","50-100","Y",NA,NA,NA,NA,NA,NA,NA,NA,NA,""
"150","NB","51","NB51","Musquash",3,"NB51-03",NA,NA,"SBO",2021,6,2,1,"NB51-03-01-SBO","6:20",0,9,0,"0",NA,"2","N","AMBI","American Bittern","0","0","0","0","0","0","0","0","0","A","0","0","0",">100","Y",NA,NA,NA,NA,NA,NA,NA,NA,NA,""
"151","NB","51","NB51","Musquash",3,"NB51-03",NA,NA,"SBO",2021,6,2,1,"NB51-03-01-SBO","6:20",0,9,0,"0",NA,"2","N","MAWR","Marsh Wren","0","0","0","0","0","0","0","0","0","0","0","A","0","50-100","N",NA,NA,NA,NA,NA,NA,NA,NA,NA,""
"152","NB","51","NB51","Musquash",3,"NB51-03",NA,NA,"SBO",2021,6,2,1,"NB51-03-01-SBO","6:20",0,9,0,"0",NA,"2","N","MAWR","Marsh Wren","0","0","0","0","A","A","A","A","A","A","A","V","0",">100","N",NA,NA,NA,NA,NA,NA,NA,NA,NA,""
"153","NB","51","NB51","Musquash",3,"NB51-03",NA,NA,"SBO",2021,6,2,1,"NB51-03-01-SBO","6:20",0,9,0,"0",NA,"2","N","MAWR","Marsh Wren","0","0","0","0","A","A","A","A","A","A","A","V","0",">100","N",NA,NA,NA,NA,NA,NA,NA,NA,NA,""
"154","NB","51","NB51","Musquash",3,"NB51-03",NA,NA,"SBO",2021,6,2,1,"NB51-03-01-SBO","6:20",0,9,0,"0",NA,"2","N","MAWR","Marsh Wren","0","0","0","0","A","A","A","A","A","A","A","V","0",">100","N",NA,NA,NA,NA,NA,NA,NA,NA,NA,""
"155","NB","51","NB51","Musquash",4,"NB51-04",NA,NA,"SBO",2021,6,2,1,"NB51-04-01-SBO","7:22",0,13,0,"1","SSW","3","N","MAWR","Marsh Wren","V","A","0","0","0","0","0","0","0","0","A","A","0","<50","N",NA,NA,NA,NA,NA,NA,NA,NA,NA,""
"156","NB","51","NB51","Musquash",4,"NB51-04",NA,NA,"SBO",2021,6,2,1,"NB51-04-01-SBO","7:22",0,13,0,"1","SSW","3","N","MAWR","Marsh Wren","0","A","0","0","0","0","0","0","0","0","A","A","0","<50","N",NA,NA,NA,NA,NA,NA,NA,NA,NA,""
"157","NB","51","NB51","Musquash",4,"NB51-04",NA,NA,"SBO",2021,6,2,1,"NB51-04-01-SBO","7:22",0,13,0,"1","SSW","3","N","MAWR","Marsh Wren","0","0","0","A","A","A","A","A","V","A","A","A","0","<50","N",NA,NA,NA,NA,NA,NA,NA,NA,NA,""
"158","NB","51","NB51","Musquash",4,"NB51-04",NA,NA,"SBO",2021,6,2,1,"NB51-04-01-SBO","7:22",0,13,0,"1","SSW","3","N","MAWR","Marsh Wren","0","0","0","0","0","0","0","0","0","0","A","A","0",">100","N",NA,NA,NA,NA,NA,NA,NA,NA,NA,""
"159","NB","51","NB51","Musquash",4,"NB51-04",NA,NA,"SBO",2021,6,2,1,"NB51-04-01-SBO","7:22",0,13,0,"1","SSW","3","N","SORA","Sora","0","0","0","0","0","0","0","0","0","0","0","A","0",">100","Y",NA,NA,NA,NA,NA,NA,NA,NA,NA,""
"160","NB","51","NB51","Musquash",4,"NB51-04",NA,NA,"SBO",2021,6,2,1,"NB51-04-01-SBO","7:22",0,13,0,"1","SSW","3","N","VIRA","Virginia Rail","0","0","0","0","0","0","0","0","0","0","0","A","0","50-100","N",NA,NA,NA,NA,NA,NA,NA,NA,NA,""
"161","NB","51","NB51","Musquash",5,"NB51-05",NA,NA,"SBO",2021,6,2,1,"NB51-05-01-SBO","8:00",0,12,0,"4","SSW","3","N","MAWR","Marsh Wren","0","A","0","0","0","A","A","A","A","A","0","A","0","<50","N",NA,NA,NA,NA,NA,NA,NA,NA,NA,"Prev point not noted; assuming N based on distances"
"162","NB","51","NB51","Musquash",5,"NB51-05",NA,NA,"SBO",2021,6,2,1,"NB51-05-01-SBO","8:00",0,12,0,"4","SSW","3","N","MAWR","Marsh Wren","0","A","0","0","0","0","A","A","0","A","0","A","0","50-100",NA,NA,NA,NA,NA,NA,NA,NA,NA,NA,"Prev point not noted"
"163","NB","51","NB51","Musquash",5,"NB51-05",NA,NA,"SBO",2021,6,2,1,"NB51-05-01-SBO","8:00",0,12,0,"4","SSW","3","N","MAWR","Marsh Wren","0","A","A","0","0","0","A","A","0","A","A","A","0","<50","N",NA,NA,NA,NA,NA,NA,NA,NA,NA,"Prev point not noted; assuming N based on distances"
"164","NB","51","NB51","Musquash",5,"NB51-05",NA,NA,"SBO",2021,6,2,1,"NB51-05-01-SBO","8:00",0,12,0,"4","SSW","3","N","MAWR","Marsh Wren","0","0","0","0","0","0","0","0","A","0","0","A","0","<50","N",NA,NA,NA,NA,NA,NA,NA,NA,NA,"Prev point not noted; assuming N based on distances"
"165","NB","51","NB51","Musquash",5,"NB51-05",NA,NA,"SBO",2021,6,2,1,"NB51-05-01-SBO","8:00",0,12,0,"4","SSW","3","N","AMBI","American Bittern","0","0","0","0","0","0","0","0","0","0","0","A","0","50-100","Y",NA,NA,NA,NA,NA,NA,NA,NA,NA,""
"166","NB","51","NB51","Musquash",5,"NB51-05",NA,NA,"SBO",2021,6,2,1,"NB51-05-01-SBO","8:00",0,12,0,"4","SSW","3","N","VIRA","Virginia Rail","0","0","0","0","0","0","0","0","0","0","0","A","0","50-100","Y",NA,NA,NA,NA,NA,NA,NA,NA,NA,""
"167","NB","51","NB51","Musquash",1,"NB51-01",NA,NA,"SBO",2021,6,18,2,"NB51-01-02-SBO","5:05",0,6,0,"0",NA,"3","N","MAWR","Marsh Wren","A","A","A","A","A","A","0","0","0","A","0","A","0","<50","Y",NA,NA,NA,NA,NA,NA,NA,NA,NA,"Before/after columns not separated; assuming all noted are ""before"""
"168","NB","51","NB51","Musquash",1,"NB51-01",NA,NA,"SBO",2021,6,18,2,"NB51-01-02-SBO","5:05",0,6,0,"0",NA,"3","N","PBGR","Pied-billed Grebe","A","0","0","0","0","0","0","0","0","0","0","0","0",">100","Y",NA,NA,NA,NA,NA,NA,NA,NA,NA,""
"169","NB","51","NB51","Musquash",1,"NB51-01",NA,NA,"SBO",2021,6,18,2,"NB51-01-02-SBO","5:05",0,6,0,"0",NA,"3","N","MAWR","Marsh Wren","0","A","0","0","0","0","A","0","0","0","0","0","0","<50","N",NA,NA,NA,NA,NA,NA,NA,NA,NA,""
"170","NB","51","NB51","Musquash",2,"NB51-02",NA,NA,"SBO",2021,6,18,2,"NB51-02-02-SBO","5:35",0,6,0,"0",NA,"3","N","MAWR","Marsh Wren","0","A","A","A","A","A","0","0","0","0","0","0","0","<50","Y",NA,NA,NA,NA,NA,NA,NA,NA,NA,""
"171","NB","51","NB51","Musquash",2,"NB51-02",NA,NA,"SBO",2021,6,18,2,"NB51-02-02-SBO","5:35",0,6,0,"0",NA,"3","N","MAWR","Marsh Wren","0","V","A","A","V","A","A","0","0","A","A","A","0","<50","N",NA,NA,NA,NA,NA,NA,NA,NA,NA,""
"172","NB","51","NB51","Musquash",2,"NB51-02",NA,NA,"SBO",2021,6,18,2,"NB51-02-02-SBO","5:35",0,6,0,"0",NA,"3","N","MAWR","Marsh Wren","0","A","A","A","A","A","A","V","V","A","A","A","0","<50","Y",NA,NA,NA,NA,NA,NA,NA,NA,NA,""
"173","NB","51","NB51","Musquash",2,"NB51-02",NA,NA,"SBO",2021,6,18,2,"NB51-02-02-SBO","5:35",0,6,0,"0",NA,"3","N","LEBI","Least Bittern","0","0","0","0","0","A","A","A","A","A","A","A","0","<50","N",NA,NA,NA,NA,NA,NA,NA,NA,NA,""
"174","NB","51","NB51","Musquash",2,"NB51-02",NA,NA,"SBO",2021,6,18,2,"NB51-02-02-SBO","5:35",0,6,0,"0",NA,"3","N","MAWR","Marsh Wren","0","0","0","0","0","0","0","0","0","0","0","V","0","50-100","N",NA,NA,NA,NA,NA,NA,NA,NA,NA,""
"175","NB","51","NB51","Musquash",3,"NB51-03",NA,NA,"SBO",2021,6,18,2,"NB51-03-02-SBO","6:00",0,9,0,"1","SW","3","N","MAWR","Marsh Wren","0","A","A","0","A","0","0","A","0","A","0","0","0","50-100","N",NA,NA,NA,NA,NA,NA,NA,NA,NA,""
"176","NB","51","NB51","Musquash",3,"NB51-03",NA,NA,"SBO",2021,6,18,2,"NB51-03-02-SBO","6:00",0,9,0,"1","SW","3","N","MAWR","Marsh Wren","0","A","A","0","A","0","A","0","0","0","0","A","0","<50","N",NA,NA,NA,NA,NA,NA,NA,NA,NA,""
"177","NB","51","NB51","Musquash",3,"NB51-03",NA,NA,"SBO",2021,6,18,2,"NB51-03-02-SBO","6:00",0,9,0,"1","SW","3","N","MAWR","Marsh Wren","0","A","A","V","A","0","A","A","A","A","A","A","0","<50","N",NA,NA,NA,NA,NA,NA,NA,NA,NA,""
"178","NB","51","NB51","Musquash",3,"NB51-03",NA,NA,"SBO",2021,6,18,2,"NB51-03-02-SBO","6:00",0,9,0,"1","SW","3","N","PBGR","Pied-billed Grebe","0","0","0","0","0","V","V","0","0","0","V","0","0","<50","N",NA,NA,NA,NA,NA,NA,NA,NA,NA,"Flew over"
"179","NB","51","NB51","Musquash",4,"NB51-04",NA,NA,"SBO",2021,6,18,2,"NB51-04-02-SBO","6:27",0,9,0,"1","SW","4-Mar","N","MAWR","Marsh Wren","0","A","0","0","0","A","V","A","A","A","A","0","0","<50","N",NA,NA,NA,NA,NA,NA,NA,NA,NA,""
"180","NB","51","NB51","Musquash",4,"NB51-04",NA,NA,"SBO",2021,6,18,2,"NB51-04-02-SBO","6:27",0,9,0,"1","SW","4-Mar","N","MAWR","Marsh Wren","0","A","0","0","V","A","V","A","A","A","A","0","0","<50","N",NA,NA,NA,NA,NA,NA,NA,NA,NA,""
"181","NB","51","NB51","Musquash",4,"NB51-04",NA,NA,"SBO",2021,6,18,2,"NB51-04-02-SBO","6:27",0,9,0,"1","SW","4-Mar","N","MAWR","Marsh Wren","V","A","0","0","0","0","0","0","0","0","0","0","0","<50","N",NA,NA,NA,NA,NA,NA,NA,NA,NA,"Before/after columns not separated; assuming all noted are ""before"""
"182","NB","51","NB51","Musquash",4,"NB51-04",NA,NA,"SBO",2021,6,18,2,"NB51-04-02-SBO","6:27",0,9,0,"1","SW","4-Mar","N","MAWR","Marsh Wren","V","0","0","0","0","0","0","0","0","0","0","0","0","<50","N",NA,NA,NA,NA,NA,NA,NA,NA,NA,"Before/after columns not separated; assuming all noted are ""before"""
"183","NB","51","NB51","Musquash",4,"NB51-04",NA,NA,"SBO",2021,6,18,2,"NB51-04-02-SBO","6:27",0,9,0,"1","SW","4-Mar","N","MAWR","Marsh Wren","0","0","A","A","A","A","A","0","0","0","0","0","0","50-100","N",NA,NA,NA,NA,NA,NA,NA,NA,NA,""
"184","NB","51","NB51","Musquash",5,"NB51-05",NA,NA,"SBO",2021,6,18,2,"NB51-05-02-SBO","6:57",0,11,0,"1","SW","4-Mar","N","MAWR","Marsh Wren","0","A","0","0","A","V","0","0","0","V","0","0","0","<50","N",NA,NA,NA,NA,NA,NA,NA,NA,NA,"Carrying food"
"185","NB","51","NB51","Musquash",5,"NB51-05",NA,NA,"SBO",2021,6,18,2,"NB51-05-02-SBO","6:57",0,11,0,"1","SW","4-Mar","N","MAWR","Marsh Wren","0","0","0","0","0","V","0","0","0","V","0","0","0","<50","N",NA,NA,NA,NA,NA,NA,NA,NA,NA,""
"186","NS","03","NS03","Eddy Marsh",1,"NS03-01",NA,NA,"ZAW",2021,6,25,1,"NS03-01-01-ZAW","4:58",1,10,1,"2","S","2","Y","VIRA","Virginia Rail","0","0","0","A","0","0","0","A","A","0","0","A","0","50-100","N",NA,NA,NA,NA,NA,NA,NA,NA,NA,""
"187","NS","03","NS03","Eddy Marsh",1,"NS03-01",NA,NA,"ZAW",2021,6,25,1,"NS03-01-01-ZAW","4:58",1,10,1,"2","S","2","Y","MAWR","Marsh Wren","0","0","0","A","0","0","A","A","0","0","A","A","0","<50","N",NA,NA,NA,NA,NA,NA,NA,NA,NA,""
"188","NS","03","NS03","Eddy Marsh",1,"NS03-01",NA,NA,"ZAW",2021,6,25,1,"NS03-01-01-ZAW","4:58",1,10,1,"2","S","2","Y","PBGR","Pied-billed Grebe","0","0","0","0","0","0","A","0","0","0","0","0","0",">100","N",NA,NA,NA,NA,NA,NA,NA,NA,NA,""
"189","NS","03","NS03","Eddy Marsh",1,"NS03-01",NA,NA,"ZAW",2021,6,25,1,"NS03-01-01-ZAW","4:58",1,10,1,"2","S","2","Y","SORA","Sora","0","0","0","0","0","0","0","0","A","A","A","0","0","50-100","N",NA,NA,NA,NA,NA,NA,NA,NA,NA,""
"190","NS","03","NS03","Eddy Marsh",1,"NS03-01",NA,NA,"ZAW",2021,6,25,1,"NS03-01-01-ZAW","4:58",1,10,1,"2","S","2","Y","SORA","Sora","0","0","0","0","0","0","0","0","0","A","0","0","A",">100","N",NA,NA,NA,NA,NA,NA,NA,NA,NA,""
"191","NS","03","NS03","Eddy Marsh",1,"NS03-01",NA,NA,"ZAW",2021,6,25,1,"NS03-01-01-ZAW","4:58",1,10,1,"2","S","2","Y","VIRA","Virginia Rail","0","0","0","0","0","0","0","0","0","0","0","A","0","50-100","N",NA,NA,NA,NA,NA,NA,NA,NA,NA,""
"192","NS","03","NS03","Eddy Marsh",1,"NS03-01",NA,NA,"ZAW",2021,6,25,1,"NS03-01-01-ZAW","4:58",1,10,1,"2","S","2","Y","SORA","Sora","0","0","0","0","0","0","0","0","0","0","0","0","A",">100","N",NA,NA,NA,NA,NA,NA,NA,NA,NA,""
"193","NS","03","NS03","Eddy Marsh",2,"NS03-02",NA,NA,"ZAW",2021,6,25,1,"NS03-02-01-ZAW","5:21",2,10,1,"2","S","2","Y","PBGR","Pied-billed Grebe","A","0","0","0","0","0","0","0","0","A","0","0","0",">100","Y",NA,NA,NA,NA,NA,NA,NA,NA,NA,""
"194","NS","03","NS03","Eddy Marsh",2,"NS03-02",NA,NA,"ZAW",2021,6,25,1,"NS03-02-01-ZAW","5:21",2,10,1,"2","S","2","Y","SORA","Sora","0","0","0","0","0","0","0","0","0","A","0","0","0","<50","N",NA,NA,NA,NA,NA,NA,NA,NA,NA,""
"195","NS","03","NS03","Eddy Marsh",2,"NS03-02",NA,NA,"ZAW",2021,6,25,1,"NS03-02-01-ZAW","5:21",2,10,1,"2","S","2","Y","AMBI","American Bittern","0","0","0","0","0","0","0","0","0","0","A","0","0",">100","N",NA,NA,NA,NA,NA,NA,NA,NA,NA,""
"196","NS","03","NS03","Eddy Marsh",2,"NS03-02",NA,NA,"ZAW",2021,6,25,1,"NS03-02-01-ZAW","5:21",2,10,1,"2","S","2","Y","SORA","Sora","0","0","0","0","0","0","0","0","0","0","0","A","0",">100","N",NA,NA,NA,NA,NA,NA,NA,NA,NA,""
"197","NS","03","NS03","Eddy Marsh",3,"NS03-03",NA,NA,"ZAW",2021,6,25,1,"NS03-03-01-ZAW","5:41",2,7,1,"2","S","2","Y","SORA","Sora","A","A","A","A","0","0","0","0","0","A","0","A","0","50-100","N",NA,NA,NA,NA,NA,NA,NA,NA,NA,""
"198","NS","03","NS03","Eddy Marsh",3,"NS03-03",NA,NA,"ZAW",2021,6,25,1,"NS03-03-01-ZAW","5:41",2,7,1,"2","S","2","Y","VIRA","Virginia Rail","0","A","0","0","A","0","0","0","A","0","0","0","0","50-100","N",NA,NA,NA,NA,NA,NA,NA,NA,NA,""
"199","NS","03","NS03","Eddy Marsh",3,"NS03-03",NA,NA,"ZAW",2021,6,25,1,"NS03-03-01-ZAW","5:41",2,7,1,"2","S","2","Y","PBGR","Pied-billed Grebe","0","0","0","A","0","0","0","0","0","0","0","0","0",">100","N",NA,NA,NA,NA,NA,NA,NA,NA,NA,""
"200","NS","03","NS03","Eddy Marsh",3,"NS03-03",NA,NA,"ZAW",2021,6,25,1,"NS03-03-01-ZAW","5:41",2,7,1,"2","S","2","Y","VIRA","Virginia Rail","0","0","0","0","0","0","0","0","A","0","0","A","0","50-100","N",NA,NA,NA,NA,NA,NA,NA,NA,NA,""
"201","NS","03","NS03","Eddy Marsh",3,"NS03-03",NA,NA,"ZAW",2021,6,25,1,"NS03-03-01-ZAW","5:41",2,7,1,"2","S","2","Y","MAWR","Marsh Wren","0","0","0","0","0","0","0","0","0","0","0","A","0","50-100","N",NA,NA,NA,NA,NA,NA,NA,NA,NA,""
"202","NS","03","NS03","Eddy Marsh",4,"NS03-04",NA,NA,"ZAW",2021,6,25,1,"NS03-04-01-ZAW","6:01",1,10,1,"2","S","2","Y","PBGR","Pied-billed Grebe","0","0","0","0","0","A","0","0","0","A","0","0","0",">100","N",NA,NA,NA,NA,NA,NA,NA,NA,NA,""
"203","NS","03","NS03","Eddy Marsh",4,"NS03-04",NA,NA,"ZAW",2021,6,25,1,"NS03-04-01-ZAW","6:01",1,10,1,"2","S","2","Y","SORA","Sora","0","0","0","0","0","0","0","V","0","0","0","0","0",">100","Y",NA,NA,NA,NA,NA,NA,NA,NA,NA,""
"204","NS","03","NS03","Eddy Marsh",5,"NS03-05",NA,NA,"ZAW",2021,6,25,1,"NS03-05-01-ZAW","6:22",2,10,1,"2","S","2","Y","SORA","Sora","0","0","0","0","0","A","0","0","0","0","0","A","0",">100","Y",NA,NA,NA,NA,NA,NA,NA,NA,NA,""
"205","NS","03","NS03","Eddy Marsh",5,"NS03-05",NA,NA,"ZAW",2021,6,25,1,"NS03-05-01-ZAW","6:22",2,10,1,"2","S","2","Y","SORA","Sora","0","0","0","0","0","0","0","0","0","A","0","0","0","<50","N",NA,NA,NA,NA,NA,NA,NA,NA,NA,""
"206","NS","03","NS03","Eddy Marsh",5,"NS03-05",NA,NA,"ZAW",2021,6,25,1,"NS03-05-01-ZAW","6:22",2,10,1,"2","S","2","Y","AMBI","American Bittern","0","0","0","0","0","0","0","0","0","0","A","0","0",">100","N",NA,NA,NA,NA,NA,NA,NA,NA,NA,""
"207","NS","03","NS03","Eddy Marsh",6,"NS03-06",NA,NA,"ZAW",2021,6,25,1,"NS03-06-01-ZAW","6:46",1,8,0,"2","SW","2","Y","PBGR","Pied-billed Grebe","V","0","0","0","0","0","0","0","0","0","0","0","0","<50","N",NA,NA,NA,NA,NA,NA,NA,NA,NA,""
"208","NS","03","NS03","Eddy Marsh",6,"NS03-06",NA,NA,"ZAW",2021,6,25,1,"NS03-06-01-ZAW","6:46",1,8,0,"2","SW","2","Y","SORA","Sora","A","A","0","0","A","0","0","0","0","0","0","0","0","50-100","Y",NA,NA,NA,NA,NA,NA,NA,NA,NA,""
"209","NS","03","NS03","Eddy Marsh",6,"NS03-06",NA,NA,"ZAW",2021,6,25,1,"NS03-06-01-ZAW","6:46",1,8,0,"2","SW","2","Y","MAWR","Marsh Wren","0","A","A","A","A","A","A","A","A","A","A","A","0","<50","N",NA,NA,NA,NA,NA,NA,NA,NA,NA,"Turf battle!"
"210","NS","03","NS03","Eddy Marsh",6,"NS03-06",NA,NA,"ZAW",2021,6,25,1,"NS03-06-01-ZAW","6:46",1,8,0,"2","SW","2","Y","MAWR","Marsh Wren","0","0","V","V","A","A","A","A","A","0","0","A","0","<50","N",NA,NA,NA,NA,NA,NA,NA,NA,NA,"Turf battle!"
"211","NS","03","NS03","Eddy Marsh",6,"NS03-06",NA,NA,"ZAW",2021,6,25,1,"NS03-06-01-ZAW","6:46",1,8,0,"2","SW","2","Y","SORA","Sora","0","0","0","0","A","0","A","0","0","A","0","A","0","<50","N",NA,NA,NA,NA,NA,NA,NA,NA,NA,""
"212","NS","03","NS03","Eddy Marsh",6,"NS03-06",NA,NA,"ZAW",2021,6,25,1,"NS03-06-01-ZAW","6:46",1,8,0,"2","SW","2","Y","SORA","Sora","0","0","0","0","0","A","0","0","0","A","0","0","0","<50","N",NA,NA,NA,NA,NA,NA,NA,NA,NA,""
"213","NS","03","NS03","Eddy Marsh",6,"NS03-06",NA,NA,"ZAW",2021,6,25,1,"NS03-06-01-ZAW","6:46",1,8,0,"2","SW","2","Y","VIRA","Virginia Rail","0","0","0","0","0","0","0","0","A","0","0","A","0","50-100","N",NA,NA,NA,NA,NA,NA,NA,NA,NA,""
"214","NS","03","NS03","Eddy Marsh",6,"NS03-06",NA,NA,"ZAW",2021,6,25,1,"NS03-06-01-ZAW","6:46",1,8,0,"2","SW","2","Y","SORA","Sora","0","0","0","0","0","0","0","0","0","0","0","A","0",">100","N",NA,NA,NA,NA,NA,NA,NA,NA,NA,""
"215","NS","03","NS03","Eddy Marsh",7,"NS03-07",NA,NA,"ZAW",2021,6,25,1,"NS03-07-01-ZAW","7:05",1,9,0,"2","SW","2","Y","SORA","Sora","0","0","A","0","0","0","0","A","0","A","0","0","0",">100","Y",NA,NA,NA,NA,NA,NA,NA,NA,NA,""
"216","NS","03","NS03","Eddy Marsh",7,"NS03-07",NA,NA,"ZAW",2021,6,25,1,"NS03-07-01-ZAW","7:05",1,9,0,"2","SW","2","Y","MAWR","Marsh Wren","0","0","0","0","A","0","0","0","0","A","0","0","0","50-100","Y",NA,NA,NA,NA,NA,NA,NA,NA,NA,""
"217","NS","03","NS03","Eddy Marsh",7,"NS03-07",NA,NA,"ZAW",2021,6,25,1,"NS03-07-01-ZAW","7:05",1,9,0,"2","SW","2","Y","VIRA","Virginia Rail","0","0","0","0","0","0","0","0","A","0","0","0","0","50-100","N",NA,NA,NA,NA,NA,NA,NA,NA,NA,""
"218","NS","03","NS03","Eddy Marsh",7,"NS03-07",NA,NA,"ZAW",2021,6,25,1,"NS03-07-01-ZAW","7:05",1,9,0,"2","SW","2","Y","VIRA","Virginia Rail","0","0","0","0","0","0","0","0","0","0","0","AV","0","<50","N",NA,NA,NA,NA,NA,NA,NA,NA,NA,"Only few feet away"
"219","NS","03","NS03","Eddy Marsh",8,"NS03-08",NA,NA,"ZAW",2021,6,25,1,"NS03-08-01-ZAW","7:26",1,9,0,"2","S","2","Y","VIRA","Virginia Rail","0","0","0","0","0","0","0","0","A","0","0","0","0","<50","N",NA,NA,NA,NA,NA,NA,NA,NA,NA,""
"220","NS","03","NS03","Eddy Marsh",8,"NS03-08",NA,NA,"ZAW",2021,6,25,1,"NS03-08-01-ZAW","7:26",1,9,0,"2","S","2","Y","VIRA","Virginia Rail","0","0","0","0","0","0","0","0","0","0","A","A","0",">100","N",NA,NA,NA,NA,NA,NA,NA,NA,NA,""
"221","NS","03","NS03","Eddy Marsh",9,"NS03-09",NA,NA,"ZAW",2021,6,25,1,"NS03-09-01-ZAW","7:45",1,9,0,"2","S","2","Y","VIRA","Virginia Rail","A","0","0","0","0","0","0","0","0","0","0","0","0","<50","N",NA,NA,NA,NA,NA,NA,NA,NA,NA,""
"222","NS","03","NS03","Eddy Marsh",9,"NS03-09",NA,NA,"ZAW",2021,6,25,1,"NS03-09-01-ZAW","7:45",1,9,0,"2","S","2","Y","MAWR","Marsh Wren","0","0","0","0","A","0","0","0","0","0","0","A","A","50-100","N",NA,NA,NA,NA,NA,NA,NA,NA,NA,""
"223","NS","03","NS03","Eddy Marsh",9,"NS03-09",NA,NA,"ZAW",2021,6,25,1,"NS03-09-01-ZAW","7:45",1,9,0,"2","S","2","Y","MAWR","Marsh Wren","0","0","0","0","A","0","A","0","0","0","0","A","A","<50","N",NA,NA,NA,NA,NA,NA,NA,NA,NA,""
"224","NS","03","NS03","Eddy Marsh",9,"NS03-09",NA,NA,"ZAW",2021,6,25,1,"NS03-09-01-ZAW","7:45",1,9,0,"2","S","2","Y","VIRA","Virginia Rail","0","0","0","0","0","0","0","0","0","0","0","A","0","50-100","N",NA,NA,NA,NA,NA,NA,NA,NA,NA,""
"225","NS","03","NS03","Eddy Marsh",9,"NS03-09",NA,NA,"ZAW",2021,6,25,1,"NS03-09-01-ZAW","7:45",1,9,0,"2","S","2","Y","SORA","Sora","0","0","0","0","0","0","0","0","0","0","0","A","0","50-100","N",NA,NA,NA,NA,NA,NA,NA,NA,NA,""
"226","NS","03","NS03","Eddy Marsh",10,"NS03-10",NA,NA,"ZAW",2021,6,25,1,"NS03-10-01-ZAW","8:06",1,9,0,"2","S","2","Y","NESP","Nelson's Sparrow","0","0","0","0","0","0","0","0","0","0","0","0","A",NA,"N",NA,NA,NA,NA,NA,NA,NA,NA,NA,"Heard while walking to car"
"227","NS","03","NS03","Eddy Marsh",10,"NS03-10",NA,NA,"ZAW",2021,6,25,1,"NS03-10-01-ZAW","8:06",1,9,0,"2","S","2","Y","AMBI","American Bittern","0","0","0","0","0","0","0","0","0","0","0","0","A",NA,NA,NA,NA,NA,NA,NA,NA,NA,NA,NA,"Previous point not noted. Flushed while walking to car"
"228","NS","03","NS03","Eddy Marsh",1,"NS03-01",NA,NA,"ZAW",2021,6,25,1,"NS03-01-01-ZAW","4:58",1,10,1,"2","S","2","Y","SORA","Sora","0","A","0","0","0","0","0","0","0","A","0","0","0","50-100","N",NA,NA,NA,NA,NA,NA,NA,NA,NA,""
"229","NS","03","NS03","Eddy Marsh",1,"NS03-01",NA,NA,"ZAW",2021,7,13,2,"NS03-01-02-ZAW","5:09",6,11,1,"1","S","2","Y","MAWR","Marsh Wren","0","0","0","0","0","0","A","0","0","0","0","A","0","50-100","N",NA,NA,NA,NA,NA,NA,NA,NA,NA,""
"230","NS","03","NS03","Eddy Marsh",1,"NS03-01",NA,NA,"ZAW",2021,7,13,2,"NS03-01-02-ZAW","5:09",6,11,1,"1","S","2","Y","MAWR","Marsh Wren","0","0","0","0","0","0","0","A","A","0","0","A","A","50-100","N",NA,NA,NA,NA,NA,NA,NA,NA,NA,""
"231","NS","03","NS03","Eddy Marsh",2,"NS03-02",NA,NA,"ZAW",2021,7,13,2,"NS03-02-02-ZAW","5:27",9,12,1,"1","E","2","Y","SORA","Sora","0","A","0","0","0","0","0","0","0","0","0","0","A",">100","N",NA,NA,NA,NA,NA,NA,NA,NA,NA,""
"232","NS","03","NS03","Eddy Marsh",3,"NS03-03",NA,NA,"ZAW",2021,7,13,2,"NS03-03-02-ZAW","5:46",3,12,1,"1","E","2","Y","SORA","Sora","0","0","0","0","A","0","0","0","0","0","0","0","0","50-100","N",NA,NA,NA,NA,NA,NA,NA,NA,NA,""
"233","NS","03","NS03","Eddy Marsh",3,"NS03-03",NA,NA,"ZAW",2021,7,13,2,"NS03-03-02-ZAW","5:46",3,12,1,"1","E","2","Y","SORA","Sora","0","0","0","0","0","A","0","0","0","0","0","0","0",">100","N",NA,NA,NA,NA,NA,NA,NA,NA,NA,""
"234","NS","03","NS03","Eddy Marsh",4,"NS03-04",NA,NA,"ZAW",2021,7,13,2,"NS03-04-02-ZAW","6:06",2,12,1,"1","E","2","Y","PBGR","Pied-billed Grebe","A","0","0","0","0","A","0","0","0","0","0","0","0",">100","N",NA,NA,NA,NA,NA,NA,NA,NA,NA,""
"235","NS","03","NS03","Eddy Marsh",4,"NS03-04",NA,NA,"ZAW",2021,7,13,2,"NS03-04-02-ZAW","6:06",2,12,1,"1","E","2","Y","PBGR","Pied-billed Grebe","0","0","0","0","0","0","0","0","0","0","0","V","0",">100","N",NA,NA,NA,NA,NA,NA,NA,NA,NA,"Pair"
"236","NS","03","NS03","Eddy Marsh",4,"NS03-04",NA,NA,"ZAW",2021,7,13,2,"NS03-04-02-ZAW","6:06",2,12,1,"1","E","2","Y","PBGR","Pied-billed Grebe","0","0","0","0","0","0","0","0","0","0","0","V","0",">100","N",NA,NA,NA,NA,NA,NA,NA,NA,NA,"Pair"
"237","NS","03","NS03","Eddy Marsh",5,"NS03-05",NA,NA,"ZAW",2021,7,13,2,"NS03-05-02-ZAW","6:27",1,12,1,"1","E","2","Y","SORA","Sora","0","0","0","0","0","0","0","0","0","A","0","0","0",">100","N",NA,NA,NA,NA,NA,NA,NA,NA,NA,""
"238","NS","03","NS03","Eddy Marsh",6,"NS03-06",NA,NA,"ZAW",2021,7,13,2,"NS03-06-02-ZAW","6:49",1,13,1,"1","E","2","Y","VIRA","Virginia Rail","0","0","0","0","0","0","0","0","A","0","0","0","0","<50","So close!",NA,NA,NA,NA,NA,NA,NA,NA,NA,""
"239","NS","03","NS03","Eddy Marsh",6,"NS03-06",NA,NA,"ZAW",2021,7,13,2,"NS03-06-02-ZAW","6:49",1,13,1,"1","E","2","Y","VIRA","Virginia Rail","0","0","0","0","0","0","0","0","A","0","0","A","0","50-100","N",NA,NA,NA,NA,NA,NA,NA,NA,NA,""
"240","NS","03","NS03","Eddy Marsh",6,"NS03-06",NA,NA,"ZAW",2021,7,13,2,"NS03-06-02-ZAW","6:49",1,13,1,"1","E","2","Y","VIRA","Virginia Rail","0","0","0","0","0","0","0","0","0","0","0","A","0","<50","N",NA,NA,NA,NA,NA,NA,NA,NA,NA,""
"241","NS","03","NS03","Eddy Marsh",7,"NS03-07",NA,NA,"ZAW",2021,7,13,2,"NS03-07-02-ZAW","7:09",1,12,0,"1","S","2","Y","VIRA","Virginia Rail","0","0","0","0","0","0","0","0","0","0","0","A","0","<50","N",NA,NA,NA,NA,NA,NA,NA,NA,NA,"Prev point not noted, assumed no"
"242","NS","03","NS03","Eddy Marsh",8,"NS03-08",NA,NA,"ZAW",2021,7,13,2,"NS03-08-02-ZAW","7:28",1,13,0,"1","S","2","Y","MAWR","Marsh Wren","0","0","0","0","0","0","A","0","0","0","0","0","0","<50","N",NA,NA,NA,NA,NA,NA,NA,NA,NA,""
"243","NS","03","NS03","Eddy Marsh",8,"NS03-08",NA,NA,"ZAW",2021,7,13,2,"NS03-08-02-ZAW","7:28",1,13,0,"1","S","2","Y","VIRA","Virginia Rail","0","0","0","0","0","0","0","0","A","0","0","0","0","50-100",NA,NA,NA,NA,NA,NA,NA,NA,NA,NA,"Prev point not noted"
"244","NS","03","NS03","Eddy Marsh",8,"NS03-08",NA,NA,"ZAW",2021,7,13,2,"NS03-08-02-ZAW","7:28",1,13,0,"1","S","2","Y","SORA","Sora","0","0","0","0","0","0","0","0","0","0","AV","0","0","<50","N",NA,NA,NA,NA,NA,NA,NA,NA,NA,""
"245","NS","03","NS03","Eddy Marsh",8,"NS03-08",NA,NA,"ZAW",2021,7,13,2,"NS03-08-02-ZAW","7:28",1,13,0,"1","S","2","Y","PBGR","Pied-billed Grebe","0","0","0","0","0","0","0","0","0","0","0","0","V",NA,"N",NA,NA,NA,NA,NA,NA,NA,NA,NA,"Did not indicate distance"
"246","NS","03","NS03","Eddy Marsh",9,"NS03-09",NA,NA,"ZAW",2021,7,13,2,"NS03-09-02-ZAW","7:50",1,14,0,"1","S","3","Y","MAWR","Marsh Wren","0","0","A","A","A","A","0","0","0","0","0","A","0","50-100","N",NA,NA,NA,NA,NA,NA,NA,NA,NA,""
"247","NS","03","NS03","Eddy Marsh",9,"NS03-09",NA,NA,"ZAW",2021,7,13,2,"NS03-09-02-ZAW","7:50",1,14,0,"1","S","3","Y","VIRA","Virginia Rail","0","0","0","0","0","0","0","0","A","0","0","0","0",">100","N",NA,NA,NA,NA,NA,NA,NA,NA,NA,""
"248","NS","03","NS03","Eddy Marsh",9,"NS03-09",NA,NA,"ZAW",2021,7,13,2,"NS03-09-02-ZAW","7:50",1,14,0,"1","S","3","Y","AMBI","American Bittern","0","0","0","0","0","0","0","0","0","0","0","V","0","50-100","N",NA,NA,NA,NA,NA,NA,NA,NA,NA,"Previous point not noted, assuming no based on previous data"
"249","NB","55","NB55","Saint John South",1,"NB55-01",NA,NA,"MAH",2021,6,27,1,"NB55-01-01-MAH","5:20",10,15,1,"3","s","2","Y","NESP","Nelson's Sparrow","0","0","0","0","0","A","A","V","A","0","A","A","V","<50","N",NA,NA,NA,NA,NA,NA,NA,NA,NA,""
"250","NB","55","NB55","Saint John South",1,"NB55-01",NA,NA,"MAH",2021,6,27,1,"NB55-01-01-MAH","5:20",10,15,1,"3","s","2","Y","NESP","Nelson's Sparrow","0","0","0","0","0","A","0","0","0","A","0","0","0","<50","N",NA,NA,NA,NA,NA,NA,NA,NA,NA,""
"251","NB","55","NB55","Saint John South",1,"NB55-01",NA,NA,"MAH",2021,6,27,1,"NB55-01-01-MAH","5:20",10,15,1,"3","s","2","Y","NESP","Nelson's Sparrow","0","0","0","0","0","0","0","0","0","0","A","0","0","<50","N",NA,NA,NA,NA,NA,NA,NA,NA,NA,""
"252","NB","55","NB55","Saint John South",2,"NB55-02",NA,NA,"MAH",2021,6,27,1,"NB55-02-01-MAH","5:40",10,14,1,"3","S","2","Y","NESP","Nelson's Sparrow","A","A","A","A","A","A","V","A","A","A","A","A","A","50-100","N",NA,NA,NA,NA,NA,NA,NA,NA,NA,""
"253","NB","55","NB55","Saint John South",2,"NB55-02",NA,NA,"MAH",2021,6,27,1,"NB55-02-01-MAH","5:40",10,14,1,"3","S","2","Y","NESP","Nelson's Sparrow","0","0","A","A","A","A","0","0","0","0","0","0","0",">100","Y",NA,NA,NA,NA,NA,NA,NA,NA,NA,""
"254","NB","55","NB55","Saint John South",2,"NB55-02",NA,NA,"MAH",2021,6,27,1,"NB55-02-01-MAH","5:40",10,14,1,"3","S","2","Y","MAWR","Marsh Wren","0","0","0","0","0","A","0","0","0","0","0","0","0","50-100","N",NA,NA,NA,NA,NA,NA,NA,NA,NA,"Distance note noted, but estimated from point count"
"255","NB","55","NB55","Saint John South",3,"NB55-03",NA,NA,"MAH",2021,6,27,1,"NB55-03-01-MAH","6:15",10,4,1,"3","S","4","Y","NESP","Nelson's Sparrow","A","A","0","A","A","A","A","A","A","A","A","V","A","<50","N",NA,NA,NA,NA,NA,NA,NA,NA,NA,""
"256","NB","55","NB55","Saint John South",3,"NB55-03",NA,NA,"MAH",2021,6,27,1,"NB55-03-01-MAH","6:15",10,4,1,"3","S","4","Y","NESP","Nelson's Sparrow","0","0","A","A","A","A","0","0","0","0","A","V","0","50-100","N",NA,NA,NA,NA,NA,NA,NA,NA,NA,""
"257","NB","55","NB55","Saint John South",3,"NB55-03",NA,NA,"MAH",2021,6,27,1,"NB55-03-01-MAH","6:15",10,4,1,"3","S","4","Y","NESP","Nelson's Sparrow","0","0","0","0","A","A","A","A","0","0","0","A","A","<50","N",NA,NA,NA,NA,NA,NA,NA,NA,NA,"Distance note noted, but estimated from point count"
"258","NB","55","NB55","Saint John South",3,"NB55-03",NA,NA,"MAH",2021,6,27,1,"NB55-03-01-MAH","6:15",10,4,1,"3","S","4","Y","NESP","Nelson's Sparrow","0","0","0","0","0","0","0","0","0","0","0","A","0",">100","Y",NA,NA,NA,NA,NA,NA,NA,NA,NA,"Distance note noted, but estimated from point count"
"259","NB","55","NB55","Saint John South",4,"NB55-04",NA,NA,"MAH",2021,6,27,1,"NB55-04-01-MAH","6:40",10,17,1,"3","S","1","Y","NESP","Nelson's Sparrow","0","0","A","A","A","A","A","0","A","A","A","A","A",">100","Y",NA,NA,NA,NA,NA,NA,NA,NA,NA,""
"260","NB","55","NB55","Saint John South",4,"NB55-04",NA,NA,"MAH",2021,6,27,1,"NB55-04-01-MAH","6:40",10,17,1,"3","S","1","Y","NESP","Nelson's Sparrow","0","0","0","A","0","A","A","V","A","A","A","A","0",">100","N",NA,NA,NA,NA,NA,NA,NA,NA,NA,""
"261","NB","55","NB55","Saint John South",4,"NB55-04",NA,NA,"MAH",2021,6,27,1,"NB55-04-01-MAH","6:40",10,17,1,"3","S","1","Y","MAWR","Marsh Wren","0","0","0","0","0","0","0","0","0","0","0","0","A",">100","N",NA,NA,NA,NA,NA,NA,NA,NA,NA,"Distance note noted, but estimated from point count"
"262","NB","55","NB55","Saint John South",1,"NB55-01",NA,NA,"MAH",2021,7,2,2,"NB55-01-02-MAH","5:15",9,12,1,"3","SW","2","Y","NESP","Nelson's Sparrow","A","A","A","A","A","0","0","A","A","A","0","0","A","50-100","N",NA,NA,NA,NA,NA,NA,NA,NA,NA,""
"263","NB","55","NB55","Saint John South",1,"NB55-01",NA,NA,"MAH",2021,7,2,2,"NB55-01-02-MAH","5:15",9,12,1,"3","SW","2","Y","MAWR","Marsh Wren","0","0","0","0","0","0","0","0","0","0","A","A","A","<50","N",NA,NA,NA,NA,NA,NA,NA,NA,NA,""
"264","NB","55","NB55","Saint John South",2,"NB55-02",NA,NA,"MAH",2021,7,2,2,"NB55-02-02-MAH","5:45",9,12,1,"3","S","2","Y","NESP","Nelson's Sparrow","A","A","0","0","0","A","A","A","A","A","A","A","A","50-100","N",NA,NA,NA,NA,NA,NA,NA,NA,NA,""
"265","NB","55","NB55","Saint John South",2,"NB55-02",NA,NA,"MAH",2021,7,2,2,"NB55-02-02-MAH","5:45",9,12,1,"3","S","2","Y","NESP","Nelson's Sparrow","0","0","0","0","0","A","0","0","A","A","0","0","0","<50","N",NA,NA,NA,NA,NA,NA,NA,NA,NA,""
"266","NB","55","NB55","Saint John South",3,"NB55-03",NA,NA,"MAH",2021,7,2,2,"NB55-03-02-MAH","6:10",9,11,1,"3","S","2","Y","NESP","Nelson's Sparrow","A","A","A","0","0","A","A","A","A","0","A","A","0","<50","N",NA,NA,NA,NA,NA,NA,NA,NA,NA,""
"267","NB","55","NB55","Saint John South",3,"NB55-03",NA,NA,"MAH",2021,7,2,2,"NB55-03-02-MAH","6:10",9,11,1,"3","S","2","Y","NESP","Nelson's Sparrow","0","0","0","A","A","A","0","0","0","A","A","A","A","50-100","N",NA,NA,NA,NA,NA,NA,NA,NA,NA,""
"268","NB","55","NB55","Saint John South",4,"NB55-04",NA,NA,"MAH",2021,7,2,2,"NB55-04-02-MAH","6:35",9,12,1,"3","S","2","Y","NESP","Nelson's Sparrow","A","0","0","A","A","A","A","A","A","A","A","A","A","50-100","N",NA,NA,NA,NA,NA,NA,NA,NA,NA,""
"269","NB","55","NB55","Saint John South",4,"NB55-04",NA,NA,"MAH",2021,7,2,2,"NB55-04-02-MAH","6:35",9,12,1,"3","S","2","Y","NESP","Nelson's Sparrow","0","0","0","0","A","0","A","A","0","0","A","A","A",">100","N",NA,NA,NA,NA,NA,NA,NA,NA,NA,""
"270","NB","55","NB55","Saint John South",4,"NB55-04",NA,NA,"MAH",2021,7,2,2,"NB55-04-02-MAH","6:35",9,12,1,"3","S","2","Y","NESP","Nelson's Sparrow","0","0","0","0","A","A","A","0","A","A","A","A","A",">100","N",NA,NA,NA,NA,NA,NA,NA,NA,NA,""
"271","NB","57","NB57","Coles Island",4,"NB57-04",NA,NA,"LON",2021,6,13,1,"NB57-04-01-LON","6:50",9,8,0,"2","W","0","Y","PBGR","Pied-billed Grebe","A","0","A","0","0","0","0","0","0","0","0","A","0","50-100","N",NA,NA,NA,NA,NA,NA,NA,NA,NA,""
"272","NB","57","NB57","Coles Island",4,"NB57-04",NA,NA,"LON",2021,6,13,1,"NB57-04-01-LON","6:50",9,8,0,"2","W","0","Y","SORA","Sora","0","0","A","0","0","0","0","0","0","0","0","0","0","50-100","N",NA,NA,NA,NA,NA,NA,NA,NA,NA,""
"273","NB","57","NB57","Coles Island",5,"NB57-05",NA,NA,"LON",2021,6,13,1,"NB57-05-01-LON","7:15",3,10,0,"2","NW","0","Y","PBGR","Pied-billed Grebe","A","0","0","0","0","0","0","0","0","0","0","A","0","50-100","Y",NA,NA,NA,NA,NA,NA,NA,NA,NA,""
"274","NB","57","NB57","Coles Island",6,"NB57-06",NA,NA,"LON",2021,6,13,1,"NB57-06-01-LON","7:53",2,10,0,"1","NW","0","Y","SORA","Sora","A","0","0","0","0","0","0","0","0","0","0","0","0","50-100","N",NA,NA,NA,NA,NA,NA,NA,NA,NA,""
"275","NB","57","NB57","Coles Island",6,"NB57-06",NA,NA,"LON",2021,6,13,1,"NB57-06-01-LON","7:53",2,10,0,"1","NW","0","Y","NESP","Nelson's Sparrow","0","0","0","0","0","A","0","0","0","0","0","0","0","50-100","N",NA,NA,NA,NA,NA,NA,NA,NA,NA,""
"276","NB","57","NB57","Coles Island",2,"NB57-02",NA,NA,"LON",2021,6,13,1,"NB57-02-01-LON","5:58",10,9,0,"3","SW","0","Y","SORA","Sora","A","0","0","0","0","0","0","0","0","0","0","0","0","50-100","N",NA,NA,NA,NA,NA,NA,NA,NA,NA,""
"277","NB","57","NB57","Coles Island",2,"NB57-02",NA,NA,"LON",2021,6,13,1,"NB57-02-01-LON","5:58",10,9,0,"3","SW","0","Y","SORA","Sora","0","0","A","0","0","0","0","0","0","0","0","0","0",">100","N",NA,NA,NA,NA,NA,NA,NA,NA,NA,""
"278","NB","57","NB57","Coles Island",2,"NB57-02",NA,NA,"LON",2021,6,13,1,"NB57-02-01-LON","5:58",10,9,0,"3","SW","0","Y","PBGR","Pied-billed Grebe","0","0","0","A","0","0","0","0","0","0","0","0","0",">100","N",NA,NA,NA,NA,NA,NA,NA,NA,NA,""
"279","NB","57","NB57","Coles Island",2,"NB57-02",NA,NA,"LON",2021,6,13,1,"NB57-02-01-LON","5:58",10,9,0,"3","SW","0","Y","PBGR","Pied-billed Grebe","0","0","0","0","0","0","0","0","0","0","0","0","A","50-100","N",NA,NA,NA,NA,NA,NA,NA,NA,NA,""
"280","NB","57","NB57","Coles Island",3,"NB57-03",NA,NA,"LON",2021,7,3,2,"NB57-03-02-LON","6:35",10,12,0,"2","NE","0","Y","PBGR","Pied-billed Grebe","A","0","A","0","0","0","0","0","0","0","0","0","0","50-100","Y",NA,NA,NA,NA,NA,NA,NA,NA,NA,""
"281","NB","57","NB57","Coles Island",3,"NB57-03",NA,NA,"LON",2021,7,3,2,"NB57-03-02-LON","6:35",10,12,0,"2","NE","0","Y","PBGR","Pied-billed Grebe","0","0","0","0","0","0","0","0","0","0","0","A","0",">100","Y",NA,NA,NA,NA,NA,NA,NA,NA,NA,""
"282","NB","57","NB57","Coles Island",5,"NB57-05",NA,NA,"LON",2021,7,3,2,"NB57-05-02-LON","7:25",10,12,0,"3","NE","0","Y","PBGR","Pied-billed Grebe","0","0","0","0","0","0","0","0","0","0","V","0","0",">100","Y",NA,NA,NA,NA,NA,NA,NA,NA,NA,""
"283","NB","57","NB57","Coles Island",5,"NB57-05",NA,NA,"LON",2021,7,3,2,"NB57-05-02-LON","7:25",10,12,0,"3","NE","0","Y","PBGR","Pied-billed Grebe","0","0","0","0","0","0","0","0","0","0","0","V","0","50-100","Y",NA,NA,NA,NA,NA,NA,NA,NA,NA,""
"284","NB","57","NB57","Coles Island",5,"NB57-05",NA,NA,"LON",2021,7,3,2,"NB57-05-02-LON","7:25",10,12,0,"3","NE","0","Y","SORA","Sora","0","0","0","0","0","0","0","0","0","0","0","A","0",">100","Y",NA,NA,NA,NA,NA,NA,NA,NA,NA,""
"285","NB","57","NB57","Coles Island",6,"NB57-06",NA,NA,"LON",2021,7,3,2,"NB57-06-02-LON","8:00",10,12,0,"3","NE","0","Y","NESP","Nelson's Sparrow","0","0","0","0","0","0","0","A","0","0","0","0","0","50-100","N",NA,NA,NA,NA,NA,NA,NA,NA,NA,""
"286","NB","34","NB34","Tintamarre",1,"NB34-01",NA,NA,"MEB",2021,6,13,1,"NB34-01-01-MEB","5:17",10,10,0,"3","SW","1","y","AMBI","American Bittern","A","A","0","0","0","A","0","0","0","0","A","A","0","50-100","N",NA,NA,NA,NA,NA,NA,NA,NA,NA,"Rooster calling/cows too"
"287","NB","34","NB34","Tintamarre",1,"NB34-01",NA,NA,"MEB",2021,6,13,1,"NB34-01-01-MEB","5:17",10,10,0,"3","SW","1","y","PBGR","Pied-billed Grebe","0","0","A","0","0","0","V","V","V","0","A","AV","0","50-100","N",NA,NA,NA,NA,NA,NA,NA,NA,NA,""
"288","NB","34","NB34","Tintamarre",1,"NB34-01",NA,NA,"MEB",2021,6,13,1,"NB34-01-01-MEB","5:17",10,10,0,"3","SW","1","y","AMBI","American Bittern","0","0","0","A","0","0","0","0","A","0","0","A","0","50-100","N",NA,NA,NA,NA,NA,NA,NA,NA,NA,""
"289","NB","34","NB34","Tintamarre",1,"NB34-01",NA,NA,"MEB",2021,6,13,1,"NB34-01-01-MEB","5:17",10,10,0,"3","SW","1","y","PBGR","Pied-billed Grebe","0","0","0","0","0","0","0","V","V","0","0","V","0","50-100","N",NA,NA,NA,NA,NA,NA,NA,NA,NA,""
"290","NB","34","NB34","Tintamarre",1,"NB34-01",NA,NA,"MEB",2021,6,13,1,"NB34-01-01-MEB","5:17",10,10,0,"3","SW","1","y","VIRA","Virginia Rail","0","0","0","0","0","0","0","0","0","A","0","0","0",">100","N",NA,NA,NA,NA,NA,NA,NA,NA,NA,""
"291","NB","34","NB34","Tintamarre",1,"NB34-01",NA,NA,"MEB",2021,6,13,1,"NB34-01-01-MEB","5:17",10,10,0,"3","SW","1","y","GOOT","Common Gallinule/American Coot","0","0","0","0","0","0","0","0","0","0","0","A","0",">100","N",NA,NA,NA,NA,NA,NA,NA,NA,NA,""
"292","NB","34","NB34","Tintamarre",1,"NB34-01",NA,NA,"MEB",2021,6,13,1,"NB34-01-01-MEB","5:17",10,10,0,"3","SW","1","y","PBGR","Pied-billed Grebe","0","0","0","0","0","0","0","0","0","0","0","A","0","50-100","N",NA,NA,NA,NA,NA,NA,NA,NA,NA,""
"293","NB","34","NB34","Tintamarre-NWA",5,"NB34-05",NA,NA,"MEB",2021,6,13,1,"NB34-05-01-MEB","5:44",10,10,0,"3","SW","1","Y","AMBI","American Bittern","0","AV","A","A","A","A","0","A","A","0","0","A","0","50-100","N",NA,NA,NA,NA,NA,NA,NA,NA,NA,"Cows mooing"
"294","NB","34","NB34","Tintamarre-NWA",5,"NB34-05",NA,NA,"MEB",2021,6,13,1,"NB34-05-01-MEB","5:44",10,10,0,"3","SW","1","Y","PBGR","Pied-billed Grebe","0","A","0","0","0","0","0","0","0","0","A","0","0","50-100","N",NA,NA,NA,NA,NA,NA,NA,NA,NA,""
"295","NB","34","NB34","Tintamarre-NWA",5,"NB34-05",NA,NA,"MEB",2021,6,13,1,"NB34-05-01-MEB","5:44",10,10,0,"3","SW","1","Y","AMBI","American Bittern","0","0","0","0","0","0","0","0","0","0","0","0","0","50-100","N",NA,NA,NA,NA,NA,NA,NA,NA,NA,""
"296","NB","34","NB34","Tintamarre-NWA",5,"NB34-05",NA,NA,"MEB",2021,6,13,1,"NB34-05-01-MEB","5:44",10,10,0,"3","SW","1","Y","PBGR","Pied-billed Grebe","0","0","0","A","A","0","0","0","0","0","A","A","0","<50","N",NA,NA,NA,NA,NA,NA,NA,NA,NA,""
"297","NB","34","NB34","Tintamarre-NWA",5,"NB34-05",NA,NA,"MEB",2021,6,13,1,"NB34-05-01-MEB","5:44",10,10,0,"3","SW","1","Y","VIRA","Virginia Rail","0","0","0","0","0","0","0","0","A","A","0","0","0","<50","N",NA,NA,NA,NA,NA,NA,NA,NA,NA,""
"298","NB","34","NB34","Tintamarre-NWA",6,"NB34-06",NA,NA,"MEB",2021,6,13,1,"NB34-06-01-MEB","6:12",10,10,0,"3","SW","1","Y","SORA","Sora","A","0","0","A","0","0","0","A","0","A","A","A","A","50-100","N",NA,NA,NA,NA,NA,NA,NA,NA,NA,""
"299","NB","34","NB34","Tintamarre-NWA",6,"NB34-06",NA,NA,"MEB",2021,6,13,1,"NB34-06-01-MEB","6:12",10,10,0,"3","SW","1","Y","AMBI","American Bittern","0","A","A","0","A","0","0","0","0","A","0","A","0",">100",NA,NA,NA,NA,NA,NA,NA,NA,NA,NA,"Did not indicate prev_point"
"300","NB","34","NB34","Tintamarre-NWA",6,"NB34-06",NA,NA,"MEB",2021,6,13,1,"NB34-06-01-MEB","6:12",10,10,0,"3","SW","1","Y","PBGR","Pied-billed Grebe","0","A","0","A","0","0","0","A","0","0","A","A","0","50-100","N",NA,NA,NA,NA,NA,NA,NA,NA,NA,""
"301","NB","34","NB34","Tintamarre-NWA",6,"NB34-06",NA,NA,"MEB",2021,6,13,1,"NB34-06-01-MEB","6:12",10,10,0,"3","SW","1","Y","PBGR","Pied-billed Grebe","0","0","A","0","0","0","0","0","0","0","A","A","0","<50","N",NA,NA,NA,NA,NA,NA,NA,NA,NA,""
"302","NB","34","NB34","Tintamarre-NWA",6,"NB34-06",NA,NA,"MEB",2021,6,13,1,"NB34-06-01-MEB","6:12",10,10,0,"3","SW","1","Y","SORA","Sora","0","0","0","A","A","0","0","0","0","A","0","A","0","<50","N",NA,NA,NA,NA,NA,NA,NA,NA,NA,""
"303","NB","34","NB34","Tintamarre-NWA",6,"NB34-06",NA,NA,"MEB",2021,6,13,1,"NB34-06-01-MEB","6:12",10,10,0,"3","SW","1","Y","SORA","Sora","0","0","0","0","A","0","0","0","A","A","0","0","A","50-100","N",NA,NA,NA,NA,NA,NA,NA,NA,NA,""
"304","NB","34","NB34","Tintamarre-NWA",6,"NB34-06",NA,NA,"MEB",2021,6,13,1,"NB34-06-01-MEB","6:12",10,10,0,"3","SW","1","Y","VIRA","Virginia Rail","0","0","0","0","0","0","0","A","A","A","0","A","A","<50","N",NA,NA,NA,NA,NA,NA,NA,NA,NA,""
"305","NB","34","NB34","Tintamarre-NWA",6,"NB34-06",NA,NA,"MEB",2021,6,13,1,"NB34-06-01-MEB","6:12",10,10,0,"3","SW","1","Y","VIRA","Virginia Rail","0","0","0","0","0","0","0","0","A","0","A","0","0","50-100","N",NA,NA,NA,NA,NA,NA,NA,NA,NA,""
"306","NB","34","NB34","Tintamarre-NWA",6,"NB34-06",NA,NA,"MEB",2021,6,13,1,"NB34-06-01-MEB","6:12",10,10,0,"3","SW","1","Y","PBGR","Pied-billed Grebe","0","0","0","0","0","0","0","0","0","0","A","0","0",">100","N",NA,NA,NA,NA,NA,NA,NA,NA,NA,""
"307","NB","34","NB34","Tintamarre-NWA",6,"NB34-06",NA,NA,"MEB",2021,6,13,1,"NB34-06-01-MEB","6:12",10,10,0,"3","SW","1","Y","GOOT","Common Gallinule/American Coot","0","0","0","0","0","0","0","0","0","0","0","A","0",">100","N",NA,NA,NA,NA,NA,NA,NA,NA,NA,"Written as COOT"
"308","NB","34","NB34","Tintamarre-NWA",7,"NB34-07",NA,NA,"MEB",2021,6,13,1,"NB34-07-01-MEB","6:39",10,10,0,"3","SW","1","y","SORA","Sora","0","0","0","A","0","A","0","0","0","0","0","A","0",">100","N",NA,NA,NA,NA,NA,NA,NA,NA,NA,""
"309","NB","34","NB34","Tintamarre-NWA",7,"NB34-07",NA,NA,"MEB",2021,6,13,1,"NB34-07-01-MEB","6:39",10,10,0,"3","SW","1","y","PBGR","Pied-billed Grebe","0","0","0","0","A","A","0","A","0","0","0","A","0",">100","N",NA,NA,NA,NA,NA,NA,NA,NA,NA,""
"310","NB","34","NB34","Tintamarre-NWA",7,"NB34-07",NA,NA,"MEB",2021,6,13,1,"NB34-07-01-MEB","6:39",10,10,0,"3","SW","1","y","VIRA","Virginia Rail","0","0","0","0","0","0","0","0","A","0","0","0","0",NA,"N",NA,NA,NA,NA,NA,NA,NA,NA,NA,"Did not indicate distance"
"311","NB","34","NB34","Tintamarre-NWA",7,"NB34-07",NA,NA,"MEB",2021,6,13,1,"NB34-07-01-MEB","6:39",10,10,0,"3","SW","1","y","PBGR","Pied-billed Grebe","0","0","0","0","0","0","0","0","0","0","0","A","0",NA,"N",NA,NA,NA,NA,NA,NA,NA,NA,NA,"Did not indicate distance"
"312","NB","34","NB34","Tintamarre-NWA",8,"NB34-08",NA,NA,"MEB",2021,6,13,1,"NB34-08-01-MEB","7:13",9,10,0,"3","SW","1","Y","VIRA","Virginia Rail","0","0","0","A","0","0","0","0","0","0","0","0","0","<50","N",NA,NA,NA,NA,NA,NA,NA,NA,NA,""
"313","NB","34","NB34","Tintamarre-NWA",8,"NB34-08",NA,NA,"MEB",2021,6,13,1,"NB34-08-01-MEB","7:13",9,10,0,"3","SW","1","Y","SORA","Sora","0","0","0","0","0","A","0","0","0","0","0","0","0","<50","N",NA,NA,NA,NA,NA,NA,NA,NA,NA,""
"314","NB","34","NB34","Tintamarre-NWA",8,"NB34-08",NA,NA,"MEB",2021,6,13,1,"NB34-08-01-MEB","7:13",9,10,0,"3","SW","1","Y","AMBI","American Bittern","0","0","0","0","0","A","0","A","A","0","0","A","A",NA,NA,NA,NA,NA,NA,NA,NA,NA,NA,NA,"Did not indicate distance; did not indicate prev_point"
"315","NB","34","NB34","Tintamarre-NWA",8,"NB34-08",NA,NA,"MEB",2021,6,13,1,"NB34-08-01-MEB","7:13",9,10,0,"3","SW","1","Y","VIRA","Virginia Rail","0","0","0","0","0","0","0","0","0","A","A","0","0","<50","N",NA,NA,NA,NA,NA,NA,NA,NA,NA,""
"316","NB","34","NB34","Tintamarre-NWA",8,"NB34-08",NA,NA,"MEB",2021,6,13,1,"NB34-08-01-MEB","7:13",9,10,0,"3","SW","1","Y","PBGR","Pied-billed Grebe","0","0","0","0","0","0","0","0","0","0","A","0","0",">100","Y",NA,NA,NA,NA,NA,NA,NA,NA,NA,"maybe before"
"317","NB","34","NB34","Tintamarre-NWA",8,"NB34-08",NA,NA,"MEB",2021,6,13,1,"NB34-08-01-MEB","7:13",9,10,0,"3","SW","1","Y","LEBI","Least Bittern","0","0","0","0","0","0","0","0","0","0","0","A","0","50-100","N",NA,NA,NA,NA,NA,NA,NA,NA,NA,""
"318","NB","34","NB34","Tintamarre-NWA",9,"NB34-09",NA,NA,"MEB",2021,6,13,1,"NB34-09-01-MEB","7:36",2,11,0,"3","SW","1","Y","PBGR","Pied-billed Grebe","0","0","0","0","0","0","0","0","A","0","0","0","0",">100","Y",NA,NA,NA,NA,NA,NA,NA,NA,NA,""
"319","NB","34","NB34","Tintamarre-NWA",9,"NB34-09",NA,NA,"MEB",2021,6,13,1,"NB34-09-01-MEB","7:36",2,11,0,"3","SW","1","Y","SORA","Sora","0","0","0","0","0","0","0","0","0","0","A","A","0",">100","Y",NA,NA,NA,NA,NA,NA,NA,NA,NA,""
"320","NB","34","NB34","Tintamarre-NWA",9,"NB34-09",NA,NA,"MEB",2021,6,13,1,"NB34-09-01-MEB","7:36",2,11,0,"3","SW","1","Y","LEBI","Least Bittern","0","0","0","0","0","0","0","0","0","0","0","A","0",">100","N",NA,NA,NA,NA,NA,NA,NA,NA,NA,""
"321","NB","34","NB34","Tintamarre-NWA",9,"NB34-09",NA,NA,"MEB",2021,6,13,1,"NB34-09-01-MEB","7:36",2,11,0,"3","SW","1","Y","PBGR","Pied-billed Grebe","0","0","0","0","0","0","0","0","0","0","0","0","A",">100","N",NA,NA,NA,NA,NA,NA,NA,NA,NA,""
"322","NB","34","NB34","Tintamarre-NWA",3,"NB34-03",NA,NA,"MEB",2021,6,13,1,"NB34-03-01-MEB","8:39",3,12,0,"3","SW","1","Y","PBGR","Pied-billed Grebe","0","0","0","0","0","0","0","0","0","0","0","V","0","<50","N",NA,NA,NA,NA,NA,NA,NA,NA,NA,""
"323","NB","34","NB34","Tintamarre-NWA",3,"NB34-03",NA,NA,"MEB",2021,6,13,1,"NB34-03-01-MEB","8:39",3,12,0,"3","SW","1","Y","SORA","Sora","0","0","0","0","0","0","0","0","0","0","0","A","0","50-100","N",NA,NA,NA,NA,NA,NA,NA,NA,NA,""
"324","NB","34","NB34","Tintamarre-NWA",4,"NB34-04",NA,NA,"MEB",2021,6,13,1,"NB34-04-01-MEB","9:07",1,12,0,"3","N","1","Y","SORA","Sora","0","A","0","0","A","A","A","0","A","0","A","A","0","50-100","N",NA,NA,NA,NA,NA,NA,NA,NA,NA,""
"325","NB","34","NB34","Tintamarre-NWA",4,"NB34-04",NA,NA,"MEB",2021,6,13,1,"NB34-04-01-MEB","9:07",1,12,0,"3","N","1","Y","PBGR","Pied-billed Grebe","0","0","0","0","0","0","A","0","0","0","A","A","0","50-100","N",NA,NA,NA,NA,NA,NA,NA,NA,NA,""
"326","NB","34","NB34","Tintamarre-NWA",4,"NB34-04",NA,NA,"MEB",2021,6,13,1,"NB34-04-01-MEB","9:07",1,12,0,"3","N","1","Y","PBGR","Pied-billed Grebe","0","0","0","0","0","0","0","V","0","V","V","V","0","50-100","Y",NA,NA,NA,NA,NA,NA,NA,NA,NA,"PT 3"
"327","NB","34","NB34","Tintamarre",1,"NB34-01",NA,NA,"MEB",2021,7,1,2,"NB34-01-02-MEB","5:26",8,19,1,"3","S","0","Y","PBGR","Pied-billed Grebe","A","0","0","0","0","0","0","0","0","0","0","0","0","50-100","N",NA,NA,NA,NA,NA,NA,NA,NA,NA,""
"328","NB","34","NB34","Tintamarre",1,"NB34-01",NA,NA,"MEB",2021,7,1,2,"NB34-01-02-MEB","5:26",8,19,1,"3","S","0","Y","NESP","Nelson's Sparrow","0","0","A","0","0","0","0","0","0","0","0","0","0","50-100","N",NA,NA,NA,NA,NA,NA,NA,NA,NA,""
"329","NB","34","NB34","Tintamarre",1,"NB34-01",NA,NA,"MEB",2021,7,1,2,"NB34-01-02-MEB","5:26",8,19,1,"3","S","0","Y","AMBI","American Bittern","0","0","0","0","AV","0","0","0","0","0","0","0","0","50-100","N",NA,NA,NA,NA,NA,NA,NA,NA,NA,""
"330","NB","34","NB34","Tintamarre",1,"NB34-01",NA,NA,"MEB",2021,7,1,2,"NB34-01-02-MEB","5:26",8,19,1,"3","S","0","Y","AMBI","American Bittern","0","0","0","0","0","V","0","0","0","0","0","0","0","50-100","N",NA,NA,NA,NA,NA,NA,NA,NA,NA,""
"331","NB","34","NB34","Tintamarre",1,"NB34-01",NA,NA,"MEB",2021,7,1,2,"NB34-01-02-MEB","5:26",8,19,1,"3","S","0","Y","PBGR","Pied-billed Grebe","0","0","0","0","0","0","0","0","0","0","A","0","0",">100","N",NA,NA,NA,NA,NA,NA,NA,NA,NA,""
"332","NB","34","NB34","Tintamarre",5,"NB34-05",NA,NA,"MEB",2021,7,1,2,"NB34-05-02-MEB","5:55",8,19,1,"3","S","0","Y","VIRA","Virginia Rail","0","0","0","0","0","0","0","0","A","0","0","0","0","50-100","N",NA,NA,NA,NA,NA,NA,NA,NA,NA,""
"333","NB","34","NB34","Tintamarre",5,"NB34-05",NA,NA,"MEB",2021,7,1,2,"NB34-05-02-MEB","5:55",8,19,1,"3","S","0","Y","SORA","Sora","0","0","0","0","0","0","0","0","0","A","A","A","0",">100","N",NA,NA,NA,NA,NA,NA,NA,NA,NA,""
"334","NB","34","NB34","Tintamarre",6,"NB34-06",NA,NA,"MEB",2021,7,1,2,"NB34-06-02-MEB","6:24",8,19,1,"3","S","0","Y","PBGR","Pied-billed Grebe","A","A","0","0","0","A","A","0","0","0","A","0","A",NA,"N",NA,NA,NA,NA,NA,NA,NA,NA,NA,"Did not indicate distance"
"335","NB","34","NB34","Tintamarre",6,"NB34-06",NA,NA,"MEB",2021,7,1,2,"NB34-06-02-MEB","6:24",8,19,1,"3","S","0","Y","SORA","Sora","0","A","A","0","0","A","0","0","A","A","0","A","A","<50","N",NA,NA,NA,NA,NA,NA,NA,NA,NA,""
"336","NB","34","NB34","Tintamarre",6,"NB34-06",NA,NA,"MEB",2021,7,1,2,"NB34-06-02-MEB","6:24",8,19,1,"3","S","0","Y","VIRA","Virginia Rail","0","A","A","A","A","A","A","A","A","A","A","A","0","<50","N",NA,NA,NA,NA,NA,NA,NA,NA,NA,""
"337","NB","34","NB34","Tintamarre",6,"NB34-06",NA,NA,"MEB",2021,7,1,2,"NB34-06-02-MEB","6:24",8,19,1,"3","S","0","Y","SORA","Sora","0","0","0","0","A","0","0","0","0","A","0","A","0","50-100","N",NA,NA,NA,NA,NA,NA,NA,NA,NA,""
"338","NB","34","NB34","Tintamarre",6,"NB34-06",NA,NA,"MEB",2021,7,1,2,"NB34-06-02-MEB","6:24",8,19,1,"3","S","0","Y","VIRA","Virginia Rail","0","0","0","0","A","A","0","0","0","0","A","0","0","<50","N",NA,NA,NA,NA,NA,NA,NA,NA,NA,""
"339","NB","34","NB34","Tintamarre",6,"NB34-06",NA,NA,"MEB",2021,7,1,2,"NB34-06-02-MEB","6:24",8,19,1,"3","S","0","Y","VIRA","Virginia Rail","0","0","0","0","0","0","0","0","A","A","A","0","0","<50","N",NA,NA,NA,NA,NA,NA,NA,NA,NA,""
"340","NB","34","NB34","Tintamarre",6,"NB34-06",NA,NA,"MEB",2021,7,1,2,"NB34-06-02-MEB","6:24",8,19,1,"3","S","0","Y","SORA","Sora","0","0","0","0","0","0","0","0","0","A","0","0","0","50-100","N",NA,NA,NA,NA,NA,NA,NA,NA,NA,""
"341","NB","34","NB34","Tintamarre",6,"NB34-06",NA,NA,"MEB",2021,7,1,2,"NB34-06-02-MEB","6:24",8,19,1,"3","S","0","Y","SORA","Sora","0","0","0","0","0","0","0","0","0","A","0","0","0",NA,"N",NA,NA,NA,NA,NA,NA,NA,NA,NA,"Did not indicate distance"
"342","NB","34","NB34","Tintamarre",6,"NB34-06",NA,NA,"MEB",2021,7,1,2,"NB34-06-02-MEB","6:24",8,19,1,"3","S","0","Y","VIRA","Virginia Rail","0","0","0","0","0","0","0","0","0","0","A","0","AV","<50","N",NA,NA,NA,NA,NA,NA,NA,NA,NA,""
"343","NB","34","NB34","Tintamarre",6,"NB34-06",NA,NA,"MEB",2021,7,1,2,"NB34-06-02-MEB","6:24",8,19,1,"3","S","0","Y","PBGR","Pied-billed Grebe","0","0","0","0","0","0","0","0","0","0","0","0","A",NA,"N",NA,NA,NA,NA,NA,NA,NA,NA,NA,"Did not indicate distance"
"344","NB","34","NB34","Tintamarre",7,"NB34-07",NA,NA,"MEB",2021,7,1,2,"NB34-07-02-MEB","6:50",10,20,1,"3","S","1","Y","BLTE","Black Tern","AV","0","0","0","0","0","0","0","0","0","0","0","0",NA,"N",NA,NA,NA,NA,NA,NA,NA,NA,NA,"Flew out of marsh + away"
"345","NB","34","NB34","Tintamarre",7,"NB34-07",NA,NA,"MEB",2021,7,1,2,"NB34-07-02-MEB","6:50",10,20,1,"3","S","1","Y","PBGR","Pied-billed Grebe","0","0","0","0","A","0","0","0","A","A","0","0","0",">100","Y",NA,NA,NA,NA,NA,NA,NA,NA,NA,""
"346","NB","34","NB34","Tintamarre",7,"NB34-07",NA,NA,"MEB",2021,7,1,2,"NB34-07-02-MEB","6:50",10,20,1,"3","S","1","Y","VIRA","Virginia Rail","0","0","0","0","0","0","0","0","A","0","0","0","0","<50","N",NA,NA,NA,NA,NA,NA,NA,NA,NA,""
"347","NB","34","NB34","Tintamarre",7,"NB34-07",NA,NA,"MEB",2021,7,1,2,"NB34-07-02-MEB","6:50",10,20,1,"3","S","1","Y","SORA","Sora","0","0","0","0","0","0","0","0","0","0","A","A","0","50-100","N",NA,NA,NA,NA,NA,NA,NA,NA,NA,""
"348","NB","34","NB34","Tintamarre",8,"NB34-08",NA,NA,"MEB",2021,7,1,2,"NB34-08-02-MEB","7:28",10,21,1,"3","S","1","Y","PBGR","Pied-billed Grebe","A","0","0","0","0","0","0","0","0","0","0","A","0",">100","N",NA,NA,NA,NA,NA,NA,NA,NA,NA,""
"349","NB","34","NB34","Tintamarre",8,"NB34-08",NA,NA,"MEB",2021,7,1,2,"NB34-08-02-MEB","7:28",10,21,1,"3","S","1","Y","LEBI","Least Bittern","0","0","0","0","0","0","A","0","0","0","0","A","0",">100","N",NA,NA,NA,NA,NA,NA,NA,NA,NA,""
"350","NB","34","NB34","Tintamarre",8,"NB34-08",NA,NA,"MEB",2021,7,1,2,"NB34-08-02-MEB","7:28",10,21,1,"3","S","1","Y","VIRA","Virginia Rail","0","0","0","0","0","0","0","0","A","A","V","AV","V","<50","N",NA,NA,NA,NA,NA,NA,NA,NA,NA,"Very close ~10m"
"351","NB","34","NB34","Tintamarre",8,"NB34-08",NA,NA,"MEB",2021,7,1,2,"NB34-08-02-MEB","7:28",10,21,1,"3","S","1","Y","VIRA","Virginia Rail","0","0","0","0","0","0","0","0","A","A","0","A","0","<50","N",NA,NA,NA,NA,NA,NA,NA,NA,NA,""
"352","NB","34","NB34","Tintamarre",8,"NB34-08",NA,NA,"MEB",2021,7,1,2,"NB34-08-02-MEB","7:28",10,21,1,"3","S","1","Y","PBGR","Pied-billed Grebe","0","0","0","0","0","0","0","0","0","0","A","0","0","50-100","N",NA,NA,NA,NA,NA,NA,NA,NA,NA,""
"353","NB","34","NB34","Tintamarre",8,"NB34-08",NA,NA,"MEB",2021,7,1,2,"NB34-08-02-MEB","7:28",10,21,1,"3","S","1","Y","VIRA","Virginia Rail","0","0","0","0","0","0","0","0","0","0","A","A","A","<50","N",NA,NA,NA,NA,NA,NA,NA,NA,NA,""
"354","NB","34","NB34","Tintamarre",9,"NB34-09",NA,NA,"MEB",2021,7,1,2,"NB34-09-02-MEB","7:49",10,21,0,"3","S","1","Y","NESP","Nelson's Sparrow","0","0","0","A","A","A","A","A","A","0","A","AV","A","<50","N",NA,NA,NA,NA,NA,NA,NA,NA,NA,""
"355","NB","34","NB34","Tintamarre",9,"NB34-09",NA,NA,"MEB",2021,7,1,2,"NB34-09-02-MEB","7:49",10,21,0,"3","S","1","Y","NESP","Nelson's Sparrow","0","0","0","0","0","A","A","A","0","0","0","A","0","<50","N",NA,NA,NA,NA,NA,NA,NA,NA,NA,""
"356","NB","34","NB34","Tintamarre",9,"NB34-09",NA,NA,"MEB",2021,7,1,2,"NB34-09-02-MEB","7:49",10,21,0,"3","S","1","Y","NESP","Nelson's Sparrow","0","0","0","0","0","0","A","0","0","0","0","A","0","<50","N",NA,NA,NA,NA,NA,NA,NA,NA,NA,""
"357","NB","34","NB34","Tintamarre",9,"NB34-09",NA,NA,"MEB",2021,7,1,2,"NB34-09-02-MEB","7:49",10,21,0,"3","S","1","Y","NESP","Nelson's Sparrow","0","0","0","0","0","0","0","0","0","0","0","A","0","<50","N",NA,NA,NA,NA,NA,NA,NA,NA,NA,""
"358","NB","BD","NBBD","Bouctouche Dune",2,"NBBD-02",46.53028,64.69284,"DEM",2021,6,3,1,"NBBD-02-01-DEM","5:00",0,14,0,"3","SW","2","Y","NESP","Nelson's Sparrow","0","0","A","0","0","0","0","0","0","0","0","0","0","<50","N",NA,NA,NA,NA,NA,NA,NA,NA,NA,""
"359","NB","BD","NBBD","Bouctouche Dune",2,"NBBD-02",46.53028,64.69284,"DEM",2021,6,3,1,"NBBD-02-01-DEM","5:00",0,14,0,"3","SW","2","Y","NESP","Nelson's Sparrow","0","0","0","0","0","A","0","0","0","0","0","0","A","<50","N",NA,NA,NA,NA,NA,NA,NA,NA,NA,""
"360","NB","BD","NBBD","Bouctouche Dune",3,"NBBD-03",46.52913,64.68922,"DEM",2021,6,3,1,"NBBD-03-01-DEM","5:37",0,14,0,"3","SW","1","Y","NESP","Nelson's Sparrow","0","0","0","0","0","0","0","A","0","0","0","A","0","<50","Y",NA,NA,NA,NA,NA,NA,NA,NA,NA,""
"361","NB","BD","NBBD","Bouctouche Dune",3,"NBBD-03",46.52913,64.68922,"DEM",2021,6,3,1,"NBBD-03-01-DEM","5:37",0,14,0,"3","SW","1","Y","NESP","Nelson's Sparrow","0","0","0","0","0","0","0","0","0","0","0","A","0","<50","N",NA,NA,NA,NA,NA,NA,NA,NA,NA,""
"362","NB","BD","NBBD","Bouctouche Dune",4,"NBBD-04",46.52705,64.68624,"DEM",2021,6,3,1,"NBBD-04-01-DEM","6:07",0,14,0,"3","SW","2","Y","NESP","Nelson's Sparrow","0","A","0","0","0","A","0","0","0","0","0","0","0","50-100","Y",NA,NA,NA,NA,NA,NA,NA,NA,NA,""
"363","NB","BD","NBBD","Bouctouche Dune",4,"NBBD-04",46.52705,64.68624,"DEM",2021,6,3,1,"NBBD-04-01-DEM","6:07",0,14,0,"3","SW","2","Y","WILL","Willet","0","0","0","0","0","0","0","0","0","0","0","A","0","<50","N",NA,NA,NA,NA,NA,NA,NA,NA,NA,""
"364","NB","BD","NBBD","Bouctouche Dune",5,"NBBD-05",46.52449,64.68309,"DEM",2021,6,3,1,"NBBD-05-01-DEM","6:38",1,14,0,"3","SW","1","Y","MAWR","Marsh Wren","0","A","0","0","0","0","0","0","A","A","0","0","0","50-100","N",NA,NA,NA,NA,NA,NA,NA,NA,NA,""
"365","NB","BD","NBBD","Bouctouche Dune",5,"NBBD-05",46.52449,64.68309,"DEM",2021,6,3,1,"NBBD-05-01-DEM","6:38",1,14,0,"3","SW","1","Y","NESP","Nelson's Sparrow","0","0","0","A","0","0","0","0","0","0","0","A","0","<50","Y",NA,NA,NA,NA,NA,NA,NA,NA,NA,""
"366","NB","BD","NBBD","Bouctouche Dune",5,"NBBD-05",46.52449,64.68309,"DEM",2021,6,3,1,"NBBD-05-01-DEM","6:38",1,14,0,"3","SW","1","Y","NESP","Nelson's Sparrow","0","0","0","0","0","A","0","0","0","0","0","0","0","<50","N",NA,NA,NA,NA,NA,NA,NA,NA,NA,""
"367","NB","BD","NBBD","Bouctouche Dune",5,"NBBD-05",46.52449,64.68309,"DEM",2021,6,3,1,"NBBD-05-01-DEM","6:38",1,14,0,"3","SW","1","Y","WILL","Willet","0","0","0","0","0","A","A","0","0","0","0","0","0","<50","Y",NA,NA,NA,NA,NA,NA,NA,NA,NA,""
"368","NB","BD","NBBD","Bouctouche Dune",5,"NBBD-05",46.52449,64.68309,"DEM",2021,6,3,1,"NBBD-05-01-DEM","6:38",1,14,0,"3","SW","1","Y","MAWR","Marsh Wren","0","0","0","0","0","0","0","0","0","0","0","A",NA,"50-100","N",NA,NA,NA,NA,NA,NA,NA,NA,NA,""
"369","NB","BD","NBBD","Bouctouche Dune",2,"NBBD-02",46.43028,64.69284,"DEM",2021,6,24,2,"NBBD-02-02-DEM","4:25",0,8,0,"2","S","0","Y","WILL","Willet","AV","AV","AV","0","0","AV","AV","V","0","0","0","A",NA,"<50","N",NA,NA,NA,NA,NA,NA,NA,NA,NA,"Before/after columns not separated; assuming all noted are ""before"""
"370","NB","BD","NBBD","Bouctouche Dune",2,"NBBD-02",46.43028,64.69284,"DEM",2021,6,24,2,"NBBD-02-02-DEM","4:25",0,8,0,"2","S","0","Y","NESP","Nelson's Sparrow","0","0","0","A","0","A","0","0","0","0","0","A","0","<50","N",NA,NA,NA,NA,NA,NA,NA,NA,NA,""
"371","NB","BD","NBBD","Bouctouche Dune",2,"NBBD-02",46.43028,64.69284,"DEM",2021,6,24,2,"NBBD-02-02-DEM","4:25",0,8,0,"2","S","0","Y","MAWR","Marsh Wren","0","0","0","0","0","0","A","0","0","0","0","A","0","<50","N",NA,NA,NA,NA,NA,NA,NA,NA,NA,""
"372","NB","BD","NBBD","Bouctouche Dune",3,"NBBD-03",46.52913,64.68922,"DEM",2021,6,24,2,"NBBD-03-02-DEM","5:11",0,10,0,"2","S","1","Y","NESP","Nelson's Sparrow","A","A","0","0","0","0","0","0","0","0","0","0",NA,"<50","Y",NA,NA,NA,NA,NA,NA,NA,NA,NA,"Before/after columns not separated; assuming all noted are ""before"""
"373","NB","BD","NBBD","Bouctouche Dune",3,"NBBD-03",46.52913,64.68922,"DEM",2021,6,24,2,"NBBD-03-02-DEM","5:11",0,10,0,"2","S","1","Y","NESP","Nelson's Sparrow","0","A","0","0","0","0","0","0","0","0","0","0","0","<50","N",NA,NA,NA,NA,NA,NA,NA,NA,NA,""
"374","NB","BD","NBBD","Bouctouche Dune",3,"NBBD-03",46.52913,64.68922,"DEM",2021,6,24,2,"NBBD-03-02-DEM","5:11",0,10,0,"2","S","1","Y","WILL","Willet","0","0","A","0","0","0","0","0","0","0","0","0","0","<50","N",NA,NA,NA,NA,NA,NA,NA,NA,NA,""
"375","NB","BD","NBBD","Bouctouche Dune",3,"NBBD-03",46.52913,64.68922,"DEM",2021,6,24,2,"NBBD-03-02-DEM","5:11",0,10,0,"2","S","1","Y","MAWR","Marsh Wren","0","0","0","0","0","A","0","0","0","0","0","0","0","<50","Y",NA,NA,NA,NA,NA,NA,NA,NA,NA,""
"376","NB","BD","NBBD","Bouctouche Dune",3,"NBBD-03",46.52913,64.68922,"DEM",2021,6,24,2,"NBBD-03-02-DEM","5:11",0,10,0,"2","S","1","Y","MAWR","Marsh Wren","0","0","0","0","0","0","A","A","0","0","0","A","0","<50","N",NA,NA,NA,NA,NA,NA,NA,NA,NA,""
"377","NB","BD","NBBD","Bouctouche Dune",4,"NBBD-04",46.52705,64.68624,"DEM",2021,6,24,2,"NBBD-04-02-DEM","5:40",0,9,0,"2","W","1","Y","NESP","Nelson's Sparrow","0","0","0","0","0","0","A","0","0","A","0","0","0","<50","Y",NA,NA,NA,NA,NA,NA,NA,NA,NA,""
"378","NB","BD","NBBD","Bouctouche Dune",4,"NBBD-04",46.52705,64.68624,"DEM",2021,6,24,2,"NBBD-04-02-DEM","5:40",0,9,0,"2","W","1","Y","WILL","Willet","0","0","0","0","0","0","0","0","0","0","0","0","AV","50-100","Y",NA,NA,NA,NA,NA,NA,NA,NA,NA,"Flew through"
"379","NB","BD","NBBD","Bouctouche Dune",4,"NBBD-04",46.52705,64.68624,"DEM",2021,6,24,2,"NBBD-04-02-DEM","5:40",0,9,0,"2","W","1","Y","WILL","Willet","0","0","0","0","0","0","0","0","0","0","0","0","AV","50-100","N",NA,NA,NA,NA,NA,NA,NA,NA,NA,"Flew through"
"380","NB","BD","NBBD","Bouctouche Dune",5,"NBBD-05",46.52449,64.68309,"DEM",2021,6,24,2,"NBBD-05-02-DEM","6:08",0,9,0,"2","W","1","Y","MAWR","Marsh Wren","0","A","0","A","0","0","A","0","0","A","A","0","0","<50","N",NA,NA,NA,NA,NA,NA,NA,NA,NA,""
"381","NB","BD","NBBD","Bouctouche Dune",5,"NBBD-05",46.52449,64.68309,"DEM",2021,6,24,2,"NBBD-05-02-DEM","6:08",0,9,0,"2","W","1","Y","NESP","Nelson's Sparrow","0","0","0","A","A","A","0","0","0","0","0","A","0","<50","Y",NA,NA,NA,NA,NA,NA,NA,NA,NA,""
"382","NB","BD","NBBD","Bouctouche Dune",5,"NBBD-05",46.52449,64.68309,"DEM",2021,6,24,2,"NBBD-05-02-DEM","6:08",0,9,0,"2","W","1","Y","WILL","Willet","0","0","0","0","0","0","0","0","A","0","0","A","0","50-100","Y",NA,NA,NA,NA,NA,NA,NA,NA,NA,""
"383","NB","BD","NBBD","Bouctouche Dune",5,"NBBD-05",46.52449,64.68309,"DEM",2021,6,24,2,"NBBD-05-02-DEM","6:08",0,9,0,"2","W","1","Y","MAWR","Marsh Wren","0","0","0","0","0","0","0","0","0","A","0","0","0","50-100","N",NA,NA,NA,NA,NA,NA,NA,NA,NA,""
"384","NB","BD","NBBD","Bouctouche Dune",5,"NBBD-05",46.52449,64.68309,"DEM",2021,6,24,2,"NBBD-05-02-DEM","6:08",0,9,0,"2","W","1","Y","NESP","Nelson's Sparrow","0","0","0","0","0","0","0","0","0","0","0","A","0","<50","N",NA,NA,NA,NA,NA,NA,NA,NA,NA,""
"385","NB","CH","NBCH","Chockpish",1,"NBCH-01",46.60406,64.72416,"DEM",2021,6,9,1,"NBCH-01-01-DEM","4:59",9,15,0,"3","SW","0","Y","NESP","Nelson's Sparrow","0","0","0","0","0","0","0","0","0","A","0","A","0","<50","N",NA,NA,NA,NA,NA,NA,NA,NA,NA,""
"386","NB","CH","NBCH","Chockpish",1,"NBCH-01",46.60406,64.72416,"DEM",2021,6,9,1,"NBCH-01-01-DEM","4:59",9,15,0,"3","SW","0","Y","AMBI","American Bittern","0","0","0","0","0","0","0","0","0","0","0","A","0","50-100","N",NA,NA,NA,NA,NA,NA,NA,NA,NA,""
"387","NB","CH","NBCH","Chockpish",3,"NBCH-03",46.60148,64.72246,"DEM",2021,6,9,1,"NBCH-03-01-DEM","5:36",9,18,0,"3","SW","1","Y","WILL","Willet","0","0","0","0","0","0","0","0","0","0","0","A","0","50-100","N",NA,NA,NA,NA,NA,NA,NA,NA,NA,""
"388","NB","CH","NBCH","Chockpish",3,"NBCH-03",46.60148,64.72246,"DEM",2021,6,9,1,"NBCH-03-01-DEM","5:36",9,18,0,"3","SW","1","Y","WILL","Willet","0","0","0","0","0","0","0","0","0","0","0","A","0","50-100","N",NA,NA,NA,NA,NA,NA,NA,NA,NA,""
"389","NB","CH","NBCH","Chockpish",4,"NBCH-04",46.59465,64.72334,"DEM",2021,6,9,1,"NBCH-04-01-DEM","6:12",8,18,0,"3","SW","0","Y","AMBI","American Bittern","A","0","0","0","0","0","0","0","0","A","0","A",NA,"50-100","Y",NA,NA,NA,NA,NA,NA,NA,NA,NA,"Before/after columns not separated; assuming all noted are ""before"""
"390","NB","CH","NBCH","Chockpish",2,"NBCH-02",46.60648,64.72148,"DEM",2021,6,9,1,"NBCH-02-01-DEM","7:41",9,19,0,"2","SW","0","Y","NESP","Nelson's Sparrow","0","A","0","0","0","0","0","0","0","0","0","A","0","<50","N",NA,NA,NA,NA,NA,NA,NA,NA,NA,""
"391","NB","CH","NBCH","Chockpish",2,"NBCH-02",46.60648,64.72148,"DEM",2021,6,9,1,"NBCH-02-01-DEM","7:41",9,19,0,"2","SW","0","Y","NESP","Nelson's Sparrow","0","0","0","0","0","A","0","0","0","0","0","0","0","<50","N",NA,NA,NA,NA,NA,NA,NA,NA,NA,""
"392","NB","CH","NBCH","Chockpish",2,"NBCH-02",46.60648,64.72148,"DEM",2021,6,9,1,"NBCH-02-01-DEM","7:41",9,19,0,"2","SW","0","Y","MAWR","Marsh Wren","0","0","0","0","0","0","0","0","A","0","0","A","0","<50","N",NA,NA,NA,NA,NA,NA,NA,NA,NA,""
"393","NB","CH","NBCH","Chockpish",2,"NBCH-02",46.60648,64.72148,"DEM",2021,6,9,1,"NBCH-02-01-DEM","7:41",9,19,0,"2","SW","0","Y","MAWR","Marsh Wren","0","0","0","0","0","0","0","0","0","0","A","0","0","<50","N",NA,NA,NA,NA,NA,NA,NA,NA,NA,""
"394","NB","CH","NBCH","Chockpish",2,"NBCH-02",46.60648,64.72148,"DEM",2021,6,9,1,"NBCH-02-01-DEM","7:41",9,19,0,"2","SW","0","Y","NESP","Nelson's Sparrow","0","0","0","0","0","0","0","0","0","0","0","A","0","<50","N",NA,NA,NA,NA,NA,NA,NA,NA,NA,""
"395","NB","CH","NBCH","Chockpish",1,"NBCH-01",46.60406,64.72416,"DEM",2021,6,30,2,"NBCH-01-02-DEM","4:50",10,20,0,"2","SW","0","Y","MAWR","Marsh Wren","0","A","A","A","A","A","A","A","A","A","A","0","0","<50","N",NA,NA,NA,NA,NA,NA,NA,NA,NA,""
"396","NB","CH","NBCH","Chockpish",3,"NBCH-03",46.60148,64.72246,"DEM",2021,6,30,2,"NBCH-03-02-DEM","5:24",10,20,0,"2","SW","0","Y","MAWR","Marsh Wren","0","A","A","A","A","0","0","0","0","0","0","A","0","<50","Y",NA,NA,NA,NA,NA,NA,NA,NA,NA,""
"397","NB","CH","NBCH","Chockpish",4,"NBCH-04",46.59465,64.72334,"DEM",2021,6,30,2,"NBCH-04-02-DEM","5:57",10,20,2,"2","SW","0","Y","AMBI","American Bittern","A","A","0","A","0","A","0","A","0","A","0","A",NA,"50-100","N",NA,NA,NA,NA,NA,NA,NA,NA,NA,"Before/after columns not separated; assuming all noted are ""before"""
"398","NB","CH","NBCH","Chockpish",4,"NBCH-04",46.59465,64.72334,"DEM",2021,6,30,2,"NBCH-04-02-DEM","5:57",10,20,2,"2","SW","0","Y","AMBI","American Bittern","0","A","0","0","0","0","0","0","0","0","0","A","0","<50","Y",NA,NA,NA,NA,NA,NA,NA,NA,NA,""
"399","NB","CH","NBCH","Chockpish",2,"NBCH-02",46.60648,64.72148,"DEM",2021,6,30,2,"NBCH-02-02-DEM","6:43",10,21,0,"2","W","0","Y","WILL","Willet","AV","AV","0","AV","A","AV","0","AV","AV","AV","AV","AV",NA,"<50","N",NA,NA,NA,NA,NA,NA,NA,NA,NA,"Before/after columns not separated; assuming all noted are ""before"""
"400","NB","CH","NBCH","Chockpish",2,"NBCH-02",46.60648,64.72148,"DEM",2021,6,30,2,"NBCH-02-02-DEM","6:43",10,21,0,"2","W","0","Y","MAWR","Marsh Wren","0","0","0","0","0","0","0","0","0","0","0","0","0","<50","Y",NA,NA,NA,NA,NA,NA,NA,NA,NA,"Did not indicate when speices was detected"
"401","NB","CH","NBCH","Chockpish",2,"NBCH-02",46.60648,64.72148,"DEM",2021,6,30,2,"NBCH-02-02-DEM","6:43",10,21,0,"2","W","0","Y","MAWR","Marsh Wren","0","0","0","0","0","0","0","0","0","0","0","0","0","<50","N",NA,NA,NA,NA,NA,NA,NA,NA,NA,"Did not indicate when speices was detected"
"402","NB","CH","NBCH","Chockpish",2,"NBCH-02",46.60648,64.72148,"DEM",2021,6,30,2,"NBCH-02-02-DEM","6:43",10,21,0,"2","W","0","Y","NESP","Nelson's Sparrow","0","0","0","0","0","0","0","0","0","0","0","0","0","<50","N",NA,NA,NA,NA,NA,NA,NA,NA,NA,"Did not indicate when speices was detected"
"403","NB","CH","NBCH","Chockpish",2,"NBCH-02",46.60648,64.72148,"DEM",2021,6,30,2,"NBCH-02-02-DEM","6:43",10,21,0,"2","W","0","Y","NESP","Nelson's Sparrow","0","0","0","0","0","0","0","0","0","0","0","0","0","<50","N",NA,NA,NA,NA,NA,NA,NA,NA,NA,"Did not indicate when speices was detected"
"404","NB","CH","NBCH","Chockpish",2,"NBCH-02",46.60648,64.72148,"DEM",2021,6,30,2,"NBCH-02-02-DEM","6:43",10,21,0,"2","W","0","Y","NESP","Nelson's Sparrow","0","0","0","0","0","0","0","0","0","0","0","0","0","<50","N",NA,NA,NA,NA,NA,NA,NA,NA,NA,"Did not indicate when speices was detected"
"405","NB","CH","NBCH","Chockpish",2,"NBCH-02",46.60648,64.72148,"DEM",2021,6,30,2,"NBCH-02-02-DEM","6:43",10,21,0,"2","W","0","Y","WILL","Willet","0","0","0","0","0","0","0","0","0","0","0","AV","0","<50","N",NA,NA,NA,NA,NA,NA,NA,NA,NA,""
"406","NB","CV","NBCV","Cormierville",1,"NBCV-01",46.39511,64.61511,"DEM",2021,6,17,1,"NBCV-01-01-DEM","5:24",0,11,0,"3","SW","1","Y","NESP","Nelson's Sparrow","0","0","0","0","A","0","0","0","0","0","0","A","A","<50","N",NA,NA,NA,NA,NA,NA,NA,NA,NA,""
"407","NB","CV","NBCV","Cormierville",1,"NBCV-01",46.39511,64.61511,"DEM",2021,6,17,1,"NBCV-01-01-DEM","5:24",0,11,0,"3","SW","1","Y","MAWR","Marsh Wren","0","0","0","0","0","0","A","0","0","0","0","0","0","<50","N",NA,NA,NA,NA,NA,NA,NA,NA,NA,""
"408","NB","CV","NBCV","Cormierville",2,"NBCV-02",46.3979,64.61409,"DEM",2021,7,7,2,"NBCV-02-02-DEM","5:00",3,19,0,"2","W","0","Y","MAWR","Marsh Wren","0","0","0","0","A","A","A","A","0","A","0","A","A","<50","N",NA,NA,NA,NA,NA,NA,NA,NA,NA,""
"409","NB","CV","NBCV","Cormierville",1,"NBCV-01",46.39511,64.61511,"DEM",2021,7,7,2,"NBCV-01-02-DEM","5:33",3,19,0,"2","W","9","Y","MAWR","Marsh Wren","A","A","A","A","A","A","0","0","0","A","A","A",NA,"<50","Y",NA,NA,NA,NA,NA,NA,NA,NA,NA,"Before/after columns not separated; assuming all noted are ""before"""
"410","NB","CV","NBCV","Cormierville",1,"NBCV-01",46.39511,64.61511,"DEM",2021,7,7,2,"NBCV-01-02-DEM","5:33",3,19,0,"2","W","9","Y","NESP","Nelson's Sparrow","A","A","A","0","A","0","0","0","A","0","0","0",NA,"<50","N",NA,NA,NA,NA,NA,NA,NA,NA,NA,"Before/after columns not separated; assuming all noted are ""before"""
"411","NB","CV","NBCV","Cormierville",1,"NBCV-01",46.39511,64.61511,"DEM",2021,7,7,2,"NBCV-01-02-DEM","5:33",3,19,0,"2","W","9","Y","MAWR","Marsh Wren","A","A","A","A","A","A","A","0","0","A","A","A",NA,"<50","N",NA,NA,NA,NA,NA,NA,NA,NA,NA,"Before/after columns not separated; assuming all noted are ""before"""
"412","NB","CV","NBCV","Cormierville",1,"NBCV-01",46.39511,64.61511,"DEM",2021,7,7,2,"NBCV-01-02-DEM","5:33",3,19,0,"2","W","9","Y","MAWR","Marsh Wren","0","0","0","0","0","A","0","A","0","0","0","0","0","<50","N",NA,NA,NA,NA,NA,NA,NA,NA,NA,""
"413","NB","CV","NBCV","Cormierville",3,"NBCV-03",46.39989,64.61517,"DEM",2021,7,7,2,"NBCV-03-02-DEM","6:18",4,21,0,"2","W","1","Y","MAWR","Marsh Wren","A","A","A","A","A","A","0","A","0","0","0","A",NA,"<50","Y",NA,NA,NA,NA,NA,NA,NA,NA,NA,"Before/after columns not separated; assuming all noted are ""before"""
"414","NB","CV","NBCV","Cormierville",3,"NBCV-03",46.39989,64.61517,"DEM",2021,7,7,2,"NBCV-03-02-DEM","6:18",4,21,0,"2","W","1","Y","MAWR","Marsh Wren","A","A","A","A","A","A","A","0","0","A","A","A",NA,"<50","Y",NA,NA,NA,NA,NA,NA,NA,NA,NA,"Before/after columns not separated; assuming all noted are ""before"""
"415","NB","CV","NBCV","Cormierville",3,"NBCV-03",46.39989,64.61517,"DEM",2021,7,7,2,"NBCV-03-02-DEM","6:18",4,21,0,"2","W","1","Y","MAWR","Marsh Wren","0","0","0","A","0","0","0","0","0","A","A","A","0","<50","Y",NA,NA,NA,NA,NA,NA,NA,NA,NA,""
"416","NB","CV","NBCV","Cormierville",3,"NBCV-03",46.39989,64.61517,"DEM",2021,7,7,2,"NBCV-03-02-DEM","6:18",4,21,0,"2","W","1","Y","MAWR","Marsh Wren","0","0","0","0","0","0","0","A","A","A","A","A","0","<50","N",NA,NA,NA,NA,NA,NA,NA,NA,NA,""
"417","NB","CV","NBCV","Cormierville",4,"NBCV-04",46.40279,64.61533,"DEM",2021,7,7,2,"NBCV-04-02-DEM","6:50",6,20,0,"2","W","0","Y","MAWR","Marsh Wren","A","A","0","A","A","A","A","A","0","A","0","A",NA,"<50","Y",NA,NA,NA,NA,NA,NA,NA,NA,NA,"Before/after columns not separated; assuming all noted are ""before"""
"418","NB","CV","NBCV","Cormierville",4,"NBCV-04",46.40279,64.61533,"DEM",2021,7,7,2,"NBCV-04-02-DEM","6:50",6,20,0,"2","W","0","Y","MAWR","Marsh Wren","0","A","A","0","0","0","0","A","A","0","0","A","0","<50","Y",NA,NA,NA,NA,NA,NA,NA,NA,NA,""
"419","NB","CV","NBCV","Cormierville",4,"NBCV-04",46.40279,64.61533,"DEM",2021,7,7,2,"NBCV-04-02-DEM","6:50",6,20,0,"2","W","0","Y","MAWR","Marsh Wren","0","0","0","A","A","A","0","A","A","0","0","A","0","<50","Y",NA,NA,NA,NA,NA,NA,NA,NA,NA,""
"420","NB","CV","NBCV","Cormierville",4,"NBCV-04",46.40279,64.61533,"DEM",2021,7,7,2,"NBCV-04-02-DEM","6:50",6,20,0,"2","W","0","Y","WILL","Willet","0","0","0","0","0","0","0","0","0","0","0","A","0","50-100","N",NA,NA,NA,NA,NA,NA,NA,NA,NA,""
"421","NB","CV","NBCV","Cormierville",4,"NBCV-04",46.40279,64.61533,"DEM",2021,7,7,2,"NBCV-04-02-DEM","6:50",6,20,0,"2","W","0","Y","WILL","Willet","0","0","0","0","0","0","0","0","0","0","0","A","0","<50","N",NA,NA,NA,NA,NA,NA,NA,NA,NA,""
"422","NB","08","NB08","Gagetown 18",1,"NB08-01",NA,NA,"REG",2021,7,8,2,"NB08-01-02-REG","8:31",3,13,0,"1","NNW","0","Y","PBGR","Pied-billed Grebe","0","0","0","0","0","0","0","0","0","A","A","V","0","50-100","N",NA,NA,NA,NA,NA,NA,NA,NA,NA,""
"423","NB","08","NB08","Gagetown 18",1,"NB08-01",NA,NA,"REG",2021,7,8,2,"NB08-01-02-REG","8:31",3,13,0,"1","NNW","0","Y","PBGR","Pied-billed Grebe","0","0","0","0","0","0","0","0","0","0","0","AV","AV","<50","N",NA,NA,NA,NA,NA,NA,NA,NA,NA,""
"424","NB","08","NB08","Gagetown 18",1,"NB08-01",NA,NA,"REG",2021,7,8,2,"NB08-01-02-REG","8:31",3,13,0,"1","NNW","0","Y","PBGR","Pied-billed Grebe","0","0","0","0","0","0","0","0","0","0","0","AV","AV","<50","N ",NA,NA,NA,NA,NA,NA,NA,NA,NA,""
"425","NB","08","NB08","Gagetown 18",2,"NB08-02",NA,NA,"REG",2021,6,23,1,"NB08-02-01-REG","8:28",7,13,0,"2",NA,"1","Y","AMBI","American Bittern","A","0","A","0","A","0","0","0","0","0","0","A","0","50-100",NA,NA,NA,NA,NA,NA,NA,NA,NA,NA,"Did not indicate prev_point"
"426","NB","08","NB08","Gagetown 18",2,"NB08-02",NA,NA,"REG",2021,6,23,1,"NB08-02-01-REG","8:28",7,13,0,"2",NA,"1","Y","PBGR","Pied-billed Grebe","A","A","A","A","0","0","0","0","0","0","0","0","0","50-100","N",NA,NA,NA,NA,NA,NA,NA,NA,NA,"Did not indicate prev_point, deduced N based on data/time"
"427","NB","08","NB08","Gagetown 18",2,"NB08-02",NA,NA,"REG",2021,6,23,1,"NB08-02-01-REG","8:28",7,13,0,"2",NA,"1","Y","PBGR","Pied-billed Grebe","A","0","0","A","0","0","0","0","0","0","0","0","0","50-100","N",NA,NA,NA,NA,NA,NA,NA,NA,NA,"Did not indicate prev_point, deduced N based on data/time"
"428","NB","08","NB08","Gagetown 18",3,"NB08-03",NA,NA,"REG",2021,6,23,1,"NB08-03-01-REG","9:44",2,18,0,"1","SW","0","Y","AMBI","American Bittern","V","0","0","0","0","0","0","0","0","0","0","0","0","<50",NA,NA,NA,NA,NA,NA,NA,NA,NA,NA,"Flew while walking to point, Did not indicate prev_point"
"429","NB","08","NB08","Gagetown 18",4,"NB08-04",NA,NA,"REG",2021,6,23,1,"NB08-04-01-REG","7:45",9.5,13,0,"3","WSW","0","Y","AMBI","American Bittern","AV","A","A","A","A","A","A","A","A","A","A","A","0","50-100","N",NA,NA,NA,NA,NA,NA,NA,NA,NA,"Did not indicate prev_point, very active on calls"
"430","NB","08","NB08","Gagetown 18",4,"NB08-04",NA,NA,"REG",2021,6,23,1,"NB08-04-01-REG","7:45",9.5,13,0,"3","WSW","0","Y","AMBI","American Bittern","A","A","A","A","A","A","A","A","A","A","0","A","0","50-100","N",NA,NA,NA,NA,NA,NA,NA,NA,NA,"Did not indicate prev_point, very active on calls"
"431","NB","08","NB08","Gagetown 18",4,"NB08-04",NA,NA,"REG",2021,6,23,1,"NB08-04-01-REG","7:45",9.5,13,0,"3","WSW","0","Y","AMBI","American Bittern","0","A","A","A","A","A","A","A","A","A","0","A","0","50-100","N",NA,NA,NA,NA,NA,NA,NA,NA,NA,"Did not indicate prev_point, very active on calls"
"432","NB","09","NB09","Gagetown 48",1,"NB09-01",NA,NA,"REG",2021,6,18,1,"NB09-01-01-REG","5:39",0,8,0,"0","SW","0","Y","AMBI","American Bittern","0","0","0","A","0","0","0","0","0","0","0","0","0","50-100","N ",NA,NA,NA,NA,NA,NA,NA,NA,NA,""
"433","NB","09","NB09","Gagetown 48",1,"NB09-01",NA,NA,"REG",2021,6,18,1,"NB09-01-01-REG","5:39",0,8,0,"0","SW","0","Y","AMBI","American Bittern","0","0","0","0","0","A","0","0","0","0","0","0","0","50-100","N",NA,NA,NA,NA,NA,NA,NA,NA,NA,""
"434","NB","09","NB09","Gagetown 48",1,"NB09-01",NA,NA,"REG",2021,6,18,1,"NB09-01-01-REG","5:39",0,8,0,"0","SW","0","Y","AMBI","American Bittern","0","0","0","0","0","0","0","0","A","0","0","0","0","50-100","N ",NA,NA,NA,NA,NA,NA,NA,NA,NA,""
"435","NB","09","NB09","Gagetown 48",1,"NB09-01",NA,NA,"REG",2021,6,18,1,"NB09-01-01-REG","5:39",0,8,0,"0","SW","0","Y","SORA","Sora","0","0","0","0","0","0","0","0","0","A","0","0","0","<50","N ",NA,NA,NA,NA,NA,NA,NA,NA,NA,""
"436","NB","09","NB09","Gagetown 48",1,"NB09-01",NA,NA,"REG",2021,6,18,1,"NB09-01-01-REG","5:39",0,8,0,"0","SW","0","Y","SORA","Sora","0","0","0","0","0","0","0","0","0","0","A","0","0","<50","N ",NA,NA,NA,NA,NA,NA,NA,NA,NA,""
"437","NB","09","NB09","Gagetown 48",1,"NB09-01",NA,NA,"REG",2021,6,18,1,"NB09-01-01-REG","5:39",0,8,0,"0","SW","0","Y","AMBI","American Bittern","0","0","0","0","0","0","0","0","0","0","0","A","0","50-100","N ",NA,NA,NA,NA,NA,NA,NA,NA,NA,""
"438","NB","09","NB09","Gagetown 48",1,"NB09-01",NA,NA,"REG",2021,6,18,1,"NB09-01-01-REG","5:39",0,8,0,"0","SW","0","Y","SORA","Sora","0","0","0","0","0","0","0","0","0","0","0","V","0",NA,"N",NA,NA,NA,NA,NA,NA,NA,NA,NA,"Did not indicate distance"
"439","NB","09","NB09","Gagetown 48",2,"NB09-02",NA,NA,"REG",2021,6,17,1,"NB09-02-01-REG","9:00",0,14,0,"3","SW","0","Y","PBGR","Pied-billed Grebe","0","0","0","0","0","0","0","0","A","0","0","0","0","50-100","N",NA,NA,NA,NA,NA,NA,NA,NA,NA,"Did not indicate prev_point, deduced N based on data/time"
"440","NB","09","NB09","Gagetown 48",3,"NB09-03",NA,NA,"REW",2021,7,7,2,"NB09-03-02-REW","7:54",3,18,0,"2","E","0","Y","LEBI","Least Bittern","A","0","A","0","0","0","0","0","0","0","A","0","0",NA,"N",NA,NA,NA,NA,NA,NA,NA,NA,NA,"Did not indicate distance; did not indicate prev_point, assumed N based in time/data"
"441","NB","10","NB10","Gagetown 51",5,"NB10-05",NA,NA,"JES",2021,7,6,2,"NB10-05-02-JES","5:55",NA,13,1,"2","N","0","Y","PBGR","Pied-billed Grebe","0","0","0","0","0","0","0","0","0","0","0","0","V","<50","N",NA,NA,NA,NA,NA,NA,NA,NA,NA,""
"442","NB","10","NB10","Gagetown 51",6,"NB10-06",NA,NA,"DRG",2021,6,14,1,"NB10-06-01-DRG","6:28",5,11,0,"1","S","0","Y","PBGR","Pied-billed Grebe","AV","0","0","0","0","0","0","0","0","0","0","0","0","50-100","N",NA,NA,NA,NA,NA,NA,NA,NA,NA,"Flying; Did not indicate prev_point, assumed N based on time/data"
"443","NB","10","NB10","Gagetown 51",6,"NB10-06",NA,NA,"JES",2021,7,6,2,"NB10-06-02-JES","6:25",NA,15,0,"2","N","0","Y","PBGR","Pied-billed Grebe","0","0","0","0","0","0","0","0","0","0","0","0","A","50-100","N",NA,NA,NA,NA,NA,NA,NA,NA,NA,""
"444","NB","10","NB10","Gagetown 51",7,"NB10-07",NA,NA,"DRG",2021,6,14,1,"NB10-07-01-DRG","7:47",3,11,0,"2","S","0","Y","PBGR","Pied-billed Grebe","0","0","0","0","0","0","0","0","0","0","0","V","0","50-100","N",NA,NA,NA,NA,NA,NA,NA,NA,NA,""
"445","NB","10","NB10","Gagetown 51",7,"NB10-07",NA,NA,"DRG",2021,6,14,1,"NB10-07-01-DRG","7:47",3,11,0,"2","S","0","Y","PBGR","Pied-billed Grebe","0","0","0","0","0","0","0","0","0","0","0","V","0","50-100","N",NA,NA,NA,NA,NA,NA,NA,NA,NA,""
"446","NB","10","NB10","Gagetown 51",7,"NB10-07",NA,NA,"JES",2021,7,6,2,"NB10-07-02-JES","8:00",10,16,1,"2","N","0","Y","AMBI","American Bittern","AV","0","0","0","0","0","0","0","0","0","0","0","0","<50","N",NA,NA,NA,NA,NA,NA,NA,NA,NA,"Did not indicate prev_point, deduced N based on data/time"
"447","NB","10","NB10","Gagetown 51",8,"NB10-08",NA,NA,"JES",2021,7,6,2,"NB10-08-02-JES","7:30",NA,16,1,"2","N","0","Y","PBGR","Pied-billed Grebe","0","0","0","0","0","0","0","0","0","0","AV","AV","AV","<50","N",NA,NA,NA,NA,NA,NA,NA,NA,NA,"wrote ""2x"" in notes"
"448","NB","12","NB12","Gronegen Village",1,"NB12-01",NA,NA,"DRG",2021,7,8,2,"NB12-01-02-DRG","5:57",3,13.3,1,"0",NA,"0","Y","VIRA","Virginia Rail","0","0","0","0","0","0","0","A","0","0","0","A","0","<50","N",NA,NA,NA,NA,NA,NA,NA,NA,NA,"Did not indicate prev_point"
"449","NB","12","NB12","Gronegen Village",4,"NB12-04",NA,NA,"HOS",2021,6,3,1,"NB12-04-01-HOS","8:36",10,15.1,0,"1","SSE","0","Y","AMBI","American Bittern","V","0","0","0","0","0","0","0","0","0","0","0","0","<50","N",NA,NA,NA,NA,NA,NA,NA,NA,NA,""
"450","NB","12","NB12","Gronegen Village",5,"NB12-05",NA,NA,"HOS",2021,6,3,1,"NB12-05-01-HOS","6:40",5,15,0,"2","S","0","Y","PBGR","Pied-billed Grebe","0","0","V","0","0","AV","0","V","0","0","0","0","0",">100","N",NA,NA,NA,NA,NA,NA,NA,NA,NA,""
"451","NB","12","NB12","Gronegen Village",6,"NB12-06",NA,NA,"HOS",2021,6,3,1,"NB12-06-01-HOS","9:01",10,15.3,0,"1","SW","1","Y","PBGR","Pied-billed Grebe","0","0","0","0","0","A","0","0","0","0","0","0","0","50-100",NA,NA,NA,NA,NA,NA,NA,NA,NA,NA,"Did not indicate prev_point"
"452","NB","12","NB12","Gronegen Village",7,"NB12-07",NA,NA,"HOS",2021,6,3,1,"NB12-07-01-HOS","7:14",8,15.6,0,"3","S","0","Y","PBGR","Pied-billed Grebe","0","0","0","0","0","0","0","0","0","0","0","AV","0","50-100","Y",NA,NA,NA,NA,NA,NA,NA,NA,NA,""
"453","NB","12","NB12","Gronegen Village",8,"NB12-08",NA,NA,"HOS",2021,6,3,1,"NB12-08-01-HOS","6:15",4,13.6,0,"1","S","0","Y","PBGR","Pied-billed Grebe","A","0","0","0","0","0","0","0","0","0","0","0","0",">100","N",NA,NA,NA,NA,NA,NA,NA,NA,NA,""
"454","NB","TH","NBTH","Thompson Marsh (Chance Harbour)",1,"NBTH-01",45.12287,66.36454,"DAR",2021,6,19,1,"NBTH-01-01-DAR","4:50",10,12,0,"0",NA,"1","Y","NESP","Nelson's Sparrow","0","0","0","0","0","A","A","A","A","A","A","A","0",">100","N",NA,NA,NA,NA,NA,NA,NA,NA,NA,""
"455","NB","TH","NBTH","Thompson Marsh (Chance Harbour)",1,"NBTH-01",45.12287,66.36454,"DAR",2021,7,11,2,"NBTH-01-02-DAR","5:08",0,12,0,"0",NA,"1","Y","NESP","Nelson's Sparrow","A","A","A","A","A","0","0","0","0","A","A","A","0","50-100","N",NA,NA,NA,NA,NA,NA,NA,NA,NA,""
"456","NB","TH","NBTH","Thompson Marsh (Chance Harbour)",1,"NBTH-01",45.12287,66.36454,"DAR",2021,7,11,2,"NBTH-01-02-DAR","5:08",0,12,0,"0",NA,"1","Y","NESP","Nelson's Sparrow","0","A","0","A","0","0","0","0","0","0","0","0","0",">100","N",NA,NA,NA,NA,NA,NA,NA,NA,NA,""
"457","NB","TH","NBTH","Thompson Marsh (Chance Harbour)",2,"NBTH-02",45.12086,66.36738,"DAR",2021,7,11,2,"NBTH-02-02-DAR","5:34",0,12,0,"0",NA,"0","Y","LEBI","Least Bittern","0","0","0","0","0","0","A","0","A","A","0","A","0",">100","N",NA,NA,NA,NA,NA,NA,NA,NA,NA,"Low confidence ID; Did not indicate prev_point, assumed N based on time/data"
"458","NB","TH","NBTH","Thompson Marsh (Chance Harbour)",4,"NBTH-04",45.11865,66.36026,"DAR",2021,7,11,2,"NBTH-04-02-DAR","6:39",0,12,0,"0",NA,"0","Y","NESP","Nelson's Sparrow","0","0","0","0","0","0","0","0","0","0","0","A","0",">100","N",NA,NA,NA,NA,NA,NA,NA,NA,NA,""
"459","PE","05","PE05","Dunk River",1,"PE05-01",46.35638,63.70226,"MAG",2021,6,18,1,"PE05-01-01-MAG","5:02",2,15,0,"0",NA,"3","Y","NESP","Nelson's Sparrow","0","A","0","0","0","0","0","0","0","0","0","0","0","50-100","N",NA,NA,NA,NA,NA,NA,NA,NA,NA,""
"460","PE","05","PE05","Dunk River",1,"PE05-01",46.35638,63.70226,"MAG",2021,6,18,1,"PE05-01-01-MAG","5:02",2,15,0,"0",NA,"3","Y","NESP","Nelson's Sparrow","0","0","0","0","0","0","0","0","0","0","0","A","0","50-100","N",NA,NA,NA,NA,NA,NA,NA,NA,NA,""
"461","PE","10","PE10","Indian River",1,"PE10-01",46.45948,63.67288,"MAG",2021,6,11,1,"PE10-01-01-MAG","4:57",0,6.5,0,"0",NA,"2","Y","PBGR","Pied-billed Grebe","A","0","A","0","0","0","V","0","0","A","0","AV","0",">100","N",NA,NA,NA,NA,NA,NA,NA,NA,NA,">100m 115?"
"462","PE","10","PE10","Indian River",1,"PE10-01",46.45948,63.67288,"MAG",2021,6,11,1,"PE10-01-01-MAG","4:57",0,6.5,0,"0",NA,"2","Y","SORA","Sora","0","0","A","0","0","0","0","0","0","0","0","0","0",">100","N",NA,NA,NA,NA,NA,NA,NA,NA,NA,">100m 140?"
"463","PE","10","PE10","Indian River",1,"PE10-01",46.45948,63.67288,"MAG",2021,6,11,1,"PE10-01-01-MAG","4:57",0,6.5,0,"0",NA,"2","Y","PBGR","Pied-billed Grebe","0","0","0","0","0","0","0","0","0","0","0","A","0",">100","N",NA,NA,NA,NA,NA,NA,NA,NA,NA,">100m 60?"
"464","PE","10","PE10","Indian River",2,"PE10-02",46.4587,63.67088,"MAG",2021,6,11,1,"PE10-02-01-MAG","5:20",0,6.5,0,"0",NA,"2","Y","PBGR","Pied-billed Grebe","A","0","0","0","0","A","0","0","0","0","0","0","0",NA,"Y",NA,NA,NA,NA,NA,NA,NA,NA,NA,"Did not indicate distance"
"465","PE","10","PE10","Indian River",2,"PE10-02",46.4587,63.67088,"MAG",2021,6,11,1,"PE10-02-01-MAG","5:20",0,6.5,0,"0",NA,"2","Y","PBGR","Pied-billed Grebe","0","0","0","0","0","A","0","A","0","0","0","0","0",NA,"N",NA,NA,NA,NA,NA,NA,NA,NA,NA,"Did not indicate distance"
"466","PE","10","PE10","Indian River",2,"PE10-02",46.4587,63.67088,"MAG",2021,6,11,1,"PE10-02-01-MAG","5:20",0,6.5,0,"0",NA,"2","Y","SORA","Sora","0","0","0","0","0","0","0","0","A","0","0","0","0",NA,"Y",NA,NA,NA,NA,NA,NA,NA,NA,NA,"Did not indicate distance"
"467","PE","10","PE10","Indian River",2,"PE10-02",46.4587,63.67088,"MAG",2021,6,11,1,"PE10-02-01-MAG","5:20",0,6.5,0,"0",NA,"2","Y","PBGR","Pied-billed Grebe","0","0","0","0","0","0","0","0","0","0","A","0","0",NA,NA,NA,NA,NA,NA,NA,NA,NA,NA,NA,"Did not indicate distance; did not indicate prev_point"
"468","PE","10","PE10","Indian River",2,"PE10-02",46.4587,63.67088,"MAG",2021,6,11,1,"PE10-02-01-MAG","5:20",0,6.5,0,"0",NA,"2","Y","SORA","Sora","0","0","0","0","0","0","0","0","0","0","0","A","0",NA,"N",NA,NA,NA,NA,NA,NA,NA,NA,NA,"Did not indicate distance"
"469","PE","10","PE10","Indian River",3,"PE10-03",46.45942,63.66912,"MAG",2021,6,11,1,"PE10-03-01-MAG","5:44",1,7,0,"2","W","1","Y","SORA","Sora","0","0","0","0","0","0","A","0","0","0","0","0","0",">100","N",NA,NA,NA,NA,NA,NA,NA,NA,NA,""
"470","PE","10","PE10","Indian River",3,"PE10-03",46.45942,63.66912,"MAG",2021,6,11,1,"PE10-03-01-MAG","5:44",1,7,0,"2","W","1","Y","PBGR","Pied-billed Grebe","0","0","0","0","0","0","0","0","0","0","A","0","0",">100","Y",NA,NA,NA,NA,NA,NA,NA,NA,NA,"Observer noted that it's ""most likely"" detected at prev_point"
"471","PE","10","PE10","Indian River",3,"PE10-03",46.45942,63.66912,"MAG",2021,6,11,1,"PE10-03-01-MAG","5:44",1,7,0,"2","W","1","Y","PBGR","Pied-billed Grebe","0","0","0","0","0","0","0","0","0","0","A","0","0",">100","Y",NA,NA,NA,NA,NA,NA,NA,NA,NA,"Observer noted that it's ""most likely"" detected at prev_point"
"472","PE","10","PE10","Indian River",4,"PE10-04",46.46076,63.66719,"MAG",2021,6,11,1,"PE10-04-01-MAG","6:08",1,7.5,0,"2","W","1","Y","PBGR","Pied-billed Grebe","0","0","0","0","0","0","0","0","0","0","A","0","0","50-100","N",NA,NA,NA,NA,NA,NA,NA,NA,NA,""
"473","PE","10","PE10","Indian River",4,"PE10-04",46.46076,63.66719,"MAG",2021,6,11,1,"PE10-04-01-MAG","6:08",1,7.5,0,"2","W","1","Y","PBGR","Pied-billed Grebe","0","0","0","0","0","0","0","0","0","0","A","0","0",">100","Y",NA,NA,NA,NA,NA,NA,NA,NA,NA,""
"474","PE","10","PE10","Indian River",6,"PE10-06",46.46527,63.6613,"MAG",2021,6,11,1,"PE10-06-01-MAG","7:00",3,11,0,"2","W","1","Y","PBGR","Pied-billed Grebe","0","0","0","0","0","0","0","0","0","0","A","0","0",">100","N",NA,NA,NA,NA,NA,NA,NA,NA,NA,""
"475","PE","10","PE10","Indian River",7,"PE10-07",46.4654,63.66571,"MAG",2021,6,11,1,"PE10-07-01-MAG","7:38",3,11,0,"2","W","1","Y","PBGR","Pied-billed Grebe","A","0","0","0","0","0","0","0","0","0","0","0","0",">100","Y",NA,NA,NA,NA,NA,NA,NA,NA,NA,""
"476","PE","10","PE10","Indian River",7,"PE10-07",46.4654,63.66571,"MAG",2021,6,11,1,"PE10-07-01-MAG","7:38",3,11,0,"2","W","1","Y","PBGR","Pied-billed Grebe","A","0","0","0","0","0","0","0","0","0","0","0","0",">100","Y",NA,NA,NA,NA,NA,NA,NA,NA,NA,""
"477","PE","10","PE10","Indian River",7,"PE10-07",46.4654,63.66571,"MAG",2021,6,11,1,"PE10-07-01-MAG","7:38",3,11,0,"2","W","1","Y","PBGR","Pied-billed Grebe","0","0","0","0","0","0","0","0","0","0","0","A","0",">100","N",NA,NA,NA,NA,NA,NA,NA,NA,NA,""
"478","PE","10","PE10","Indian River",1,"PE10-01",46.45948,63.67288,"MAG",2021,7,12,2,"PE10-01-02-MAG","5:31",5,18,0,"2","N","3","Y","PBGR","Pied-billed Grebe","0","0","0","0","0","0","0","0","0","0","A","0","0",">100","N",NA,NA,NA,NA,NA,NA,NA,NA,NA,""
"479","PE","10","PE10","Indian River",1,"PE10-01",46.45948,63.67288,"MAG",2021,7,12,2,"PE10-01-02-MAG","5:31",5,18,0,"2","N","3","Y","PBGR","Pied-billed Grebe","0","0","0","0","0","0","0","0","0","0","0","A","0",">100","N",NA,NA,NA,NA,NA,NA,NA,NA,NA,""
"480","PE","10","PE10","Indian River",2,"PE10-02",46.4587,63.67088,"MAG",2021,7,12,2,"PE10-02-02-MAG","5:52",10,18,0,"3","N","2","Y","PBGR","Pied-billed Grebe","0","0","0","0","0","A","0","0","0","0","0","0","0",">100","Y",NA,NA,NA,NA,NA,NA,NA,NA,NA,""
"481","PE","10","PE10","Indian River",2,"PE10-02",46.4587,63.67088,"MAG",2021,7,12,2,"PE10-02-02-MAG","5:52",10,18,0,"3","N","2","Y","PBGR","Pied-billed Grebe","0","0","0","0","0","0","0","0","0","0","0","V","0","<50","N",NA,NA,NA,NA,NA,NA,NA,NA,NA,""
"482","PE","10","PE10","Indian River",2,"PE10-02",46.4587,63.67088,"MAG",2021,7,12,2,"PE10-02-02-MAG","5:52",10,18,0,"3","N","2","Y","PBGR","Pied-billed Grebe","0","0","0","0","0","0","0","0","0","0","0","V","0","<50","N",NA,NA,NA,NA,NA,NA,NA,NA,NA,""
"483","PE","10","PE10","Indian River",3,"PE10-03",46.45942,63.66912,"MAG",2021,7,12,2,"PE10-03-02-MAG","6:14",8,18,0,"2","N","1","Y","PBGR","Pied-billed Grebe","0","0","0","0","A","0","0","0","0","0","A","A","0",">100","Y",NA,NA,NA,NA,NA,NA,NA,NA,NA,""
"484","PE","10","PE10","Indian River",3,"PE10-03",46.45942,63.66912,"MAG",2021,7,12,2,"PE10-03-02-MAG","6:14",8,18,0,"2","N","1","Y","PBGR","Pied-billed Grebe","0","0","0","0","A","0","0","0","0","0","A","0","0",">100","Y",NA,NA,NA,NA,NA,NA,NA,NA,NA,""
"485","PE","10","PE10","Indian River",3,"PE10-03",46.45942,63.66912,"MAG",2021,7,12,2,"PE10-03-02-MAG","6:14",8,18,0,"2","N","1","Y","PBGR","Pied-billed Grebe","0","0","0","0","0","0","0","0","0","0","0","V","0",">100","Y",NA,NA,NA,NA,NA,NA,NA,NA,NA,""
"486","PE","10","PE10","Indian River",4,"PE10-04",46.46076,63.66719,"MAG",2021,7,12,2,"PE10-04-02-MAG","6:33",1,18,0,"3","N","1","Y","PBGR","Pied-billed Grebe","0","0","0","A","0","0","0","0","0","0","0","0","0",">100","Y",NA,NA,NA,NA,NA,NA,NA,NA,NA,""
"487","PE","10","PE10","Indian River",4,"PE10-04",46.46076,63.66719,"MAG",2021,7,12,2,"PE10-04-02-MAG","6:33",1,18,0,"3","N","1","Y","PBGR","Pied-billed Grebe","0","0","0","0","A","0","0","0","0","0","0","0","0",">100","Y",NA,NA,NA,NA,NA,NA,NA,NA,NA,""
"488","PE","10","PE10","Indian River",5,"PE10-05",46.46285,63.66719,"MAG",2021,7,12,2,"PE10-05-02-MAG","6:54",2,18,0,"3","N","1","Y","PBGR","Pied-billed Grebe","0","0","0","0","A","0","0","0","0","0","0","0","0",">100","Y",NA,NA,NA,NA,NA,NA,NA,NA,NA,""
"489","PE","10","PE10","Indian River",5,"PE10-05",46.46285,63.66719,"MAG",2021,7,12,2,"PE10-05-02-MAG","6:54",2,18,0,"3","N","1","Y","PBGR","Pied-billed Grebe","0","0","0","0","0","0","0","0","0","0","0","A","0",">100","Y",NA,NA,NA,NA,NA,NA,NA,NA,NA,""
"490","PE","10","PE10","Indian River",5,"PE10-05",46.46285,63.66719,"MAG",2021,7,12,2,"PE10-05-02-MAG","6:54",2,18,0,"3","N","1","Y","PBGR","Pied-billed Grebe","0","0","0","0","0","0","0","0","0","0","0","A","0",">100","Y",NA,NA,NA,NA,NA,NA,NA,NA,NA,""
"491","PE","10","PE10","Indian River",6,"PE10-06",46.46527,63.6613,"MAG",2021,7,12,2,"PE10-06-02-MAG","7:22",3,18,0,"2","N","1","Y","SORA","Sora","0","0","0","0","0","0","0","0","0","A","0","0","0","<50","N",NA,NA,NA,NA,NA,NA,NA,NA,NA,""
"492","PE","10","PE10","Indian River",7,"PE10-07",46.4654,63.66571,"MAG",2021,7,12,2,"PE10-07-02-MAG","7:47",5,18,0,"2","N","1","Y","VIRA","Virginia Rail","0","0","0","0","0","0","0","0","AV","0","A","0","0","<50","N",NA,NA,NA,NA,NA,NA,NA,NA,NA,""
"493","PE","10","PE10","Indian River",7,"PE10-07",46.4654,63.66571,"MAG",2021,7,12,2,"PE10-07-02-MAG","7:47",5,18,0,"2","N","1","Y","VIRA","Virginia Rail","0","0","0","0","0","0","0","0","A","0","0","0","0","<50","N",NA,NA,NA,NA,NA,NA,NA,NA,NA,""
"494","PE","07","PE07","Portage",1,"PE07-01",46.66426,64.05667,"MAG",2021,6,3,1,"PE07-01-01-MAG","6:31",4,14,0,"1",NA,"3","Y","AMBI","American Bittern","0","0","A","0","0","0","0","0","0","0","0","A","0","50-100","N",NA,NA,NA,NA,NA,NA,NA,NA,NA,""
"495","NB","36","NB36","Ward Marsh",3,"NB36-03",45.9701,64.34698,"KAP",2021,6,11,1,"NB36-03-01-KAP","6:22",0,8,0,"0",NA,"0","Y","SORA","Sora","A","0","0","0","0","0","0","0","0","0","0","0","0","50-100",NA,NA,NA,NA,NA,NA,NA,NA,NA,NA,"in transit, did not indicate prev_point"
"496","NB","36","NB36","Ward Marsh",3,"NB36-03",45.9701,64.34698,"KAP",2021,6,11,1,"NB36-03-01-KAP","6:22",0,8,0,"0",NA,"0","Y","AMBI","American Bittern","A","0","0","0","0","0","0","0","0","0","0","0","0","50-100","Y",NA,NA,NA,NA,NA,NA,NA,NA,NA,"from 2 to 3"
"497","NB","36","NB36","Ward Marsh",3,"NB36-03",45.9701,64.34698,"KAP",2021,6,11,1,"NB36-03-01-KAP","6:22",0,8,0,"0",NA,"0","Y","SORA","Sora","0","0","0","0","A","A","0","0","A","0","0","A","0","50-100","N",NA,NA,NA,NA,NA,NA,NA,NA,NA,""
"498","NB","36","NB36","Ward Marsh",4,"NB36-04",45.9721,64.34375,"KAP",2021,6,11,1,"NB36-04-01-KAP","6:47",0,8,0,"0",NA,"0","Y","BLTE","Black Tern","0","A","0","0","0","0","0","0","0","0","0","0","0","<50","N",NA,NA,NA,NA,NA,NA,NA,NA,NA,""
"499","NB","36","NB36","Ward Marsh",4,"NB36-04",45.9721,64.34375,"KAP",2021,6,11,1,"NB36-04-01-KAP","6:47",0,8,0,"0",NA,"0","Y","AMBI","American Bittern","0","0","0","0","0","A","0","0","0","0","0","0","0",">100","Y",NA,NA,NA,NA,NA,NA,NA,NA,NA,""
"500","NB","36","NB36","Ward Marsh",4,"NB36-04",45.9721,64.34375,"KAP",2021,6,11,1,"NB36-04-01-KAP","6:47",0,8,0,"0",NA,"0","Y","VIRA","Virginia Rail","0","0","0","0","0","0","0","0","0","A","0","0","0","<50","N",NA,NA,NA,NA,NA,NA,NA,NA,NA,""
"501","NB","36","NB36","Ward Marsh",4,"NB36-04",45.9721,64.34375,"KAP",2021,6,11,1,"NB36-04-01-KAP","6:47",0,8,0,"0",NA,"0","Y","PBGR","Pied-billed Grebe","0","0","0","0","0","0","0","0","0","0","0","0","0",">100","N",NA,NA,NA,NA,NA,NA,NA,NA,NA,"Did not indicate distance; did not indicated prev_point, assumed N from data/time"
"502","NB","36","NB36","Ward Marsh",4,"NB36-04",45.9721,64.34375,"KAP",2021,6,11,1,"NB36-04-01-KAP","6:47",0,8,0,"0",NA,"0","Y","SORA","Sora","0","0","0","0","0","0","0","0","0","0","0","A","0","<50","N",NA,NA,NA,NA,NA,NA,NA,NA,NA,""
"503","NB","36","NB36","Ward Marsh",5,"NB36-05",45.97079,64.33791,"KAP",2021,6,11,1,"NB36-05-01-KAP","7:11",0,NA,0,"0",NA,"0","Y","BLTE","Black Tern","0","0","0","0","V","0","0","0","0","0","0","0","0","50-100","N",NA,NA,NA,NA,NA,NA,NA,NA,NA,""
"504","NB","36","NB36","Ward Marsh",5,"NB36-05",45.97079,64.33791,"KAP",2021,6,11,1,"NB36-05-01-KAP","7:11",0,NA,0,"0",NA,"0","Y","SORA","Sora","0","0","0","0","0","0","0","0","0","0","0","A","0",">100","N",NA,NA,NA,NA,NA,NA,NA,NA,NA,""
"505","NB","36","NB36","Ward Marsh",6,"NB36-06",45.96399,64.32997,"KAP",2021,6,11,1,"NB36-06-01-KAP","7:45",0,NA,0,"2","W",NA,"Y","SORA","Sora","0","0","0","0","0","A","0","0","A","0","0","0","0",">100","N",NA,NA,NA,NA,NA,NA,NA,NA,NA,""
"506","NB","36","NB36","Ward Marsh",7,"NB36-07",45.96666,64.3304,"KAP",2021,6,11,1,"NB36-07-01-KAP","8:04",0,14,0,"3","W","0","Y","SORA","Sora","0","A","0","A","A","A","A","0","0","A","A","A","A","50-100","N",NA,NA,NA,NA,NA,NA,NA,NA,NA,""
"507","NB","36","NB36","Ward Marsh",7,"NB36-07",45.96666,64.3304,"KAP",2021,6,11,1,"NB36-07-01-KAP","8:04",0,14,0,"3","W","0","Y","PBGR","Pied-billed Grebe","0","0","0","0","0","0","0","0","0","0","A","0","0",">100","N",NA,NA,NA,NA,NA,NA,NA,NA,NA,""
"508","NB","36","NB36","Ward Marsh",7,"NB36-07",45.96666,64.3304,"KAP",2021,6,11,1,"NB36-07-01-KAP","8:04",0,14,0,"3","W","0","Y","PBGR","Pied-billed Grebe","0","0","0","0","0","0","0","0","0","0","0","A","0","50-100","N",NA,NA,NA,NA,NA,NA,NA,NA,NA,""
"509","NB","SE","NBSE","Salisbury East",1,"NBSE-01",46.03375,65.01394,"BIW",2021,6,29,2,"NBSE-01-02-BIW","7:04",10,22,0,"0",NA,"2","Y","PBGR","Pied-billed Grebe","V","0","0","0","0","0","0","0","0","0","0","0","0","<50",NA,NA,NA,NA,NA,NA,NA,NA,NA,NA,"Adult, did not indicate prev_point"
"510","NB","SE","NBSE","Salisbury East",1,"NBSE-01",46.03375,65.01394,"BIW",2021,6,29,2,"NBSE-01-02-BIW","7:04",10,22,0,"0",NA,"2","Y","PBGR","Pied-billed Grebe","V","0","0","0","0","0","0","0","0","0","0","0","0","<50",NA,NA,NA,NA,NA,NA,NA,NA,NA,NA,"Adult, did not indicate prev_point"
"511","NB","SE","NBSE","Salisbury East",1,"NBSE-01",46.03375,65.01394,"BIW",2021,6,29,2,"NBSE-01-02-BIW","7:04",10,22,0,"0",NA,"2","Y","SORA","Sora","0","0","0","0","0","A","0","0","0","0","0","0","0","50-100",NA,NA,NA,NA,NA,NA,NA,NA,NA,NA,"Did not indicate prev_point"
"512","NB","SE","NBSE","Salisbury East",1,"NBSE-01",46.03375,65.01394,"BIW",2021,6,29,2,"NBSE-01-02-BIW","7:04",10,22,0,"0",NA,"2","Y","VIRA","Virginia Rail","0","0","0","0","0","0","0","0","A","0","0","0","0","<50","N",NA,NA,NA,NA,NA,NA,NA,NA,NA,"Did not indicate prev_point, deduced N based on data/time"
"513","NB","SE","NBSE","Salisbury East",1,"NBSE-01",46.03375,65.01394,"BIW",2021,6,29,2,"NBSE-01-02-BIW","7:04",10,22,0,"0",NA,"2","Y","SORA","Sora","0","0","0","0","0","0","0","0","0","0","A","0","0","<50",NA,NA,NA,NA,NA,NA,NA,NA,NA,NA,"Did not indicate prev_point"
"514","NB","SE","NBSE","Salisbury East",1,"NBSE-01",46.03375,65.01394,"BIW",2021,6,29,2,"NBSE-01-02-BIW","7:04",10,22,0,"0",NA,"2","Y","PBGR","Pied-billed Grebe","0","0","0","0","0","0","0","0","0","0","V","0","0","50-100",NA,NA,NA,NA,NA,NA,NA,NA,NA,NA,"Adult, did not indicate prev_point"
"515","NB","SE","NBSE","Salisbury East",1,"NBSE-01",46.03375,65.01394,"BIW",2021,6,29,2,"NBSE-01-02-BIW","7:04",10,22,0,"0",NA,"2","Y","PBGR","Pied-billed Grebe","0","0","0","0","0","0","0","0","0","0","V","0","0","50-100",NA,NA,NA,NA,NA,NA,NA,NA,NA,NA,"Juvenile, did not indicate prev_point"
"516","NB","SE","NBSE","Salisbury East",1,"NBSE-01",46.03375,65.01394,"BIW",2021,6,29,2,"NBSE-01-02-BIW","7:04",10,22,0,"0",NA,"2","Y","PBGR","Pied-billed Grebe","0","0","0","0","0","0","0","0","0","0","V","0","0","50-100",NA,NA,NA,NA,NA,NA,NA,NA,NA,NA,"Juvenile, did not indicate prev_point"
"517","NB","SE","NBSE","Salisbury East",2,"NBSE-02",46.03523,65.01151,"BIW",2021,6,5,1,"NBSE-02-01-BIW","7:15",0,14,0,"1","W","1","Y","PBGR","Pied-billed Grebe","A","0","0","0","0","0","0","0","0","0","0","0","0","50-100","N",NA,NA,NA,NA,NA,NA,NA,NA,NA,"Did not indicate prev_point, deduced N based on data/time"
"518","NB","SE","NBSE","Salisbury East",2,"NBSE-02",46.03523,65.01151,"BIW",2021,6,5,1,"NBSE-02-01-BIW","7:15",0,14,0,"1","W","1","Y","SORA","Sora","0","0","A","0","0","A","0","0","0","A","A","A","A","50-100",NA,NA,NA,NA,NA,NA,NA,NA,NA,NA,"Did not indicate prev_point"
"519","NB","SE","NBSE","Salisbury East",2,"NBSE-02",46.03523,65.01151,"BIW",2021,6,29,2,"NBSE-02-02-BIW","7:36",8,24,0,"0",NA,"2","Y","SORA","Sora","A","0","0","0","0","0","0","0","0","0","0","0","0","<50",NA,NA,NA,NA,NA,NA,NA,NA,NA,NA,"Did not indicate prev_point"
"520","NB","SE","NBSE","Salisbury East",3,"NBSE-03",46.03226,NA,"BIW",2021,6,5,1,"NBSE-03-01-BIW","7:42",0,16,0,"2","W","1","Y","SORA","Sora","0","0","0","0","0","0","0","0","0","0","0","0","AV","50-100","Y",NA,NA,NA,NA,NA,NA,NA,NA,NA,""
"521","NB","SE","NBSE","Salisbury East",3,"NBSE-03",46.03226,65.01134,"BIW",2021,6,29,2,"NBSE-03-02-BIW",NA,NA,NA,NA,NA,NA,NA,"Y","PBGR","Pied-billed Grebe","V","V","0","0","0","0","0","0","0","0","V","V","0","<50","N",NA,NA,NA,NA,NA,NA,NA,NA,NA,"juvenile"
"522","NB","SE","NBSE","Salisbury East",3,"NBSE-03",46.03226,65.01134,"BIW",2021,6,29,2,"NBSE-03-02-BIW",NA,NA,NA,NA,NA,NA,NA,"Y","PBGR","Pied-billed Grebe","V","V","0","0","0","0","0","0","0","0","V","V","0","<50","N",NA,NA,NA,NA,NA,NA,NA,NA,NA,"juvenile"
"523","NB","SE","NBSE","Salisbury East",3,"NBSE-03",46.03226,65.01134,"BIW",2021,6,29,2,"NBSE-03-02-BIW",NA,NA,NA,NA,NA,NA,NA,"Y","PBGR","Pied-billed Grebe","V","0","0","0","0","0","0","0","0","0","V","V","0","<50","N",NA,NA,NA,NA,NA,NA,NA,NA,NA,"juvenile"
"524","NB","SE","NBSE","Salisbury East",3,"NBSE-03",46.03226,65.01134,"BIW",2021,6,29,2,"NBSE-03-02-BIW",NA,NA,NA,NA,NA,NA,NA,"Y","PBGR","Pied-billed Grebe","0","V","0","0","0","0","0","0","0","0","V","V","0","<50","N",NA,NA,NA,NA,NA,NA,NA,NA,NA,"adult"
"525","NB","SE","NBSE","Salisbury East",3,"NBSE-03",46.03226,65.01134,"BIW",2021,6,29,2,"NBSE-03-02-BIW",NA,NA,NA,NA,NA,NA,NA,"Y","PBGR","Pied-billed Grebe","0","0","0","0","0","0","0","0","0","V","0","0","0","50-100","N",NA,NA,NA,NA,NA,NA,NA,NA,NA,"adult"
"526","NB","SE","NBSE","Salisbury East",3,"NBSE-03",46.03226,65.01134,"BIW",2021,6,29,2,"NBSE-03-02-BIW",NA,NA,NA,NA,NA,NA,NA,"Y","PBGR","Pied-billed Grebe","0","0","0","0","0","0","0","0","0","V","0","0","0","50-100","N",NA,NA,NA,NA,NA,NA,NA,NA,NA,"juvenile"
"527","NB","SE","NBSE","Salisbury East",3,"NBSE-03",46.03226,65.01134,"BIW",2021,6,29,2,"NBSE-03-02-BIW",NA,NA,NA,NA,NA,NA,NA,"Y","PBGR","Pied-billed Grebe","0","0","0","0","0","0","0","0","0","V","0","0","0","50-100","N",NA,NA,NA,NA,NA,NA,NA,NA,NA,"juvenile"
"528","NB","SE","NBSE","Salisbury East",3,"NBSE-03",46.03226,65.01134,"BIW",2021,6,29,2,"NBSE-03-02-BIW",NA,NA,NA,NA,NA,NA,NA,"Y","SORA","Sora","0","0","0","0","0","0","0","0","0","0","0","0","A","<50","N",NA,NA,NA,NA,NA,NA,NA,NA,NA,""
"529","NB","SE","NBSE","Salisbury East",4,"NBSE-04",46.03087,65.01461,"BIW",2021,6,5,1,"NBSE-04-01-BIW","5:39",0,10,0,"0",NA,"1","Y","SORA","Sora","0","0","0","0","0","0","0","0","0","0","0","A","0",">100","N",NA,NA,NA,NA,NA,NA,NA,NA,NA,"Did not indicate prev_point, deduced N based on data/time"
"530","NB","SW","NBSW","Salisbury West",1,"NBSW-01",46.02093,65.04518,"BIW",2021,6,9,1,"NBSW-01-01-BIW","6:05",10,12,0,"0",NA,"2","Y","SORA","Sora","A","0","0","0","0","A","0","0","0","0","0","0","0",">100",NA,NA,NA,NA,NA,NA,NA,NA,NA,NA,"Did not indicate prev_point"
"531","NB","SW","NBSW","Salisbury West",1,"NBSW-01",46.02093,65.04518,"BIW",2021,6,9,1,"NBSW-01-01-BIW","6:05",10,12,0,"0",NA,"2","Y","VIRA","Virginia Rail","0","0","0","0","0","0","0","0","A","0","A","0","0","<50",NA,NA,NA,NA,NA,NA,NA,NA,NA,NA,"Did not indicate prev_point"
"532","NB","SW","NBSW","Salisbury West",1,"NBSW-01",46.02093,65.04518,"BIW",2021,7,6,2,"NBSW-01-02-BIW","6:20",1,NA,0,"1","W","2","Y","PBGR","Pied-billed Grebe","0","A","0","0","0","0","0","0","0","0","0","0","V",">100",NA,NA,NA,NA,NA,NA,NA,NA,NA,NA,"Did not indicate prev_point"
"533","NB","SW","NBSW","Salisbury West",1,"NBSW-01",46.02093,65.04518,"BIW",2021,7,6,2,"NBSW-01-02-BIW","6:20",1,NA,0,"1","W","2","Y","SORA","Sora","0","0","0","0","0","0","0","0","0","A","A","0","0","50-100",NA,NA,NA,NA,NA,NA,NA,NA,NA,NA,"Did not indicate prev_point"
"534","NB","SW","NBSW","Salisbury West",1,"NBSW-01",46.02093,65.04518,"BIW",2021,7,6,2,"NBSW-01-02-BIW","6:20",1,NA,0,"1","W","2","Y","SORA","Sora","0","0","0","0","0","0","0","0","0","0","A","A","0","<50",NA,NA,NA,NA,NA,NA,NA,NA,NA,NA,"Did not indicate prev_point"
"535","NB","SW","NBSW","Salisbury West",1,"NBSW-01",46.02093,65.04518,"BIW",2021,7,6,2,"NBSW-01-02-BIW","6:20",1,NA,0,"1","W","2","Y","AMCO","American Coot","0","0","0","0","0","0","0","0","0","0","0","0","V","50-100",NA,NA,NA,NA,NA,NA,NA,NA,NA,NA,"Did not indicate prev_point"
"536","NB","SW","NBSW","Salisbury West",1,"NBSW-01",46.02093,65.04518,"BIW",2021,7,6,2,"NBSW-01-02-BIW","6:20",1,NA,0,"1","W","2","Y","PBGR","Pied-billed Grebe","0","0","0","0","0","0","0","0","0","0","0","0","V","50-100",NA,NA,NA,NA,NA,NA,NA,NA,NA,NA,"Did not indicate prev_point"
"537","NB","SW","NBSW","Salisbury West",2,"NBSW-02",46.01916,65.04296,"BIW",2021,6,9,1,"NBSW-02-01-BIW","5:40",10,14,0,"0",NA,"1","Y","PBGR","Pied-billed Grebe","V","0","0","0","0","0","0","0","0","0","0","0","0","<50",NA,NA,NA,NA,NA,NA,NA,NA,NA,NA,"Did not indicate prev_point"
"538","NB","SW","NBSW","Salisbury West",2,"NBSW-02",46.01916,65.04296,"BIW",2021,6,9,1,"NBSW-02-01-BIW","5:40",10,14,0,"0",NA,"1","Y","SORA","Sora","A","0","0","A","0","0","0","0","0","A","A","A","0",">100","Y",NA,NA,NA,NA,NA,NA,NA,NA,NA,""
"539","NB","SW","NBSW","Salisbury West",2,"NBSW-02",46.01916,65.04296,"BIW",2021,6,9,1,"NBSW-02-01-BIW","5:40",10,14,0,"0",NA,"1","Y","PBGR","Pied-billed Grebe","0","0","0","0","0","A","0","0","0","0","0","0","0","50-100",NA,NA,NA,NA,NA,NA,NA,NA,NA,NA,"Did not indicate prev_point"
"540","NB","SW","NBSW","Salisbury West",2,"NBSW-02",46.01916,65.04296,"BIW",2021,6,9,1,"NBSW-02-01-BIW","5:40",10,14,0,"0",NA,"1","Y","VIRA","Virginia Rail","0","0","0","0","0","0","0","0","A","0","0","0","0","<50","N",NA,NA,NA,NA,NA,NA,NA,NA,NA,"Did not indicate prev_point, deduced N based on data/time"
"541","NB","SW","NBSW","Salisbury West",2,"NBSW-02",46.01916,65.04296,"BIW",2021,6,9,1,"NBSW-02-01-BIW","5:40",10,14,0,"0",NA,"1","Y","COGA","Common Gallinule","0","0","0","0","0","0","0","0","0","0","0","V","0","50-100","N",NA,NA,NA,NA,NA,NA,NA,NA,NA,"Did not indicate prev_point, deduced N based on data/time"
"542","NB","SW","NBSW","Salisbury West",2,"NBSW-02",46.01916,65.04296,"BIW",2021,7,6,2,"NBSW-02-02-BIW","5:52",0,NA,0,"0",NA,"2","Y","SORA","Sora","0","0","0","0","0","A","0","0","0","0","0","0","0",">100",NA,NA,NA,NA,NA,NA,NA,NA,NA,NA,"Did not indicate prev_point"
"543","NB","SW","NBSW","Salisbury West",2,"NBSW-02",46.01916,65.04296,"BIW",2021,7,6,2,"NBSW-02-02-BIW","5:52",0,NA,0,"0",NA,"2","Y","PBGR","Pied-billed Grebe","0","0","0","0","0","0","0","0","0","0","0","A","0",">100",NA,NA,NA,NA,NA,NA,NA,NA,NA,NA,"Did not indicate prev_point"
"544","NB","SW","NBSW","Salisbury West",2,"NBSW-02",46.01916,65.04296,"BIW",2021,7,6,2,"NBSW-02-02-BIW","5:52",0,NA,0,"0",NA,"2","Y","AMCO","American Coot","0","0","0","0","0","0","0","0","0","0","0","0","V",">100","N",NA,NA,NA,NA,NA,NA,NA,NA,NA,"Did not indicate prev_point, deduced N based on data/time"
"545","NB","SW","NBSW","Salisbury West",2,"NBSW-02",46.01916,65.04296,"BIW",2021,7,6,2,"NBSW-02-02-BIW","5:52",0,NA,0,"0",NA,"2","Y","VIRA","Virginia Rail","0","0","0","0","0","0","0","0","0","0","0","0","A",">100","Y",NA,NA,NA,NA,NA,NA,NA,NA,NA,""
"546","NB","SW","NBSW","Salisbury West",3,"NBSW-03",46.02023,65.04033,"BIW",2021,6,9,1,"NBSW-03-01-BIW","5:13",10,19,0,"0",NA,"1","Y","LEBI","Least Bittern","A","0","A","0","A","0","0","0","0","0","0","0","0","<50","N",NA,NA,NA,NA,NA,NA,NA,NA,NA,"Did not indicate prev_point, deduced N based on data/time; did not indicate distance"
"547","NB","SW","NBSW","Salisbury West",3,"NBSW-03",46.02023,65.04033,"BIW",2021,6,9,1,"NBSW-03-01-BIW","5:13",10,19,0,"0",NA,"1","Y","PBGR","Pied-billed Grebe","A","0","0","0","0","0","0","0","A","0","0","0","0",NA,"N",NA,NA,NA,NA,NA,NA,NA,NA,NA,"Did not indicate prev_point, deduced N based on data/time"
"548","NB","SW","NBSW","Salisbury West",3,"NBSW-03",46.02023,65.04033,"BIW",2021,6,9,1,"NBSW-03-01-BIW","5:13",10,19,0,"0",NA,"1","Y","GOOT","Common Gallinule/American Coot","0","0","0","0","0","0","A","0","0","0","0","0","0",">100","N",NA,NA,NA,NA,NA,NA,NA,NA,NA,"Did not indicate prev_point, deduced N based on data/time"
"549","NB","SW","NBSW","Salisbury West",3,"NBSW-03",46.02023,65.04033,"BIW",2021,6,9,1,"NBSW-03-01-BIW","5:13",10,19,0,"0",NA,"1","Y","SORA","Sora","0","0","0","0","0","0","0","0","0","A","0","0","0",">100","N",NA,NA,NA,NA,NA,NA,NA,NA,NA,"Did not indicate prev_point, deduced N based on data/time"
"550","NB","SW","NBSW","Salisbury West",3,"NBSW-03",46.02023,65.04033,"BIW",2021,6,9,1,"NBSW-03-01-BIW","5:13",10,19,0,"0",NA,"1","Y","PBGR","Pied-billed Grebe","0","0","0","0","0","0","0","0","0","0","V","0","0",NA,"N",NA,NA,NA,NA,NA,NA,NA,NA,NA,"Did not indicate prev_point, deduced N based on data/time; did not indicate distance"
"551","NB","SW","NBSW","Salisbury West",3,"NBSW-03",46.02023,65.04033,"BIW",2021,7,6,2,"NBSW-03-02-BIW","5:27",0,8,0,"1","W","2","Y","LEBI","Least Bittern","0","0","A","A","A","A","0","A","A","A","A","A","0","<50","N",NA,NA,NA,NA,NA,NA,NA,NA,NA,"Did not indicate prev_point, deduced N based on data/time"
"552","NB","SW","NBSW","Salisbury West",3,"NBSW-03",46.02023,65.04033,"BIW",2021,7,6,2,"NBSW-03-02-BIW","5:27",0,8,0,"1","W","2","Y","SORA","Sora","0","0","0","0","0","0","0","0","0","0","0","A","0",">100","N",NA,NA,NA,NA,NA,NA,NA,NA,NA,"Did not indicate prev_point, deduced N based on data/time"
"553","NB","SW","NBSW","Salisbury West",3,"NBSW-03",46.02023,65.04033,"BIW",2021,7,6,2,"NBSW-03-02-BIW","5:27",0,8,0,"1","W","2","Y","PBGR","Pied-billed Grebe","0","0","0","0","0","0","0","0","0","0","0","0","V",">100","N",NA,NA,NA,NA,NA,NA,NA,NA,NA,"Did not indicate prev_point, deduced N based on data/time; adult + 6 juvenile"
"554","NB","SW","NBSW","Salisbury West",3,"NBSW-03",46.02023,65.04033,"BIW",2021,7,6,2,"NBSW-03-02-BIW","5:27",0,8,0,"1","W","2","Y","VIRA","Virginia Rail","0","0","0","0","0","0","0","0","0","0","0","0","AV",">100","N",NA,NA,NA,NA,NA,NA,NA,NA,NA,"Did not indicate prev_point, deduced N based on data/time"
"555","NB","SW","NBSW","Salisbury West",3,"NBSW-03",46.02023,65.04033,"BIW",2021,7,6,2,"NBSW-03-02-BIW","5:27",0,8,0,"1","W","2","Y","COGA","Common Gallinule","0","0","0","0","0","0","0","0","0","0","0","0","V","50-100","N",NA,NA,NA,NA,NA,NA,NA,NA,NA,"Did not indicate prev_point, deduced N based on data/time"
"556","NB","38","NB38","Midgic",1,"NB38-01",45.95944,64.31806,"ADC",2021,6,30,1,"NB38-01-01-ADC","5:15",9,19,1,"3","SW","0","N","SORA","Sora","0","0","0","0","0","A","0","0","0","0","0","0","0","50-100","N",NA,NA,NA,NA,NA,NA,NA,NA,NA,""
"557","NB","38","NB38","Midgic",1,"NB38-01",45.95944,64.31806,"ADC",2021,6,30,1,"NB38-01-01-ADC","5:15",9,19,1,"3","SW","0","N","AMBI","American Bittern","0","0","0","0","0","0","0","A","0","0","0","0","0","<50","N",NA,NA,NA,NA,NA,NA,NA,NA,NA,""
"558","NB","38","NB38","Midgic",1,"NB38-01",45.95944,64.31806,"ADC",2021,6,30,1,"NB38-01-01-ADC","5:15",9,19,1,"3","SW","0","N","WILL","Willet","0","0","0","0","0","0","0","0","V","0","0","0","0","50-100","N",NA,NA,NA,NA,NA,NA,NA,NA,NA,"flew over trailling N"
"559","NB","38","NB38","Midgic",2,"NB38-02",45.9575,64.31806,"ADC",2021,6,30,1,"NB38-02-01-ADC","5:45",9,19,1,"3","SW","0","N","AMBI","American Bittern","0","0","0","0","A","0","0","0","0","0","0","0","0","50-100","N",NA,NA,NA,NA,NA,NA,NA,NA,NA,""
"560","NB","38","NB38","Midgic",2,"NB38-02",45.9575,64.31806,"ADC",2021,6,30,1,"NB38-02-01-ADC","5:45",9,19,1,"3","SW","0","N","SORA","Sora","0","0","A","0","0","0","0","0","0","0","0","0","0","50-100","N",NA,NA,NA,NA,NA,NA,NA,NA,NA,""
"561","NB","38","NB38","Midgic",2,"NB38-02",45.9575,64.31806,"ADC",2021,6,30,1,"NB38-02-01-ADC","5:45",9,19,1,"3","SW","0","N","PBGR","Pied-billed Grebe","0","0","0","0","0","0","0","V","0","0","0","0","0","50-100","N",NA,NA,NA,NA,NA,NA,NA,NA,NA,"with 3 chicks"
"562","NB","38","NB38","Midgic",2,"NB38-02",45.9575,64.31806,"ADC",2021,6,30,1,"NB38-02-01-ADC","5:45",9,19,1,"3","SW","0","N","SORA","Sora","0","0","0","0","0","0","0","0","A","0","0","0","0","50-100","N",NA,NA,NA,NA,NA,NA,NA,NA,NA,""
"563","NB","38","NB38","Midgic",3,"NB38-03",45.95583,64.31583,"ADC",2021,6,30,1,"NB38-03-01-ADC","6:05",9,19,1,"3","SW","0","N","PBGR","Pied-billed Grebe","0","0","0","0","0","0","0","0","0","0","V","0","0","50-100","Y",NA,NA,NA,NA,NA,NA,NA,NA,NA,""
"564","NB","38","NB38","Midgic",5,"NB38-05",45.95778,64.31028,"ADC",2021,6,30,1,"NB38-05-01-ADC","6:45",9,20,1,"3","SW","0","N","SORA","Sora","0","0","A","0","0","0","0","0","0","0","0","0","0","50-100",NA,NA,NA,NA,NA,NA,NA,NA,NA,NA,"Did not indicate prev_point"
"565","NB","38","NB38","Midgic",6,"NB38-06",45.95361,64.31472,"ADC",2021,6,30,1,"NB38-06-01-ADC","7:30",8,19,1,"3","SW","1","N","AMBI","American Bittern","0","0","0","A","0","0","0","0","0","0","0","0","0","50-100","N",NA,NA,NA,NA,NA,NA,NA,NA,NA,"approx. 100m"
"566","NB","38","NB38","Midgic",6,"NB38-06",45.95361,64.31472,"ADC",2021,6,30,1,"NB38-06-01-ADC","7:30",8,19,1,"3","SW","1","N","PBGR","Pied-billed Grebe","0","A","0","0","0","0","0","0","0","0","0","0","0","50-100",NA,NA,NA,NA,NA,NA,NA,NA,NA,NA,"Did not indicate prev_point"
"567","NB","38","NB38","Midgic",7,"NB38-07",45.95278,64.31167,"ADC",2021,6,30,1,"NB38-07-01-ADC","7:50",8,19,1,"3","SW","1","N","NESP","Nelson's Sparrow","0","0","0","0","0","0","0","0","A","0","0","0","0",">100","N",NA,NA,NA,NA,NA,NA,NA,NA,NA,""
"568","NB","38","NB38","Midgic",7,"NB38-07",45.95278,64.31167,"ADC",2021,6,30,1,"NB38-07-01-ADC","7:50",8,19,1,"3","SW","1","N","PBGR","Pied-billed Grebe","0","0","0","0","0","0","0","0","0","0","0","V","0","<50","Y",NA,NA,NA,NA,NA,NA,NA,NA,NA,""
"569","NB","SV","NBSV","Sunset Valley",4,"NBSV-04",45.384467,-66.265489,"AP",2021,6,16,1,"NBSV-04-01-AP","8:03",10,17,0,"0","N/A","2","Y","PBGR","Pied-billed Grebe","A","0","0","0","0","0","0","0","0","0","0","0","0",">100","N",NA,NA,NA,NA,NA,NA,NA,NA,NA,""
"570","NB","SV","NBSV","Sunset Valley",4,"NBSV-04",45.384467,-66.265489,"AP",2021,6,16,1,"NBSV-04-01-AP","8:03",10,17,0,"0","N/A","2","Y","NESP","Nelson's Sparrow","0","0","0","0","A","0","0","0","0","0","0","0","A","50-100","N",NA,NA,NA,NA,NA,NA,NA,NA,NA,""
"571","NB","SV","NBSV","Sunset Valley",4,"NBSV-04",45.384467,-66.265489,"AP",2021,6,16,1,"NBSV-04-01-AP","8:03",10,17,0,"0","N/A","2","Y","VIRA","Virginia Rail","0","0","0","0","0","0","0","0","0","0","0","0","A",">100","N",NA,NA,NA,NA,NA,NA,NA,NA,NA,""
"572","NB","SV","NBSV","Sunset Valley",4,"NBSV-04",45.384467,-66.265489,"AP",2021,6,16,1,"NBSV-04-01-AP","8:03",10,17,0,"0","N/A","2","Y","NESP","Nelson's Sparrow","0","0","0","0","0","0","0","0","0","0","0","0","A",">100","N",NA,NA,NA,NA,NA,NA,NA,NA,NA,""
"573","NB","SV","NBSV","Sunset Valley",5,"NBSV-05",45.387882,-66.263798,"AP",2021,6,16,1,"NBSV-05-01-AP","8:48",10,16,0,"0","N/A","2","Y","PBGR","Pied-billed Grebe","A","0","A","A","0","0","0","0","0","0","A","0","0",">100","Y",NA,NA,NA,NA,NA,NA,NA,NA,NA,""
"574","NB","SV","NBSV","Sunset Valley",4,"NBSV-04",45.384467,-66.265489,"AP",2021,6,30,2,"NBSV-04-02-AP","7:39",6,21,0,"1","N","2","Y","AMBI","American Bittern","0","V","0","0","0","0","0","0","0","0","0","0","0",">100","N",NA,NA,NA,NA,NA,NA,NA,NA,NA,"fly by, and didn't see very well, so some margin of error"
"575","NB","SV","NBSV","Sunset Valley",4,"NBSV-04",45.384467,-66.265489,"AP",2021,6,30,2,"NBSV-04-02-AP","7:39",6,21,0,"1","N","2","Y","NESP","Nelson's Sparrow","0","0","0","0","0","0","0","0","0","0","0","A","0",">100","N",NA,NA,NA,NA,NA,NA,NA,NA,NA,""
"576","NB","SV","NBSV","Sunset Valley",4,"NBSV-04",45.384467,-66.265489,"AP",2021,6,30,2,"NBSV-04-02-AP","7:39",6,21,0,"1","N","2","Y","NESP","Nelson's Sparrow","0","0","0","0","0","0","0","0","0","0","0","A","A","50-100","N",NA,NA,NA,NA,NA,NA,NA,NA,NA,""
"577","NB","SV","NBSV","Sunset Valley",4,"NBSV-04",45.384467,-66.265489,"AP",2021,6,30,2,"NBSV-04-02-AP","7:39",6,21,0,"1","N","2","Y","NESP","Nelson's Sparrow","0","0","0","0","0","0","0","0","0","0","0","A","A","50-100","N",NA,NA,NA,NA,NA,NA,NA,NA,NA,""
"578","NB","SV","NBSV","Sunset Valley",4,"NBSV-04",45.384467,-66.265489,"AP",2021,6,30,2,"NBSV-04-02-AP","7:39",6,21,0,"1","N","2","Y","NESP","Nelson's Sparrow","0","0","0","0","0","0","0","0","0","0","0","AV","A","<50","N",NA,NA,NA,NA,NA,NA,NA,NA,NA,"photo and sound recording obtained"
"579","NB","SR","NBSR","Saints Rest Marsh",4,"NBSR-04",45.13236,66.08208,"CAC",2021,6,4,1,"NBSR-04-01-CAC","6:59",10,12,1,"2","S","0","N","AMCO","American Coot","0","0","0","0","0","0","0","0","A","A","A","A","A","50-100","N",NA,NA,NA,NA,NA,NA,NA,NA,NA,""
"580","NB","SR","NBSR","Saints Rest Marsh",1,"NBSR-01",45.13419,66.0759,"CAC",2021,6,20,2,"NBSR-01-02-CAC","5:10",10,13,0,"1","SW","2","N","NESP","Nelson's Sparrow","0","0","0","0","0","0","0","A","A","A","A","AV","AV","<50","N",NA,NA,NA,NA,NA,NA,NA,NA,NA,""
"581","NB","36","NB36","Ward Marsh",1,"NB36-01",45.96358,64.34468,"KAP",2021,6,11,1,"NB36-01-01-KAP","5:45",1,0,0,"0",NA,"0","Y","SORA","Sora","0","0","A","0","0","0","0","0","0","0","0","0","0","50-100","N",NA,NA,NA,NA,NA,NA,NA,NA,NA,""
"582","NB","36","NB36","Ward Marsh",1,"NB36-01",45.96358,64.34468,"KAP",2021,6,11,1,"NB36-01-01-KAP","5:45",1,0,0,"0",NA,"0","Y","SORA","Sora","0","0","0","A","0","0","0","0","0","0","0","0","0","<50","N",NA,NA,NA,NA,NA,NA,NA,NA,NA,""
"583","NB","36","NB36","Ward Marsh",1,"NB36-01",45.96358,64.34468,"KAP",2021,6,11,1,"NB36-01-01-KAP","5:45",1,0,0,"0",NA,"0","Y","AMBI","American Bittern","0","0","0","0","A","0","0","0","0","0","0","0","0","50-100","N",NA,NA,NA,NA,NA,NA,NA,NA,NA,""
"584","NB","36","NB36","Ward Marsh",1,"NB36-01",45.96358,64.34468,"KAP",2021,6,11,1,"NB36-01-01-KAP","5:45",1,0,0,"0",NA,"0","Y","VIRA","Virginia Rail","0","0","0","0","0","0","0","0","A","0","0","0","0","50-100","N",NA,NA,NA,NA,NA,NA,NA,NA,NA,""
"585","NB","36","NB36","Ward Marsh",1,"NB36-01",45.96358,64.34468,"KAP",2021,6,11,1,"NB36-01-01-KAP","5:45",1,0,0,"0",NA,"0","Y","PBGR","Pied-billed Grebe","0","0","0","0","0","0","0","0","0","0","A","0","0",">100","N",NA,NA,NA,NA,NA,NA,NA,NA,NA,""
"586","NB","36","NB36","Ward Marsh",1,"NB36-01",45.96358,64.34468,"KAP",2021,6,30,2,"NB36-01-02-KAP","5:09",10,19,0,"0",NA,"0","Y","VIRA","Virginia Rail","0","0","0","0","0","0","0","0","A","0","0","0","0","<50","N",NA,NA,NA,NA,NA,NA,NA,NA,NA,"respond. ""bugs, frog"" written at bottom of page"
"587","NB","36","NB36","Ward Marsh",2,"NB36-02",45.96731,64.34583,"KAP",2021,6,11,1,"NB36-02-01-KAP","6:06",0,0,0,"0",NA,"0","Y","AMBI","American Bittern","0","0","0","0","0","0","0","0","0","0","V","0","0","50-100","N",NA,NA,NA,NA,NA,NA,NA,NA,NA,"2 ind. flying together in circle low over marsh, pair with other obs"
"588","NB","36","NB36","Ward Marsh",2,"NB36-02",45.96731,64.34583,"KAP",2021,6,11,1,"NB36-02-01-KAP","6:06",0,0,0,"0",NA,"0","Y","AMBI","American Bittern","0","0","0","0","0","0","0","0","0","0","V","0","0","50-100","N",NA,NA,NA,NA,NA,NA,NA,NA,NA,"2 ind. flying together in circle low over marsh, pair with other obs"
"589","NB","36","NB36","Ward Marsh",2,"NB36-02",45.96731,64.34583,"KAP",2021,6,30,2,"NB36-02-02-KAP","5:29",10,19,0,"0",NA,"0","Y","VIRA","Virginia Rail","0","0","0","0","0","0","0","0","A","0","0","0","0","<50","N",NA,NA,NA,NA,NA,NA,NA,NA,NA,"respond"
"590","NB","36","NB36","Ward Marsh",3,"NB36-03",45.9701,64.34698,"KAP",2021,6,30,2,"NB36-03-02-KAP","5:54",10,10,0,"0",NA,"0","Y","MAWR","Marsh Wren","A","0","0","0","0","0","0","0","0","0","0","0","0",NA,NA,NA,NA,NA,NA,NA,NA,NA,NA,NA,"MAWR heard  (R) en route to #3 to (R) of Road"
"591","NB","36","NB36","Ward Marsh",3,"NB36-03",45.9701,64.34698,"KAP",2021,6,30,2,"NB36-03-02-KAP","5:54",10,10,0,"0",NA,"0","Y","SORA","Sora","0","0","0","0","0","0","0","0","0","A","0","0","0",">100","N",NA,NA,NA,NA,NA,NA,NA,NA,NA,""
"592","NB","36","NB36","Ward Marsh",3,"NB36-03",45.9701,64.34698,"KAP",2021,6,30,2,"NB36-03-02-KAP","5:54",10,10,0,"0",NA,"0","Y","SORA","Sora","0","0","0","0","0","0","0","0","0","0","A","0","A","<50","N",NA,NA,NA,NA,NA,NA,NA,NA,NA,""
"593","NB","36","NB36","Ward Marsh",4,"NB36-04",45.9721,64.34375,"KAP",2021,6,30,2,"NB36-04-02-KAP","6:14",10,22,0,"0",NA,"0","Y","SORA","Sora","0","A","0","0","0","0","0","0","0","0","0","0","0",">100","Y",NA,NA,NA,NA,NA,NA,NA,NA,NA,""
"594","NB","36","NB36","Ward Marsh",4,"NB36-04",45.9721,64.34375,"KAP",2021,6,30,2,"NB36-04-02-KAP","6:14",10,22,0,"0",NA,"0","Y","SORA","Sora","0","0","0","0","0","0","0","0","0","A","0","0","A","50-100","N",NA,NA,NA,NA,NA,NA,NA,NA,NA,""
"595","NB","36","NB36","Ward Marsh",5,"NB36-05",45.97079,64.33791,"KAP",2021,6,30,2,"NB36-05-02-KAP","6:37",10,20,0,"0",NA,"0","Y","SORA","Sora","0","0","0","0","0","0","0","0","0","0","0","A","0",">100","N",NA,NA,NA,NA,NA,NA,NA,NA,NA,""
"596","NB","36","NB36","Ward Marsh",5,"NB36-05",45.97079,64.33791,"KAP",2021,6,30,2,"NB36-05-02-KAP","6:37",10,20,0,"0",NA,"0","Y","SORA","Sora","0","0","0","0","0","0","0","0","0","0","0","0","A","<50","N",NA,NA,NA,NA,NA,NA,NA,NA,NA,""
"597","NB","36","NB36","Ward Marsh",6,"NB36-06",45.96399,64.32997,"KAP",2021,6,30,2,"NB36-06-02-KAP","7:37",10,20,0,"0",NA,"0","Y","SORA","Sora","0","0","0","0","0","0","0","0","A","0","0","0","0",">100",NA,NA,NA,NA,NA,NA,NA,NA,NA,NA,"Did not indicate prev_point"
"598","PE","13","PE13","Johnstons River",2,"PE13-02",46.42938,62.41961,"DAJ",2021,6,3,1,"PE13-02-01-DAJ","7:31",1,14,0,"1","SW","1","Y","AMBI","American Bittern","0","0","0","0","A","0","0","0","0","0","0","A","0",">100","Y",NA,NA,NA,NA,NA,NA,NA,NA,NA,"could be out of range"
"599","PE","13","PE13","Johnstons River",3,"PE13-03",46.42709,62.4187,"DAJ",2021,6,3,1,"PE13-03-01-DAJ","7:13",1,14,0,"1","SW","1","Y","AMBI","American Bittern","A","A","A","A","A","A","A","A","A","0","0","A","0","<50","N",NA,NA,NA,NA,NA,NA,NA,NA,NA,""
"600","PE","13","PE13","Johnstons River",4,"PE13-04",46.42732,62.42189,"DAJ",2021,6,3,1,"PE13-04-01-DAJ","7:37",0,14,0,"0","SW","0","Y","NESP","Nelson's Sparrow","A","A","A","A","0","0","0","0","0","0","0","0","0","","N",NA,NA,NA,NA,NA,NA,NA,NA,NA,"did not indicate distance"
"601","PE","13","PE13","Johnstons River",4,"PE13-04",46.42732,62.42189,"DAJ",2021,6,3,1,"PE13-04-01-DAJ","7:37",0,14,0,"0","SW","0","Y","AMBI","American Bittern","0","0","0","0","0","A","0","0","0","A","0","0","0","50-100","Y",NA,NA,NA,NA,NA,NA,NA,NA,NA,""
"602","PE","13","PE13","Johnstons River",4,"PE13-04",46.42732,62.42189,"DAJ",2021,6,3,1,"PE13-04-01-DAJ","7:37",0,14,0,"0","SW","0","Y","AMBI","American Bittern","0","0","0","0","0","0","0","0","0","0","0","A","0","50-100","N",NA,NA,NA,NA,NA,NA,NA,NA,NA,""
"603","PE","13","PE13","Johnstons River",5,"PE13-05",46.42963,62.42347,"DAJ",2021,6,3,1,"PE13-05-01-DAJ","7:59",1,15,0,"0","SW","0","Y","AMBI","American Bittern","A","0","A","A","A","0","0","0","0","0","0","0","0",">100","",NA,NA,NA,NA,NA,NA,NA,NA,NA,"did not indicate prev_point"
"604","PE","03","PE03","Des Gros Marsh",3,"PE03-03",46.25209,62.5111,"DAJ",2021,6,2,1,"PE03-03-01-DAJ","6:58",0,13,0,"2","SW","0","Y","SORA","Sora","0","0","0","0","0","0","0","0","0","A","0","0","A","<50","N",NA,NA,NA,NA,NA,NA,NA,NA,NA,"Note says second sora called @ end of survey"
"605","PE","11","PE11","Larkins Pond",2,"PE11-02",46.42938,62.41961,"DAJ",2021,6,10,1,"PE11-02-01-DAJ","5:29",8,7,0,"1","SW","0","Y","SORA","Sora","0","0","A","A","A","0","0","0","0","0","0","0","0","<50","N",NA,NA,NA,NA,NA,NA,NA,NA,NA,""
"606","PE","11","PE11","Larkins Pond",2,"PE11-02",46.42938,62.41961,"DAJ",2021,6,10,1,"PE11-02-01-DAJ","5:29",8,7,0,"1","SW","0","Y","PBGR","Pied-billed Grebe","0","0","0","0","A","A","0","0","0","0","0","A","0","50-100","N",NA,NA,NA,NA,NA,NA,NA,NA,NA,""
"607","PE","11","PE11","Larkins Pond",3,"PE11-03",46.42709,62.4187,"DAJ",2021,6,10,1,"PE11-03-01-DAJ","5:48",8,8,0,"1","SW","0","Y","PBGR","Pied-billed Grebe","0","0","0","0","0","0","0","0","0","A","A","0","0",">100","Y",NA,NA,NA,NA,NA,NA,NA,NA,NA,""
"608","PE","11","PE11","Larkins Pond",4,"PE11-04",46.42732,62.42189,"DAJ",2021,6,10,1,"PE11-04-01-DAJ","6:09",8,8,0,"1","SW","0","Y","PBGR","Pied-billed Grebe","A","0","A","A","A","A","A","A","A","0","A","A","0","<50","Y",NA,NA,NA,NA,NA,NA,NA,NA,NA,""
"609","PE","11","PE11","Larkins Pond",4,"PE11-04",46.42732,62.42189,"DAJ",2021,6,10,1,"PE11-04-01-DAJ","6:09",8,8,0,"1","SW","0","Y","PBGR","Pied-billed Grebe","0","0","A","0","0","0","0","A","0","0","A","0","0",">100","Y",NA,NA,NA,NA,NA,NA,NA,NA,NA,""
"610","PE","11","PE11","Larkins Pond",4,"PE11-04",46.42732,62.42189,"DAJ",2021,6,10,1,"PE11-04-01-DAJ","6:09",8,8,0,"1","SW","0","Y","PBGR","Pied-billed Grebe","0","0","0","0","0","0","0","A","0","0","A","0","0",">100","Y",NA,NA,NA,NA,NA,NA,NA,NA,NA,""
"611","PE","11","PE11","Larkins Pond",8,"PE11-08",46.42105,62.43096,"DAJ",2021,6,17,1,"PE11-08-01-DAJ","7:20",0,13,0,"1","SW","0","Y","SORA","Sora","A","A","A","A","A","A","0","0","A","A","A","A","0","50-100","N",NA,NA,NA,NA,NA,NA,NA,NA,NA,""
"612","PE","11","PE11","Larkins Pond",8,"PE11-08",46.42105,62.43096,"DAJ",2021,6,17,1,"PE11-08-01-DAJ","7:20",0,13,0,"1","SW","0","Y","SORA","Sora","0","0","0","0","0","0","0","0","0","A","0","AV","0",">100","N",NA,NA,NA,NA,NA,NA,NA,NA,NA,""
"613","PE","11","PE11","Larkins Pond",9,"PE11-09",46.41914,62.42758,"DAJ",2021,6,17,1,"PE11-09-01-DAJ","7:42",0,14,0,"1","SW","0","Y","PBGR","Pied-billed Grebe","A","A","A","0","0","0","0","0","0","A","A","0","0","<50","N",NA,NA,NA,NA,NA,NA,NA,NA,NA,""
"614","PE","11","PE11","Larkins Pond",9,"PE11-09",46.41914,62.42758,"DAJ",2021,6,17,1,"PE11-09-01-DAJ","7:42",0,14,0,"1","SW","0","Y","SORA","Sora","0","0","0","A","0","0","0","0","0","0","0","A","0","<50","N",NA,NA,NA,NA,NA,NA,NA,NA,NA,""
"615","PE","11","PE11","Larkins Pond",9,"PE11-09",46.41914,62.42758,"DAJ",2021,6,17,1,"PE11-09-01-DAJ","7:42",0,14,0,"1","SW","0","Y","SORA","Sora","0","0","0","0","0","0","0","0","0","A","A","A","0",">100","N",NA,NA,NA,NA,NA,NA,NA,NA,NA,""
"616","PE","11","PE11","Larkins Pond",10,"PE11-10",46.41708,62.42673,"DAJ",2021,6,17,1,"PE11-10-01-DAJ","8:05",0,14,0,"3","SW","0","Y","SORA","Sora","0","0","0","0","0","A","A","0","A","A","A","0","0","50-100","Y",NA,NA,NA,NA,NA,NA,NA,NA,NA,""
"617","PE","11","PE11","Larkins Pond",10,"PE11-10",46.41708,62.42673,"DAJ",2021,6,17,1,"PE11-10-01-DAJ","8:05",0,14,0,"3","SW","0","Y","SORA","Sora","0","0","0","0","0","0","0","0","0","A","0","0","0","50-100","N",NA,NA,NA,NA,NA,NA,NA,NA,NA,""
"618","PE","11","PE11","Larkins Pond",10,"PE11-10",46.41708,62.42673,"DAJ",2021,6,17,1,"PE11-10-01-DAJ","8:05",0,14,0,"3","SW","0","Y","PBGR","Pied-billed Grebe","0","0","0","0","0","0","0","0","0","0","0","V","0","50-100","N",NA,NA,NA,NA,NA,NA,NA,NA,NA,""
"619","PE","11","PE11","Larkins Pond",2,"PE11-02",46.42938,62.41961,"DAJ",2021,7,14,2,"PE11-02-02-DAJ","5:33",6,15,0,"0/1","SW","0","Y","SORA","Sora","0","0","0","0","0","0","0","0","0","A","0","0","0","<50","N",NA,NA,NA,NA,NA,NA,NA,NA,NA,""
"620","PE","11","PE11","Larkins Pond",2,"PE11-02",46.42938,62.41961,"DAJ",2021,7,14,2,"PE11-02-02-DAJ","5:33",6,15,0,"0/1","SW","0","Y","PBGR","Pied-billed Grebe","0","0","0","0","0","0","A","A","A","A","AV","AV","0","<50","N",NA,NA,NA,NA,NA,NA,NA,NA,NA,""
"621","PE","11","PE11","Larkins Pond",2,"PE11-02",46.42938,62.41961,"DAJ",2021,7,14,2,"PE11-02-02-DAJ","5:33",6,15,0,"0/1","SW","0","Y","PBGR","Pied-billed Grebe","0","0","0","0","0","0","0","0","0","0","0","A","0",">100","N",NA,NA,NA,NA,NA,NA,NA,NA,NA,""
"622","PE","11","PE11","Larkins Pond",3,"PE11-03",46.42709,62.4187,"DAJ",2021,7,14,2,"PE11-03-02-DAJ","5:55",5,16,0,"0/1","SW","0","Y","PBGR","Pied-billed Grebe","0","0","0","0","0","0","0","0","0","0","0","A","0","50-100","N",NA,NA,NA,NA,NA,NA,NA,NA,NA,""
"623","PE","11","PE11","Larkins Pond",8,"PE11-08",46.42105,62.43096,"DAJ",2021,7,14,2,"PE11-08-02-DAJ","7:41",7,15,0,"1","SW","0","Y","PBGR","Pied-billed Grebe","0","0","0","0","0","A","0","0","0","0","0","0","0",">100","N",NA,NA,NA,NA,NA,NA,NA,NA,NA,""
"624","PE","11","PE11","Larkins Pond",8,"PE11-08",46.42105,62.43096,"DAJ",2021,7,14,2,"PE11-08-02-DAJ","7:41",7,15,0,"1","SW","0","Y","PBGR","Pied-billed Grebe","0","0","0","0","0","0","0","0","0","A","0","0","0",">100","N",NA,NA,NA,NA,NA,NA,NA,NA,NA,""
"625","PE","11","PE11","Larkins Pond",9,"PE11-09",46.41914,62.42758,"DAJ",2021,7,14,2,"PE11-09-02-DAJ","8:00",7,15,0,"1","SW","0","Y","SORA","Sora","0","0","0","0","0","0","0","0","0","A","0","0","0","<50","N",NA,NA,NA,NA,NA,NA,NA,NA,NA,""
"626","PE","11","PE11","Larkins Pond",10,"PE11-10",46.41708,62.42673,"DAJ",2021,7,14,2,"PE11-10-02-DAJ","8:22",7,15,0,"1","SW","0","Y","SORA","Sora","0","A","A","A","A","0","0","0","0","0","0","0","0","50-100","N",NA,NA,NA,NA,NA,NA,NA,NA,NA,""
"627","PE","11","PE11","Larkins Pond",10,"PE11-10",46.41708,62.42673,"DAJ",2021,7,14,2,"PE11-10-02-DAJ","8:22",7,15,0,"1","SW","0","Y","PBGR","Pied-billed Grebe","0","0","0","0","0","V","0","0","0","0","0","A","0","50-100","N",NA,NA,NA,NA,NA,NA,NA,NA,NA,""
"628","PE","11","PE11","Larkins Pond",10,"PE11-10",46.41708,62.42673,"DAJ",2021,7,14,2,"PE11-10-02-DAJ","8:22",7,15,0,"1","SW","0","Y","PBGR","Pied-billed Grebe","0","0","0","0","0","0","0","0","0","0","A","0","0",">100","N",NA,NA,NA,NA,NA,NA,NA,NA,NA,""
"629","","","","",2,"",NA,NA,"",NA,NA,NA,NA,"","",NA,NA,NA,"","","","","",NA,"","","","","","","","","","","","","","","",NA,NA,NA,NA,NA,NA,NA,NA,NA,""
"630","","","","",2,"",NA,NA,"",NA,NA,NA,NA,"","",NA,NA,NA,"","","","","",NA,"","","","","","","","","","","","","","","",NA,NA,NA,NA,NA,NA,NA,NA,NA,""
"631","NB","28","NB28","Beech Lake",10,"NB28-10",NA,NA,"LEB",2021,7,14,2,"NB28-10-02-LEB","8:28",8,NA,0,"3","S","1","Y","ABDU","American Black Duck",NA,NA,NA,NA,NA,NA,NA,NA,NA,NA,NA,NA,NA,NA,NA,"NB28-10-02-LEB-ABDU",1,0,0,1,"",NA,NA,"","Flushed"
"632","NB","28","NB28","Beech Lake",10,"NB28-10",NA,NA,"LEB",2021,7,14,2,"NB28-10-02-LEB","8:28",8,NA,0,"3","S","1","Y","YEWA","Northern Yellow Warbler",NA,NA,NA,NA,NA,NA,NA,NA,NA,NA,NA,NA,NA,NA,NA,"NB28-10-02-LEB-YEWA",2,3,2,3,"",NA,NA,"",""
"633","NB","28","NB28","Beech Lake",10,"NB28-10",NA,NA,"LEB",2021,7,14,2,"NB28-10-02-LEB","8:28",8,NA,0,"3","S","1","Y","SWSP","Swamp Sparrow",NA,NA,NA,NA,NA,NA,NA,NA,NA,NA,NA,NA,NA,NA,NA,"NB28-10-02-LEB-SWSP",1,0,1,1,"",NA,NA,"",""
"634","NB","28","NB28","Beech Lake",10,"NB28-10",NA,NA,"LEB",2021,7,14,2,"NB28-10-02-LEB","8:28",8,NA,0,"3","S","1","Y","ALFL","Alder Flycatcher",NA,NA,NA,NA,NA,NA,NA,NA,NA,NA,NA,NA,NA,NA,NA,"NB28-10-02-LEB-ALFL",1,1,0,1,"",NA,NA,"",""
"635","NB","28","NB28","Beech Lake",10,"NB28-10",NA,NA,"LEB",2021,7,14,2,"NB28-10-02-LEB","8:28",8,NA,0,"3","S","1","Y","SAVS","Savannah Sparrow",NA,NA,NA,NA,NA,NA,NA,NA,NA,NA,NA,NA,NA,NA,NA,"NB28-10-02-LEB-SAVS",1,0,1,1,"",NA,NA,"",""
"636","NB","28","NB28","Beech Lake",10,"NB28-10",NA,NA,"LEB",2021,7,14,2,"NB28-10-02-LEB","8:28",8,NA,0,"3","S","1","Y","BOBO","Bobolink",NA,NA,NA,NA,NA,NA,NA,NA,NA,NA,NA,NA,NA,NA,NA,"NB28-10-02-LEB-BOBO",0,4,0,4,"OF",NA,NA,"",""
"637","NB","28","NB28","Beech Lake",10,"NB28-10",NA,NA,"LEB",2021,7,14,2,"NB28-10-02-LEB","8:28",8,NA,0,"3","S","1","Y","SOSP","Song Sparrow",NA,NA,NA,NA,NA,NA,NA,NA,NA,NA,NA,NA,NA,NA,NA,"NB28-10-02-LEB-SOSP",0,1,0,1,"",NA,NA,"",""
"638","NB","28","NB28","Beech Lake",9,"NB28-09",NA,NA,"LEB",2021,7,14,2,"NB28-09-02-LEB","8:06",9,NA,0,"3","S","1","Y","COYE","Common Yellowthroat",NA,NA,NA,NA,NA,NA,NA,NA,NA,NA,NA,NA,NA,NA,NA,"NB28-09-02-LEB-COYE",1,1,0,1,"",NA,NA,"",""
"639","NB","28","NB28","Beech Lake",9,"NB28-09",NA,NA,"LEB",2021,7,14,2,"NB28-09-02-LEB","8:06",9,NA,0,"3","S","1","Y","SWSP","Swamp Sparrow",NA,NA,NA,NA,NA,NA,NA,NA,NA,NA,NA,NA,NA,NA,NA,"NB28-09-02-LEB-SWSP",3,3,4,4,"",NA,NA,"",""
"640","NB","28","NB28","Beech Lake",9,"NB28-09",NA,NA,"LEB",2021,7,14,2,"NB28-09-02-LEB","8:06",9,NA,0,"3","S","1","Y","YEWA","Northern Yellow Warbler",NA,NA,NA,NA,NA,NA,NA,NA,NA,NA,NA,NA,NA,NA,NA,"NB28-09-02-LEB-YEWA",1,1,1,1,"",NA,NA,"",""
"641","NB","28","NB28","Beech Lake",9,"NB28-09",NA,NA,"LEB",2021,7,14,2,"NB28-09-02-LEB","8:06",9,NA,0,"3","S","1","Y","BOBO","Bobolink",NA,NA,NA,NA,NA,NA,NA,NA,NA,NA,NA,NA,NA,NA,NA,"NB28-09-02-LEB-BOBO",16,16,0,16,"",NA,NA,"","10 female, 6 male"
"642","NB","28","NB28","Beech Lake",9,"NB28-09",NA,NA,"LEB",2021,7,14,2,"NB28-09-02-LEB","8:06",9,NA,0,"3","S","1","Y","SOSP","Song Sparrow",NA,NA,NA,NA,NA,NA,NA,NA,NA,NA,NA,NA,NA,NA,NA,"NB28-09-02-LEB-SOSP",2,2,2,2,"",NA,NA,"",""
"643","NB","28","NB28","Beech Lake",9,"NB28-09",NA,NA,"LEB",2021,7,14,2,"NB28-09-02-LEB","8:06",9,NA,0,"3","S","1","Y","RWBL","Red-winged Blackbird",NA,NA,NA,NA,NA,NA,NA,NA,NA,NA,NA,NA,NA,NA,NA,"NB28-09-02-LEB-RWBL",1,1,0,1,"OF",NA,NA,"",""
"644","NB","28","NB28","Beech Lake",9,"NB28-09",NA,NA,"LEB",2021,7,14,2,"NB28-09-02-LEB","8:06",9,NA,0,"3","S","1","Y","WISN","Wilson's Snipe",NA,NA,NA,NA,NA,NA,NA,NA,NA,NA,NA,NA,NA,NA,NA,"NB28-09-02-LEB-WISN",0,1,1,1,"OF",NA,NA,"","Display"
"645","NB","28","NB28","Beech Lake",9,"NB28-09",NA,NA,"LEB",2021,7,14,2,"NB28-09-02-LEB","8:06",9,NA,0,"3","S","1","Y","SAVS","Savannah Sparrow",NA,NA,NA,NA,NA,NA,NA,NA,NA,NA,NA,NA,NA,NA,NA,"NB28-09-02-LEB-SAVS",0,0,1,1,"",NA,NA,"",""
"646","NB","28","NB28","Beech Lake",9,"NB28-09",NA,NA,"LEB",2021,7,14,2,"NB28-09-02-LEB","8:06",9,NA,0,"3","S","1","Y","ALFL","Alder Flycatcher",NA,NA,NA,NA,NA,NA,NA,NA,NA,NA,NA,NA,NA,NA,NA,"NB28-09-02-LEB-ALFL",0,0,1,1,"",NA,NA,"",""
"647","NB","28","NB28","Beech Lake",8,"NB28-08",NA,NA,"LEB",2021,7,14,2,"NB28-08-02-LEB","7:44",8,NA,0,"3","S","1","Y","MALL","Mallard",NA,NA,NA,NA,NA,NA,NA,NA,NA,NA,NA,NA,NA,NA,NA,"NB28-08-02-LEB-MALL",2,0,0,2,"",2,NA,"","Flushed"
"648","NB","28","NB28","Beech Lake",8,"NB28-08",NA,NA,"LEB",2021,7,14,2,"NB28-08-02-LEB","7:44",8,NA,0,"3","S","1","Y","SWSP","Swamp Sparrow",NA,NA,NA,NA,NA,NA,NA,NA,NA,NA,NA,NA,NA,NA,NA,"NB28-08-02-LEB-SWSP",1,1,2,2,"",NA,NA,"",""
"649","NB","28","NB28","Beech Lake",8,"NB28-08",NA,NA,"LEB",2021,7,14,2,"NB28-08-02-LEB","7:44",8,NA,0,"3","S","1","Y","WODU","Wood Duck",NA,NA,NA,NA,NA,NA,NA,NA,NA,NA,NA,NA,NA,NA,NA,"NB28-08-02-LEB-WODU",1,0,0,1,"",NA,1,"","Flushed"
"650","NB","28","NB28","Beech Lake",8,"NB28-08",NA,NA,"LEB",2021,7,14,2,"NB28-08-02-LEB","7:44",8,NA,0,"3","S","1","Y","COYE","Common Yellowthroat",NA,NA,NA,NA,NA,NA,NA,NA,NA,NA,NA,NA,NA,NA,NA,"NB28-08-02-LEB-COYE",2,1,1,2,"",NA,NA,"",""
"651","NB","28","NB28","Beech Lake",8,"NB28-08",NA,NA,"LEB",2021,7,14,2,"NB28-08-02-LEB","7:44",8,NA,0,"3","S","1","Y","SOSP","Song Sparrow",NA,NA,NA,NA,NA,NA,NA,NA,NA,NA,NA,NA,NA,NA,NA,"NB28-08-02-LEB-SOSP",1,3,3,3,"",NA,NA,"",""
"652","NB","28","NB28","Beech Lake",8,"NB28-08",NA,NA,"LEB",2021,7,14,2,"NB28-08-02-LEB","7:44",8,NA,0,"3","S","1","Y","TRES","Tree Swallow",NA,NA,NA,NA,NA,NA,NA,NA,NA,NA,NA,NA,NA,NA,NA,"NB28-08-02-LEB-TRES",0,1,0,1,"OF",NA,NA,"",""
"653","NB","28","NB28","Beech Lake",8,"NB28-08",NA,NA,"LEB",2021,7,14,2,"NB28-08-02-LEB","7:44",8,NA,0,"3","S","1","Y","AMWI","American Wigeon",NA,NA,NA,NA,NA,NA,NA,NA,NA,NA,NA,NA,NA,NA,NA,"NB28-08-02-LEB-AMWI",0,1,0,1,"OF",NA,1,"",""
"654","NB","28","NB28","Beech Lake",8,"NB28-08",NA,NA,"LEB",2021,7,14,2,"NB28-08-02-LEB","7:44",8,NA,0,"3","S","1","Y","BOBO","Bobolink",NA,NA,NA,NA,NA,NA,NA,NA,NA,NA,NA,NA,NA,NA,NA,"NB28-08-02-LEB-BOBO",0,1,0,1,"",NA,NA,"",""
"655","NB","28","NB28","Beech Lake",8,"NB28-08",NA,NA,"LEB",2021,7,14,2,"NB28-08-02-LEB","7:44",8,NA,0,"3","S","1","Y","RWBL","Red-winged Blackbird",NA,NA,NA,NA,NA,NA,NA,NA,NA,NA,NA,NA,NA,NA,NA,"NB28-08-02-LEB-RWBL",0,1,1,1,"",NA,NA,"",""
"656","NB","28","NB28","Beech Lake",8,"NB28-08",NA,NA,"LEB",2021,7,14,2,"NB28-08-02-LEB","7:44",8,NA,0,"3","S","1","Y","YEWA","Northern Yellow Warbler",NA,NA,NA,NA,NA,NA,NA,NA,NA,NA,NA,NA,NA,NA,NA,"NB28-08-02-LEB-YEWA",0,2,1,2,"",NA,NA,"",""
"657","NB","28","NB28","Beech Lake",7,"NB28-07",NA,NA,"LEB",2021,7,14,2,"NB28-07-02-LEB","7:22",8,NA,0,"1","SE","1","Y","SWSP","Swamp Sparrow",NA,NA,NA,NA,NA,NA,NA,NA,NA,NA,NA,NA,NA,NA,NA,"NB28-07-02-LEB-SWSP",4,4,4,4,"",NA,NA,"",""
"658","NB","28","NB28","Beech Lake",7,"NB28-07",NA,NA,"LEB",2021,7,14,2,"NB28-07-02-LEB","7:22",8,NA,0,"1","SE","1","Y","COYE","Common Yellowthroat",NA,NA,NA,NA,NA,NA,NA,NA,NA,NA,NA,NA,NA,NA,NA,"NB28-07-02-LEB-COYE",2,2,1,2,"",NA,NA,"",""
"659","NB","28","NB28","Beech Lake",7,"NB28-07",NA,NA,"LEB",2021,7,14,2,"NB28-07-02-LEB","7:22",8,NA,0,"1","SE","1","Y","YEWA","Northern Yellow Warbler",NA,NA,NA,NA,NA,NA,NA,NA,NA,NA,NA,NA,NA,NA,NA,"NB28-07-02-LEB-YEWA",2,2,1,2,"",NA,NA,"",""
"660","NB","28","NB28","Beech Lake",7,"NB28-07",NA,NA,"LEB",2021,7,14,2,"NB28-07-02-LEB","7:22",8,NA,0,"1","SE","1","Y","SOSP","Song Sparrow",NA,NA,NA,NA,NA,NA,NA,NA,NA,NA,NA,NA,NA,NA,NA,"NB28-07-02-LEB-SOSP",1,1,2,2,"",NA,NA,"",""
"661","NB","28","NB28","Beech Lake",7,"NB28-07",NA,NA,"LEB",2021,7,14,2,"NB28-07-02-LEB","7:22",8,NA,0,"1","SE","1","Y","WODU","Wood Duck",NA,NA,NA,NA,NA,NA,NA,NA,NA,NA,NA,NA,NA,NA,NA,"NB28-07-02-LEB-WODU",1,0,0,1,"",NA,NA,"","Unsure"
"662","NB","28","NB28","Beech Lake",7,"NB28-07",NA,NA,"LEB",2021,7,14,2,"NB28-07-02-LEB","7:22",8,NA,0,"1","SE","1","Y","RWBL","Red-winged Blackbird",NA,NA,NA,NA,NA,NA,NA,NA,NA,NA,NA,NA,NA,NA,NA,"NB28-07-02-LEB-RWBL",2,0,1,2,"",NA,NA,"",""
"663","NB","28","NB28","Beech Lake",7,"NB28-07",NA,NA,"LEB",2021,7,14,2,"NB28-07-02-LEB","7:22",8,NA,0,"1","SE","1","Y","ALFL","Alder Flycatcher",NA,NA,NA,NA,NA,NA,NA,NA,NA,NA,NA,NA,NA,NA,NA,"NB28-07-02-LEB-ALFL",2,2,1,2,"",NA,NA,"",""
"664","NB","28","NB28","Beech Lake",7,"NB28-07",NA,NA,"LEB",2021,7,14,2,"NB28-07-02-LEB","7:22",8,NA,0,"1","SE","1","Y","GWTE","Green-winged Teal",NA,NA,NA,NA,NA,NA,NA,NA,NA,NA,NA,NA,NA,NA,NA,"NB28-07-02-LEB-GWTE",0,1,0,1,"",NA,NA,"","Unsure"
"665","NB","28","NB28","Beech Lake",7,"NB28-07",NA,NA,"LEB",2021,7,14,2,"NB28-07-02-LEB","7:22",8,NA,0,"1","SE","1","Y","COGO","Common Goldeneye",NA,NA,NA,NA,NA,NA,NA,NA,NA,NA,NA,NA,NA,NA,NA,"NB28-07-02-LEB-COGO",0,0,5,5,"",NA,NA,"","Unsure"
"666","NB","28","NB28","Beech Lake",7,"NB28-07",NA,NA,"LEB",2021,7,14,2,"NB28-07-02-LEB","7:22",8,NA,0,"1","SE","1","Y","AMWI","American Wigeon",NA,NA,NA,NA,NA,NA,NA,NA,NA,NA,NA,NA,NA,NA,NA,"NB28-07-02-LEB-AMWI",0,0,2,2,"",1,1,"",""
"667","NB","28","NB28","Beech Lake",7,"NB28-07",NA,NA,"LEB",2021,7,14,2,"NB28-07-02-LEB","7:22",8,NA,0,"1","SE","1","Y","CEDW","Cedar Waxwing",NA,NA,NA,NA,NA,NA,NA,NA,NA,NA,NA,NA,NA,NA,NA,"NB28-07-02-LEB-CEDW",0,0,1,1,"",NA,NA,"",""
"668","NB","28","NB28","Beech Lake",6,"NB28-06",NA,NA,"LEB",2021,7,14,2,"NB28-06-02-LEB","7:00",7,NA,0,"0",NA,"1","Y","COYE","Common Yellowthroat",NA,NA,NA,NA,NA,NA,NA,NA,NA,NA,NA,NA,NA,NA,NA,"NB28-06-02-LEB-COYE",3,2,1,3,"",NA,NA,"",""
"669","NB","28","NB28","Beech Lake",6,"NB28-06",NA,NA,"LEB",2021,7,14,2,"NB28-06-02-LEB","7:00",7,NA,0,"0",NA,"1","Y","ALFL","Alder Flycatcher",NA,NA,NA,NA,NA,NA,NA,NA,NA,NA,NA,NA,NA,NA,NA,"NB28-06-02-LEB-ALFL",2,0,0,2,"",NA,NA,"",""
"670","NB","28","NB28","Beech Lake",6,"NB28-06",NA,NA,"LEB",2021,7,14,2,"NB28-06-02-LEB","7:00",7,NA,0,"0",NA,"1","Y","SWSP","Swamp Sparrow",NA,NA,NA,NA,NA,NA,NA,NA,NA,NA,NA,NA,NA,NA,NA,"NB28-06-02-LEB-SWSP",3,2,2,3,"",NA,NA,"",""
"671","NB","28","NB28","Beech Lake",6,"NB28-06",NA,NA,"LEB",2021,7,14,2,"NB28-06-02-LEB","7:00",7,NA,0,"0",NA,"1","Y","TRES","Tree Swallow",NA,NA,NA,NA,NA,NA,NA,NA,NA,NA,NA,NA,NA,NA,NA,"NB28-06-02-LEB-TRES",1,0,0,1,"AF",NA,NA,"",""
"672","NB","28","NB28","Beech Lake",6,"NB28-06",NA,NA,"LEB",2021,7,14,2,"NB28-06-02-LEB","7:00",7,NA,0,"0",NA,"1","Y","RTHU","Ruby-throated Hummingbird",NA,NA,NA,NA,NA,NA,NA,NA,NA,NA,NA,NA,NA,NA,NA,"NB28-06-02-LEB-RTHU",0,1,0,1,"OF",NA,NA,"",""
"673","NB","28","NB28","Beech Lake",6,"NB28-06",NA,NA,"LEB",2021,7,14,2,"NB28-06-02-LEB","7:00",7,NA,0,"0",NA,"1","Y","SOSP","Song Sparrow",NA,NA,NA,NA,NA,NA,NA,NA,NA,NA,NA,NA,NA,NA,NA,"NB28-06-02-LEB-SOSP",0,1,0,1,"",NA,NA,"",""
"674","NB","28","NB28","Beech Lake",6,"NB28-06",NA,NA,"LEB",2021,7,14,2,"NB28-06-02-LEB","7:00",7,NA,0,"0",NA,"1","Y","YEWA","Northern Yellow Warbler",NA,NA,NA,NA,NA,NA,NA,NA,NA,NA,NA,NA,NA,NA,NA,"NB28-06-02-LEB-YEWA",0,0,2,2,"",NA,NA,"",""
"675","NB","28","NB28","Beech Lake",6,"NB28-06",NA,NA,"LEB",2021,7,14,2,"NB28-06-02-LEB","7:00",7,NA,0,"0",NA,"1","Y","CEDW","Cedar Waxwing",NA,NA,NA,NA,NA,NA,NA,NA,NA,NA,NA,NA,NA,NA,NA,"NB28-06-02-LEB-CEDW",0,0,3,3,"OF",NA,NA,"",""
"676","NB","28","NB28","Beech Lake",6,"NB28-06",NA,NA,"LEB",2021,7,14,2,"NB28-06-02-LEB","7:00",7,NA,0,"0",NA,"1","Y","BWTE","Blue-winged Teal",NA,NA,NA,NA,NA,NA,NA,NA,NA,NA,NA,NA,NA,NA,NA,"NB28-06-02-LEB-BWTE",0,0,1,1,"OF",1,NA,"",""
"677","NB","28","NB28","Beech Lake",5,"NB28-05",NA,NA,"LEB",2021,7,14,2,"NB28-05-02-LEB","6:37",8,NA,0,"1","SE","1","Y","YEWA","Northern Yellow Warbler",NA,NA,NA,NA,NA,NA,NA,NA,NA,NA,NA,NA,NA,NA,NA,"NB28-05-02-LEB-YEWA",1,0,1,1,"",NA,NA,"",""
"678","NB","28","NB28","Beech Lake",5,"NB28-05",NA,NA,"LEB",2021,7,14,2,"NB28-05-02-LEB","6:37",8,NA,0,"1","SE","1","Y","SWSP","Swamp Sparrow",NA,NA,NA,NA,NA,NA,NA,NA,NA,NA,NA,NA,NA,NA,NA,"NB28-05-02-LEB-SWSP",3,2,2,3,"",NA,NA,"",""
"679","NB","28","NB28","Beech Lake",5,"NB28-05",NA,NA,"LEB",2021,7,14,2,"NB28-05-02-LEB","6:37",8,NA,0,"1","SE","1","Y","COYE","Common Yellowthroat",NA,NA,NA,NA,NA,NA,NA,NA,NA,NA,NA,NA,NA,NA,NA,"NB28-05-02-LEB-COYE",3,2,2,3,"",NA,NA,"",""
"680","NB","28","NB28","Beech Lake",5,"NB28-05",NA,NA,"LEB",2021,7,14,2,"NB28-05-02-LEB","6:37",8,NA,0,"1","SE","1","Y","BARS","Barn Swallow",NA,NA,NA,NA,NA,NA,NA,NA,NA,NA,NA,NA,NA,NA,NA,"NB28-05-02-LEB-BARS",6,3,2,6,"AF",NA,NA,"",""
"681","NB","28","NB28","Beech Lake",5,"NB28-05",NA,NA,"LEB",2021,7,14,2,"NB28-05-02-LEB","6:37",8,NA,0,"1","SE","1","Y","CEDW","Cedar Waxwing",NA,NA,NA,NA,NA,NA,NA,NA,NA,NA,NA,NA,NA,NA,NA,"NB28-05-02-LEB-CEDW",2,1,1,2,"",NA,NA,"",""
"682","NB","28","NB28","Beech Lake",5,"NB28-05",NA,NA,"LEB",2021,7,14,2,"NB28-05-02-LEB","6:37",8,NA,0,"1","SE","1","Y","SAVS","Savannah Sparrow",NA,NA,NA,NA,NA,NA,NA,NA,NA,NA,NA,NA,NA,NA,NA,"NB28-05-02-LEB-SAVS",1,1,0,1,"",NA,NA,"",""
"683","NB","28","NB28","Beech Lake",5,"NB28-05",NA,NA,"LEB",2021,7,14,2,"NB28-05-02-LEB","6:37",8,NA,0,"1","SE","1","Y","CEDW","Cedar Waxwing",NA,NA,NA,NA,NA,NA,NA,NA,NA,NA,NA,NA,NA,NA,NA,"NB28-05-02-LEB-CEDW",0,1,1,1,"OF",NA,NA,"",""
"684","NB","28","NB28","Beech Lake",5,"NB28-05",NA,NA,"LEB",2021,7,14,2,"NB28-05-02-LEB","6:37",8,NA,0,"1","SE","1","Y","SOSP","Song Sparrow",NA,NA,NA,NA,NA,NA,NA,NA,NA,NA,NA,NA,NA,NA,NA,"NB28-05-02-LEB-SOSP",0,1,1,1,"",NA,NA,"",""
"685","NB","28","NB28","Beech Lake",5,"NB28-05",NA,NA,"LEB",2021,7,14,2,"NB28-05-02-LEB","6:37",8,NA,0,"1","SE","1","Y","RTHU","Ruby-throated Hummingbird",NA,NA,NA,NA,NA,NA,NA,NA,NA,NA,NA,NA,NA,NA,NA,"NB28-05-02-LEB-RTHU",0,0,1,1,"",NA,NA,"",""
"686","NB","28","NB28","Beech Lake",4,"NB28-04",NA,NA,"LEB",2021,7,14,2,"NB28-04-02-LEB","6:14",8,NA,0,"0",NA,"1","Y","COYE","Common Yellowthroat",NA,NA,NA,NA,NA,NA,NA,NA,NA,NA,NA,NA,NA,NA,NA,"NB28-04-02-LEB-COYE",4,3,3,4,"",NA,NA,"",""
"687","NB","28","NB28","Beech Lake",4,"NB28-04",NA,NA,"LEB",2021,7,14,2,"NB28-04-02-LEB","6:14",8,NA,0,"0",NA,"1","Y","SWSP","Swamp Sparrow",NA,NA,NA,NA,NA,NA,NA,NA,NA,NA,NA,NA,NA,NA,NA,"NB28-04-02-LEB-SWSP",3,3,2,3,"",NA,NA,"",""
"688","NB","28","NB28","Beech Lake",4,"NB28-04",NA,NA,"LEB",2021,7,14,2,"NB28-04-02-LEB","6:14",8,NA,0,"0",NA,"1","Y","GWTE","Green-winged Teal",NA,NA,NA,NA,NA,NA,NA,NA,NA,NA,NA,NA,NA,NA,NA,"NB28-04-02-LEB-GWTE",2,0,0,2,"",NA,NA,"2","Flushed"
"689","NB","28","NB28","Beech Lake",4,"NB28-04",NA,NA,"LEB",2021,7,14,2,"NB28-04-02-LEB","6:14",8,NA,0,"0",NA,"1","Y","MALL","Mallard",NA,NA,NA,NA,NA,NA,NA,NA,NA,NA,NA,NA,NA,NA,NA,"NB28-04-02-LEB-MALL",6,0,0,6,"",NA,1,"5","Flushed"
"690","NB","28","NB28","Beech Lake",4,"NB28-04",NA,NA,"LEB",2021,7,14,2,"NB28-04-02-LEB","6:14",8,NA,0,"0",NA,"1","Y","AMRE","American Redstart",NA,NA,NA,NA,NA,NA,NA,NA,NA,NA,NA,NA,NA,NA,NA,"NB28-04-02-LEB-AMRE",1,0,0,1,"",NA,NA,"",""
"691","NB","28","NB28","Beech Lake",4,"NB28-04",NA,NA,"LEB",2021,7,14,2,"NB28-04-02-LEB","6:14",8,NA,0,"0",NA,"1","Y","BARS","Barn Swallow",NA,NA,NA,NA,NA,NA,NA,NA,NA,NA,NA,NA,NA,NA,NA,"NB28-04-02-LEB-BARS",1,0,0,1,"OF",NA,NA,"",""
"692","NB","28","NB28","Beech Lake",4,"NB28-04",NA,NA,"LEB",2021,7,14,2,"NB28-04-02-LEB","6:14",8,NA,0,"0",NA,"1","Y","YEWA","Northern Yellow Warbler",NA,NA,NA,NA,NA,NA,NA,NA,NA,NA,NA,NA,NA,NA,NA,"NB28-04-02-LEB-YEWA",2,2,1,2,"",NA,NA,"",""
"693","NB","28","NB28","Beech Lake",4,"NB28-04",NA,NA,"LEB",2021,7,14,2,"NB28-04-02-LEB","6:14",8,NA,0,"0",NA,"1","Y","ALFL","Alder Flycatcher",NA,NA,NA,NA,NA,NA,NA,NA,NA,NA,NA,NA,NA,NA,NA,"NB28-04-02-LEB-ALFL",0,2,1,2,"",NA,NA,"",""
"694","NB","28","NB28","Beech Lake",4,"NB28-04",NA,NA,"LEB",2021,7,14,2,"NB28-04-02-LEB","6:14",8,NA,0,"0",NA,"1","Y","SOSP","Song Sparrow",NA,NA,NA,NA,NA,NA,NA,NA,NA,NA,NA,NA,NA,NA,NA,"NB28-04-02-LEB-SOSP",0,1,0,1,"",NA,NA,"",""
"695","NB","28","NB28","Beech Lake",4,"NB28-04",NA,NA,"LEB",2021,7,14,2,"NB28-04-02-LEB","6:14",8,NA,0,"0",NA,"1","Y","CEDW","Cedar Waxwing",NA,NA,NA,NA,NA,NA,NA,NA,NA,NA,NA,NA,NA,NA,NA,"NB28-04-02-LEB-CEDW",0,2,0,2,"",NA,NA,"",""
"696","NB","28","NB28","Beech Lake",4,"NB28-04",NA,NA,"LEB",2021,7,14,2,"NB28-04-02-LEB","6:14",8,NA,0,"0",NA,"1","Y","CEDW","Cedar Waxwing",NA,NA,NA,NA,NA,NA,NA,NA,NA,NA,NA,NA,NA,NA,NA,"NB28-04-02-LEB-CEDW",0,0,3,3,"OF",NA,NA,"",""
"697","NB","28","NB28","Beech Lake",4,"NB28-04",NA,NA,"LEB",2021,7,14,2,"NB28-04-02-LEB","6:14",8,NA,0,"0",NA,"1","Y","PAWA","Palm Warbler",NA,NA,NA,NA,NA,NA,NA,NA,NA,NA,NA,NA,NA,NA,NA,"NB28-04-02-LEB-PAWA",0,0,1,1,"",NA,NA,"",""
"698","NB","28","NB28","Beech Lake",3,"NB28-03",NA,NA,"LEB",2021,7,14,2,"NB28-03-02-LEB","5:52",8,NA,0,"1","SE","0","Y","SWSP","Swamp Sparrow",NA,NA,NA,NA,NA,NA,NA,NA,NA,NA,NA,NA,NA,NA,NA,"NB28-03-02-LEB-SWSP",3,2,2,3,"",NA,NA,"",""
"699","NB","28","NB28","Beech Lake",3,"NB28-03",NA,NA,"LEB",2021,7,14,2,"NB28-03-02-LEB","5:52",8,NA,0,"1","SE","0","Y","SOSP","Song Sparrow",NA,NA,NA,NA,NA,NA,NA,NA,NA,NA,NA,NA,NA,NA,NA,"NB28-03-02-LEB-SOSP",1,0,0,1,"",NA,NA,"",""
"700","NB","28","NB28","Beech Lake",3,"NB28-03",NA,NA,"LEB",2021,7,14,2,"NB28-03-02-LEB","5:52",8,NA,0,"1","SE","0","Y","YEWA","Northern Yellow Warbler",NA,NA,NA,NA,NA,NA,NA,NA,NA,NA,NA,NA,NA,NA,NA,"NB28-03-02-LEB-YEWA",1,0,0,1,"",NA,NA,"",""
"701","NB","28","NB28","Beech Lake",3,"NB28-03",NA,NA,"LEB",2021,7,14,2,"NB28-03-02-LEB","5:52",8,NA,0,"1","SE","0","Y","COYE","Common Yellowthroat",NA,NA,NA,NA,NA,NA,NA,NA,NA,NA,NA,NA,NA,NA,NA,"NB28-03-02-LEB-COYE",1,0,0,1,"",NA,NA,"",""
"702","NB","28","NB28","Beech Lake",3,"NB28-03",NA,NA,"LEB",2021,7,14,2,"NB28-03-02-LEB","5:52",8,NA,0,"1","SE","0","Y","WODU","Wood Duck",NA,NA,NA,NA,NA,NA,NA,NA,NA,NA,NA,NA,NA,NA,NA,"NB28-03-02-LEB-WODU",1,0,0,1,"OF",NA,1,"",""
"703","NB","28","NB28","Beech Lake",3,"NB28-03",NA,NA,"LEB",2021,7,14,2,"NB28-03-02-LEB","5:52",8,NA,0,"1","SE","0","Y","BARS","Barn Swallow",NA,NA,NA,NA,NA,NA,NA,NA,NA,NA,NA,NA,NA,NA,NA,"NB28-03-02-LEB-BARS",0,0,1,1,"AF",NA,NA,"",""
"704","NB","28","NB28","Beech Lake",1,"NB28-01",NA,NA,"LEB",2021,7,14,2,"NB28-01-02-LEB","5:23",8,NA,0,"2","SE","0","Y","SOSP","Song Sparrow",NA,NA,NA,NA,NA,NA,NA,NA,NA,NA,NA,NA,NA,NA,NA,"NB28-01-02-LEB-SOSP",1,2,2,2,"",NA,NA,"",""
"705","NB","28","NB28","Beech Lake",1,"NB28-01",NA,NA,"LEB",2021,7,14,2,"NB28-01-02-LEB","5:23",8,NA,0,"2","SE","0","Y","COYE","Common Yellowthroat",NA,NA,NA,NA,NA,NA,NA,NA,NA,NA,NA,NA,NA,NA,NA,"NB28-01-02-LEB-COYE",2,2,1,2,"",NA,NA,"",""
"706","NB","28","NB28","Beech Lake",1,"NB28-01",NA,NA,"LEB",2021,7,14,2,"NB28-01-02-LEB","5:23",8,NA,0,"2","SE","0","Y","SWSP","Swamp Sparrow",NA,NA,NA,NA,NA,NA,NA,NA,NA,NA,NA,NA,NA,NA,NA,"NB28-01-02-LEB-SWSP",3,2,2,3,"",NA,NA,"",""
"707","NB","28","NB28","Beech Lake",1,"NB28-01",NA,NA,"LEB",2021,7,14,2,"NB28-01-02-LEB","5:23",8,NA,0,"2","SE","0","Y","YEWA","Northern Yellow Warbler",NA,NA,NA,NA,NA,NA,NA,NA,NA,NA,NA,NA,NA,NA,NA,"NB28-01-02-LEB-YEWA",1,2,2,2,"",NA,NA,"",""
"708","NB","28","NB28","Beech Lake",1,"NB28-01",NA,NA,"LEB",2021,7,14,2,"NB28-01-02-LEB","5:23",8,NA,0,"2","SE","0","Y","BWTE","Blue-winged Teal",NA,NA,NA,NA,NA,NA,NA,NA,NA,NA,NA,NA,NA,NA,NA,"NB28-01-02-LEB-BWTE",0,2,0,2,"",1,1,"",""
"709","NB","28","NB28","Beech Lake",1,"NB28-01",NA,NA,"LEB",2021,7,14,2,"NB28-01-02-LEB","5:23",8,NA,0,"2","SE","0","Y","ALFL","Alder Flycatcher",NA,NA,NA,NA,NA,NA,NA,NA,NA,NA,NA,NA,NA,NA,NA,"NB28-01-02-LEB-ALFL",0,1,0,1,"",NA,NA,"",""
"710","NB","28","NB28","Beech Lake",1,"NB28-01",NA,NA,"LEB",2021,7,14,2,"NB28-01-02-LEB","5:23",8,NA,0,"2","SE","0","Y","MALL","Mallard",NA,NA,NA,NA,NA,NA,NA,NA,NA,NA,NA,NA,NA,NA,NA,"NB28-01-02-LEB-MALL",0,0,1,1,"",NA,1,"",""
"711","NB","28","NB28","Beech Lake",1,"NB28-01",NA,NA,"LEB",2021,7,14,2,"NB28-01-02-LEB","5:23",8,NA,0,"2","SE","0","Y","WODU","Wood Duck",NA,NA,NA,NA,NA,NA,NA,NA,NA,NA,NA,NA,NA,NA,NA,"NB28-01-02-LEB-WODU",0,0,1,1,"",NA,NA,"","Unsure"
"712","NB","28","NB28","Beech Lake",1,"NB28-01",NA,NA,"LEB",2021,7,14,2,"NB28-01-02-LEB","5:23",8,NA,0,"2","SE","0","Y","RWBL","Red-winged Blackbird",NA,NA,NA,NA,NA,NA,NA,NA,NA,NA,NA,NA,NA,NA,NA,"NB28-01-02-LEB-RWBL",0,0,1,1,"",NA,1,"",""
"713","NB","37","NB37","Westcock",1,"NB37-01",NA,NA,"KIO",2021,6,9,1,"NB37-01-01-KIO","5:00",6,NA,0,"1","W","1","Y","SOSP","Song Sparrow",NA,NA,NA,NA,NA,NA,NA,NA,NA,NA,NA,NA,NA,NA,NA,"NB37-01-01-KIO-SOSP",1,1,1,1,"",NA,NA,"",""
"714","NB","37","NB37","Westcock",1,"NB37-01",NA,NA,"KIO",2021,6,9,1,"NB37-01-01-KIO","5:00",6,NA,0,"1","W","1","Y","AMCR","American Crow",NA,NA,NA,NA,NA,NA,NA,NA,NA,NA,NA,NA,NA,NA,NA,"NB37-01-01-KIO-AMCR",1,2,3,3,"",NA,NA,"",""
"715","NB","37","NB37","Westcock",1,"NB37-01",NA,NA,"KIO",2021,6,9,1,"NB37-01-01-KIO","5:00",6,NA,0,"1","W","1","Y","YEWA","Northern Yellow Warbler",NA,NA,NA,NA,NA,NA,NA,NA,NA,NA,NA,NA,NA,NA,NA,"NB37-01-01-KIO-YEWA",1,0,0,1,"",NA,NA,"",""
"716","NB","37","NB37","Westcock",1,"NB37-01",NA,NA,"KIO",2021,6,9,1,"NB37-01-01-KIO","5:00",6,NA,0,"1","W","1","Y","NSHO","Northern Shoveler",NA,NA,NA,NA,NA,NA,NA,NA,NA,NA,NA,NA,NA,NA,NA,"NB37-01-01-KIO-NSHO",2,2,2,2,"",NA,NA,"",""
"717","NB","37","NB37","Westcock",1,"NB37-01",NA,NA,"KIO",2021,6,9,1,"NB37-01-01-KIO","5:00",6,NA,0,"1","W","1","Y","SAVS","Savannah Sparrow",NA,NA,NA,NA,NA,NA,NA,NA,NA,NA,NA,NA,NA,NA,NA,"NB37-01-01-KIO-SAVS",2,2,4,4,"",NA,NA,"",""
"718","NB","37","NB37","Westcock",1,"NB37-01",NA,NA,"KIO",2021,6,9,1,"NB37-01-01-KIO","5:00",6,NA,0,"1","W","1","Y","ALFL","Alder Flycatcher",NA,NA,NA,NA,NA,NA,NA,NA,NA,NA,NA,NA,NA,NA,NA,"NB37-01-01-KIO-ALFL",1,0,0,1,"",NA,NA,"",""
"719","NB","37","NB37","Westcock",1,"NB37-01",NA,NA,"KIO",2021,6,9,1,"NB37-01-01-KIO","5:00",6,NA,0,"1","W","1","Y","Gull sp.",NA,NA,NA,NA,NA,NA,NA,NA,NA,NA,NA,NA,NA,NA,NA,NA,"NB37-01-01-KIO-Gull sp.",1,0,0,1,"OF",NA,NA,"",""
"720","NB","37","NB37","Westcock",1,"NB37-01",NA,NA,"KIO",2021,6,9,1,"NB37-01-01-KIO","5:00",6,NA,0,"1","W","1","Y","GRYE","Greater Yellowlegs",NA,NA,NA,NA,NA,NA,NA,NA,NA,NA,NA,NA,NA,NA,NA,"NB37-01-01-KIO-GRYE",0,1,0,1,"",NA,NA,"",""
"721","NB","37","NB37","Westcock",2,"NB37-02",NA,NA,"KIO",2021,6,9,1,"NB37-02-01-KIO","5:28",6,NA,0,"1","W","1","Y","AMCR","American Crow",NA,NA,NA,NA,NA,NA,NA,NA,NA,NA,NA,NA,NA,NA,NA,"NB37-02-01-KIO-AMCR",3,2,1,3,"",NA,NA,"",""
"722","NB","37","NB37","Westcock",2,"NB37-02",NA,NA,"KIO",2021,6,9,1,"NB37-02-01-KIO","5:28",6,NA,0,"1","W","1","Y","BOBO","Bobolink",NA,NA,NA,NA,NA,NA,NA,NA,NA,NA,NA,NA,NA,NA,NA,"NB37-02-01-KIO-BOBO",2,1,1,2,"",NA,NA,"",""
"723","NB","37","NB37","Westcock",2,"NB37-02",NA,NA,"KIO",2021,6,9,1,"NB37-02-01-KIO","5:28",6,NA,0,"1","W","1","Y","SAVS","Savannah Sparrow",NA,NA,NA,NA,NA,NA,NA,NA,NA,NA,NA,NA,NA,NA,NA,"NB37-02-01-KIO-SAVS",2,3,1,3,"",NA,NA,"",""
"724","NB","37","NB37","Westcock",2,"NB37-02",NA,NA,"KIO",2021,6,9,1,"NB37-02-01-KIO","5:28",6,NA,0,"1","W","1","Y","AMRO","American Robin",NA,NA,NA,NA,NA,NA,NA,NA,NA,NA,NA,NA,NA,NA,NA,"NB37-02-01-KIO-AMRO",1,1,0,1,"",NA,NA,"",""
"725","NB","37","NB37","Westcock",2,"NB37-02",NA,NA,"KIO",2021,6,9,1,"NB37-02-01-KIO","5:28",6,NA,0,"1","W","1","Y","SOSP","Song Sparrow",NA,NA,NA,NA,NA,NA,NA,NA,NA,NA,NA,NA,NA,NA,NA,"NB37-02-01-KIO-SOSP",0,0,1,1,"",NA,NA,"",""
"726","NB","37","NB37","Westcock",3,"NB37-03",NA,NA,"KIO",2021,6,9,1,"NB37-03-01-KIO","5:50",10,NA,0,"0",NA,"1","Y","BOBO","Bobolink",NA,NA,NA,NA,NA,NA,NA,NA,NA,NA,NA,NA,NA,NA,NA,"NB37-03-01-KIO-BOBO",1,1,1,1,"",NA,NA,"",""
"727","NB","37","NB37","Westcock",3,"NB37-03",NA,NA,"KIO",2021,6,9,1,"NB37-03-01-KIO","5:50",10,NA,0,"0",NA,"1","Y","SAVS","Savannah Sparrow",NA,NA,NA,NA,NA,NA,NA,NA,NA,NA,NA,NA,NA,NA,NA,"NB37-03-01-KIO-SAVS",1,1,1,1,"",NA,NA,"",""
"728","NB","37","NB37","Westcock",3,"NB37-03",NA,NA,"KIO",2021,6,9,1,"NB37-03-01-KIO","5:50",10,NA,0,"0",NA,"1","Y","AMCR","American Crow",NA,NA,NA,NA,NA,NA,NA,NA,NA,NA,NA,NA,NA,NA,NA,"NB37-03-01-KIO-AMCR",2,2,1,2,"",NA,NA,"",""
"729","NB","37","NB37","Westcock",3,"NB37-03",NA,NA,"KIO",2021,6,9,1,"NB37-03-01-KIO","5:50",10,NA,0,"0",NA,"1","Y","CANG","Canada Goose",NA,NA,NA,NA,NA,NA,NA,NA,NA,NA,NA,NA,NA,NA,NA,"NB37-03-01-KIO-CANG",6,0,0,6,"OF",NA,NA,"",""
"730","NB","37","NB37","Westcock",4,"NB37-04",NA,NA,"KIO",2021,6,9,1,"NB37-04-01-KIO","6:12",10,NA,0,"1","W","2","Y","BOBO","Bobolink",NA,NA,NA,NA,NA,NA,NA,NA,NA,NA,NA,NA,NA,NA,NA,"NB37-04-01-KIO-BOBO",1,2,2,2,"",NA,NA,"",""
"731","NB","37","NB37","Westcock",4,"NB37-04",NA,NA,"KIO",2021,6,9,1,"NB37-04-01-KIO","6:12",10,NA,0,"1","W","2","Y","SAVS","Savannah Sparrow",NA,NA,NA,NA,NA,NA,NA,NA,NA,NA,NA,NA,NA,NA,NA,"NB37-04-01-KIO-SAVS",2,1,2,2,"",NA,NA,"",""
"732","NB","37","NB37","Westcock",5,"NB37-05",NA,NA,"KIO",2021,6,9,1,"NB37-05-01-KIO","6:34",10,NA,0,"1","W","2","Y","SAVS","Savannah Sparrow",NA,NA,NA,NA,NA,NA,NA,NA,NA,NA,NA,NA,NA,NA,NA,"NB37-05-01-KIO-SAVS",3,2,2,3,"",NA,NA,"",""
"733","NB","37","NB37","Westcock",5,"NB37-05",NA,NA,"KIO",2021,6,9,1,"NB37-05-01-KIO","6:34",10,NA,0,"1","W","2","Y","BOBO","Bobolink",NA,NA,NA,NA,NA,NA,NA,NA,NA,NA,NA,NA,NA,NA,NA,"NB37-05-01-KIO-BOBO",2,1,1,2,"",NA,NA,"",""
"734","NB","37","NB37","Westcock",6,"NB37-06",NA,NA,"KIO",2021,6,9,1,"NB37-06-01-KIO","6:57",10,NA,0,"0",NA,"2","Y","SAVS","Savannah Sparrow",NA,NA,NA,NA,NA,NA,NA,NA,NA,NA,NA,NA,NA,NA,NA,"NB37-06-01-KIO-SAVS",3,4,4,4,"",NA,NA,"",""
"735","NB","37","NB37","Westcock",6,"NB37-06",NA,NA,"KIO",2021,6,9,1,"NB37-06-01-KIO","6:57",10,NA,0,"0",NA,"2","Y","BOBO","Bobolink",NA,NA,NA,NA,NA,NA,NA,NA,NA,NA,NA,NA,NA,NA,NA,"NB37-06-01-KIO-BOBO",2,2,2,2,"",NA,NA,"",""
"736","NB","37","NB37","Westcock",7,"NB37-07",NA,NA,"KIO",2021,6,9,1,"NB37-07-01-KIO","7:20",10,NA,0,"1","W","3","Y","SAVS","Savannah Sparrow",NA,NA,NA,NA,NA,NA,NA,NA,NA,NA,NA,NA,NA,NA,NA,"NB37-07-01-KIO-SAVS",3,3,3,3,"",NA,NA,"",""
"737","NB","37","NB37","Westcock",7,"NB37-07",NA,NA,"KIO",2021,6,9,1,"NB37-07-01-KIO","7:20",10,NA,0,"1","W","3","Y","BOBO","Bobolink",NA,NA,NA,NA,NA,NA,NA,NA,NA,NA,NA,NA,NA,NA,NA,"NB37-07-01-KIO-BOBO",4,4,3,4,"",NA,NA,"",""
"738","NB","37","NB37","Westcock",7,"NB37-07",NA,NA,"KIO",2021,6,9,1,"NB37-07-01-KIO","7:20",10,NA,0,"1","W","3","Y","ABDU","American Black Duck",NA,NA,NA,NA,NA,NA,NA,NA,NA,NA,NA,NA,NA,NA,NA,"NB37-07-01-KIO-ABDU",0,0,1,1,"",NA,NA,"",""
"739","NB","37","NB37","Westcock",7,"NB37-07",NA,NA,"KIO",2021,6,9,1,"NB37-07-01-KIO","7:20",10,NA,0,"1","W","3","Y","GADW","Gadwall",NA,NA,NA,NA,NA,NA,NA,NA,NA,NA,NA,NA,NA,NA,NA,"NB37-07-01-KIO-GADW",0,0,1,1,"",NA,NA,"",""
"740","NB","37","NB37","Westcock",8,"NB37-08",NA,NA,"KIO",2021,6,9,1,"NB37-08-01-KIO","7:45",10,NA,0,"2","W","1","Y","BOBO","Bobolink",NA,NA,NA,NA,NA,NA,NA,NA,NA,NA,NA,NA,NA,NA,NA,"NB37-08-01-KIO-BOBO",2,2,3,3,"",NA,NA,"",""
"741","NB","37","NB37","Westcock",8,"NB37-08",NA,NA,"KIO",2021,6,9,1,"NB37-08-01-KIO","7:45",10,NA,0,"2","W","1","Y","SAVS","Savannah Sparrow",NA,NA,NA,NA,NA,NA,NA,NA,NA,NA,NA,NA,NA,NA,NA,"NB37-08-01-KIO-SAVS",4,4,4,4,"",NA,NA,"",""
"742","NB","37","NB37","Westcock",8,"NB37-08",NA,NA,"KIO",2021,6,9,1,"NB37-08-01-KIO","7:45",10,NA,0,"2","W","1","Y","GBBG","Great Black-backed Gull",NA,NA,NA,NA,NA,NA,NA,NA,NA,NA,NA,NA,NA,NA,NA,"NB37-08-01-KIO-GBBG",1,0,0,1,"OF",NA,NA,"",""
"743","NB","37","NB37","Westcock",8,"NB37-08",NA,NA,"KIO",2021,6,9,1,"NB37-08-01-KIO","7:45",10,NA,0,"2","W","1","Y","Unknown duck",NA,NA,NA,NA,NA,NA,NA,NA,NA,NA,NA,NA,NA,NA,NA,NA,"NB37-08-01-KIO-Unknown duck",1,0,0,1,"OF",NA,NA,"","ABDU or MALL"
"744","NB","37","NB37","Westcock",9,"NB37-09",NA,NA,"KIO",2021,6,9,1,"NB37-09-01-KIO","8:07",10,NA,0,"1","W","1","Y","BOBO","Bobolink",NA,NA,NA,NA,NA,NA,NA,NA,NA,NA,NA,NA,NA,NA,NA,"NB37-09-01-KIO-BOBO",2,2,2,2,"",NA,NA,"",""
"745","NB","37","NB37","Westcock",9,"NB37-09",NA,NA,"KIO",2021,6,9,1,"NB37-09-01-KIO","8:07",10,NA,0,"1","W","1","Y","SAVS","Savannah Sparrow",NA,NA,NA,NA,NA,NA,NA,NA,NA,NA,NA,NA,NA,NA,NA,"NB37-09-01-KIO-SAVS",4,4,3,4,"",NA,NA,"",""
"746","NB","37","NB37","Westcock",9,"NB37-09",NA,NA,"KIO",2021,6,9,1,"NB37-09-01-KIO","8:07",10,NA,0,"1","W","1","Y","SOSP","Song Sparrow",NA,NA,NA,NA,NA,NA,NA,NA,NA,NA,NA,NA,NA,NA,NA,"NB37-09-01-KIO-SOSP",1,0,1,1,"",NA,NA,"",""
"747","NB","37","NB37","Westcock",9,"NB37-09",NA,NA,"KIO",2021,6,9,1,"NB37-09-01-KIO","8:07",10,NA,0,"1","W","1","Y","AMCR","American Crow",NA,NA,NA,NA,NA,NA,NA,NA,NA,NA,NA,NA,NA,NA,NA,"NB37-09-01-KIO-AMCR",2,0,1,2,"",NA,NA,"",""
"748","NB","37","NB37","Westcock",10,"NB37-10",NA,NA,"KIO",2021,6,9,1,"NB37-10-01-KIO","8:29",8,NA,0,"0",NA,"1","Y","BOBO","Bobolink",NA,NA,NA,NA,NA,NA,NA,NA,NA,NA,NA,NA,NA,NA,NA,"NB37-10-01-KIO-BOBO",1,1,1,1,"",NA,NA,"",""
"749","NB","37","NB37","Westcock",10,"NB37-10",NA,NA,"KIO",2021,6,9,1,"NB37-10-01-KIO","8:29",8,NA,0,"0",NA,"1","Y","SAVS","Savannah Sparrow",NA,NA,NA,NA,NA,NA,NA,NA,NA,NA,NA,NA,NA,NA,NA,"NB37-10-01-KIO-SAVS",4,4,4,4,"",NA,NA,"",""
"750","NB","35","NB35","Beaubassin",1,"NB35-01",NA,NA,"KIO",2021,6,11,1,"NB35-01-01-KIO","5:05",0,NA,1,"1","SW","2","Y","COYE","Common Yellowthroat",NA,NA,NA,NA,NA,NA,NA,NA,NA,NA,NA,NA,NA,NA,NA,"NB35-01-01-KIO-COYE",2,2,2,2,"",NA,NA,"",""
"751","NB","35","NB35","Beaubassin",1,"NB35-01",NA,NA,"KIO",2021,6,11,1,"NB35-01-01-KIO","5:05",0,NA,1,"1","SW","2","Y","RWBL","Red-winged Blackbird",NA,NA,NA,NA,NA,NA,NA,NA,NA,NA,NA,NA,NA,NA,NA,"NB35-01-01-KIO-RWBL",5,6,6,6,"",NA,NA,"",""
"752","NB","35","NB35","Beaubassin",1,"NB35-01",NA,NA,"KIO",2021,6,11,1,"NB35-01-01-KIO","5:05",0,NA,1,"1","SW","2","Y","TRES","Tree Swallow",NA,NA,NA,NA,NA,NA,NA,NA,NA,NA,NA,NA,NA,NA,NA,"NB35-01-01-KIO-TRES",2,4,4,4,"",NA,NA,"",""
"753","NB","35","NB35","Beaubassin",1,"NB35-01",NA,NA,"KIO",2021,6,11,1,"NB35-01-01-KIO","5:05",0,NA,1,"1","SW","2","Y","CANG","Canada Goose",NA,NA,NA,NA,NA,NA,NA,NA,NA,NA,NA,NA,NA,NA,NA,"NB35-01-01-KIO-CANG",2,0,0,2,"",NA,NA,"",""
"754","NB","35","NB35","Beaubassin",1,"NB35-01",NA,NA,"KIO",2021,6,11,1,"NB35-01-01-KIO","5:05",0,NA,1,"1","SW","2","Y","AMRO","American Robin",NA,NA,NA,NA,NA,NA,NA,NA,NA,NA,NA,NA,NA,NA,NA,"NB35-01-01-KIO-AMRO",1,1,1,1,"",NA,NA,"",""
"755","NB","35","NB35","Beaubassin",1,"NB35-01",NA,NA,"KIO",2021,6,11,1,"NB35-01-01-KIO","5:05",0,NA,1,"1","SW","2","Y","YEWA","Northern Yellow Warbler",NA,NA,NA,NA,NA,NA,NA,NA,NA,NA,NA,NA,NA,NA,NA,"NB35-01-01-KIO-YEWA",0,0,1,1,"",NA,NA,"",""
"756","NB","35","NB35","Beaubassin",2,"NB35-02",NA,NA,"KIO",2021,6,11,1,"NB35-02-01-KIO","5:36",1,NA,1,"0",NA,"3","Y","RWBL","Red-winged Blackbird",NA,NA,NA,NA,NA,NA,NA,NA,NA,NA,NA,NA,NA,NA,NA,"NB35-02-01-KIO-RWBL",6,4,3,6,"",NA,NA,"",""
"757","NB","35","NB35","Beaubassin",2,"NB35-02",NA,NA,"KIO",2021,6,11,1,"NB35-02-01-KIO","5:36",1,NA,1,"0",NA,"3","Y","SWSP","Swamp Sparrow",NA,NA,NA,NA,NA,NA,NA,NA,NA,NA,NA,NA,NA,NA,NA,"NB35-02-01-KIO-SWSP",2,2,2,2,"",NA,NA,"",""
"758","NB","35","NB35","Beaubassin",2,"NB35-02",NA,NA,"KIO",2021,6,11,1,"NB35-02-01-KIO","5:36",1,NA,1,"0",NA,"3","Y","AMCR","American Crow",NA,NA,NA,NA,NA,NA,NA,NA,NA,NA,NA,NA,NA,NA,NA,"NB35-02-01-KIO-AMCR",1,0,0,1,"",NA,NA,"",""
"759","NB","35","NB35","Beaubassin",2,"NB35-02",NA,NA,"KIO",2021,6,11,1,"NB35-02-01-KIO","5:36",1,NA,1,"0",NA,"3","Y","TRES","Tree Swallow",NA,NA,NA,NA,NA,NA,NA,NA,NA,NA,NA,NA,NA,NA,NA,"NB35-02-01-KIO-TRES",2,1,3,3,"AF",NA,NA,"",""
"760","NB","35","NB35","Beaubassin",2,"NB35-02",NA,NA,"KIO",2021,6,11,1,"NB35-02-01-KIO","5:36",1,NA,1,"0",NA,"3","Y","YEWA","Northern Yellow Warbler",NA,NA,NA,NA,NA,NA,NA,NA,NA,NA,NA,NA,NA,NA,NA,"NB35-02-01-KIO-YEWA",2,1,2,2,"",NA,NA,"",""
"761","NB","35","NB35","Beaubassin",2,"NB35-02",NA,NA,"KIO",2021,6,11,1,"NB35-02-01-KIO","5:36",1,NA,1,"0",NA,"3","Y","COYE","Common Yellowthroat",NA,NA,NA,NA,NA,NA,NA,NA,NA,NA,NA,NA,NA,NA,NA,"NB35-02-01-KIO-COYE",2,0,2,2,"",NA,NA,"",""
"762","NB","35","NB35","Beaubassin",2,"NB35-02",NA,NA,"KIO",2021,6,11,1,"NB35-02-01-KIO","5:36",1,NA,1,"0",NA,"3","Y","WODU","Wood Duck",NA,NA,NA,NA,NA,NA,NA,NA,NA,NA,NA,NA,NA,NA,NA,"NB35-02-01-KIO-WODU",0,1,0,1,"",NA,NA,"",""
"763","NB","35","NB35","Beaubassin",2,"NB35-02",NA,NA,"KIO",2021,6,11,1,"NB35-02-01-KIO","5:36",1,NA,1,"0",NA,"3","Y","AMWI","American Wigeon",NA,NA,NA,NA,NA,NA,NA,NA,NA,NA,NA,NA,NA,NA,NA,"NB35-02-01-KIO-AMWI",0,0,2,2,"",NA,NA,"",""
"764","NB","35","NB35","Beaubassin",3,"NB35-03",NA,NA,"KIO",2021,6,11,1,"NB35-03-01-KIO","6:10",1,NA,0,"2","SW","4","Y","AMWI","American Wigeon",NA,NA,NA,NA,NA,NA,NA,NA,NA,NA,NA,NA,NA,NA,NA,"NB35-03-01-KIO-AMWI",1,0,0,1,"",NA,NA,"",""
"765","NB","35","NB35","Beaubassin",3,"NB35-03",NA,NA,"KIO",2021,6,11,1,"NB35-03-01-KIO","6:10",1,NA,0,"2","SW","4","Y","RNDU","Ring-necked Duck",NA,NA,NA,NA,NA,NA,NA,NA,NA,NA,NA,NA,NA,NA,NA,"NB35-03-01-KIO-RNDU",2,0,0,2,"",NA,NA,"",""
"766","NB","35","NB35","Beaubassin",3,"NB35-03",NA,NA,"KIO",2021,6,11,1,"NB35-03-01-KIO","6:10",1,NA,0,"2","SW","4","Y","RWBL","Red-winged Blackbird",NA,NA,NA,NA,NA,NA,NA,NA,NA,NA,NA,NA,NA,NA,NA,"NB35-03-01-KIO-RWBL",5,5,5,5,"",NA,NA,"",""
"767","NB","35","NB35","Beaubassin",3,"NB35-03",NA,NA,"KIO",2021,6,11,1,"NB35-03-01-KIO","6:10",1,NA,0,"2","SW","4","Y","YEWA","Northern Yellow Warbler",NA,NA,NA,NA,NA,NA,NA,NA,NA,NA,NA,NA,NA,NA,NA,"NB35-03-01-KIO-YEWA",1,0,0,1,"",NA,NA,"",""
"768","NB","35","NB35","Beaubassin",3,"NB35-03",NA,NA,"KIO",2021,6,11,1,"NB35-03-01-KIO","6:10",1,NA,0,"2","SW","4","Y","COYE","Common Yellowthroat",NA,NA,NA,NA,NA,NA,NA,NA,NA,NA,NA,NA,NA,NA,NA,"NB35-03-01-KIO-COYE",1,1,0,1,"",NA,NA,"",""
"769","NB","35","NB35","Beaubassin",3,"NB35-03",NA,NA,"KIO",2021,6,11,1,"NB35-03-01-KIO","6:10",1,NA,0,"2","SW","4","Y","CANG","Canada Goose",NA,NA,NA,NA,NA,NA,NA,NA,NA,NA,NA,NA,NA,NA,NA,"NB35-03-01-KIO-CANG",9,0,0,9,"OF",NA,NA,"",""
"770","NB","35","NB35","Beaubassin",3,"NB35-03",NA,NA,"KIO",2021,6,11,1,"NB35-03-01-KIO","6:10",1,NA,0,"2","SW","4","Y","SWSP","Swamp Sparrow",NA,NA,NA,NA,NA,NA,NA,NA,NA,NA,NA,NA,NA,NA,NA,"NB35-03-01-KIO-SWSP",1,1,2,2,"",NA,NA,"",""
"771","NB","35","NB35","Beaubassin",3,"NB35-03",NA,NA,"KIO",2021,6,11,1,"NB35-03-01-KIO","6:10",1,NA,0,"2","SW","4","Y","EUST","European Starling",NA,NA,NA,NA,NA,NA,NA,NA,NA,NA,NA,NA,NA,NA,NA,"NB35-03-01-KIO-EUST",5,0,0,5,"OF",NA,NA,"",""
"772","NB","35","NB35","Beaubassin",3,"NB35-03",NA,NA,"KIO",2021,6,11,1,"NB35-03-01-KIO","6:10",1,NA,0,"2","SW","4","Y","WODU","Wood Duck",NA,NA,NA,NA,NA,NA,NA,NA,NA,NA,NA,NA,NA,NA,NA,"NB35-03-01-KIO-WODU",3,1,0,3,"OF",NA,NA,"",""
"773","NB","35","NB35","Beaubassin",3,"NB35-03",NA,NA,"KIO",2021,6,11,1,"NB35-03-01-KIO","6:10",1,NA,0,"2","SW","4","Y","GADW","Gadwall",NA,NA,NA,NA,NA,NA,NA,NA,NA,NA,NA,NA,NA,NA,NA,"NB35-03-01-KIO-GADW",0,1,0,1,"",NA,NA,"",""
"774","NB","35","NB35","Beaubassin",3,"NB35-03",NA,NA,"KIO",2021,6,11,1,"NB35-03-01-KIO","6:10",1,NA,0,"2","SW","4","Y","COGR","Common Grackle",NA,NA,NA,NA,NA,NA,NA,NA,NA,NA,NA,NA,NA,NA,NA,"NB35-03-01-KIO-COGR",0,0,1,1,"OF",NA,NA,"",""
"775","NB","35","NB35","Beaubassin",3,"NB35-03",NA,NA,"KIO",2021,6,11,1,"NB35-03-01-KIO","6:10",1,NA,0,"2","SW","4","Y","GWTE","Green-winged Teal",NA,NA,NA,NA,NA,NA,NA,NA,NA,NA,NA,NA,NA,NA,NA,"NB35-03-01-KIO-GWTE",0,0,3,3,"",NA,NA,"",""
"776","NB","35","NB35","Beaubassin",4,"NB35-04",NA,NA,"KIO",2021,6,11,1,"NB35-04-01-KIO","6:35",1,NA,0,"1","SW","1","Y","MALL","Mallard",NA,NA,NA,NA,NA,NA,NA,NA,NA,NA,NA,NA,NA,NA,NA,"NB35-04-01-KIO-MALL",1,1,0,1,"OF",NA,NA,"",""
"777","NB","35","NB35","Beaubassin",4,"NB35-04",NA,NA,"KIO",2021,6,11,1,"NB35-04-01-KIO","6:35",1,NA,0,"1","SW","1","Y","RWBL","Red-winged Blackbird",NA,NA,NA,NA,NA,NA,NA,NA,NA,NA,NA,NA,NA,NA,NA,"NB35-04-01-KIO-RWBL",6,3,5,6,"",NA,NA,"",""
"778","NB","35","NB35","Beaubassin",4,"NB35-04",NA,NA,"KIO",2021,6,11,1,"NB35-04-01-KIO","6:35",1,NA,0,"1","SW","1","Y","SWSP","Swamp Sparrow",NA,NA,NA,NA,NA,NA,NA,NA,NA,NA,NA,NA,NA,NA,NA,"NB35-04-01-KIO-SWSP",1,1,1,1,"",NA,NA,"",""
"779","NB","35","NB35","Beaubassin",4,"NB35-04",NA,NA,"KIO",2021,6,11,1,"NB35-04-01-KIO","6:35",1,NA,0,"1","SW","1","Y","COYE","Common Yellowthroat",NA,NA,NA,NA,NA,NA,NA,NA,NA,NA,NA,NA,NA,NA,NA,"NB35-04-01-KIO-COYE",1,1,1,1,"",NA,NA,"",""
"780","NB","35","NB35","Beaubassin",4,"NB35-04",NA,NA,"KIO",2021,6,11,1,"NB35-04-01-KIO","6:35",1,NA,0,"1","SW","1","Y","CORA","Common Raven",NA,NA,NA,NA,NA,NA,NA,NA,NA,NA,NA,NA,NA,NA,NA,"NB35-04-01-KIO-CORA",1,0,0,1,"OF",NA,NA,"",""
"781","NB","35","NB35","Beaubassin",4,"NB35-04",NA,NA,"KIO",2021,6,11,1,"NB35-04-01-KIO","6:35",1,NA,0,"1","SW","1","Y","WISN","Wilson's Snipe",NA,NA,NA,NA,NA,NA,NA,NA,NA,NA,NA,NA,NA,NA,NA,"NB35-04-01-KIO-WISN",1,0,0,1,"",NA,NA,"",""
"782","NB","35","NB35","Beaubassin",4,"NB35-04",NA,NA,"KIO",2021,6,11,1,"NB35-04-01-KIO","6:35",1,NA,0,"1","SW","1","Y","TRES","Tree Swallow",NA,NA,NA,NA,NA,NA,NA,NA,NA,NA,NA,NA,NA,NA,NA,"NB35-04-01-KIO-TRES",0,1,1,1,"AF",NA,NA,"",""
"783","NB","35","NB35","Beaubassin",4,"NB35-04",NA,NA,"KIO",2021,6,11,1,"NB35-04-01-KIO","6:35",1,NA,0,"1","SW","1","Y","AMCR","American Crow",NA,NA,NA,NA,NA,NA,NA,NA,NA,NA,NA,NA,NA,NA,NA,"NB35-04-01-KIO-AMCR",0,1,1,1,"OF",NA,NA,"",""
"784","NB","35","NB35","Beaubassin",4,"NB35-04",NA,NA,"KIO",2021,6,11,1,"NB35-04-01-KIO","6:35",1,NA,0,"1","SW","1","Y","COGR","Common Grackle",NA,NA,NA,NA,NA,NA,NA,NA,NA,NA,NA,NA,NA,NA,NA,"NB35-04-01-KIO-COGR",0,0,1,1,"",NA,NA,"",""
"785","NB","35","NB35","Beaubassin",5,"NB35-05",NA,NA,"KIO",2021,6,11,1,"NB35-05-01-KIO","7:03",1,NA,0,"2","SW","1","Y","GADW","Gadwall",NA,NA,NA,NA,NA,NA,NA,NA,NA,NA,NA,NA,NA,NA,NA,"NB35-05-01-KIO-GADW",1,1,1,1,"",NA,NA,"",""
"786","NB","35","NB35","Beaubassin",5,"NB35-05",NA,NA,"KIO",2021,6,11,1,"NB35-05-01-KIO","7:03",1,NA,0,"2","SW","1","Y","AMWI","American Wigeon",NA,NA,NA,NA,NA,NA,NA,NA,NA,NA,NA,NA,NA,NA,NA,"NB35-05-01-KIO-AMWI",2,0,0,2,"OF",NA,NA,"",""
"787","NB","35","NB35","Beaubassin",5,"NB35-05",NA,NA,"KIO",2021,6,11,1,"NB35-05-01-KIO","7:03",1,NA,0,"2","SW","1","Y","RWBL","Red-winged Blackbird",NA,NA,NA,NA,NA,NA,NA,NA,NA,NA,NA,NA,NA,NA,NA,"NB35-05-01-KIO-RWBL",1,1,1,1,"",NA,NA,"",""
"788","NB","35","NB35","Beaubassin",5,"NB35-05",NA,NA,"KIO",2021,6,11,1,"NB35-05-01-KIO","7:03",1,NA,0,"2","SW","1","Y","NSHO","Northern Shoveler",NA,NA,NA,NA,NA,NA,NA,NA,NA,NA,NA,NA,NA,NA,NA,"NB35-05-01-KIO-NSHO",2,0,0,2,"",NA,NA,"",""
"789","NB","35","NB35","Beaubassin",5,"NB35-05",NA,NA,"KIO",2021,6,11,1,"NB35-05-01-KIO","7:03",1,NA,0,"2","SW","1","Y","AMCR","American Crow",NA,NA,NA,NA,NA,NA,NA,NA,NA,NA,NA,NA,NA,NA,NA,"NB35-05-01-KIO-AMCR",1,0,0,1,"",NA,NA,"",""
"790","NB","35","NB35","Beaubassin",5,"NB35-05",NA,NA,"KIO",2021,6,11,1,"NB35-05-01-KIO","7:03",1,NA,0,"2","SW","1","Y","COYE","Common Yellowthroat",NA,NA,NA,NA,NA,NA,NA,NA,NA,NA,NA,NA,NA,NA,NA,"NB35-05-01-KIO-COYE",1,1,1,1,"",NA,NA,"",""
"791","NB","35","NB35","Beaubassin",5,"NB35-05",NA,NA,"KIO",2021,6,11,1,"NB35-05-01-KIO","7:03",1,NA,0,"2","SW","1","Y","ALFL","Alder Flycatcher",NA,NA,NA,NA,NA,NA,NA,NA,NA,NA,NA,NA,NA,NA,NA,"NB35-05-01-KIO-ALFL",1,0,0,1,"",NA,NA,"",""
"792","NB","35","NB35","Beaubassin",5,"NB35-05",NA,NA,"KIO",2021,6,11,1,"NB35-05-01-KIO","7:03",1,NA,0,"2","SW","1","Y","BWTE","Blue-winged Teal",NA,NA,NA,NA,NA,NA,NA,NA,NA,NA,NA,NA,NA,NA,NA,"NB35-05-01-KIO-BWTE",3,3,3,3,"",2,1,"",""
"793","NB","35","NB35","Beaubassin",5,"NB35-05",NA,NA,"KIO",2021,6,11,1,"NB35-05-01-KIO","7:03",1,NA,0,"2","SW","1","Y","TRES","Tree Swallow",NA,NA,NA,NA,NA,NA,NA,NA,NA,NA,NA,NA,NA,NA,NA,"NB35-05-01-KIO-TRES",0,2,0,2,"AF",NA,NA,"",""
"794","NB","35","NB35","Beaubassin",5,"NB35-05",NA,NA,"KIO",2021,6,11,1,"NB35-05-01-KIO","7:03",1,NA,0,"2","SW","1","Y","SWSP","Swamp Sparrow",NA,NA,NA,NA,NA,NA,NA,NA,NA,NA,NA,NA,NA,NA,NA,"NB35-05-01-KIO-SWSP",0,1,1,1,"",NA,NA,"",""
"795","NB","35","NB35","Beaubassin",5,"NB35-05",NA,NA,"KIO",2021,6,11,1,"NB35-05-01-KIO","7:03",1,NA,0,"2","SW","1","Y","YEWA","Northern Yellow Warbler",NA,NA,NA,NA,NA,NA,NA,NA,NA,NA,NA,NA,NA,NA,NA,"NB35-05-01-KIO-YEWA",0,1,1,1,"",NA,NA,"",""
"796","NB","35","NB35","Beaubassin",5,"NB35-05",NA,NA,"KIO",2021,6,11,1,"NB35-05-01-KIO","7:03",1,NA,0,"2","SW","1","Y","SAVS","Savannah Sparrow",NA,NA,NA,NA,NA,NA,NA,NA,NA,NA,NA,NA,NA,NA,NA,"NB35-05-01-KIO-SAVS",0,0,1,1,"",NA,NA,"",""
"797","NB","35","NB35","Beaubassin",6,"NB35-06",NA,NA,"KIO",2021,6,11,1,"NB35-06-01-KIO","7:30",1,NA,0,"2","SW","0","Y","SAVS","Savannah Sparrow",NA,NA,NA,NA,NA,NA,NA,NA,NA,NA,NA,NA,NA,NA,NA,"NB35-06-01-KIO-SAVS",1,1,0,1,"",NA,NA,"",""
"798","NB","35","NB35","Beaubassin",6,"NB35-06",NA,NA,"KIO",2021,6,11,1,"NB35-06-01-KIO","7:30",1,NA,0,"2","SW","0","Y","GRYE","Greater Yellowlegs",NA,NA,NA,NA,NA,NA,NA,NA,NA,NA,NA,NA,NA,NA,NA,"NB35-06-01-KIO-GRYE",2,2,2,2,"",NA,NA,"",""
"799","NB","35","NB35","Beaubassin",6,"NB35-06",NA,NA,"KIO",2021,6,11,1,"NB35-06-01-KIO","7:30",1,NA,0,"2","SW","0","Y","AMWI","American Wigeon",NA,NA,NA,NA,NA,NA,NA,NA,NA,NA,NA,NA,NA,NA,NA,"NB35-06-01-KIO-AMWI",1,0,0,1,"",NA,NA,"",""
"800","NB","35","NB35","Beaubassin",6,"NB35-06",NA,NA,"KIO",2021,6,11,1,"NB35-06-01-KIO","7:30",1,NA,0,"2","SW","0","Y","RWBL","Red-winged Blackbird",NA,NA,NA,NA,NA,NA,NA,NA,NA,NA,NA,NA,NA,NA,NA,"NB35-06-01-KIO-RWBL",1,1,1,1,"",NA,NA,"",""
"801","NB","35","NB35","Beaubassin",6,"NB35-06",NA,NA,"KIO",2021,6,11,1,"NB35-06-01-KIO","7:30",1,NA,0,"2","SW","0","Y","COYE","Common Yellowthroat",NA,NA,NA,NA,NA,NA,NA,NA,NA,NA,NA,NA,NA,NA,NA,"NB35-06-01-KIO-COYE",1,2,1,2,"",NA,NA,"",""
"802","NB","35","NB35","Beaubassin",6,"NB35-06",NA,NA,"KIO",2021,6,11,1,"NB35-06-01-KIO","7:30",1,NA,0,"2","SW","0","Y","MALL","Mallard",NA,NA,NA,NA,NA,NA,NA,NA,NA,NA,NA,NA,NA,NA,NA,"NB35-06-01-KIO-MALL",0,2,0,2,"OF",NA,NA,"",""
"803","NB","35","NB35","Beaubassin",6,"NB35-06",NA,NA,"KIO",2021,6,11,1,"NB35-06-01-KIO","7:30",1,NA,0,"2","SW","0","Y","GADW","Gadwall",NA,NA,NA,NA,NA,NA,NA,NA,NA,NA,NA,NA,NA,NA,NA,"NB35-06-01-KIO-GADW",0,1,0,1,"OF",NA,NA,"",""
"804","NB","35","NB35","Beaubassin",6,"NB35-06",NA,NA,"KIO",2021,6,11,1,"NB35-06-01-KIO","7:30",1,NA,0,"2","SW","0","Y","BAEA","Bald Eagle",NA,NA,NA,NA,NA,NA,NA,NA,NA,NA,NA,NA,NA,NA,NA,"NB35-06-01-KIO-BAEA",0,1,0,1,"OF",NA,NA,"",""
"805","NB","35","NB35","Beaubassin",6,"NB35-06",NA,NA,"KIO",2021,6,11,1,"NB35-06-01-KIO","7:30",1,NA,0,"2","SW","0","Y","ALFL","Alder Flycatcher",NA,NA,NA,NA,NA,NA,NA,NA,NA,NA,NA,NA,NA,NA,NA,"NB35-06-01-KIO-ALFL",1,1,1,1,"",NA,NA,"",""
"806","NB","35","NB35","Beaubassin",6,"NB35-06",NA,NA,"KIO",2021,6,11,1,"NB35-06-01-KIO","7:30",1,NA,0,"2","SW","0","Y","PUFI","Purple Finch",NA,NA,NA,NA,NA,NA,NA,NA,NA,NA,NA,NA,NA,NA,NA,"NB35-06-01-KIO-PUFI",0,0,1,1,"",NA,NA,"",""
"807","NB","35","NB35","Beaubassin",6,"NB35-06",NA,NA,"KIO",2021,6,11,1,"NB35-06-01-KIO","7:30",1,NA,0,"2","SW","0","Y","BOBO","Bobolink",NA,NA,NA,NA,NA,NA,NA,NA,NA,NA,NA,NA,NA,NA,NA,"NB35-06-01-KIO-BOBO",0,0,1,1,"",NA,NA,"",""
"808","NB","35","NB35","Beaubassin",6,"NB35-06",NA,NA,"KIO",2021,6,11,1,"NB35-06-01-KIO","7:30",1,NA,0,"2","SW","0","Y","YEWA","Northern Yellow Warbler",NA,NA,NA,NA,NA,NA,NA,NA,NA,NA,NA,NA,NA,NA,NA,"NB35-06-01-KIO-YEWA",0,0,1,1,"",NA,NA,"",""
"809","NB","35","NB35","Beaubassin",7,"NB35-07",NA,NA,"KIO",2021,6,11,1,"NB35-07-01-KIO","8:16",2,NA,0,"4","SW","1","Y","CANG","Canada Goose",NA,NA,NA,NA,NA,NA,NA,NA,NA,NA,NA,NA,NA,NA,NA,"NB35-07-01-KIO-CANG",2,0,1,2,"",NA,NA,"",""
"810","NB","35","NB35","Beaubassin",7,"NB35-07",NA,NA,"KIO",2021,6,11,1,"NB35-07-01-KIO","8:16",2,NA,0,"4","SW","1","Y","RWBL","Red-winged Blackbird",NA,NA,NA,NA,NA,NA,NA,NA,NA,NA,NA,NA,NA,NA,NA,"NB35-07-01-KIO-RWBL",4,5,3,5,"",NA,NA,"",""
"811","NB","35","NB35","Beaubassin",7,"NB35-07",NA,NA,"KIO",2021,6,11,1,"NB35-07-01-KIO","8:16",2,NA,0,"4","SW","1","Y","SAVS","Savannah Sparrow",NA,NA,NA,NA,NA,NA,NA,NA,NA,NA,NA,NA,NA,NA,NA,"NB35-07-01-KIO-SAVS",2,1,1,2,"",NA,NA,"",""
"812","NB","35","NB35","Beaubassin",7,"NB35-07",NA,NA,"KIO",2021,6,11,1,"NB35-07-01-KIO","8:16",2,NA,0,"4","SW","1","Y","SWSP","Swamp Sparrow",NA,NA,NA,NA,NA,NA,NA,NA,NA,NA,NA,NA,NA,NA,NA,"NB35-07-01-KIO-SWSP",1,0,0,1,"",NA,NA,"",""
"813","NB","35","NB35","Beaubassin",7,"NB35-07",NA,NA,"KIO",2021,6,11,1,"NB35-07-01-KIO","8:16",2,NA,0,"4","SW","1","Y","AMRO","American Robin",NA,NA,NA,NA,NA,NA,NA,NA,NA,NA,NA,NA,NA,NA,NA,"NB35-07-01-KIO-AMRO",1,1,0,1,"",NA,NA,"",""
"814","NB","35","NB35","Beaubassin",7,"NB35-07",NA,NA,"KIO",2021,6,11,1,"NB35-07-01-KIO","8:16",2,NA,0,"4","SW","1","Y","SOSP","Song Sparrow",NA,NA,NA,NA,NA,NA,NA,NA,NA,NA,NA,NA,NA,NA,NA,"NB35-07-01-KIO-SOSP",1,1,1,1,"",NA,NA,"",""
"815","NB","35","NB35","Beaubassin",7,"NB35-07",NA,NA,"KIO",2021,6,11,1,"NB35-07-01-KIO","8:16",2,NA,0,"4","SW","1","Y","TRES","Tree Swallow",NA,NA,NA,NA,NA,NA,NA,NA,NA,NA,NA,NA,NA,NA,NA,"NB35-07-01-KIO-TRES",0,1,0,1,"AF",NA,NA,"",""
"816","NB","35","NB35","Beaubassin",7,"NB35-07",NA,NA,"KIO",2021,6,11,1,"NB35-07-01-KIO","8:16",2,NA,0,"4","SW","1","Y","WISN","Wilson's Snipe",NA,NA,NA,NA,NA,NA,NA,NA,NA,NA,NA,NA,NA,NA,NA,"NB35-07-01-KIO-WISN",0,1,1,1,"",NA,NA,"",""
"817","NB","35","NB35","Beaubassin",7,"NB35-07",NA,NA,"KIO",2021,6,11,1,"NB35-07-01-KIO","8:16",2,NA,0,"4","SW","1","Y","RNDU","Ring-necked Duck",NA,NA,NA,NA,NA,NA,NA,NA,NA,NA,NA,NA,NA,NA,NA,"NB35-07-01-KIO-RNDU",0,0,2,2,"OF",NA,NA,"",""
"818","NB","35","NB35","Beaubassin",7,"NB35-07",NA,NA,"KIO",2021,6,11,1,"NB35-07-01-KIO","8:16",2,NA,0,"4","SW","1","Y","MALL","Mallard",NA,NA,NA,NA,NA,NA,NA,NA,NA,NA,NA,NA,NA,NA,NA,"NB35-07-01-KIO-MALL",0,0,2,2,"",NA,2,"",""
"819","NB","35","NB35","Beaubassin",7,"NB35-07",NA,NA,"KIO",2021,6,11,1,"NB35-07-01-KIO","8:16",2,NA,0,"4","SW","1","Y","NOHA","Northern Harrier",NA,NA,NA,NA,NA,NA,NA,NA,NA,NA,NA,NA,NA,NA,NA,"NB35-07-01-KIO-NOHA",0,0,1,1,"OF",NA,NA,"",""
"820","NB","35","NB35","Beaubassin",7,"NB35-07",NA,NA,"KIO",2021,6,11,1,"NB35-07-01-KIO","8:16",2,NA,0,"4","SW","1","Y","COGR","Common Grackle",NA,NA,NA,NA,NA,NA,NA,NA,NA,NA,NA,NA,NA,NA,NA,"NB35-07-01-KIO-COGR",0,0,1,1,"OF",NA,NA,"",""
"821","NB","38","NB38","Midgic",7,"NB38-07",NA,NA,"LMA",2021,7,14,2,"NB38-07-02-LMA","8:34",6,NA,0,"3","S","1","Y","RWBL","Red-winged Blackbird",NA,NA,NA,NA,NA,NA,NA,NA,NA,NA,NA,NA,NA,NA,NA,"NB38-07-02-LMA-RWBL",3,3,2,3,"",NA,NA,"",""
"822","NB","38","NB38","Midgic",7,"NB38-07",NA,NA,"LMA",2021,7,14,2,"NB38-07-02-LMA","8:34",6,NA,0,"3","S","1","Y","SWSP","Swamp Sparrow",NA,NA,NA,NA,NA,NA,NA,NA,NA,NA,NA,NA,NA,NA,NA,"NB38-07-02-LMA-SWSP",2,2,1,2,"",NA,NA,"",""
"823","NB","38","NB38","Midgic",7,"NB38-07",NA,NA,"LMA",2021,7,14,2,"NB38-07-02-LMA","8:34",6,NA,0,"3","S","1","Y","CEDW","Cedar Waxwing",NA,NA,NA,NA,NA,NA,NA,NA,NA,NA,NA,NA,NA,NA,NA,"NB38-07-02-LMA-CEDW",2,0,0,2,"",NA,NA,"",""
"824","NB","38","NB38","Midgic",7,"NB38-07",NA,NA,"LMA",2021,7,14,2,"NB38-07-02-LMA","8:34",6,NA,0,"3","S","1","Y","TRES","Tree Swallow",NA,NA,NA,NA,NA,NA,NA,NA,NA,NA,NA,NA,NA,NA,NA,"NB38-07-02-LMA-TRES",1,0,0,1,"",NA,NA,"",""
"825","NB","38","NB38","Midgic",7,"NB38-07",NA,NA,"LMA",2021,7,14,2,"NB38-07-02-LMA","8:34",6,NA,0,"3","S","1","Y","WODU","Wood Duck",NA,NA,NA,NA,NA,NA,NA,NA,NA,NA,NA,NA,NA,NA,NA,"NB38-07-02-LMA-WODU",2,0,0,2,"",1,1,"",""
"826","NB","38","NB38","Midgic",6,"NB38-06",NA,NA,"LMA",2021,7,14,2,"NB38-06-02-LMA","8:07",6,NA,0,"1","var","1","Y","YEWA","Northern Yellow Warbler",NA,NA,NA,NA,NA,NA,NA,NA,NA,NA,NA,NA,NA,NA,NA,"NB38-06-02-LMA-YEWA",1,0,0,1,"",NA,NA,"",""
"827","NB","38","NB38","Midgic",6,"NB38-06",NA,NA,"LMA",2021,7,14,2,"NB38-06-02-LMA","8:07",6,NA,0,"1","var","1","Y","RWBL","Red-winged Blackbird",NA,NA,NA,NA,NA,NA,NA,NA,NA,NA,NA,NA,NA,NA,NA,"NB38-06-02-LMA-RWBL",3,4,2,4,"",NA,NA,"",""
"828","NB","38","NB38","Midgic",6,"NB38-06",NA,NA,"LMA",2021,7,14,2,"NB38-06-02-LMA","8:07",6,NA,0,"1","var","1","Y","SWSP","Swamp Sparrow",NA,NA,NA,NA,NA,NA,NA,NA,NA,NA,NA,NA,NA,NA,NA,"NB38-06-02-LMA-SWSP",4,5,4,5,"",NA,NA,"",""
"829","NB","38","NB38","Midgic",6,"NB38-06",NA,NA,"LMA",2021,7,14,2,"NB38-06-02-LMA","8:07",6,NA,0,"1","var","1","Y","BOBO","Bobolink",NA,NA,NA,NA,NA,NA,NA,NA,NA,NA,NA,NA,NA,NA,NA,"NB38-06-02-LMA-BOBO",3,8,0,8,"",NA,NA,"",""
"830","NB","38","NB38","Midgic",6,"NB38-06",NA,NA,"LMA",2021,7,14,2,"NB38-06-02-LMA","8:07",6,NA,0,"1","var","1","Y","CORA","Common Raven",NA,NA,NA,NA,NA,NA,NA,NA,NA,NA,NA,NA,NA,NA,NA,"NB38-06-02-LMA-CORA",0,1,0,1,"OF",NA,NA,"",""
"831","NB","38","NB38","Midgic",5,"NB38-05",NA,NA,"LMA",2021,7,14,2,"NB38-05-02-LMA","7:28",5,NA,0,"2","SW","1","Y","COYE","Common Yellowthroat",NA,NA,NA,NA,NA,NA,NA,NA,NA,NA,NA,NA,NA,NA,NA,"NB38-05-02-LMA-COYE",2,1,1,2,"",NA,NA,"",""
"832","NB","38","NB38","Midgic",5,"NB38-05",NA,NA,"LMA",2021,7,14,2,"NB38-05-02-LMA","7:28",5,NA,0,"2","SW","1","Y","YEWA","Northern Yellow Warbler",NA,NA,NA,NA,NA,NA,NA,NA,NA,NA,NA,NA,NA,NA,NA,"NB38-05-02-LMA-YEWA",1,1,0,1,"",NA,NA,"",""
"833","NB","38","NB38","Midgic",5,"NB38-05",NA,NA,"LMA",2021,7,14,2,"NB38-05-02-LMA","7:28",5,NA,0,"2","SW","1","Y","SWSP","Swamp Sparrow",NA,NA,NA,NA,NA,NA,NA,NA,NA,NA,NA,NA,NA,NA,NA,"NB38-05-02-LMA-SWSP",2,2,3,3,"",NA,NA,"",""
"834","NB","38","NB38","Midgic",5,"NB38-05",NA,NA,"LMA",2021,7,14,2,"NB38-05-02-LMA","7:28",5,NA,0,"2","SW","1","Y","SOSP","Song Sparrow",NA,NA,NA,NA,NA,NA,NA,NA,NA,NA,NA,NA,NA,NA,NA,"NB38-05-02-LMA-SOSP",1,0,1,1,"",NA,NA,"",""
"835","NB","38","NB38","Midgic",5,"NB38-05",NA,NA,"LMA",2021,7,14,2,"NB38-05-02-LMA","7:28",5,NA,0,"2","SW","1","Y","MALL","Mallard",NA,NA,NA,NA,NA,NA,NA,NA,NA,NA,NA,NA,NA,NA,NA,"NB38-05-02-LMA-MALL",0,6,5,6,"",NA,NA,"4",""
"836","NB","38","NB38","Midgic",4,"NB38-04",NA,NA,"LMA",2021,7,14,2,"NB38-04-02-LMA","7:04",5,NA,0,"1","var","1","Y","SWSP","Swamp Sparrow",NA,NA,NA,NA,NA,NA,NA,NA,NA,NA,NA,NA,NA,NA,NA,"NB38-04-02-LMA-SWSP",2,4,2,4,"",NA,NA,"",""
"837","NB","38","NB38","Midgic",4,"NB38-04",NA,NA,"LMA",2021,7,14,2,"NB38-04-02-LMA","7:04",5,NA,0,"1","var","1","Y","RWBL","Red-winged Blackbird",NA,NA,NA,NA,NA,NA,NA,NA,NA,NA,NA,NA,NA,NA,NA,"NB38-04-02-LMA-RWBL",2,0,0,2,"",NA,NA,"",""
"838","NB","38","NB38","Midgic",4,"NB38-04",NA,NA,"LMA",2021,7,14,2,"NB38-04-02-LMA","7:04",5,NA,0,"1","var","1","Y","COYE","Common Yellowthroat",NA,NA,NA,NA,NA,NA,NA,NA,NA,NA,NA,NA,NA,NA,NA,"NB38-04-02-LMA-COYE",1,0,0,1,"",NA,NA,"",""
"839","NB","38","NB38","Midgic",4,"NB38-04",NA,NA,"LMA",2021,7,14,2,"NB38-04-02-LMA","7:04",5,NA,0,"1","var","1","Y","YEWA","Northern Yellow Warbler",NA,NA,NA,NA,NA,NA,NA,NA,NA,NA,NA,NA,NA,NA,NA,"NB38-04-02-LMA-YEWA",1,1,1,1,"",NA,NA,"",""
"840","NB","38","NB38","Midgic",4,"NB38-04",NA,NA,"LMA",2021,7,14,2,"NB38-04-02-LMA","7:04",5,NA,0,"1","var","1","Y","AMCR","American Crow",NA,NA,NA,NA,NA,NA,NA,NA,NA,NA,NA,NA,NA,NA,NA,"NB38-04-02-LMA-AMCR",0,8,0,8,"OF",NA,NA,"",""
"841","NB","38","NB38","Midgic",4,"NB38-04",NA,NA,"LMA",2021,7,14,2,"NB38-04-02-LMA","7:04",5,NA,0,"1","var","1","Y","SOSP","Song Sparrow",NA,NA,NA,NA,NA,NA,NA,NA,NA,NA,NA,NA,NA,NA,NA,"NB38-04-02-LMA-SOSP",0,1,0,1,"",NA,NA,"",""
"842","NB","38","NB38","Midgic",4,"NB38-04",NA,NA,"LMA",2021,7,14,2,"NB38-04-02-LMA","7:04",5,NA,0,"1","var","1","Y","CEDW","Cedar Waxwing",NA,NA,NA,NA,NA,NA,NA,NA,NA,NA,NA,NA,NA,NA,NA,"NB38-04-02-LMA-CEDW",0,4,0,4,"",NA,NA,"",""
"843","NB","38","NB38","Midgic",3,"NB38-03",NA,NA,"LMA",2021,7,14,2,"NB38-03-02-LMA","6:34",6,NA,0,"1","var","1","Y","RWBL","Red-winged Blackbird",NA,NA,NA,NA,NA,NA,NA,NA,NA,NA,NA,NA,NA,NA,NA,"NB38-03-02-LMA-RWBL",4,2,3,4,"",NA,NA,"",""
"844","NB","38","NB38","Midgic",3,"NB38-03",NA,NA,"LMA",2021,7,14,2,"NB38-03-02-LMA","6:34",6,NA,0,"1","var","1","Y","YEWA","Northern Yellow Warbler",NA,NA,NA,NA,NA,NA,NA,NA,NA,NA,NA,NA,NA,NA,NA,"NB38-03-02-LMA-YEWA",1,0,1,1,"",NA,NA,"",""
"845","NB","38","NB38","Midgic",3,"NB38-03",NA,NA,"LMA",2021,7,14,2,"NB38-03-02-LMA","6:34",6,NA,0,"1","var","1","Y","BOBO","Bobolink",NA,NA,NA,NA,NA,NA,NA,NA,NA,NA,NA,NA,NA,NA,NA,"NB38-03-02-LMA-BOBO",9,7,2,9,"",NA,NA,"",""
"846","NB","38","NB38","Midgic",3,"NB38-03",NA,NA,"LMA",2021,7,14,2,"NB38-03-02-LMA","6:34",6,NA,0,"1","var","1","Y","SWSP","Swamp Sparrow",NA,NA,NA,NA,NA,NA,NA,NA,NA,NA,NA,NA,NA,NA,NA,"NB38-03-02-LMA-SWSP",1,4,3,4,"",NA,NA,"",""
"847","NB","38","NB38","Midgic",3,"NB38-03",NA,NA,"LMA",2021,7,14,2,"NB38-03-02-LMA","6:34",6,NA,0,"1","var","1","Y","SOSP","Song Sparrow",NA,NA,NA,NA,NA,NA,NA,NA,NA,NA,NA,NA,NA,NA,NA,"NB38-03-02-LMA-SOSP",0,1,1,1,"",NA,NA,"",""
"848","NB","38","NB38","Midgic",3,"NB38-03",NA,NA,"LMA",2021,7,14,2,"NB38-03-02-LMA","6:34",6,NA,0,"1","var","1","Y","COYE","Common Yellowthroat",NA,NA,NA,NA,NA,NA,NA,NA,NA,NA,NA,NA,NA,NA,NA,"NB38-03-02-LMA-COYE",0,1,0,1,"",NA,NA,"",""
"849","NB","38","NB38","Midgic",2,"NB38-02",NA,NA,"LMA",2021,7,14,2,"NB38-02-02-LMA","6:05",7,NA,0,"1","var","1","Y","SWSP","Swamp Sparrow",NA,NA,NA,NA,NA,NA,NA,NA,NA,NA,NA,NA,NA,NA,NA,"NB38-02-02-LMA-SWSP",3,2,2,3,"",NA,NA,"",""
"850","NB","38","NB38","Midgic",2,"NB38-02",NA,NA,"LMA",2021,7,14,2,"NB38-02-02-LMA","6:05",7,NA,0,"1","var","1","Y","ALFL","Alder Flycatcher",NA,NA,NA,NA,NA,NA,NA,NA,NA,NA,NA,NA,NA,NA,NA,"NB38-02-02-LMA-ALFL",1,1,1,1,"",NA,NA,"",""
"851","NB","38","NB38","Midgic",2,"NB38-02",NA,NA,"LMA",2021,7,14,2,"NB38-02-02-LMA","6:05",7,NA,0,"1","var","1","Y","SOSP","Song Sparrow",NA,NA,NA,NA,NA,NA,NA,NA,NA,NA,NA,NA,NA,NA,NA,"NB38-02-02-LMA-SOSP",1,1,0,1,"",NA,NA,"",""
"852","NB","38","NB38","Midgic",2,"NB38-02",NA,NA,"LMA",2021,7,14,2,"NB38-02-02-LMA","6:05",7,NA,0,"1","var","1","Y","COYE","Common Yellowthroat",NA,NA,NA,NA,NA,NA,NA,NA,NA,NA,NA,NA,NA,NA,NA,"NB38-02-02-LMA-COYE",1,1,1,1,"",NA,NA,"",""
"853","NB","38","NB38","Midgic",2,"NB38-02",NA,NA,"LMA",2021,7,14,2,"NB38-02-02-LMA","6:05",7,NA,0,"1","var","1","Y","CEDW","Cedar Waxwing",NA,NA,NA,NA,NA,NA,NA,NA,NA,NA,NA,NA,NA,NA,NA,"NB38-02-02-LMA-CEDW",0,4,0,4,"",NA,NA,"",""
"854","NB","38","NB38","Midgic",2,"NB38-02",NA,NA,"LMA",2021,7,14,2,"NB38-02-02-LMA","6:05",7,NA,0,"1","var","1","Y","YEWA","Northern Yellow Warbler",NA,NA,NA,NA,NA,NA,NA,NA,NA,NA,NA,NA,NA,NA,NA,"NB38-02-02-LMA-YEWA",0,0,1,1,"",NA,NA,"",""
"855","NB","38","NB38","Midgic",1,"NB38-01",NA,NA,"LMA",2021,7,14,2,"NB38-01-02-LMA","5:37",6,12,0,"1","var","1","Y","SWSP","Swamp Sparrow",NA,NA,NA,NA,NA,NA,NA,NA,NA,NA,NA,NA,NA,NA,NA,"NB38-01-02-LMA-SWSP",2,1,1,2,"",NA,NA,"",""
"856","NB","38","NB38","Midgic",1,"NB38-01",NA,NA,"LMA",2021,7,14,2,"NB38-01-02-LMA","5:37",6,12,0,"1","var","1","Y","SOSP","Song Sparrow",NA,NA,NA,NA,NA,NA,NA,NA,NA,NA,NA,NA,NA,NA,NA,"NB38-01-02-LMA-SOSP",1,3,2,3,"",NA,NA,"",""
"857","NB","38","NB38","Midgic",1,"NB38-01",NA,NA,"LMA",2021,7,14,2,"NB38-01-02-LMA","5:37",6,12,0,"1","var","1","Y","SAVS","Savannah Sparrow",NA,NA,NA,NA,NA,NA,NA,NA,NA,NA,NA,NA,NA,NA,NA,"NB38-01-02-LMA-SAVS",1,1,1,1,"",NA,NA,"",""
"858","NB","38","NB38","Midgic",1,"NB38-01",NA,NA,"LMA",2021,7,14,2,"NB38-01-02-LMA","5:37",6,12,0,"1","var","1","Y","ABDU","American Black Duck",NA,NA,NA,NA,NA,NA,NA,NA,NA,NA,NA,NA,NA,NA,NA,"NB38-01-02-LMA-ABDU",0,2,0,2,"",NA,NA,"",""
"859","NB","35","NB35",NA,1,"NB35-01",NA,NA,"LMA",2021,NA,NA,2,"NB35-01-02-LMA",NA,NA,NA,NA,NA,NA,NA,NA,"YEWA","Northern Yellow Warbler",NA,NA,NA,NA,NA,NA,NA,NA,NA,NA,NA,NA,NA,NA,NA,"NB35-01-02-LMA-YEWA",1,0,1,1,"",NA,NA,"",""
"860","NB","35","NB35",NA,1,"NB35-01",NA,NA,"LMA",2021,NA,NA,2,"NB35-01-02-LMA",NA,NA,NA,NA,NA,NA,NA,NA,"COYE","Common Yellowthroat",NA,NA,NA,NA,NA,NA,NA,NA,NA,NA,NA,NA,NA,NA,NA,"NB35-01-02-LMA-COYE",2,3,3,3,"",NA,NA,"",""
"861","NB","35","NB35",NA,1,"NB35-01",NA,NA,"LMA",2021,NA,NA,2,"NB35-01-02-LMA",NA,NA,NA,NA,NA,NA,NA,NA,"SWSP","Swamp Sparrow",NA,NA,NA,NA,NA,NA,NA,NA,NA,NA,NA,NA,NA,NA,NA,"NB35-01-02-LMA-SWSP",2,3,4,4,"",NA,NA,"",""
"862","NB","35","NB35",NA,1,"NB35-01",NA,NA,"LMA",2021,NA,NA,2,"NB35-01-02-LMA",NA,NA,NA,NA,NA,NA,NA,NA,"RWBL","Red-winged Blackbird",NA,NA,NA,NA,NA,NA,NA,NA,NA,NA,NA,NA,NA,NA,NA,"NB35-01-02-LMA-RWBL",4,2,3,4,"",NA,NA,"",""
"863","NB","35","NB35",NA,1,"NB35-01",NA,NA,"LMA",2021,NA,NA,2,"NB35-01-02-LMA",NA,NA,NA,NA,NA,NA,NA,NA,"RWBL","Red-winged Blackbird",NA,NA,NA,NA,NA,NA,NA,NA,NA,NA,NA,NA,NA,NA,NA,"NB35-01-02-LMA-RWBL",2,0,0,2,"OF",NA,NA,"",""
"864","NB","35","NB35",NA,1,"NB35-01",NA,NA,"LMA",2021,NA,NA,2,"NB35-01-02-LMA",NA,NA,NA,NA,NA,NA,NA,NA,"ALFL","Alder Flycatcher",NA,NA,NA,NA,NA,NA,NA,NA,NA,NA,NA,NA,NA,NA,NA,"NB35-01-02-LMA-ALFL",2,0,0,2,"",NA,NA,"",""
"865","NB","35","NB35",NA,1,"NB35-01",NA,NA,"LMA",2021,NA,NA,2,"NB35-01-02-LMA",NA,NA,NA,NA,NA,NA,NA,NA,"COGR","Common Grackle",NA,NA,NA,NA,NA,NA,NA,NA,NA,NA,NA,NA,NA,NA,NA,"NB35-01-02-LMA-COGR",32,38,0,38,"OF",NA,NA,"",""
"866","NB","35","NB35",NA,1,"NB35-01",NA,NA,"LMA",2021,NA,NA,2,"NB35-01-02-LMA",NA,NA,NA,NA,NA,NA,NA,NA,"SOSP","Song Sparrow",NA,NA,NA,NA,NA,NA,NA,NA,NA,NA,NA,NA,NA,NA,NA,"NB35-01-02-LMA-SOSP",1,1,0,1,"",NA,NA,"",""
"867","NB","35","NB35",NA,1,"NB35-01",NA,NA,"LMA",2021,NA,NA,2,"NB35-01-02-LMA",NA,NA,NA,NA,NA,NA,NA,NA,"AMCR","American Crow",NA,NA,NA,NA,NA,NA,NA,NA,NA,NA,NA,NA,NA,NA,NA,"NB35-01-02-LMA-AMCR",1,1,0,1,"",NA,NA,"",""
"868","NB","35","NB35",NA,1,"NB35-01",NA,NA,"LMA",2021,NA,NA,2,"NB35-01-02-LMA",NA,NA,NA,NA,NA,NA,NA,NA,"AMCR","American Crow",NA,NA,NA,NA,NA,NA,NA,NA,NA,NA,NA,NA,NA,NA,NA,"NB35-01-02-LMA-AMCR",0,2,0,2,"OF",NA,NA,"",""
"869","NB","35","NB35",NA,1,"NB35-01",NA,NA,"LMA",2021,NA,NA,2,"NB35-01-02-LMA",NA,NA,NA,NA,NA,NA,NA,NA,"CORA","Common Raven",NA,NA,NA,NA,NA,NA,NA,NA,NA,NA,NA,NA,NA,NA,NA,"NB35-01-02-LMA-CORA",0,1,0,1,"OF",NA,NA,"",""
"870","NB","35","NB35",NA,1,"NB35-01",NA,NA,"LMA",2021,NA,NA,2,"NB35-01-02-LMA",NA,NA,NA,NA,NA,NA,NA,NA,"COGR","Common Grackle",NA,NA,NA,NA,NA,NA,NA,NA,NA,NA,NA,NA,NA,NA,NA,"NB35-01-02-LMA-COGR",0,5,0,5,"",NA,NA,"",""
"871","NB","35","NB35","Beaubassin",1,"NB35-01",NA,NA,"LEB",2021,7,13,2,"NB35-01-02-LEB","5:36",2,11,0,"3",NA,"3","Y","CORA","Common Raven",NA,NA,NA,NA,NA,NA,NA,NA,NA,NA,NA,NA,NA,NA,NA,"NB35-01-02-LEB-CORA",0,1,0,1,"",NA,NA,"",""
"872","NB","35","NB35","Beaubassin",2,"NB35-02",NA,NA,"LEB",2021,7,13,2,"NB35-02-02-LEB","6:09",1,12,0,"1","E","4","Y","SWSP","Swamp Sparrow",NA,NA,NA,NA,NA,NA,NA,NA,NA,NA,NA,NA,NA,NA,NA,"NB35-02-02-LEB-SWSP",4,3,4,4,"",NA,NA,"",""
"873","NB","35","NB35","Beaubassin",2,"NB35-02",NA,NA,"LEB",2021,7,13,2,"NB35-02-02-LEB","6:09",1,12,0,"1","E","4","Y","COYE","Common Yellowthroat",NA,NA,NA,NA,NA,NA,NA,NA,NA,NA,NA,NA,NA,NA,NA,"NB35-02-02-LEB-COYE",1,1,1,1,"",NA,NA,"",""
"874","NB","35","NB35","Beaubassin",2,"NB35-02",NA,NA,"LEB",2021,7,13,2,"NB35-02-02-LEB","6:09",1,12,0,"1","E","4","Y","RWBL","Red-winged Blackbird",NA,NA,NA,NA,NA,NA,NA,NA,NA,NA,NA,NA,NA,NA,NA,"NB35-02-02-LEB-RWBL",4,3,3,4,"",NA,NA,"",""
"875","NB","35","NB35","Beaubassin",2,"NB35-02",NA,NA,"LEB",2021,7,13,2,"NB35-02-02-LEB","6:09",1,12,0,"1","E","4","Y","EUST","European Starling",NA,NA,NA,NA,NA,NA,NA,NA,NA,NA,NA,NA,NA,NA,NA,"NB35-02-02-LEB-EUST",3,0,0,3,"OF",NA,NA,"",""
"876","NB","35","NB35","Beaubassin",2,"NB35-02",NA,NA,"LEB",2021,7,13,2,"NB35-02-02-LEB","6:09",1,12,0,"1","E","4","Y","YEWA","Northern Yellow Warbler",NA,NA,NA,NA,NA,NA,NA,NA,NA,NA,NA,NA,NA,NA,NA,"NB35-02-02-LEB-YEWA",1,2,1,2,"",NA,NA,"",""
"877","NB","35","NB35","Beaubassin",2,"NB35-02",NA,NA,"LEB",2021,7,13,2,"NB35-02-02-LEB","6:09",1,12,0,"1","E","4","Y","AGOL","American Goldfinch",NA,NA,NA,NA,NA,NA,NA,NA,NA,NA,NA,NA,NA,NA,NA,"NB35-02-02-LEB-AMGO",0,1,0,1,"OF",NA,NA,"",""
"878","NB","35","NB35","Beaubassin",2,"NB35-02",NA,NA,"LEB",2021,7,13,2,"NB35-02-02-LEB","6:09",1,12,0,"1","E","4","Y","TRES","Tree Swallow",NA,NA,NA,NA,NA,NA,NA,NA,NA,NA,NA,NA,NA,NA,NA,"NB35-02-02-LEB-TRES",0,1,0,1,"AF",NA,NA,"",""
"879","NB","35","NB35","Beaubassin",2,"NB35-02",NA,NA,"LEB",2021,7,13,2,"NB35-02-02-LEB","6:09",1,12,0,"1","E","4","Y","SOSP","Song Sparrow",NA,NA,NA,NA,NA,NA,NA,NA,NA,NA,NA,NA,NA,NA,NA,"NB35-02-02-LEB-SOSP",0,0,1,1,"",NA,NA,"",""
"880","NB","35","NB35","Beaubassin",3,"NB35-03",NA,NA,"LEB",2021,7,13,2,"NB35-03-02-LEB","6:37",1,12,0,"1","E","4","Y","WODU","Wood Duck",NA,NA,NA,NA,NA,NA,NA,NA,NA,NA,NA,NA,NA,NA,NA,"NB35-03-02-LEB-WODU",1,0,0,1,"",1,NA,"","Flushed"
"881","NB","35","NB35","Beaubassin",3,"NB35-03",NA,NA,"LEB",2021,7,13,2,"NB35-03-02-LEB","6:37",1,12,0,"1","E","4","Y","RNDU","Ring-necked Duck",NA,NA,NA,NA,NA,NA,NA,NA,NA,NA,NA,NA,NA,NA,NA,"NB35-03-02-LEB-RNDU",3,2,0,3,"",1,2,"","Flushed"
"882","NB","35","NB35","Beaubassin",3,"NB35-03",NA,NA,"LEB",2021,7,13,2,"NB35-03-02-LEB","6:37",1,12,0,"1","E","4","Y","MALL","Mallard",NA,NA,NA,NA,NA,NA,NA,NA,NA,NA,NA,NA,NA,NA,NA,"NB35-03-02-LEB-MALL",2,0,0,2,"",2,NA,"","Flushed"
"883","NB","35","NB35","Beaubassin",3,"NB35-03",NA,NA,"LEB",2021,7,13,2,"NB35-03-02-LEB","6:37",1,12,0,"1","E","4","Y","RWBL","Red-winged Blackbird",NA,NA,NA,NA,NA,NA,NA,NA,NA,NA,NA,NA,NA,NA,NA,"NB35-03-02-LEB-RWBL",6,6,3,6,"",NA,NA,"",""
"884","NB","35","NB35","Beaubassin",3,"NB35-03",NA,NA,"LEB",2021,7,13,2,"NB35-03-02-LEB","6:37",1,12,0,"1","E","4","Y","SWSP","Swamp Sparrow",NA,NA,NA,NA,NA,NA,NA,NA,NA,NA,NA,NA,NA,NA,NA,"NB35-03-02-LEB-SWSP",2,3,2,3,"",NA,NA,"",""
"885","NB","35","NB35","Beaubassin",3,"NB35-03",NA,NA,"LEB",2021,7,13,2,"NB35-03-02-LEB","6:37",1,12,0,"1","E","4","Y","AMCR","American Crow",NA,NA,NA,NA,NA,NA,NA,NA,NA,NA,NA,NA,NA,NA,NA,"NB35-03-02-LEB-AMCR",1,1,1,1,"",NA,NA,"",""
"886","NB","35","NB35","Beaubassin",3,"NB35-03",NA,NA,"LEB",2021,7,13,2,"NB35-03-02-LEB","6:37",1,12,0,"1","E","4","Y","SOSP","Song Sparrow",NA,NA,NA,NA,NA,NA,NA,NA,NA,NA,NA,NA,NA,NA,NA,"NB35-03-02-LEB-SOSP",1,0,0,1,"",NA,NA,"",""
"887","NB","35","NB35","Beaubassin",3,"NB35-03",NA,NA,"LEB",2021,7,13,2,"NB35-03-02-LEB","6:37",1,12,0,"1","E","4","Y","MALL","Mallard",NA,NA,NA,NA,NA,NA,NA,NA,NA,NA,NA,NA,NA,NA,NA,"NB35-03-02-LEB-MALL",0,1,0,1,"OF",NA,NA,"",""
"888","NB","35","NB35","Beaubassin",4,"NB35-04",NA,NA,"LEB",2021,7,13,2,"NB35-04-02-LEB","7:09",0,12,0,"1","E","3","Y","SWSP","Swamp Sparrow",NA,NA,NA,NA,NA,NA,NA,NA,NA,NA,NA,NA,NA,NA,NA,"NB35-04-02-LEB-SWSP",3,2,2,3,"",NA,NA,"",""
"889","NB","35","NB35","Beaubassin",4,"NB35-04",NA,NA,"LEB",2021,7,13,2,"NB35-04-02-LEB","7:09",0,12,0,"1","E","3","Y","WODU","Wood Duck",NA,NA,NA,NA,NA,NA,NA,NA,NA,NA,NA,NA,NA,NA,NA,"NB35-04-02-LEB-WODU",3,0,0,3,"",NA,NA,"",""
"890","NB","35","NB35","Beaubassin",4,"NB35-04",NA,NA,"LEB",2021,7,13,2,"NB35-04-02-LEB","7:09",0,12,0,"1","E","3","Y","MALL","Mallard",NA,NA,NA,NA,NA,NA,NA,NA,NA,NA,NA,NA,NA,NA,NA,"NB35-04-02-LEB-MALL",5,0,0,5,"",NA,NA,"",""
"891","NB","35","NB35","Beaubassin",4,"NB35-04",NA,NA,"LEB",2021,7,13,2,"NB35-04-02-LEB","7:09",0,12,0,"1","E","3","Y","RWBL","Red-winged Blackbird",NA,NA,NA,NA,NA,NA,NA,NA,NA,NA,NA,NA,NA,NA,NA,"NB35-04-02-LEB-RWBL",3,3,0,3,"OF",NA,NA,"",""
"892","NB","35","NB35","Beaubassin",4,"NB35-04",NA,NA,"LEB",2021,7,13,2,"NB35-04-02-LEB","7:09",0,12,0,"1","E","3","Y","AGOL","American Goldfinch",NA,NA,NA,NA,NA,NA,NA,NA,NA,NA,NA,NA,NA,NA,NA,"NB35-04-02-LEB-AMGO",1,0,0,1,"OF",NA,NA,"",""
"893","NB","35","NB35","Beaubassin",4,"NB35-04",NA,NA,"LEB",2021,7,13,2,"NB35-04-02-LEB","7:09",0,12,0,"1","E","3","Y","BAEA","Bald Eagle",NA,NA,NA,NA,NA,NA,NA,NA,NA,NA,NA,NA,NA,NA,NA,"NB35-04-02-LEB-BAEA",1,0,0,1,"OF",NA,NA,"",""
"894","NB","35","NB35","Beaubassin",4,"NB35-04",NA,NA,"LEB",2021,7,13,2,"NB35-04-02-LEB","7:09",0,12,0,"1","E","3","Y","SAVS","Savannah Sparrow",NA,NA,NA,NA,NA,NA,NA,NA,NA,NA,NA,NA,NA,NA,NA,"NB35-04-02-LEB-SAVS",1,0,0,1,"",NA,NA,"",""
"895","NB","35","NB35","Beaubassin",4,"NB35-04",NA,NA,"LEB",2021,7,13,2,"NB35-04-02-LEB","7:09",0,12,0,"1","E","3","Y","ABDU","American Black Duck",NA,NA,NA,NA,NA,NA,NA,NA,NA,NA,NA,NA,NA,NA,NA,"NB35-04-02-LEB-ABDU",0,2,0,2,"OF",NA,NA,"",""
"896","NB","35","NB35","Beaubassin",5,"NB35-05",NA,NA,"LEB",2021,7,13,2,"NB35-05-02-LEB","7:46",0,13,0,"1","E","2","Y","SWSP","Swamp Sparrow",NA,NA,NA,NA,NA,NA,NA,NA,NA,NA,NA,NA,NA,NA,NA,"NB35-05-02-LEB-SWSP",1,1,1,1,"",NA,NA,"",""
"897","NB","35","NB35","Beaubassin",5,"NB35-05",NA,NA,"LEB",2021,7,13,2,"NB35-05-02-LEB","7:46",0,13,0,"1","E","2","Y","SAVS","Savannah Sparrow",NA,NA,NA,NA,NA,NA,NA,NA,NA,NA,NA,NA,NA,NA,NA,"NB35-05-02-LEB-SAVS",1,1,0,1,"",NA,NA,"",""
"898","NB","35","NB35","Beaubassin",5,"NB35-05",NA,NA,"LEB",2021,7,13,2,"NB35-05-02-LEB","7:46",0,13,0,"1","E","2","Y","LESA","Least Sandpiper",NA,NA,NA,NA,NA,NA,NA,NA,NA,NA,NA,NA,NA,NA,NA,"NB35-05-02-LEB-LESA",1,0,0,1,"",NA,NA,"",""
"899","NB","35","NB35","Beaubassin",5,"NB35-05",NA,NA,"LEB",2021,7,13,2,"NB35-05-02-LEB","7:46",0,13,0,"1","E","2","Y","GRYE","Greater Yellowlegs",NA,NA,NA,NA,NA,NA,NA,NA,NA,NA,NA,NA,NA,NA,NA,"NB35-05-02-LEB-GRYE",1,2,0,2,"",NA,NA,"",""
"900","NB","35","NB35","Beaubassin",5,"NB35-05",NA,NA,"LEB",2021,7,13,2,"NB35-05-02-LEB","7:46",0,13,0,"1","E","2","Y","ABDU","American Black Duck",NA,NA,NA,NA,NA,NA,NA,NA,NA,NA,NA,NA,NA,NA,NA,"NB35-05-02-LEB-ABDU",0,2,2,2,"",NA,NA,"",""
"901","NB","35","NB35","Beaubassin",6,"NB35-06",NA,NA,"LEB",2021,7,13,2,"NB35-06-02-LEB","8:06",0,12,0,"2","SE","1","Y","SWSP","Swamp Sparrow",NA,NA,NA,NA,NA,NA,NA,NA,NA,NA,NA,NA,NA,NA,NA,"NB35-06-02-LEB-SWSP",1,1,1,1,"",NA,NA,"",""
"902","NB","35","NB35","Beaubassin",6,"NB35-06",NA,NA,"LEB",2021,7,13,2,"NB35-06-02-LEB","8:06",0,12,0,"2","SE","1","Y","SAVS","Savannah Sparrow",NA,NA,NA,NA,NA,NA,NA,NA,NA,NA,NA,NA,NA,NA,NA,"NB35-06-02-LEB-SAVS",3,3,3,3,"",NA,NA,"",""
"903","NB","35","NB35","Beaubassin",6,"NB35-06",NA,NA,"LEB",2021,7,13,2,"NB35-06-02-LEB","8:06",0,12,0,"2","SE","1","Y","MALL","Mallard",NA,NA,NA,NA,NA,NA,NA,NA,NA,NA,NA,NA,NA,NA,NA,"NB35-06-02-LEB-MALL",1,1,1,1,"",NA,1,"",""
"904","NB","35","NB35","Beaubassin",6,"NB35-06",NA,NA,"LEB",2021,7,13,2,"NB35-06-02-LEB","8:06",0,12,0,"2","SE","1","Y","AMWI","American Wigeon",NA,NA,NA,NA,NA,NA,NA,NA,NA,NA,NA,NA,NA,NA,NA,"NB35-06-02-LEB-AMWI",2,2,2,2,"",NA,2,"",""
"905","NB","35","NB35","Beaubassin",6,"NB35-06",NA,NA,"LEB",2021,7,13,2,"NB35-06-02-LEB","8:06",0,12,0,"2","SE","1","Y","SOSP","Song Sparrow",NA,NA,NA,NA,NA,NA,NA,NA,NA,NA,NA,NA,NA,NA,NA,"NB35-06-02-LEB-SOSP",4,1,1,4,"",NA,NA,"",""
"906","NB","35","NB35","Beaubassin",6,"NB35-06",NA,NA,"LEB",2021,7,13,2,"NB35-06-02-LEB","8:06",0,12,0,"2","SE","1","Y","RWBL","Red-winged Blackbird",NA,NA,NA,NA,NA,NA,NA,NA,NA,NA,NA,NA,NA,NA,NA,"NB35-06-02-LEB-RWBL",1,1,0,1,"OF",NA,NA,"",""
"907","NB","35","NB35","Beaubassin",6,"NB35-06",NA,NA,"LEB",2021,7,13,2,"NB35-06-02-LEB","8:06",0,12,0,"2","SE","1","Y","COYE","Common Yellowthroat",NA,NA,NA,NA,NA,NA,NA,NA,NA,NA,NA,NA,NA,NA,NA,"NB35-06-02-LEB-COYE",0,1,1,1,"",NA,NA,"",""
"908","NB","35","NB35","Beaubassin",7,"NB35-07",NA,NA,"LEB",2021,7,13,2,"NB35-07-02-LEB","9:11",1,19,0,"2","S","1","Y","BAEA","Bald Eagle",NA,NA,NA,NA,NA,NA,NA,NA,NA,NA,NA,NA,NA,NA,NA,"NB35-07-02-LEB-BAEA",1,0,0,1,"",NA,NA,"",""
"909","NB","35","NB35","Beaubassin",7,"NB35-07",NA,NA,"LEB",2021,7,13,2,"NB35-07-02-LEB","9:11",1,19,0,"2","S","1","Y","SWSP","Swamp Sparrow",NA,NA,NA,NA,NA,NA,NA,NA,NA,NA,NA,NA,NA,NA,NA,"NB35-07-02-LEB-SWSP",1,1,0,1,"",NA,NA,"",""
"910","NB","35","NB35","Beaubassin",7,"NB35-07",NA,NA,"LEB",2021,7,13,2,"NB35-07-02-LEB","9:11",1,19,0,"2","S","1","Y","SAVS","Savannah Sparrow",NA,NA,NA,NA,NA,NA,NA,NA,NA,NA,NA,NA,NA,NA,NA,"NB35-07-02-LEB-SAVS",1,0,0,1,"",NA,NA,"",""
"911","NB","35","NB35","Beaubassin",7,"NB35-07",NA,NA,"LEB",2021,7,13,2,"NB35-07-02-LEB","9:11",1,19,0,"2","S","1","Y","SWSP","Swamp Sparrow",NA,NA,NA,NA,NA,NA,NA,NA,NA,NA,NA,NA,NA,NA,NA,"NB35-07-02-LEB-SWSP",1,1,0,1,"",NA,NA,"",""
"912","NB","35","NB35","Beaubassin",7,"NB35-07",NA,NA,"LEB",2021,7,13,2,"NB35-07-02-LEB","9:11",1,19,0,"2","S","1","Y","RWBL","Red-winged Blackbird",NA,NA,NA,NA,NA,NA,NA,NA,NA,NA,NA,NA,NA,NA,NA,"NB35-07-02-LEB-RWBL",0,1,1,1,"",NA,NA,"",""
"913","NB","37","NB37","Westcock",1,"NB37-01",NA,NA,"LMA",2021,7,13,2,"NB37-01-02-LMA","5:15",2,11,0,"0",NA,"1","Y","SOSP","Song Sparrow",NA,NA,NA,NA,NA,NA,NA,NA,NA,NA,NA,NA,NA,NA,NA,"NB37-01-02-LMA-SOSP",1,1,2,2,"",NA,NA,"",""
"914","NB","37","NB37","Westcock",1,"NB37-01",NA,NA,"LMA",2021,7,13,2,"NB37-01-02-LMA","5:15",2,11,0,"0",NA,"1","Y","SAVS","Savannah Sparrow",NA,NA,NA,NA,NA,NA,NA,NA,NA,NA,NA,NA,NA,NA,NA,"NB37-01-02-LMA-SAVS",1,2,1,2,"",NA,NA,"",""
"915","NB","37","NB37","Westcock",1,"NB37-01",NA,NA,"LMA",2021,7,13,2,"NB37-01-02-LMA","5:15",2,11,0,"0",NA,"1","Y","GBHE","Great Blue Heron",NA,NA,NA,NA,NA,NA,NA,NA,NA,NA,NA,NA,NA,NA,NA,"NB37-01-02-LMA-GBHE",1,0,0,1,"",NA,NA,"","Flushed"
"916","NB","37","NB37","Westcock",1,"NB37-01",NA,NA,"LMA",2021,7,13,2,"NB37-01-02-LMA","5:15",2,11,0,"0",NA,"1","Y","AMCR","American Crow",NA,NA,NA,NA,NA,NA,NA,NA,NA,NA,NA,NA,NA,NA,NA,"NB37-01-02-LMA-AMCR",0,2,0,2,"",NA,NA,"",""
"917","NB","37","NB37","Westcock",1,"NB37-01",NA,NA,"LMA",2021,7,13,2,"NB37-01-02-LMA","5:15",2,11,0,"0",NA,"1","Y","SWSP","Swamp Sparrow",NA,NA,NA,NA,NA,NA,NA,NA,NA,NA,NA,NA,NA,NA,NA,"NB37-01-02-LMA-SWSP",0,1,0,1,"",NA,NA,"",""
"918","NB","37","NB37","Westcock",2,"NB37-02",NA,NA,"LMA",2021,7,13,2,"NB37-02-02-LMA","5:46",2,NA,0,"0",NA,"1","Y","SAVS","Savannah Sparrow",NA,NA,NA,NA,NA,NA,NA,NA,NA,NA,NA,NA,NA,NA,NA,"NB37-02-02-LMA-SAVS",3,2,2,3,"",NA,NA,"",""
"919","NB","37","NB37","Westcock",2,"NB37-02",NA,NA,"LMA",2021,7,13,2,"NB37-02-02-LMA","5:46",2,NA,0,"0",NA,"1","Y","BOBO","Bobolink",NA,NA,NA,NA,NA,NA,NA,NA,NA,NA,NA,NA,NA,NA,NA,"NB37-02-02-LMA-BOBO",1,0,2,2,"",NA,NA,"",""
"920","NB","37","NB37","Westcock",2,"NB37-02",NA,NA,"LMA",2021,7,13,2,"NB37-02-02-LMA","5:46",2,NA,0,"0",NA,"1","Y","AMCR","American Crow",NA,NA,NA,NA,NA,NA,NA,NA,NA,NA,NA,NA,NA,NA,NA,"NB37-02-02-LMA-AMCR",0,1,0,1,"",NA,NA,"",""
"921","NB","37","NB37","Westcock",2,"NB37-02",NA,NA,"LMA",2021,7,13,2,"NB37-02-02-LMA","5:46",2,NA,0,"0",NA,"1","Y","SOSP","Song Sparrow",NA,NA,NA,NA,NA,NA,NA,NA,NA,NA,NA,NA,NA,NA,NA,"NB37-02-02-LMA-SOSP",0,0,1,1,"",NA,NA,"",""
"922","NB","37","NB37","Westcock",3,"NB37-03",NA,NA,"LMA",2021,7,13,2,"NB37-03-02-LMA","6:08",1,NA,0,"0",NA,"1","Y","SAVS","Savannah Sparrow",NA,NA,NA,NA,NA,NA,NA,NA,NA,NA,NA,NA,NA,NA,NA,"NB37-03-02-LMA-SAVS",5,4,4,5,"",NA,NA,"",""
"923","NB","37","NB37","Westcock",3,"NB37-03",NA,NA,"LMA",2021,7,13,2,"NB37-03-02-LMA","6:08",1,NA,0,"0",NA,"1","Y","SOSP","Song Sparrow",NA,NA,NA,NA,NA,NA,NA,NA,NA,NA,NA,NA,NA,NA,NA,"NB37-03-02-LMA-SOSP",1,0,0,1,"",NA,NA,"",""
"924","NB","37","NB37","Westcock",3,"NB37-03",NA,NA,"LMA",2021,7,13,2,"NB37-03-02-LMA","6:08",1,NA,0,"0",NA,"1","Y","ABDU","American Black Duck",NA,NA,NA,NA,NA,NA,NA,NA,NA,NA,NA,NA,NA,NA,NA,"NB37-03-02-LMA-ABDU",0,1,0,1,"OF",NA,NA,"",""
"925","NB","37","NB37","Westcock",4,"NB37-04",NA,NA,"LMA",2021,7,13,2,"NB37-04-02-LMA","6:32",0,NA,0,"0",NA,"1","Y","SAVS","Savannah Sparrow",NA,NA,NA,NA,NA,NA,NA,NA,NA,NA,NA,NA,NA,NA,NA,"NB37-04-02-LMA-SAVS",3,2,3,3,"",NA,NA,"",""
"926","NB","37","NB37","Westcock",4,"NB37-04",NA,NA,"LMA",2021,7,13,2,"NB37-04-02-LMA","6:32",0,NA,0,"0",NA,"1","Y","SOSP","Song Sparrow",NA,NA,NA,NA,NA,NA,NA,NA,NA,NA,NA,NA,NA,NA,NA,"NB37-04-02-LMA-SOSP",0,0,1,1,"",NA,NA,"",""
"927","NB","37","NB37","Westcock",5,"NB37-05",NA,NA,"LMA",2021,7,13,2,"NB37-05-02-LMA","6:57",0,NA,0,"0",NA,"2","Y","SAVS","Savannah Sparrow",NA,NA,NA,NA,NA,NA,NA,NA,NA,NA,NA,NA,NA,NA,NA,"NB37-05-02-LMA-SAVS",4,3,3,4,"",NA,NA,"",""
"928","NB","37","NB37","Westcock",5,"NB37-05",NA,NA,"LMA",2021,7,13,2,"NB37-05-02-LMA","6:57",0,NA,0,"0",NA,"2","Y","BOBO","Bobolink",NA,NA,NA,NA,NA,NA,NA,NA,NA,NA,NA,NA,NA,NA,NA,"NB37-05-02-LMA-BOBO",1,0,1,1,"",NA,NA,"",""
"929","NB","37","NB37","Westcock",5,"NB37-05",NA,NA,"LMA",2021,7,13,2,"NB37-05-02-LMA","6:57",0,NA,0,"0",NA,"2","Y","SOSP","Song Sparrow",NA,NA,NA,NA,NA,NA,NA,NA,NA,NA,NA,NA,NA,NA,NA,"NB37-05-02-LMA-SOSP",1,0,1,1,"",NA,NA,"",""
"930","NB","37","NB37","Westcock",6,"NB37-06",NA,NA,"LMA",2021,7,13,2,"NB37-06-02-LMA","7:22",0,NA,0,"0",NA,"1","Y","SAVS","Savannah Sparrow",NA,NA,NA,NA,NA,NA,NA,NA,NA,NA,NA,NA,NA,NA,NA,"NB37-06-02-LMA-SAVS",2,1,1,2,"",NA,NA,"",""
"931","NB","37","NB37","Westcock",6,"NB37-06",NA,NA,"LMA",2021,7,13,2,"NB37-06-02-LMA","7:22",0,NA,0,"0",NA,"1","Y","BOBO","Bobolink",NA,NA,NA,NA,NA,NA,NA,NA,NA,NA,NA,NA,NA,NA,NA,"NB37-06-02-LMA-BOBO",2,9,9,9,"",NA,NA,"",""
"932","NB","37","NB37","Westcock",7,"NB37-07",NA,NA,"LMA",2021,7,13,2,"NB37-07-02-LMA","7:50",0,NA,0,"2","W","1","Y","SAVS","Savannah Sparrow",NA,NA,NA,NA,NA,NA,NA,NA,NA,NA,NA,NA,NA,NA,NA,"NB37-07-02-LMA-SAVS",2,2,2,2,"",NA,NA,"",""
"933","NB","37","NB37","Westcock",7,"NB37-07",NA,NA,"LMA",2021,7,13,2,"NB37-07-02-LMA","7:50",0,NA,0,"2","W","1","Y","AMCR","American Crow",NA,NA,NA,NA,NA,NA,NA,NA,NA,NA,NA,NA,NA,NA,NA,"NB37-07-02-LMA-AMCR",0,2,0,2,"",NA,NA,"",""
"934","NB","37","NB37","Westcock",8,"NB37-08",NA,NA,"LMA",2021,7,13,2,"NB37-08-02-LMA","8:17",0,NA,0,"2","W","1","Y","AMCR","American Crow",NA,NA,NA,NA,NA,NA,NA,NA,NA,NA,NA,NA,NA,NA,NA,"NB37-08-02-LMA-AMCR",2,0,0,2,"",NA,NA,"",""
"935","NB","37","NB37","Westcock",8,"NB37-08",NA,NA,"LMA",2021,7,13,2,"NB37-08-02-LMA","8:17",0,NA,0,"2","W","1","Y","SAVS","Savannah Sparrow",NA,NA,NA,NA,NA,NA,NA,NA,NA,NA,NA,NA,NA,NA,NA,"NB37-08-02-LMA-SAVS",0,1,1,1,"",NA,NA,"",""
"936","NB","37","NB37","Westcock",9,"NB37-09",NA,NA,"LMA",2021,7,13,2,"NB37-09-02-LMA","8:42",0,NA,0,"1","NW","1","Y","SOSP","Song Sparrow",NA,NA,NA,NA,NA,NA,NA,NA,NA,NA,NA,NA,NA,NA,NA,"NB37-09-02-LMA-SOSP",1,1,1,1,"",NA,NA,"",""
"937","NB","37","NB37","Westcock",9,"NB37-09",NA,NA,"LMA",2021,7,13,2,"NB37-09-02-LMA","8:42",0,NA,0,"1","NW","1","Y","SAVS","Savannah Sparrow",NA,NA,NA,NA,NA,NA,NA,NA,NA,NA,NA,NA,NA,NA,NA,"NB37-09-02-LMA-SAVS",1,1,1,1,"",NA,NA,"",""
"938","NB","37","NB37","Westcock",9,"NB37-09",NA,NA,"LMA",2021,7,13,2,"NB37-09-02-LMA","8:42",0,NA,0,"1","NW","1","Y","BOBO","Bobolink",NA,NA,NA,NA,NA,NA,NA,NA,NA,NA,NA,NA,NA,NA,NA,"NB37-09-02-LMA-BOBO",0,2,3,3,"",NA,NA,"",""
"939","NB","37","NB37","Westcock",10,"NB37-10",NA,NA,"LMA",2021,7,13,2,"NB37-10-02-LMA","9:05",0,NA,0,"1","var","1","Y","BOBO","Bobolink",NA,NA,NA,NA,NA,NA,NA,NA,NA,NA,NA,NA,NA,NA,NA,"NB37-10-02-LMA-BOBO",2,2,1,2,"",NA,NA,"",""
"940","NB","37","NB37","Westcock",10,"NB37-10",NA,NA,"LMA",2021,7,13,2,"NB37-10-02-LMA","9:05",0,NA,0,"1","var","1","Y","SAVS","Savannah Sparrow",NA,NA,NA,NA,NA,NA,NA,NA,NA,NA,NA,NA,NA,NA,NA,"NB37-10-02-LMA-SAVS",2,2,2,2,"",NA,NA,"",""
"941","NB","37","NB37","Westcock",10,"NB37-10",NA,NA,"LMA",2021,7,13,2,"NB37-10-02-LMA","9:05",0,NA,0,"1","var","1","Y","SOSP","Song Sparrow",NA,NA,NA,NA,NA,NA,NA,NA,NA,NA,NA,NA,NA,NA,NA,"NB37-10-02-LMA-SOSP",0,1,1,1,"",NA,NA,"",""
"942","NS","03","NS03","Eddy Marsh",1,"NS03-01",NA,NA,"ZAW",2021,6,25,1,"NS03-01-01-ZAW","4:58",1,10,1,"2","S","2","Y","RNDU","Ring-necked Duck",NA,NA,NA,NA,NA,NA,NA,NA,NA,NA,NA,NA,NA,NA,NA,"NS03-01-01-ZAW-RNDU",2,0,0,2,"",2,NA,"",""
"943","NS","03","NS03","Eddy Marsh",1,"NS03-01",NA,NA,"ZAW",2021,6,25,1,"NS03-01-01-ZAW","4:58",1,10,1,"2","S","2","Y","BWTE","Blue-winged Teal",NA,NA,NA,NA,NA,NA,NA,NA,NA,NA,NA,NA,NA,NA,NA,"NS03-01-01-ZAW-BWTE",1,0,0,1,"OF",1,NA,"",""
"944","NS","03","NS03","Eddy Marsh",1,"NS03-01",NA,NA,"ZAW",2021,6,25,1,"NS03-01-01-ZAW","4:58",1,10,1,"2","S","2","Y","WODU","Wood Duck",NA,NA,NA,NA,NA,NA,NA,NA,NA,NA,NA,NA,NA,NA,NA,"NS03-01-01-ZAW-WODU",2,0,0,2,"",2,NA,"",""
"945","NS","03","NS03","Eddy Marsh",1,"NS03-01",NA,NA,"ZAW",2021,6,25,1,"NS03-01-01-ZAW","4:58",1,10,1,"2","S","2","Y","SWSP","Swamp Sparrow",NA,NA,NA,NA,NA,NA,NA,NA,NA,NA,NA,NA,NA,NA,NA,"NS03-01-01-ZAW-SWSP",2,1,0,2,"",NA,NA,"",""
"946","NS","03","NS03","Eddy Marsh",1,"NS03-01",NA,NA,"ZAW",2021,6,25,1,"NS03-01-01-ZAW","4:58",1,10,1,"2","S","2","Y","YEWA","Northern Yellow Warbler",NA,NA,NA,NA,NA,NA,NA,NA,NA,NA,NA,NA,NA,NA,NA,"NS03-01-01-ZAW-YEWA",1,0,1,1,"",NA,NA,"",""
"947","NS","03","NS03","Eddy Marsh",1,"NS03-01",NA,NA,"ZAW",2021,6,25,1,"NS03-01-01-ZAW","4:58",1,10,1,"2","S","2","Y","MALL","Mallard",NA,NA,NA,NA,NA,NA,NA,NA,NA,NA,NA,NA,NA,NA,NA,"NS03-01-01-ZAW-MALL",0,0,1,1,"",NA,NA,"",""
"948","NS","03","NS03","Eddy Marsh",2,"NS03-02",NA,NA,"ZAW",2021,6,25,1,"NS03-02-01-ZAW","5:21",2,10,1,"2","S","2","Y","RWBL","Red-winged Blackbird",NA,NA,NA,NA,NA,NA,NA,NA,NA,NA,NA,NA,NA,NA,NA,"NS03-02-01-ZAW-RWBL",2,3,4,4,"",NA,NA,"",""
"949","NS","03","NS03","Eddy Marsh",2,"NS03-02",NA,NA,"ZAW",2021,6,25,1,"NS03-02-01-ZAW","5:21",2,10,1,"2","S","2","Y","YEWA","Northern Yellow Warbler",NA,NA,NA,NA,NA,NA,NA,NA,NA,NA,NA,NA,NA,NA,NA,"NS03-02-01-ZAW-YEWA",1,2,2,2,"",NA,NA,"",""
"950","NS","03","NS03","Eddy Marsh",2,"NS03-02",NA,NA,"ZAW",2021,6,25,1,"NS03-02-01-ZAW","5:21",2,10,1,"2","S","2","Y","ALFL","Alder Flycatcher",NA,NA,NA,NA,NA,NA,NA,NA,NA,NA,NA,NA,NA,NA,NA,"NS03-02-01-ZAW-ALFL",1,1,1,1,"",NA,NA,"",""
"951","NS","03","NS03","Eddy Marsh",2,"NS03-02",NA,NA,"ZAW",2021,6,25,1,"NS03-02-01-ZAW","5:21",2,10,1,"2","S","2","Y","GRCA","Gray Catbird",NA,NA,NA,NA,NA,NA,NA,NA,NA,NA,NA,NA,NA,NA,NA,"NS03-02-01-ZAW-GRCA",1,1,1,1,"",NA,NA,"",""
"952","NS","03","NS03","Eddy Marsh",2,"NS03-02",NA,NA,"ZAW",2021,6,25,1,"NS03-02-01-ZAW","5:21",2,10,1,"2","S","2","Y","CEDW","Cedar Waxwing",NA,NA,NA,NA,NA,NA,NA,NA,NA,NA,NA,NA,NA,NA,NA,"NS03-02-01-ZAW-CEDW",3,0,4,4,"OF",NA,NA,"","Written as CEWA"
"953","NS","03","NS03","Eddy Marsh",2,"NS03-02",NA,NA,"ZAW",2021,6,25,1,"NS03-02-01-ZAW","5:21",2,10,1,"2","S","2","Y","WODU","Wood Duck",NA,NA,NA,NA,NA,NA,NA,NA,NA,NA,NA,NA,NA,NA,NA,"NS03-02-01-ZAW-WODU",0,2,0,2,"OF",2,NA,"",""
"954","NS","03","NS03","Eddy Marsh",2,"NS03-02",NA,NA,"ZAW",2021,6,25,1,"NS03-02-01-ZAW","5:21",2,10,1,"2","S","2","Y","COYE","Common Yellowthroat",NA,NA,NA,NA,NA,NA,NA,NA,NA,NA,NA,NA,NA,NA,NA,"NS03-02-01-ZAW-COYE",0,0,1,1,"",NA,NA,"",""
"955","NS","03","NS03","Eddy Marsh",3,"NS03-03",NA,NA,"ZAW",2021,6,25,1,"NS03-03-01-ZAW","5:41",2,7,1,"2","S","2","Y","WODU","Wood Duck",NA,NA,NA,NA,NA,NA,NA,NA,NA,NA,NA,NA,NA,NA,NA,"NS03-03-01-ZAW-WODU",4,0,0,4,"OF",4,NA,"",""
"956","NS","03","NS03","Eddy Marsh",3,"NS03-03",NA,NA,"ZAW",2021,6,25,1,"NS03-03-01-ZAW","5:41",2,7,1,"2","S","2","Y","COGR","Common Grackle",NA,NA,NA,NA,NA,NA,NA,NA,NA,NA,NA,NA,NA,NA,NA,"NS03-03-01-ZAW-COGR",2,0,1,2,"OF",NA,NA,"",""
"957","NS","03","NS03","Eddy Marsh",3,"NS03-03",NA,NA,"ZAW",2021,6,25,1,"NS03-03-01-ZAW","5:41",2,7,1,"2","S","2","Y","RWBL","Red-winged Blackbird",NA,NA,NA,NA,NA,NA,NA,NA,NA,NA,NA,NA,NA,NA,NA,"NS03-03-01-ZAW-RWBL",5,6,6,6,"",NA,NA,"",""
"958","NS","03","NS03","Eddy Marsh",3,"NS03-03",NA,NA,"ZAW",2021,6,25,1,"NS03-03-01-ZAW","5:41",2,7,1,"2","S","2","Y","YEWA","Northern Yellow Warbler",NA,NA,NA,NA,NA,NA,NA,NA,NA,NA,NA,NA,NA,NA,NA,"NS03-03-01-ZAW-YEWA",2,2,2,2,"",NA,NA,"",""
"959","NS","03","NS03","Eddy Marsh",3,"NS03-03",NA,NA,"ZAW",2021,6,25,1,"NS03-03-01-ZAW","5:41",2,7,1,"2","S","2","Y","AMRO","American Robin",NA,NA,NA,NA,NA,NA,NA,NA,NA,NA,NA,NA,NA,NA,NA,"NS03-03-01-ZAW-AMRO",2,1,0,2,"",NA,NA,"",""
"960","NS","03","NS03","Eddy Marsh",3,"NS03-03",NA,NA,"ZAW",2021,6,25,1,"NS03-03-01-ZAW","5:41",2,7,1,"2","S","2","Y","COYE","Common Yellowthroat",NA,NA,NA,NA,NA,NA,NA,NA,NA,NA,NA,NA,NA,NA,NA,"NS03-03-01-ZAW-COYE",2,2,1,2,"",NA,NA,"",""
"961","NS","03","NS03","Eddy Marsh",3,"NS03-03",NA,NA,"ZAW",2021,6,25,1,"NS03-03-01-ZAW","5:41",2,7,1,"2","S","2","Y","LEFL","Least Flycatcher",NA,NA,NA,NA,NA,NA,NA,NA,NA,NA,NA,NA,NA,NA,NA,"NS03-03-01-ZAW-LEFL",1,1,1,1,"",NA,NA,"",""
"962","NS","03","NS03","Eddy Marsh",3,"NS03-03",NA,NA,"ZAW",2021,6,25,1,"NS03-03-01-ZAW","5:41",2,7,1,"2","S","2","Y","WISN","Wilson's Snipe",NA,NA,NA,NA,NA,NA,NA,NA,NA,NA,NA,NA,NA,NA,NA,"NS03-03-01-ZAW-WISN",0,2,1,2,"",NA,NA,"",""
"963","NS","03","NS03","Eddy Marsh",3,"NS03-03",NA,NA,"ZAW",2021,6,25,1,"NS03-03-01-ZAW","5:41",2,7,1,"2","S","2","Y","SWSP","Swamp Sparrow",NA,NA,NA,NA,NA,NA,NA,NA,NA,NA,NA,NA,NA,NA,NA,"NS03-03-01-ZAW-SWSP",0,1,1,1,"",NA,NA,"",""
"964","NS","03","NS03","Eddy Marsh",3,"NS03-03",NA,NA,"ZAW",2021,6,25,1,"NS03-03-01-ZAW","5:41",2,7,1,"2","S","2","Y","MALL","Mallard",NA,NA,NA,NA,NA,NA,NA,NA,NA,NA,NA,NA,NA,NA,NA,"NS03-03-01-ZAW-MALL",0,0,3,3,"OF",3,NA,"",""
"965","NS","03","NS03","Eddy Marsh",3,"NS03-03",NA,NA,"ZAW",2021,6,25,1,"NS03-03-01-ZAW","5:41",2,7,1,"2","S","2","Y","RNDU","Ring-necked Duck",NA,NA,NA,NA,NA,NA,NA,NA,NA,NA,NA,NA,NA,NA,NA,"NS03-03-01-ZAW-RNDU",0,0,1,1,"OF",1,NA,"",""
"966","NS","03","NS03","Eddy Marsh",3,"NS03-03",NA,NA,"ZAW",2021,6,25,1,"NS03-03-01-ZAW","5:41",2,7,1,"2","S","2","Y","REVI","Red-eyed Vireo",NA,NA,NA,NA,NA,NA,NA,NA,NA,NA,NA,NA,NA,NA,NA,"NS03-03-01-ZAW-REVI",0,0,1,1,"",NA,NA,"",""
"967","NS","03","NS03","Eddy Marsh",4,"NS03-04",NA,NA,"ZAW",2021,6,25,1,"NS03-04-01-ZAW","6:01",1,10,1,"2","S","2","Y","COYE","Common Yellowthroat",NA,NA,NA,NA,NA,NA,NA,NA,NA,NA,NA,NA,NA,NA,NA,"NS03-04-01-ZAW-COYE",1,1,2,2,"",NA,NA,"",""
"968","NS","03","NS03","Eddy Marsh",4,"NS03-04",NA,NA,"ZAW",2021,6,25,1,"NS03-04-01-ZAW","6:01",1,10,1,"2","S","2","Y","YEWA","Northern Yellow Warbler",NA,NA,NA,NA,NA,NA,NA,NA,NA,NA,NA,NA,NA,NA,NA,"NS03-04-01-ZAW-YEWA",1,3,3,3,"",NA,NA,"",""
"969","NS","03","NS03","Eddy Marsh",4,"NS03-04",NA,NA,"ZAW",2021,6,25,1,"NS03-04-01-ZAW","6:01",1,10,1,"2","S","2","Y","SWSP","Swamp Sparrow",NA,NA,NA,NA,NA,NA,NA,NA,NA,NA,NA,NA,NA,NA,NA,"NS03-04-01-ZAW-SWSP",3,2,3,3,"",NA,NA,"",""
"970","NS","03","NS03","Eddy Marsh",4,"NS03-04",NA,NA,"ZAW",2021,6,25,1,"NS03-04-01-ZAW","6:01",1,10,1,"2","S","2","Y","WODU","Wood Duck",NA,NA,NA,NA,NA,NA,NA,NA,NA,NA,NA,NA,NA,NA,NA,"NS03-04-01-ZAW-WODU",1,1,0,1,"",1,NA,"",""
"971","NS","03","NS03","Eddy Marsh",4,"NS03-04",NA,NA,"ZAW",2021,6,25,1,"NS03-04-01-ZAW","6:01",1,10,1,"2","S","2","Y","RWBL","Red-winged Blackbird",NA,NA,NA,NA,NA,NA,NA,NA,NA,NA,NA,NA,NA,NA,NA,"NS03-04-01-ZAW-RWBL",2,2,2,2,"",NA,NA,"",""
"972","NS","03","NS03","Eddy Marsh",4,"NS03-04",NA,NA,"ZAW",2021,6,25,1,"NS03-04-01-ZAW","6:01",1,10,1,"2","S","2","Y","SOSP","Song Sparrow",NA,NA,NA,NA,NA,NA,NA,NA,NA,NA,NA,NA,NA,NA,NA,"NS03-04-01-ZAW-SOSP",0,1,1,1,"",NA,NA,"",""
"973","NS","03","NS03","Eddy Marsh",4,"NS03-04",NA,NA,"ZAW",2021,6,25,1,"NS03-04-01-ZAW","6:01",1,10,1,"2","S","2","Y","TRES","Tree Swallow",NA,NA,NA,NA,NA,NA,NA,NA,NA,NA,NA,NA,NA,NA,NA,"NS03-04-01-ZAW-TRES",0,0,1,1,"AF",NA,NA,"",""
"974","NS","03","NS03","Eddy Marsh",4,"NS03-04",NA,NA,"ZAW",2021,6,25,1,"NS03-04-01-ZAW","6:01",1,10,1,"2","S","2","Y","CEDW","Cedar Waxwing",NA,NA,NA,NA,NA,NA,NA,NA,NA,NA,NA,NA,NA,NA,NA,"NS03-04-01-ZAW-CEDW",0,0,2,2,"OF",NA,NA,"","Written as CEWA"
"975","NS","03","NS03","Eddy Marsh",4,"NS03-04",NA,NA,"ZAW",2021,6,25,1,"NS03-04-01-ZAW","6:01",1,10,1,"2","S","2","Y","COGR","Common Grackle",NA,NA,NA,NA,NA,NA,NA,NA,NA,NA,NA,NA,NA,NA,NA,"NS03-04-01-ZAW-COGR",0,0,1,1,"OF",NA,NA,"",""
"976","NS","03","NS03","Eddy Marsh",4,"NS03-04",NA,NA,"ZAW",2021,6,25,1,"NS03-04-01-ZAW","6:01",1,10,1,"2","S","2","Y","WISN","Wilson's Snipe",NA,NA,NA,NA,NA,NA,NA,NA,NA,NA,NA,NA,NA,NA,NA,"NS03-04-01-ZAW-WISN",0,0,1,1,"",NA,NA,"",""
"977","NS","03","NS03","Eddy Marsh",5,"NS03-05",NA,NA,"ZAW",2021,6,25,1,"NS03-05-01-ZAW","6:22",2,10,1,"2","S","2","Y","MALL","Mallard",NA,NA,NA,NA,NA,NA,NA,NA,NA,NA,NA,NA,NA,NA,NA,"NS03-05-01-ZAW-MALL",3,0,1,3,"OF",2,1,"",""
"978","NS","03","NS03","Eddy Marsh",5,"NS03-05",NA,NA,"ZAW",2021,6,25,1,"NS03-05-01-ZAW","6:22",2,10,1,"2","S","2","Y","RWBL","Red-winged Blackbird",NA,NA,NA,NA,NA,NA,NA,NA,NA,NA,NA,NA,NA,NA,NA,"NS03-05-01-ZAW-RWBL",6,6,4,6,"",NA,NA,"",""
"979","NS","03","NS03","Eddy Marsh",5,"NS03-05",NA,NA,"ZAW",2021,6,25,1,"NS03-05-01-ZAW","6:22",2,10,1,"2","S","2","Y","SOSP","Song Sparrow",NA,NA,NA,NA,NA,NA,NA,NA,NA,NA,NA,NA,NA,NA,NA,"NS03-05-01-ZAW-SOSP",1,1,1,1,"",NA,NA,"",""
"980","NS","03","NS03","Eddy Marsh",5,"NS03-05",NA,NA,"ZAW",2021,6,25,1,"NS03-05-01-ZAW","6:22",2,10,1,"2","S","2","Y","LEFL","Least Flycatcher",NA,NA,NA,NA,NA,NA,NA,NA,NA,NA,NA,NA,NA,NA,NA,"NS03-05-01-ZAW-LEFL",1,0,1,1,"",NA,NA,"",""
"981","NS","03","NS03","Eddy Marsh",5,"NS03-05",NA,NA,"ZAW",2021,6,25,1,"NS03-05-01-ZAW","6:22",2,10,1,"2","S","2","Y","YEWA","Northern Yellow Warbler",NA,NA,NA,NA,NA,NA,NA,NA,NA,NA,NA,NA,NA,NA,NA,"NS03-05-01-ZAW-YEWA",2,2,2,2,"",NA,NA,"",""
"982","NS","03","NS03","Eddy Marsh",5,"NS03-05",NA,NA,"ZAW",2021,6,25,1,"NS03-05-01-ZAW","6:22",2,10,1,"2","S","2","Y","BEKI","Belted Kingfisher",NA,NA,NA,NA,NA,NA,NA,NA,NA,NA,NA,NA,NA,NA,NA,"NS03-05-01-ZAW-BEKI",1,0,0,1,"",NA,NA,"",""
"983","NS","03","NS03","Eddy Marsh",5,"NS03-05",NA,NA,"ZAW",2021,6,25,1,"NS03-05-01-ZAW","6:22",2,10,1,"2","S","2","Y","WISN","Wilson's Snipe",NA,NA,NA,NA,NA,NA,NA,NA,NA,NA,NA,NA,NA,NA,NA,"NS03-05-01-ZAW-WISN",1,0,0,1,"",NA,NA,"",""
"984","NS","03","NS03","Eddy Marsh",5,"NS03-05",NA,NA,"ZAW",2021,6,25,1,"NS03-05-01-ZAW","6:22",2,10,1,"2","S","2","Y","ROPI","Rock Pigeon",NA,NA,NA,NA,NA,NA,NA,NA,NA,NA,NA,NA,NA,NA,NA,"NS03-05-01-ZAW-ROPI",0,1,0,1,"OF",NA,NA,"",""
"985","NS","03","NS03","Eddy Marsh",5,"NS03-05",NA,NA,"ZAW",2021,6,25,1,"NS03-05-01-ZAW","6:22",2,10,1,"2","S","2","Y","ROPI","Rock Pigeon (Feral Pigeon)",NA,NA,NA,NA,NA,NA,NA,NA,NA,NA,NA,NA,NA,NA,NA,"NS03-05-01-ZAW-ROPI",0,1,0,1,"OF",NA,NA,"",""
"986","NS","03","NS03","Eddy Marsh",5,"NS03-05",NA,NA,"ZAW",2021,6,25,1,"NS03-05-01-ZAW","6:22",2,10,1,"2","S","2","Y","SWSP","Swamp Sparrow",NA,NA,NA,NA,NA,NA,NA,NA,NA,NA,NA,NA,NA,NA,NA,"NS03-05-01-ZAW-SWSP",0,2,1,2,"",NA,NA,"",""
"987","NS","03","NS03","Eddy Marsh",5,"NS03-05",NA,NA,"ZAW",2021,6,25,1,"NS03-05-01-ZAW","6:22",2,10,1,"2","S","2","Y","HOME","Hooded Merganser",NA,NA,NA,NA,NA,NA,NA,NA,NA,NA,NA,NA,NA,NA,NA,"NS03-05-01-ZAW-HOME",0,0,1,1,"OF",NA,NA,"",""
"988","NS","03","NS03","Eddy Marsh",5,"NS03-05",NA,NA,"ZAW",2021,6,25,1,"NS03-05-01-ZAW","6:22",2,10,1,"2","S","2","Y","ALFL","Alder Flycatcher",NA,NA,NA,NA,NA,NA,NA,NA,NA,NA,NA,NA,NA,NA,NA,"NS03-05-01-ZAW-ALFL",0,0,1,1,"",NA,NA,"",""
"989","NS","03","NS03","Eddy Marsh",6,"NS03-06",NA,NA,"ZAW",2021,6,25,1,"NS03-06-01-ZAW","6:46",1,8,0,"2","SW","2","Y","RWBL","Red-winged Blackbird",NA,NA,NA,NA,NA,NA,NA,NA,NA,NA,NA,NA,NA,NA,NA,"NS03-06-01-ZAW-RWBL",6,5,6,6,"",NA,NA,"",""
"990","NS","03","NS03","Eddy Marsh",6,"NS03-06",NA,NA,"ZAW",2021,6,25,1,"NS03-06-01-ZAW","6:46",1,8,0,"2","SW","2","Y","WISN","Wilson's Snipe",NA,NA,NA,NA,NA,NA,NA,NA,NA,NA,NA,NA,NA,NA,NA,"NS03-06-01-ZAW-WISN",1,1,0,1,"",NA,NA,"",""
"991","NS","03","NS03","Eddy Marsh",6,"NS03-06",NA,NA,"ZAW",2021,6,25,1,"NS03-06-01-ZAW","6:46",1,8,0,"2","SW","2","Y","MALL","Mallard",NA,NA,NA,NA,NA,NA,NA,NA,NA,NA,NA,NA,NA,NA,NA,"NS03-06-01-ZAW-MALL",11,3,0,11,"",6,5,"",""
"992","NS","03","NS03","Eddy Marsh",6,"NS03-06",NA,NA,"ZAW",2021,6,25,1,"NS03-06-01-ZAW","6:46",1,8,0,"2","SW","2","Y","CANG","Canada Goose",NA,NA,NA,NA,NA,NA,NA,NA,NA,NA,NA,NA,NA,NA,NA,"NS03-06-01-ZAW-CANG",11,0,0,11,"",NA,NA,"9",""
"993","NS","03","NS03","Eddy Marsh",6,"NS03-06",NA,NA,"ZAW",2021,6,25,1,"NS03-06-01-ZAW","6:46",1,8,0,"2","SW","2","Y","COYE","Common Yellowthroat",NA,NA,NA,NA,NA,NA,NA,NA,NA,NA,NA,NA,NA,NA,NA,"NS03-06-01-ZAW-COYE",0,1,2,2,"",NA,NA,"",""
"994","NS","03","NS03","Eddy Marsh",6,"NS03-06",NA,NA,"ZAW",2021,6,25,1,"NS03-06-01-ZAW","6:46",1,8,0,"2","SW","2","Y","COGR","Common Grackle",NA,NA,NA,NA,NA,NA,NA,NA,NA,NA,NA,NA,NA,NA,NA,"NS03-06-01-ZAW-COGR",0,1,0,1,"OF",NA,NA,"",""
"995","NS","03","NS03","Eddy Marsh",6,"NS03-06",NA,NA,"ZAW",2021,6,25,1,"NS03-06-01-ZAW","6:46",1,8,0,"2","SW","2","Y","SWSP","Swamp Sparrow",NA,NA,NA,NA,NA,NA,NA,NA,NA,NA,NA,NA,NA,NA,NA,"NS03-06-01-ZAW-SWSP",0,1,1,1,"",NA,NA,"",""
"996","NS","03","NS03","Eddy Marsh",7,"NS03-07",NA,NA,"ZAW",2021,6,25,1,"NS03-07-01-ZAW","7:05",1,9,0,"2","SW","2","Y","RWBL","Red-winged Blackbird",NA,NA,NA,NA,NA,NA,NA,NA,NA,NA,NA,NA,NA,NA,NA,"NS03-07-01-ZAW-RWBL",4,5,5,5,"",NA,NA,"",""
"997","NS","03","NS03","Eddy Marsh",7,"NS03-07",NA,NA,"ZAW",2021,6,25,1,"NS03-07-01-ZAW","7:05",1,9,0,"2","SW","2","Y","SWSP","Swamp Sparrow",NA,NA,NA,NA,NA,NA,NA,NA,NA,NA,NA,NA,NA,NA,NA,"NS03-07-01-ZAW-SWSP",2,3,2,3,"",NA,NA,"",""
"998","NS","03","NS03","Eddy Marsh",7,"NS03-07",NA,NA,"ZAW",2021,6,25,1,"NS03-07-01-ZAW","7:05",1,9,0,"2","SW","2","Y","COYE","Common Yellowthroat",NA,NA,NA,NA,NA,NA,NA,NA,NA,NA,NA,NA,NA,NA,NA,"NS03-07-01-ZAW-COYE",1,2,1,2,"",NA,NA,"",""
"999","NS","03","NS03","Eddy Marsh",7,"NS03-07",NA,NA,"ZAW",2021,6,25,1,"NS03-07-01-ZAW","7:05",1,9,0,"2","SW","2","Y","COGR","Common Grackle",NA,NA,NA,NA,NA,NA,NA,NA,NA,NA,NA,NA,NA,NA,NA,"NS03-07-01-ZAW-COGR",0,1,2,2,"OF",NA,NA,"",""
"1000","NS","03","NS03","Eddy Marsh",7,"NS03-07",NA,NA,"ZAW",2021,6,25,1,"NS03-07-01-ZAW","7:05",1,9,0,"2","SW","2","Y","YEWA","Northern Yellow Warbler",NA,NA,NA,NA,NA,NA,NA,NA,NA,NA,NA,NA,NA,NA,NA,"NS03-07-01-ZAW-YEWA",0,1,1,1,"",NA,NA,"",""
"1001","NS","03","NS03","Eddy Marsh",7,"NS03-07",NA,NA,"ZAW",2021,6,25,1,"NS03-07-01-ZAW","7:05",1,9,0,"2","SW","2","Y","AMWI","American Wigeon",NA,NA,NA,NA,NA,NA,NA,NA,NA,NA,NA,NA,NA,NA,NA,"NS03-07-01-ZAW-AMWI",0,1,1,1,"OF",1,NA,"",""
"1002","NS","03","NS03","Eddy Marsh",7,"NS03-07",NA,NA,"ZAW",2021,6,25,1,"NS03-07-01-ZAW","7:05",1,9,0,"2","SW","2","Y","GWTE","Green-winged Teal",NA,NA,NA,NA,NA,NA,NA,NA,NA,NA,NA,NA,NA,NA,NA,"NS03-07-01-ZAW-GWTE",0,0,1,1,"OF",NA,NA,"",""
"1003","NS","03","NS03","Eddy Marsh",7,"NS03-07",NA,NA,"ZAW",2021,6,25,1,"NS03-07-01-ZAW","7:05",1,9,0,"2","SW","2","Y","WODU","Wood Duck",NA,NA,NA,NA,NA,NA,NA,NA,NA,NA,NA,NA,NA,NA,NA,"NS03-07-01-ZAW-WODU",0,0,1,1,"",1,NA,"",""
"1004","NS","03","NS03","Eddy Marsh",8,"NS03-08",NA,NA,"ZAW",2021,6,25,1,"NS03-08-01-ZAW","7:26",1,9,0,"2","S","2","Y","MALL","Mallard",NA,NA,NA,NA,NA,NA,NA,NA,NA,NA,NA,NA,NA,NA,NA,"NS03-08-01-ZAW-MALL",1,0,2,2,"OF",1,1,"",""
"1005","NS","03","NS03","Eddy Marsh",8,"NS03-08",NA,NA,"ZAW",2021,6,25,1,"NS03-08-01-ZAW","7:26",1,9,0,"2","S","2","Y","RWBL","Red-winged Blackbird",NA,NA,NA,NA,NA,NA,NA,NA,NA,NA,NA,NA,NA,NA,NA,"NS03-08-01-ZAW-RWBL",9,7,7,9,"",NA,NA,"",""
"1006","NS","03","NS03","Eddy Marsh",8,"NS03-08",NA,NA,"ZAW",2021,6,25,1,"NS03-08-01-ZAW","7:26",1,9,0,"2","S","2","Y","YEWA","Northern Yellow Warbler",NA,NA,NA,NA,NA,NA,NA,NA,NA,NA,NA,NA,NA,NA,NA,"NS03-08-01-ZAW-YEWA",1,2,2,2,"",NA,NA,"",""
"1007","NS","03","NS03","Eddy Marsh",8,"NS03-08",NA,NA,"ZAW",2021,6,25,1,"NS03-08-01-ZAW","7:26",1,9,0,"2","S","2","Y","SWSP","Swamp Sparrow",NA,NA,NA,NA,NA,NA,NA,NA,NA,NA,NA,NA,NA,NA,NA,"NS03-08-01-ZAW-SWSP",3,3,4,4,"",NA,NA,"",""
"1008","NS","03","NS03","Eddy Marsh",8,"NS03-08",NA,NA,"ZAW",2021,6,25,1,"NS03-08-01-ZAW","7:26",1,9,0,"2","S","2","Y","AMWI","American Wigeon",NA,NA,NA,NA,NA,NA,NA,NA,NA,NA,NA,NA,NA,NA,NA,"NS03-08-01-ZAW-AMWI",1,0,0,1,"",1,NA,"",""
"1009","NS","03","NS03","Eddy Marsh",8,"NS03-08",NA,NA,"ZAW",2021,6,25,1,"NS03-08-01-ZAW","7:26",1,9,0,"2","S","2","Y","CEDW","Cedar Waxwing",NA,NA,NA,NA,NA,NA,NA,NA,NA,NA,NA,NA,NA,NA,NA,"NS03-08-01-ZAW-CEDW",1,0,0,1,"OF",NA,NA,"","Written CEWA"
"1010","NS","03","NS03","Eddy Marsh",8,"NS03-08",NA,NA,"ZAW",2021,6,25,1,"NS03-08-01-ZAW","7:26",1,9,0,"2","S","2","Y","NSHO","Northern Shoveler",NA,NA,NA,NA,NA,NA,NA,NA,NA,NA,NA,NA,NA,NA,NA,"NS03-08-01-ZAW-NSHO",4,0,0,4,"OF",2,2,"","Written NOSO, assumed to be NSHO"
"1011","NS","03","NS03","Eddy Marsh",8,"NS03-08",NA,NA,"ZAW",2021,6,25,1,"NS03-08-01-ZAW","7:26",1,9,0,"2","S","2","Y","HETH","Hermit Thrush",NA,NA,NA,NA,NA,NA,NA,NA,NA,NA,NA,NA,NA,NA,NA,"NS03-08-01-ZAW-HETH",1,1,1,1,"",NA,NA,"",""
"1012","NS","03","NS03","Eddy Marsh",8,"NS03-08",NA,NA,"ZAW",2021,6,25,1,"NS03-08-01-ZAW","7:26",1,9,0,"2","S","2","Y","ABDU","American Black Duck",NA,NA,NA,NA,NA,NA,NA,NA,NA,NA,NA,NA,NA,NA,NA,"NS03-08-01-ZAW-ABDU",0,1,0,1,"OF",1,NA,"",""
"1013","NS","03","NS03","Eddy Marsh",8,"NS03-08",NA,NA,"ZAW",2021,6,25,1,"NS03-08-01-ZAW","7:26",1,9,0,"2","S","2","Y","SOSP","Song Sparrow",NA,NA,NA,NA,NA,NA,NA,NA,NA,NA,NA,NA,NA,NA,NA,"NS03-08-01-ZAW-SOSP",0,0,2,2,"",NA,NA,"",""
"1014","NS","03","NS03","Eddy Marsh",8,"NS03-08",NA,NA,"ZAW",2021,6,25,1,"NS03-08-01-ZAW","7:26",1,9,0,"2","S","2","Y","WODU","Wood Duck",NA,NA,NA,NA,NA,NA,NA,NA,NA,NA,NA,NA,NA,NA,NA,"NS03-08-01-ZAW-WODU",0,0,1,1,"",1,NA,"",""
"1015","NS","03","NS03","Eddy Marsh",9,"NS03-09",NA,NA,"ZAW",2021,6,25,1,"NS03-09-01-ZAW","7:45",1,9,0,"2","S","2","Y","RWBL","Red-winged Blackbird",NA,NA,NA,NA,NA,NA,NA,NA,NA,NA,NA,NA,NA,NA,NA,"NS03-09-01-ZAW-RWBL",6,5,4,6,"",NA,NA,"",""
"1016","NS","03","NS03","Eddy Marsh",9,"NS03-09",NA,NA,"ZAW",2021,6,25,1,"NS03-09-01-ZAW","7:45",1,9,0,"2","S","2","Y","YEWA","Northern Yellow Warbler",NA,NA,NA,NA,NA,NA,NA,NA,NA,NA,NA,NA,NA,NA,NA,"NS03-09-01-ZAW-YEWA",2,3,2,3,"",NA,NA,"",""
"1017","NS","03","NS03","Eddy Marsh",9,"NS03-09",NA,NA,"ZAW",2021,6,25,1,"NS03-09-01-ZAW","7:45",1,9,0,"2","S","2","Y","SWSP","Swamp Sparrow",NA,NA,NA,NA,NA,NA,NA,NA,NA,NA,NA,NA,NA,NA,NA,"NS03-09-01-ZAW-SWSP",5,6,6,6,"",NA,NA,"",""
"1018","NS","03","NS03","Eddy Marsh",9,"NS03-09",NA,NA,"ZAW",2021,6,25,1,"NS03-09-01-ZAW","7:45",1,9,0,"2","S","2","Y","SOSP","Song Sparrow",NA,NA,NA,NA,NA,NA,NA,NA,NA,NA,NA,NA,NA,NA,NA,"NS03-09-01-ZAW-SOSP",2,1,2,2,"",NA,NA,"",""
"1019","NS","03","NS03","Eddy Marsh",9,"NS03-09",NA,NA,"ZAW",2021,6,25,1,"NS03-09-01-ZAW","7:45",1,9,0,"2","S","2","Y","COYE","Common Yellowthroat",NA,NA,NA,NA,NA,NA,NA,NA,NA,NA,NA,NA,NA,NA,NA,"NS03-09-01-ZAW-COYE",1,1,1,1,"",NA,NA,"",""
"1020","NS","03","NS03","Eddy Marsh",9,"NS03-09",NA,NA,"ZAW",2021,6,25,1,"NS03-09-01-ZAW","7:45",1,9,0,"2","S","2","Y","ALFL","Alder Flycatcher",NA,NA,NA,NA,NA,NA,NA,NA,NA,NA,NA,NA,NA,NA,NA,"NS03-09-01-ZAW-ALFL",0,1,2,2,"",NA,NA,"",""
"1021","NS","03","NS03","Eddy Marsh",10,"NS03-10",NA,NA,"ZAW",2021,6,25,1,"NS03-10-01-ZAW","8:06",1,9,0,"2","S","2","Y","RWBL","Red-winged Blackbird",NA,NA,NA,NA,NA,NA,NA,NA,NA,NA,NA,NA,NA,NA,NA,"NS03-10-01-ZAW-RWBL",6,5,7,7,"",NA,NA,"",""
"1022","NS","03","NS03","Eddy Marsh",10,"NS03-10",NA,NA,"ZAW",2021,6,25,1,"NS03-10-01-ZAW","8:06",1,9,0,"2","S","2","Y","COGR","Common Grackle",NA,NA,NA,NA,NA,NA,NA,NA,NA,NA,NA,NA,NA,NA,NA,"NS03-10-01-ZAW-COGR",3,0,0,3,"OF",NA,NA,"",""
"1023","NS","03","NS03","Eddy Marsh",10,"NS03-10",NA,NA,"ZAW",2021,6,25,1,"NS03-10-01-ZAW","8:06",1,9,0,"2","S","2","Y","COYE","Common Yellowthroat",NA,NA,NA,NA,NA,NA,NA,NA,NA,NA,NA,NA,NA,NA,NA,"NS03-10-01-ZAW-COYE",1,1,0,1,"",NA,NA,"",""
"1024","NS","03","NS03","Eddy Marsh",10,"NS03-10",NA,NA,"ZAW",2021,6,25,1,"NS03-10-01-ZAW","8:06",1,9,0,"2","S","2","Y","YEWA","Northern Yellow Warbler",NA,NA,NA,NA,NA,NA,NA,NA,NA,NA,NA,NA,NA,NA,NA,"NS03-10-01-ZAW-YEWA",2,2,3,3,"",NA,NA,"",""
"1025","NS","03","NS03","Eddy Marsh",10,"NS03-10",NA,NA,"ZAW",2021,6,25,1,"NS03-10-01-ZAW","8:06",1,9,0,"2","S","2","Y","SAVS","Savannah Sparrow",NA,NA,NA,NA,NA,NA,NA,NA,NA,NA,NA,NA,NA,NA,NA,"NS03-10-01-ZAW-SAVS",1,2,1,2,"",NA,NA,"","Written as SASP"
"1026","NS","03","NS03","Eddy Marsh",10,"NS03-10",NA,NA,"ZAW",2021,6,25,1,"NS03-10-01-ZAW","8:06",1,9,0,"2","S","2","Y","MALL","Mallard",NA,NA,NA,NA,NA,NA,NA,NA,NA,NA,NA,NA,NA,NA,NA,"NS03-10-01-ZAW-MALL",1,0,0,1,"OF",1,NA,"",""
"1027","NS","03","NS03","Eddy Marsh",10,"NS03-10",NA,NA,"ZAW",2021,6,25,1,"NS03-10-01-ZAW","8:06",1,9,0,"2","S","2","Y","EUST","European Starling",NA,NA,NA,NA,NA,NA,NA,NA,NA,NA,NA,NA,NA,NA,NA,"NS03-10-01-ZAW-EUST",25,7,5,25,"OF",NA,NA,"",""
"1028","NS","03","NS03","Eddy Marsh",10,"NS03-10",NA,NA,"ZAW",2021,6,25,1,"NS03-10-01-ZAW","8:06",1,9,0,"2","S","2","Y","AGOL","American Goldfinch",NA,NA,NA,NA,NA,NA,NA,NA,NA,NA,NA,NA,NA,NA,NA,"NS03-10-01-ZAW-AMGO",0,4,0,4,"",NA,NA,"",""
"1029","NS","03","NS03","Eddy Marsh",1,"NS03-01",NA,NA,"ZAW",2021,7,13,2,"NS03-01-02-ZAW","5:09",6,11,1,"1","S","2","Y","YEWA","Northern Yellow Warbler",NA,NA,NA,NA,NA,NA,NA,NA,NA,NA,NA,NA,NA,NA,NA,"NS03-01-02-ZAW-YEWA",2,2,1,2,"",NA,NA,"",""
"1030","NS","03","NS03","Eddy Marsh",1,"NS03-01",NA,NA,"ZAW",2021,7,13,2,"NS03-01-02-ZAW","5:09",6,11,1,"1","S","2","Y","SWSP","Swamp Sparrow",NA,NA,NA,NA,NA,NA,NA,NA,NA,NA,NA,NA,NA,NA,NA,"NS03-01-02-ZAW-SWSP",3,4,3,4,"",NA,NA,"",""
"1031","NS","03","NS03","Eddy Marsh",1,"NS03-01",NA,NA,"ZAW",2021,7,13,2,"NS03-01-02-ZAW","5:09",6,11,1,"1","S","2","Y","RNDU","Ring-necked Duck",NA,NA,NA,NA,NA,NA,NA,NA,NA,NA,NA,NA,NA,NA,NA,"NS03-01-02-ZAW-RNDU",0,2,0,2,"OF",1,1,"",""
"1032","NS","03","NS03","Eddy Marsh",1,"NS03-01",NA,NA,"ZAW",2021,7,13,2,"NS03-01-02-ZAW","5:09",6,11,1,"1","S","2","Y","AMCR","American Crow",NA,NA,NA,NA,NA,NA,NA,NA,NA,NA,NA,NA,NA,NA,NA,"NS03-01-02-ZAW-AMCR",0,0,1,1,"OF",NA,NA,"",""
"1033","NS","03","NS03","Eddy Marsh",2,"NS03-02",NA,NA,"ZAW",2021,7,13,2,"NS03-02-02-ZAW","5:27",9,12,1,"1","E","2","Y","YEWA","Northern Yellow Warbler",NA,NA,NA,NA,NA,NA,NA,NA,NA,NA,NA,NA,NA,NA,NA,"NS03-02-02-ZAW-YEWA",2,2,3,3,"",NA,NA,"",""
"1034","NS","03","NS03","Eddy Marsh",2,"NS03-02",NA,NA,"ZAW",2021,7,13,2,"NS03-02-02-ZAW","5:27",9,12,1,"1","E","2","Y","COYE","Common Yellowthroat",NA,NA,NA,NA,NA,NA,NA,NA,NA,NA,NA,NA,NA,NA,NA,"NS03-02-02-ZAW-COYE",1,1,1,1,"",NA,NA,"",""
"1035","NS","03","NS03","Eddy Marsh",2,"NS03-02",NA,NA,"ZAW",2021,7,13,2,"NS03-02-02-ZAW","5:27",9,12,1,"1","E","2","Y","SWSP","Swamp Sparrow",NA,NA,NA,NA,NA,NA,NA,NA,NA,NA,NA,NA,NA,NA,NA,"NS03-02-02-ZAW-SWSP",3,2,4,4,"",NA,NA,"",""
"1036","NS","03","NS03","Eddy Marsh",2,"NS03-02",NA,NA,"ZAW",2021,7,13,2,"NS03-02-02-ZAW","5:27",9,12,1,"1","E","2","Y","ALFL","Alder Flycatcher",NA,NA,NA,NA,NA,NA,NA,NA,NA,NA,NA,NA,NA,NA,NA,"NS03-02-02-ZAW-ALFL",1,1,1,1,"",NA,NA,"",""
"1037","NS","03","NS03","Eddy Marsh",2,"NS03-02",NA,NA,"ZAW",2021,7,13,2,"NS03-02-02-ZAW","5:27",9,12,1,"1","E","2","Y","BWTE","Blue-winged Teal",NA,NA,NA,NA,NA,NA,NA,NA,NA,NA,NA,NA,NA,NA,NA,"NS03-02-02-ZAW-BWTE",2,0,0,2,"OF",1,1,"",""
"1038","NS","03","NS03","Eddy Marsh",2,"NS03-02",NA,NA,"ZAW",2021,7,13,2,"NS03-02-02-ZAW","5:27",9,12,1,"1","E","2","Y","MALL","Mallard",NA,NA,NA,NA,NA,NA,NA,NA,NA,NA,NA,NA,NA,NA,NA,"NS03-02-02-ZAW-MALL",0,1,0,1,"OF",NA,1,"",""
"1039","NS","03","NS03","Eddy Marsh",2,"NS03-02",NA,NA,"ZAW",2021,7,13,2,"NS03-02-02-ZAW","5:27",9,12,1,"1","E","2","Y","ABDU","American Black Duck",NA,NA,NA,NA,NA,NA,NA,NA,NA,NA,NA,NA,NA,NA,NA,"NS03-02-02-ZAW-ABDU",0,1,0,1,"OF",1,NA,"",""
"1040","NS","03","NS03","Eddy Marsh",2,"NS03-02",NA,NA,"ZAW",2021,7,13,2,"NS03-02-02-ZAW","5:27",9,12,1,"1","E","2","Y","WODU","Wood Duck",NA,NA,NA,NA,NA,NA,NA,NA,NA,NA,NA,NA,NA,NA,NA,"NS03-02-02-ZAW-WODU",0,1,0,1,"",1,NA,"",""
"1041","NS","03","NS03","Eddy Marsh",2,"NS03-02",NA,NA,"ZAW",2021,7,13,2,"NS03-02-02-ZAW","5:27",9,12,1,"1","E","2","Y","RWBL","Red-winged Blackbird",NA,NA,NA,NA,NA,NA,NA,NA,NA,NA,NA,NA,NA,NA,NA,"NS03-02-02-ZAW-RWBL",2,2,0,2,"",NA,NA,"",""
"1042","NS","03","NS03","Eddy Marsh",2,"NS03-02",NA,NA,"ZAW",2021,7,13,2,"NS03-02-02-ZAW","5:27",9,12,1,"1","E","2","Y","SOSP","Song Sparrow",NA,NA,NA,NA,NA,NA,NA,NA,NA,NA,NA,NA,NA,NA,NA,"NS03-02-02-ZAW-SOSP",0,0,1,1,"",NA,NA,"",""
"1043","NS","03","NS03","Eddy Marsh",3,"NS03-03",NA,NA,"ZAW",2021,7,13,2,"NS03-03-02-ZAW","5:46",3,12,1,"1","E","2","Y","WISN","Wilson's Snipe",NA,NA,NA,NA,NA,NA,NA,NA,NA,NA,NA,NA,NA,NA,NA,"NS03-03-02-ZAW-WISN",1,0,0,1,"OF",NA,NA,"",""
"1044","NS","03","NS03","Eddy Marsh",3,"NS03-03",NA,NA,"ZAW",2021,7,13,2,"NS03-03-02-ZAW","5:46",3,12,1,"1","E","2","Y","WODU","Wood Duck",NA,NA,NA,NA,NA,NA,NA,NA,NA,NA,NA,NA,NA,NA,NA,"NS03-03-02-ZAW-WODU",1,0,0,1,"",1,NA,"",""
"1045","NS","03","NS03","Eddy Marsh",3,"NS03-03",NA,NA,"ZAW",2021,7,13,2,"NS03-03-02-ZAW","5:46",3,12,1,"1","E","2","Y","SWSP","Swamp Sparrow",NA,NA,NA,NA,NA,NA,NA,NA,NA,NA,NA,NA,NA,NA,NA,"NS03-03-02-ZAW-SWSP",4,4,4,4,"",NA,NA,"",""
"1046","NS","03","NS03","Eddy Marsh",3,"NS03-03",NA,NA,"ZAW",2021,7,13,2,"NS03-03-02-ZAW","5:46",3,12,1,"1","E","2","Y","REVI","Red-eyed Vireo",NA,NA,NA,NA,NA,NA,NA,NA,NA,NA,NA,NA,NA,NA,NA,"NS03-03-02-ZAW-REVI",1,1,1,1,"",NA,NA,"",""
"1047","NS","03","NS03","Eddy Marsh",3,"NS03-03",NA,NA,"ZAW",2021,7,13,2,"NS03-03-02-ZAW","5:46",3,12,1,"1","E","2","Y","LEFL","Least Flycatcher",NA,NA,NA,NA,NA,NA,NA,NA,NA,NA,NA,NA,NA,NA,NA,"NS03-03-02-ZAW-LEFL",1,1,2,2,"",NA,NA,"",""
"1048","NS","03","NS03","Eddy Marsh",3,"NS03-03",NA,NA,"ZAW",2021,7,13,2,"NS03-03-02-ZAW","5:46",3,12,1,"1","E","2","Y","YEWA","Northern Yellow Warbler",NA,NA,NA,NA,NA,NA,NA,NA,NA,NA,NA,NA,NA,NA,NA,"NS03-03-02-ZAW-YEWA",3,2,3,3,"",NA,NA,"",""
"1049","NS","03","NS03","Eddy Marsh",3,"NS03-03",NA,NA,"ZAW",2021,7,13,2,"NS03-03-02-ZAW","5:46",3,12,1,"1","E","2","Y","COYE","Common Yellowthroat",NA,NA,NA,NA,NA,NA,NA,NA,NA,NA,NA,NA,NA,NA,NA,"NS03-03-02-ZAW-COYE",2,1,2,2,"",NA,NA,"",""
"1050","NS","03","NS03","Eddy Marsh",3,"NS03-03",NA,NA,"ZAW",2021,7,13,2,"NS03-03-02-ZAW","5:46",3,12,1,"1","E","2","Y","RNDU","Ring-necked Duck",NA,NA,NA,NA,NA,NA,NA,NA,NA,NA,NA,NA,NA,NA,NA,"NS03-03-02-ZAW-RNDU",0,1,0,1,"OF",1,NA,"",""
"1051","NS","03","NS03","Eddy Marsh",3,"NS03-03",NA,NA,"ZAW",2021,7,13,2,"NS03-03-02-ZAW","5:46",3,12,1,"1","E","2","Y","CEDW","Cedar Waxwing",NA,NA,NA,NA,NA,NA,NA,NA,NA,NA,NA,NA,NA,NA,NA,"NS03-03-02-ZAW-CEDW",0,1,0,1,"OF",NA,NA,"",""
"1052","NS","03","NS03","Eddy Marsh",3,"NS03-03",NA,NA,"ZAW",2021,7,13,2,"NS03-03-02-ZAW","5:46",3,12,1,"1","E","2","Y","BLJA","Blue Jay",NA,NA,NA,NA,NA,NA,NA,NA,NA,NA,NA,NA,NA,NA,NA,"NS03-03-02-ZAW-BLJA",0,2,0,2,"OF",NA,NA,"",""
"1053","NS","03","NS03","Eddy Marsh",3,"NS03-03",NA,NA,"ZAW",2021,7,13,2,"NS03-03-02-ZAW","5:46",3,12,1,"1","E","2","Y","RWBL","Red-winged Blackbird",NA,NA,NA,NA,NA,NA,NA,NA,NA,NA,NA,NA,NA,NA,NA,"NS03-03-02-ZAW-RWBL",0,0,10,10,"OF",NA,NA,"",""
"1054","NS","03","NS03","Eddy Marsh",4,"NS03-04",NA,NA,"ZAW",2021,7,13,2,"NS03-04-02-ZAW","6:06",2,12,1,"1","E","2","Y","REVI","Red-eyed Vireo",NA,NA,NA,NA,NA,NA,NA,NA,NA,NA,NA,NA,NA,NA,NA,"NS03-04-02-ZAW-REVI",1,1,1,1,"",NA,NA,"",""
"1055","NS","03","NS03","Eddy Marsh",4,"NS03-04",NA,NA,"ZAW",2021,7,13,2,"NS03-04-02-ZAW","6:06",2,12,1,"1","E","2","Y","WODU","Wood Duck",NA,NA,NA,NA,NA,NA,NA,NA,NA,NA,NA,NA,NA,NA,NA,"NS03-04-02-ZAW-WODU",2,0,0,2,"",2,NA,"",""
"1056","NS","03","NS03","Eddy Marsh",4,"NS03-04",NA,NA,"ZAW",2021,7,13,2,"NS03-04-02-ZAW","6:06",2,12,1,"1","E","2","Y","SWSP","Swamp Sparrow",NA,NA,NA,NA,NA,NA,NA,NA,NA,NA,NA,NA,NA,NA,NA,"NS03-04-02-ZAW-SWSP",3,4,4,4,"",NA,NA,"",""
"1057","NS","03","NS03","Eddy Marsh",4,"NS03-04",NA,NA,"ZAW",2021,7,13,2,"NS03-04-02-ZAW","6:06",2,12,1,"1","E","2","Y","ALFL","Alder Flycatcher",NA,NA,NA,NA,NA,NA,NA,NA,NA,NA,NA,NA,NA,NA,NA,"NS03-04-02-ZAW-ALFL",2,3,3,3,"",NA,NA,"",""
"1058","NS","03","NS03","Eddy Marsh",4,"NS03-04",NA,NA,"ZAW",2021,7,13,2,"NS03-04-02-ZAW","6:06",2,12,1,"1","E","2","Y","AMRO","American Robin",NA,NA,NA,NA,NA,NA,NA,NA,NA,NA,NA,NA,NA,NA,NA,"NS03-04-02-ZAW-AMRO",1,1,1,1,"",NA,NA,"",""
"1059","NS","03","NS03","Eddy Marsh",4,"NS03-04",NA,NA,"ZAW",2021,7,13,2,"NS03-04-02-ZAW","6:06",2,12,1,"1","E","2","Y","MALL","Mallard",NA,NA,NA,NA,NA,NA,NA,NA,NA,NA,NA,NA,NA,NA,NA,"NS03-04-02-ZAW-MALL",1,0,0,1,"OF",1,NA,"",""
"1060","NS","03","NS03","Eddy Marsh",4,"NS03-04",NA,NA,"ZAW",2021,7,13,2,"NS03-04-02-ZAW","6:06",2,12,1,"1","E","2","Y","NOFL","Northern Flicker",NA,NA,NA,NA,NA,NA,NA,NA,NA,NA,NA,NA,NA,NA,NA,"NS03-04-02-ZAW-NOFL",1,0,0,1,"OF",NA,NA,"",""
"1061","NS","03","NS03","Eddy Marsh",4,"NS03-04",NA,NA,"ZAW",2021,7,13,2,"NS03-04-02-ZAW","6:06",2,12,1,"1","E","2","Y","HETH","Hermit Thrush",NA,NA,NA,NA,NA,NA,NA,NA,NA,NA,NA,NA,NA,NA,NA,"NS03-04-02-ZAW-HETH",0,2,2,2,"",NA,NA,"",""
"1062","NS","03","NS03","Eddy Marsh",4,"NS03-04",NA,NA,"ZAW",2021,7,13,2,"NS03-04-02-ZAW","6:06",2,12,1,"1","E","2","Y","YEWA","Northern Yellow Warbler",NA,NA,NA,NA,NA,NA,NA,NA,NA,NA,NA,NA,NA,NA,NA,"NS03-04-02-ZAW-YEWA",1,1,3,3,"",NA,NA,"",""
"1063","NS","03","NS03","Eddy Marsh",4,"NS03-04",NA,NA,"ZAW",2021,7,13,2,"NS03-04-02-ZAW","6:06",2,12,1,"1","E","2","Y","CANG","Canada Goose",NA,NA,NA,NA,NA,NA,NA,NA,NA,NA,NA,NA,NA,NA,NA,"NS03-04-02-ZAW-CANG",0,8,0,8,"",NA,NA,"",""
"1064","NS","03","NS03","Eddy Marsh",5,"NS03-05",NA,NA,"ZAW",2021,7,13,2,"NS03-05-02-ZAW","6:27",1,12,1,"1","E","2","Y","COYE","Common Yellowthroat",NA,NA,NA,NA,NA,NA,NA,NA,NA,NA,NA,NA,NA,NA,NA,"NS03-05-02-ZAW-COYE",2,1,1,2,"",NA,NA,"",""
"1065","NS","03","NS03","Eddy Marsh",5,"NS03-05",NA,NA,"ZAW",2021,7,13,2,"NS03-05-02-ZAW","6:27",1,12,1,"1","E","2","Y","YEWA","Northern Yellow Warbler",NA,NA,NA,NA,NA,NA,NA,NA,NA,NA,NA,NA,NA,NA,NA,"NS03-05-02-ZAW-YEWA",2,3,2,3,"",NA,NA,"",""
"1066","NS","03","NS03","Eddy Marsh",5,"NS03-05",NA,NA,"ZAW",2021,7,13,2,"NS03-05-02-ZAW","6:27",1,12,1,"1","E","2","Y","HETH","Hermit Thrush",NA,NA,NA,NA,NA,NA,NA,NA,NA,NA,NA,NA,NA,NA,NA,"NS03-05-02-ZAW-HETH",1,1,1,1,"",NA,NA,"",""
"1067","NS","03","NS03","Eddy Marsh",5,"NS03-05",NA,NA,"ZAW",2021,7,13,2,"NS03-05-02-ZAW","6:27",1,12,1,"1","E","2","Y","ALFL","Alder Flycatcher",NA,NA,NA,NA,NA,NA,NA,NA,NA,NA,NA,NA,NA,NA,NA,"NS03-05-02-ZAW-ALFL",1,1,1,1,"",NA,NA,"",""
"1068","NS","03","NS03","Eddy Marsh",5,"NS03-05",NA,NA,"ZAW",2021,7,13,2,"NS03-05-02-ZAW","6:27",1,12,1,"1","E","2","Y","BWTE","Blue-winged Teal",NA,NA,NA,NA,NA,NA,NA,NA,NA,NA,NA,NA,NA,NA,NA,"NS03-05-02-ZAW-BWTE",1,0,0,1,"",1,NA,"",""
"1069","NS","03","NS03","Eddy Marsh",5,"NS03-05",NA,NA,"ZAW",2021,7,13,2,"NS03-05-02-ZAW","6:27",1,12,1,"1","E","2","Y","SWSP","Swamp Sparrow",NA,NA,NA,NA,NA,NA,NA,NA,NA,NA,NA,NA,NA,NA,NA,"NS03-05-02-ZAW-SWSP",4,4,5,5,"",NA,NA,"",""
"1070","NS","03","NS03","Eddy Marsh",5,"NS03-05",NA,NA,"ZAW",2021,7,13,2,"NS03-05-02-ZAW","6:27",1,12,1,"1","E","2","Y","RWBL","Red-winged Blackbird",NA,NA,NA,NA,NA,NA,NA,NA,NA,NA,NA,NA,NA,NA,NA,"NS03-05-02-ZAW-RWBL",1,3,6,6,"",NA,NA,"",""
"1071","NS","03","NS03","Eddy Marsh",6,"NS03-06",NA,NA,"ZAW",2021,7,13,2,"NS03-06-02-ZAW","6:49",1,13,1,"1","E","2","Y","SWSP","Swamp Sparrow",NA,NA,NA,NA,NA,NA,NA,NA,NA,NA,NA,NA,NA,NA,NA,"NS03-06-02-ZAW-SWSP",5,6,7,7,"",NA,NA,"",""
"1072","NS","03","NS03","Eddy Marsh",6,"NS03-06",NA,NA,"ZAW",2021,7,13,2,"NS03-06-02-ZAW","6:49",1,13,1,"1","E","2","Y","WODU","Wood Duck",NA,NA,NA,NA,NA,NA,NA,NA,NA,NA,NA,NA,NA,NA,NA,"NS03-06-02-ZAW-WODU",2,0,0,2,"",2,NA,"",""
"1073","NS","03","NS03","Eddy Marsh",6,"NS03-06",NA,NA,"ZAW",2021,7,13,2,"NS03-06-02-ZAW","6:49",1,13,1,"1","E","2","Y","YEWA","Northern Yellow Warbler",NA,NA,NA,NA,NA,NA,NA,NA,NA,NA,NA,NA,NA,NA,NA,"NS03-06-02-ZAW-YEWA",3,3,4,4,"",NA,NA,"",""
"1074","NS","03","NS03","Eddy Marsh",6,"NS03-06",NA,NA,"ZAW",2021,7,13,2,"NS03-06-02-ZAW","6:49",1,13,1,"1","E","2","Y","RWBL","Red-winged Blackbird",NA,NA,NA,NA,NA,NA,NA,NA,NA,NA,NA,NA,NA,NA,NA,"NS03-06-02-ZAW-RWBL",4,7,7,7,"",NA,NA,"",""
"1075","NS","03","NS03","Eddy Marsh",6,"NS03-06",NA,NA,"ZAW",2021,7,13,2,"NS03-06-02-ZAW","6:49",1,13,1,"1","E","2","Y","CANG","Canada Goose",NA,NA,NA,NA,NA,NA,NA,NA,NA,NA,NA,NA,NA,NA,NA,"NS03-06-02-ZAW-CANG",8,0,0,8,"",NA,NA,"",""
"1076","NS","03","NS03","Eddy Marsh",6,"NS03-06",NA,NA,"ZAW",2021,7,13,2,"NS03-06-02-ZAW","6:49",1,13,1,"1","E","2","Y","HETH","Hermit Thrush",NA,NA,NA,NA,NA,NA,NA,NA,NA,NA,NA,NA,NA,NA,NA,"NS03-06-02-ZAW-HETH",0,0,1,1,"",NA,NA,"",""
"1077","NS","03","NS03","Eddy Marsh",7,"NS03-07",NA,NA,"ZAW",2021,7,13,2,"NS03-07-02-ZAW","7:09",1,12,0,"1","S","2","Y","WODU","Wood Duck",NA,NA,NA,NA,NA,NA,NA,NA,NA,NA,NA,NA,NA,NA,NA,"NS03-07-02-ZAW-WODU",1,0,0,1,"",1,NA,"",""
"1078","NS","03","NS03","Eddy Marsh",7,"NS03-07",NA,NA,"ZAW",2021,7,13,2,"NS03-07-02-ZAW","7:09",1,12,0,"1","S","2","Y","SWSP","Swamp Sparrow",NA,NA,NA,NA,NA,NA,NA,NA,NA,NA,NA,NA,NA,NA,NA,"NS03-07-02-ZAW-SWSP",4,7,7,7,"",NA,NA,"",""
"1079","NS","03","NS03","Eddy Marsh",7,"NS03-07",NA,NA,"ZAW",2021,7,13,2,"NS03-07-02-ZAW","7:09",1,12,0,"1","S","2","Y","YEWA","Northern Yellow Warbler",NA,NA,NA,NA,NA,NA,NA,NA,NA,NA,NA,NA,NA,NA,NA,"NS03-07-02-ZAW-YEWA",3,3,2,3,"",NA,NA,"",""
"1080","NS","03","NS03","Eddy Marsh",7,"NS03-07",NA,NA,"ZAW",2021,7,13,2,"NS03-07-02-ZAW","7:09",1,12,0,"1","S","2","Y","RWBL","Red-winged Blackbird",NA,NA,NA,NA,NA,NA,NA,NA,NA,NA,NA,NA,NA,NA,NA,"NS03-07-02-ZAW-RWBL",4,6,6,6,"",NA,NA,"",""
"1081","NS","03","NS03","Eddy Marsh",7,"NS03-07",NA,NA,"ZAW",2021,7,13,2,"NS03-07-02-ZAW","7:09",1,12,0,"1","S","2","Y","COYE","Common Yellowthroat",NA,NA,NA,NA,NA,NA,NA,NA,NA,NA,NA,NA,NA,NA,NA,"NS03-07-02-ZAW-COYE",2,2,3,3,"",NA,NA,"",""
"1082","NS","03","NS03","Eddy Marsh",7,"NS03-07",NA,NA,"ZAW",2021,7,13,2,"NS03-07-02-ZAW","7:09",1,12,0,"1","S","2","Y","REVI","Red-eyed Vireo",NA,NA,NA,NA,NA,NA,NA,NA,NA,NA,NA,NA,NA,NA,NA,"NS03-07-02-ZAW-REVI",1,0,1,1,"",NA,NA,"",""
"1083","NS","03","NS03","Eddy Marsh",7,"NS03-07",NA,NA,"ZAW",2021,7,13,2,"NS03-07-02-ZAW","7:09",1,12,0,"1","S","2","Y","HETH","Hermit Thrush",NA,NA,NA,NA,NA,NA,NA,NA,NA,NA,NA,NA,NA,NA,NA,"NS03-07-02-ZAW-HETH",0,1,0,1,"",NA,NA,"",""
"1084","NS","03","NS03","Eddy Marsh",7,"NS03-07",NA,NA,"ZAW",2021,7,13,2,"NS03-07-02-ZAW","7:09",1,12,0,"1","S","2","Y","MALL","Mallard",NA,NA,NA,NA,NA,NA,NA,NA,NA,NA,NA,NA,NA,NA,NA,"NS03-07-02-ZAW-MALL",0,0,1,1,"",NA,1,"",""
"1085","NS","03","NS03","Eddy Marsh",8,"NS03-08",NA,NA,"ZAW",2021,7,13,2,"NS03-08-02-ZAW","7:28",1,13,0,"1","S","2","Y","YEWA","Northern Yellow Warbler",NA,NA,NA,NA,NA,NA,NA,NA,NA,NA,NA,NA,NA,NA,NA,"NS03-08-02-ZAW-YEWA",2,3,2,3,"",NA,NA,"",""
"1086","NS","03","NS03","Eddy Marsh",8,"NS03-08",NA,NA,"ZAW",2021,7,13,2,"NS03-08-02-ZAW","7:28",1,13,0,"1","S","2","Y","SWSP","Swamp Sparrow",NA,NA,NA,NA,NA,NA,NA,NA,NA,NA,NA,NA,NA,NA,NA,"NS03-08-02-ZAW-SWSP",7,7,6,7,"",NA,NA,"",""
"1087","NS","03","NS03","Eddy Marsh",8,"NS03-08",NA,NA,"ZAW",2021,7,13,2,"NS03-08-02-ZAW","7:28",1,13,0,"1","S","2","Y","RWBL","Red-winged Blackbird",NA,NA,NA,NA,NA,NA,NA,NA,NA,NA,NA,NA,NA,NA,NA,"NS03-08-02-ZAW-RWBL",3,7,6,7,"",NA,NA,"",""
"1088","NS","03","NS03","Eddy Marsh",8,"NS03-08",NA,NA,"ZAW",2021,7,13,2,"NS03-08-02-ZAW","7:28",1,13,0,"1","S","2","Y","COGR","Common Grackle",NA,NA,NA,NA,NA,NA,NA,NA,NA,NA,NA,NA,NA,NA,NA,"NS03-08-02-ZAW-COGR",4,2,1,4,"",NA,NA,"",""
"1089","NS","03","NS03","Eddy Marsh",8,"NS03-08",NA,NA,"ZAW",2021,7,13,2,"NS03-08-02-ZAW","7:28",1,13,0,"1","S","2","Y","COYE","Common Yellowthroat",NA,NA,NA,NA,NA,NA,NA,NA,NA,NA,NA,NA,NA,NA,NA,"NS03-08-02-ZAW-COYE",0,1,1,1,"",NA,NA,"",""
"1090","NS","03","NS03","Eddy Marsh",8,"NS03-08",NA,NA,"ZAW",2021,7,13,2,"NS03-08-02-ZAW","7:28",1,13,0,"1","S","2","Y","CEDW","Cedar Waxwing",NA,NA,NA,NA,NA,NA,NA,NA,NA,NA,NA,NA,NA,NA,NA,"NS03-08-02-ZAW-CEDW",0,0,2,2,"",NA,NA,"",""
"1091","NS","03","NS03","Eddy Marsh",9,"NS03-09",NA,NA,"ZAW",2021,7,13,2,"NS03-09-02-ZAW","7:50",1,14,0,"1","S","3","Y","WODU","Wood Duck",NA,NA,NA,NA,NA,NA,NA,NA,NA,NA,NA,NA,NA,NA,NA,"NS03-09-02-ZAW-WODU",1,1,1,1,"",1,NA,"",""
"1092","NS","03","NS03","Eddy Marsh",9,"NS03-09",NA,NA,"ZAW",2021,7,13,2,"NS03-09-02-ZAW","7:50",1,14,0,"1","S","3","Y","COYE","Common Yellowthroat",NA,NA,NA,NA,NA,NA,NA,NA,NA,NA,NA,NA,NA,NA,NA,"NS03-09-02-ZAW-COYE",1,2,2,2,"",NA,NA,"",""
"1093","NS","03","NS03","Eddy Marsh",9,"NS03-09",NA,NA,"ZAW",2021,7,13,2,"NS03-09-02-ZAW","7:50",1,14,0,"1","S","3","Y","YEWA","Northern Yellow Warbler",NA,NA,NA,NA,NA,NA,NA,NA,NA,NA,NA,NA,NA,NA,NA,"NS03-09-02-ZAW-YEWA",2,1,3,3,"",NA,NA,"",""
"1094","NS","03","NS03","Eddy Marsh",9,"NS03-09",NA,NA,"ZAW",2021,7,13,2,"NS03-09-02-ZAW","7:50",1,14,0,"1","S","3","Y","HETH","Hermit Thrush",NA,NA,NA,NA,NA,NA,NA,NA,NA,NA,NA,NA,NA,NA,NA,"NS03-09-02-ZAW-HETH",1,1,0,1,"",NA,NA,"",""
"1095","NS","03","NS03","Eddy Marsh",9,"NS03-09",NA,NA,"ZAW",2021,7,13,2,"NS03-09-02-ZAW","7:50",1,14,0,"1","S","3","Y","SWSP","Swamp Sparrow",NA,NA,NA,NA,NA,NA,NA,NA,NA,NA,NA,NA,NA,NA,NA,"NS03-09-02-ZAW-SWSP",7,6,7,7,"",NA,NA,"",""
"1096","NS","03","NS03","Eddy Marsh",9,"NS03-09",NA,NA,"ZAW",2021,7,13,2,"NS03-09-02-ZAW","7:50",1,14,0,"1","S","3","Y","TRES","Tree Swallow",NA,NA,NA,NA,NA,NA,NA,NA,NA,NA,NA,NA,NA,NA,NA,"NS03-09-02-ZAW-TRES",2,2,0,2,"OF",NA,NA,"",""
"1097","NS","03","NS03","Eddy Marsh",9,"NS03-09",NA,NA,"ZAW",2021,7,13,2,"NS03-09-02-ZAW","7:50",1,14,0,"1","S","3","Y","CONI","Common Nighthawk",NA,NA,NA,NA,NA,NA,NA,NA,NA,NA,NA,NA,NA,NA,NA,"NS03-09-02-ZAW-CONI",1,0,1,1,"OF",NA,NA,"",""
"1098","NS","03","NS03","Eddy Marsh",9,"NS03-09",NA,NA,"ZAW",2021,7,13,2,"NS03-09-02-ZAW","7:50",1,14,0,"1","S","3","Y","AGOL","American Goldfinch",NA,NA,NA,NA,NA,NA,NA,NA,NA,NA,NA,NA,NA,NA,NA,"NS03-09-02-ZAW-AMGO",2,0,0,2,"OF",NA,NA,"",""
"1099","NS","03","NS03","Eddy Marsh",9,"NS03-09",NA,NA,"ZAW",2021,7,13,2,"NS03-09-02-ZAW","7:50",1,14,0,"1","S","3","Y","RWBL","Red-winged Blackbird",NA,NA,NA,NA,NA,NA,NA,NA,NA,NA,NA,NA,NA,NA,NA,"NS03-09-02-ZAW-RWBL",5,4,5,5,"",NA,NA,"",""
"1100","NS","03","NS03","Eddy Marsh",9,"NS03-09",NA,NA,"ZAW",2021,7,13,2,"NS03-09-02-ZAW","7:50",1,14,0,"1","S","3","Y","MODO","Mourning Dove",NA,NA,NA,NA,NA,NA,NA,NA,NA,NA,NA,NA,NA,NA,NA,"NS03-09-02-ZAW-MODO",0,1,0,1,"OF",NA,NA,"",""
"1101","NS","03","NS03","Eddy Marsh",10,"NS03-10",NA,NA,"ZAW",2021,7,13,2,"NS03-10-02-ZAW","8:09",1,14,0,"1","S","2","Y","COYE","Common Yellowthroat",NA,NA,NA,NA,NA,NA,NA,NA,NA,NA,NA,NA,NA,NA,NA,"NS03-10-02-ZAW-COYE",3,3,2,3,"",NA,NA,"",""
"1102","NS","03","NS03","Eddy Marsh",10,"NS03-10",NA,NA,"ZAW",2021,7,13,2,"NS03-10-02-ZAW","8:09",1,14,0,"1","S","2","Y","AGOL","American Goldfinch",NA,NA,NA,NA,NA,NA,NA,NA,NA,NA,NA,NA,NA,NA,NA,"NS03-10-02-ZAW-AMGO",2,0,3,3,"OF",NA,NA,"",""
"1103","NS","03","NS03","Eddy Marsh",10,"NS03-10",NA,NA,"ZAW",2021,7,13,2,"NS03-10-02-ZAW","8:09",1,14,0,"1","S","2","Y","RWBL","Red-winged Blackbird",NA,NA,NA,NA,NA,NA,NA,NA,NA,NA,NA,NA,NA,NA,NA,"NS03-10-02-ZAW-RWBL",8,9,7,9,"OF",NA,NA,"",""
"1104","NS","03","NS03","Eddy Marsh",10,"NS03-10",NA,NA,"ZAW",2021,7,13,2,"NS03-10-02-ZAW","8:09",1,14,0,"1","S","2","Y","YEWA","Northern Yellow Warbler",NA,NA,NA,NA,NA,NA,NA,NA,NA,NA,NA,NA,NA,NA,NA,"NS03-10-02-ZAW-YEWA",4,4,4,4,"",NA,NA,"",""
"1105","NS","03","NS03","Eddy Marsh",10,"NS03-10",NA,NA,"ZAW",2021,7,13,2,"NS03-10-02-ZAW","8:09",1,14,0,"1","S","2","Y","EUST","European Starling",NA,NA,NA,NA,NA,NA,NA,NA,NA,NA,NA,NA,NA,NA,NA,"NS03-10-02-ZAW-EUST",25,25,25,25,"",NA,NA,"",""
"1106","NS","03","NS03","Eddy Marsh",10,"NS03-10",NA,NA,"ZAW",2021,7,13,2,"NS03-10-02-ZAW","8:09",1,14,0,"1","S","2","Y","SAVS","Savannah Sparrow",NA,NA,NA,NA,NA,NA,NA,NA,NA,NA,NA,NA,NA,NA,NA,"NS03-10-02-ZAW-SAVS",1,1,2,2,"",NA,NA,"","Written as SASP"
"1107","NS","03","NS03","Eddy Marsh",10,"NS03-10",NA,NA,"ZAW",2021,7,13,2,"NS03-10-02-ZAW","8:09",1,14,0,"1","S","2","Y","SOSP","Song Sparrow",NA,NA,NA,NA,NA,NA,NA,NA,NA,NA,NA,NA,NA,NA,NA,"NS03-10-02-ZAW-SOSP",1,2,2,2,"",NA,NA,"",""
"1108","NS","03","NS03","Eddy Marsh",10,"NS03-10",NA,NA,"ZAW",2021,7,13,2,"NS03-10-02-ZAW","8:09",1,14,0,"1","S","2","Y","COGR","Common Grackle",NA,NA,NA,NA,NA,NA,NA,NA,NA,NA,NA,NA,NA,NA,NA,"NS03-10-02-ZAW-COGR",9,7,6,9,"OF",NA,NA,"",""
"1109","NS","03","NS03","Eddy Marsh",10,"NS03-10",NA,NA,"ZAW",2021,7,13,2,"NS03-10-02-ZAW","8:09",1,14,0,"1","S","2","Y","TRES","Tree Swallow",NA,NA,NA,NA,NA,NA,NA,NA,NA,NA,NA,NA,NA,NA,NA,"NS03-10-02-ZAW-TRES",2,0,2,2,"OF",NA,NA,"",""
"1110","NB","LE","NBLE","Lincoln Elementary",1,"NBLE-01",NA,NA,"MIM",2021,6,10,2,"NBLE-01-02-MIM","6:00",0,13,0,"1","W","1","Y","VEER","Veery",NA,NA,NA,NA,NA,NA,NA,NA,NA,NA,NA,NA,NA,NA,NA,"NBLE-01-02-MIM-VEER",1,0,0,1,"",NA,NA,"",""
"1111","NB","LE","NBLE","Lincoln Elementary",1,"NBLE-01",NA,NA,"MIM",2021,6,10,2,"NBLE-01-02-MIM","6:00",0,13,0,"1","W","1","Y","AMRE","American Redstart",NA,NA,NA,NA,NA,NA,NA,NA,NA,NA,NA,NA,NA,NA,NA,"NBLE-01-02-MIM-AMRE",1,0,1,1,"",NA,NA,"",""
"1112","NB","LE","NBLE","Lincoln Elementary",1,"NBLE-01",NA,NA,"MIM",2021,6,10,2,"NBLE-01-02-MIM","6:00",0,13,0,"1","W","1","Y","GCFL","Great Crested Flycatcher",NA,NA,NA,NA,NA,NA,NA,NA,NA,NA,NA,NA,NA,NA,NA,"NBLE-01-02-MIM-GCFL",1,0,0,1,"",NA,NA,"",""
"1113","NB","LE","NBLE","Lincoln Elementary",1,"NBLE-01",NA,NA,"MIM",2021,6,10,2,"NBLE-01-02-MIM","6:00",0,13,0,"1","W","1","Y","SOSP","Song Sparrow",NA,NA,NA,NA,NA,NA,NA,NA,NA,NA,NA,NA,NA,NA,NA,"NBLE-01-02-MIM-SOSP",3,2,3,3,"",NA,NA,"",""
"1114","NB","LE","NBLE","Lincoln Elementary",1,"NBLE-01",NA,NA,"MIM",2021,6,10,2,"NBLE-01-02-MIM","6:00",0,13,0,"1","W","1","Y","RWBL","Red-winged Blackbird",NA,NA,NA,NA,NA,NA,NA,NA,NA,NA,NA,NA,NA,NA,NA,"NBLE-01-02-MIM-RWBL",3,2,5,5,"",NA,NA,"",""
"1115","NB","LE","NBLE","Lincoln Elementary",1,"NBLE-01",NA,NA,"MIM",2021,6,10,2,"NBLE-01-02-MIM","6:00",0,13,0,"1","W","1","Y","AMCR","American Crow",NA,NA,NA,NA,NA,NA,NA,NA,NA,NA,NA,NA,NA,NA,NA,"NBLE-01-02-MIM-AMCR",0,2,1,2,"",NA,NA,"",""
"1116","NB","LE","NBLE","Lincoln Elementary",1,"NBLE-01",NA,NA,"MIM",2021,6,10,2,"NBLE-01-02-MIM","6:00",0,13,0,"1","W","1","Y","SAVS","Savannah Sparrow",NA,NA,NA,NA,NA,NA,NA,NA,NA,NA,NA,NA,NA,NA,NA,"NBLE-01-02-MIM-SAVS",0,0,1,1,"",NA,NA,"",""
"1117","NB","LE","NBLE","Lincoln Elementary",1,"NBLE-01",NA,NA,"MIM",2021,6,10,2,"NBLE-01-02-MIM","6:00",0,13,0,"1","W","1","Y","YEWA","Northern Yellow Warbler",NA,NA,NA,NA,NA,NA,NA,NA,NA,NA,NA,NA,NA,NA,NA,"NBLE-01-02-MIM-YEWA",0,0,2,2,"",NA,NA,"",""
"1118","NB","LE","NBLE","Lincoln Elementary",1,"NBLE-01",NA,NA,"MIM",2021,6,10,2,"NBLE-01-02-MIM","6:00",0,13,0,"1","W","1","Y","ALFL","Alder Flycatcher",NA,NA,NA,NA,NA,NA,NA,NA,NA,NA,NA,NA,NA,NA,NA,"NBLE-01-02-MIM-ALFL",0,0,1,1,"",NA,NA,"",""
"1119","NB","LE","NBLE","Lincoln Elementary",2,"NBLE-02",NA,NA,"MIM",2021,6,10,2,"NBLE-02-02-MIM","6:25",0,13,0,"1","W","0","Y","SOSP","Song Sparrow",NA,NA,NA,NA,NA,NA,NA,NA,NA,NA,NA,NA,NA,NA,NA,"NBLE-02-02-MIM-SOSP",2,2,2,2,"",NA,NA,"",""
"1120","NB","LE","NBLE","Lincoln Elementary",2,"NBLE-02",NA,NA,"MIM",2021,6,10,2,"NBLE-02-02-MIM","6:25",0,13,0,"1","W","0","Y","SAVS","Savannah Sparrow",NA,NA,NA,NA,NA,NA,NA,NA,NA,NA,NA,NA,NA,NA,NA,"NBLE-02-02-MIM-SAVS",2,1,1,2,"",NA,NA,"",""
"1121","NB","LE","NBLE","Lincoln Elementary",2,"NBLE-02",NA,NA,"MIM",2021,6,10,2,"NBLE-02-02-MIM","6:25",0,13,0,"1","W","0","Y","YEWA","Northern Yellow Warbler",NA,NA,NA,NA,NA,NA,NA,NA,NA,NA,NA,NA,NA,NA,NA,"NBLE-02-02-MIM-YEWA",2,2,1,2,"",NA,NA,"",""
"1122","NB","LE","NBLE","Lincoln Elementary",2,"NBLE-02",NA,NA,"MIM",2021,6,10,2,"NBLE-02-02-MIM","6:25",0,13,0,"1","W","0","Y","AMRE","American Redstart",NA,NA,NA,NA,NA,NA,NA,NA,NA,NA,NA,NA,NA,NA,NA,"NBLE-02-02-MIM-AMRE",1,0,1,1,"",NA,NA,"",""
"1123","NB","LE","NBLE","Lincoln Elementary",2,"NBLE-02",NA,NA,"MIM",2021,6,10,2,"NBLE-02-02-MIM","6:25",0,13,0,"1","W","0","Y","AMCR","American Crow",NA,NA,NA,NA,NA,NA,NA,NA,NA,NA,NA,NA,NA,NA,NA,"NBLE-02-02-MIM-AMCR",1,0,1,1,"",NA,NA,"",""
"1124","NB","LE","NBLE","Lincoln Elementary",2,"NBLE-02",NA,NA,"MIM",2021,6,10,2,"NBLE-02-02-MIM","6:25",0,13,0,"1","W","0","Y","VEER","Veery",NA,NA,NA,NA,NA,NA,NA,NA,NA,NA,NA,NA,NA,NA,NA,"NBLE-02-02-MIM-VEER",1,0,1,1,"",NA,NA,"",""
"1125","NB","LE","NBLE","Lincoln Elementary",2,"NBLE-02",NA,NA,"MIM",2021,6,10,2,"NBLE-02-02-MIM","6:25",0,13,0,"1","W","0","Y","EAWP","Eastern Wood-Pewee",NA,NA,NA,NA,NA,NA,NA,NA,NA,NA,NA,NA,NA,NA,NA,"NBLE-02-02-MIM-EAWP",1,0,1,1,"",NA,NA,"",""
"1126","NB","LE","NBLE","Lincoln Elementary",2,"NBLE-02",NA,NA,"MIM",2021,6,10,2,"NBLE-02-02-MIM","6:25",0,13,0,"1","W","0","Y","RWBL","Red-winged Blackbird",NA,NA,NA,NA,NA,NA,NA,NA,NA,NA,NA,NA,NA,NA,NA,"NBLE-02-02-MIM-RWBL",2,3,3,3,"",NA,NA,"",""
"1127","NB","LE","NBLE","Lincoln Elementary",2,"NBLE-02",NA,NA,"MIM",2021,6,10,2,"NBLE-02-02-MIM","6:25",0,13,0,"1","W","0","Y","ALFL","Alder Flycatcher",NA,NA,NA,NA,NA,NA,NA,NA,NA,NA,NA,NA,NA,NA,NA,"NBLE-02-02-MIM-ALFL",1,1,1,1,"",NA,NA,"",""
"1128","NB","LE","NBLE","Lincoln Elementary",2,"NBLE-02",NA,NA,"MIM",2021,6,10,2,"NBLE-02-02-MIM","6:25",0,13,0,"1","W","0","Y","GCFL","Great Crested Flycatcher",NA,NA,NA,NA,NA,NA,NA,NA,NA,NA,NA,NA,NA,NA,NA,"NBLE-02-02-MIM-GCFL",1,0,1,1,"",NA,NA,"",""
"1129","NB","LE","NBLE","Lincoln Elementary",3,"NBLE-03",NA,NA,"MIM",2021,6,10,2,"NBLE-03-02-MIM","6:57",0,13,0,"1","W","1","Y","VEER","Veery",NA,NA,NA,NA,NA,NA,NA,NA,NA,NA,NA,NA,NA,NA,NA,"NBLE-03-02-MIM-VEER",1,0,1,1,"",NA,NA,"",""
"1130","NB","LE","NBLE","Lincoln Elementary",3,"NBLE-03",NA,NA,"MIM",2021,6,10,2,"NBLE-03-02-MIM","6:57",0,13,0,"1","W","1","Y","YEWA","Northern Yellow Warbler",NA,NA,NA,NA,NA,NA,NA,NA,NA,NA,NA,NA,NA,NA,NA,"NBLE-03-02-MIM-YEWA",1,1,1,1,"",NA,NA,"",""
"1131","NB","LE","NBLE","Lincoln Elementary",3,"NBLE-03",NA,NA,"MIM",2021,6,10,2,"NBLE-03-02-MIM","6:57",0,13,0,"1","W","1","Y","AMRE","American Redstart",NA,NA,NA,NA,NA,NA,NA,NA,NA,NA,NA,NA,NA,NA,NA,"NBLE-03-02-MIM-AMRE",2,1,1,2,"",NA,NA,"",""
"1132","NB","LE","NBLE","Lincoln Elementary",3,"NBLE-03",NA,NA,"MIM",2021,6,10,2,"NBLE-03-02-MIM","6:57",0,13,0,"1","W","1","Y","AMRO","American Robin",NA,NA,NA,NA,NA,NA,NA,NA,NA,NA,NA,NA,NA,NA,NA,"NBLE-03-02-MIM-AMRO",2,0,1,2,"",NA,NA,"",""
"1133","NB","LE","NBLE","Lincoln Elementary",3,"NBLE-03",NA,NA,"MIM",2021,6,10,2,"NBLE-03-02-MIM","6:57",0,13,0,"1","W","1","Y","Duck sp",NA,NA,NA,NA,NA,NA,NA,NA,NA,NA,NA,NA,NA,NA,NA,NA,"NBLE-03-02-MIM-Duck sp",2,0,0,2,"",NA,NA,"","Heard"
"1134","NB","LE","NBLE","Lincoln Elementary",3,"NBLE-03",NA,NA,"MIM",2021,6,10,2,"NBLE-03-02-MIM","6:57",0,13,0,"1","W","1","Y","AMCR","American Crow",NA,NA,NA,NA,NA,NA,NA,NA,NA,NA,NA,NA,NA,NA,NA,"NBLE-03-02-MIM-AMCR",1,1,1,1,"",NA,NA,"",""
"1135","NB","LE","NBLE","Lincoln Elementary",3,"NBLE-03",NA,NA,"MIM",2021,6,10,2,"NBLE-03-02-MIM","6:57",0,13,0,"1","W","1","Y","RWBL","Red-winged Blackbird",NA,NA,NA,NA,NA,NA,NA,NA,NA,NA,NA,NA,NA,NA,NA,"NBLE-03-02-MIM-RWBL",0,0,2,2,"",NA,NA,"",""
"1136","NB","55","NB55","Saint John South",1,"NB55-01",NA,NA,"MAH",2021,6,27,1,"NB55-01-01-MAH","5:20",10,15,1,"3","s","2","Y","RWBL","Red-winged Blackbird",NA,NA,NA,NA,NA,NA,NA,NA,NA,NA,NA,NA,NA,NA,NA,"NB55-01-01-MAH-RWBL",4,4,0,4,"",NA,NA,"",""
"1137","NB","55","NB55","Saint John South",1,"NB55-01",NA,NA,"MAH",2021,6,27,1,"NB55-01-01-MAH","5:20",10,15,1,"3","s","2","Y","SWSP","Swamp Sparrow",NA,NA,NA,NA,NA,NA,NA,NA,NA,NA,NA,NA,NA,NA,NA,"NB55-01-01-MAH-SWSP",2,2,0,2,"",NA,NA,"",""
"1138","NB","55","NB55","Saint John South",1,"NB55-01",NA,NA,"MAH",2021,6,27,1,"NB55-01-01-MAH","5:20",10,15,1,"3","s","2","Y","BCCH","Black-capped Chickadee",NA,NA,NA,NA,NA,NA,NA,NA,NA,NA,NA,NA,NA,NA,NA,"NB55-01-01-MAH-BCCH",1,0,0,1,"",NA,NA,"",""
"1139","NB","55","NB55","Saint John South",1,"NB55-01",NA,NA,"MAH",2021,6,27,1,"NB55-01-01-MAH","5:20",10,15,1,"3","s","2","Y","GBHE","Great Blue Heron",NA,NA,NA,NA,NA,NA,NA,NA,NA,NA,NA,NA,NA,NA,NA,"NB55-01-01-MAH-GBHE",0,1,0,1,"OF",NA,NA,"",""
"1140","NB","55","NB55","Saint John South",1,"NB55-01",NA,NA,"MAH",2021,6,27,1,"NB55-01-01-MAH","5:20",10,15,1,"3","s","2","Y","AMCR","American Crow",NA,NA,NA,NA,NA,NA,NA,NA,NA,NA,NA,NA,NA,NA,NA,"NB55-01-01-MAH-AMCR",0,1,0,1,"",NA,NA,"",""
"1141","NB","55","NB55","Saint John South",1,"NB55-01",NA,NA,"MAH",2021,6,27,1,"NB55-01-01-MAH","5:20",10,15,1,"3","s","2","Y","ICGU","Iceland Gull",NA,NA,NA,NA,NA,NA,NA,NA,NA,NA,NA,NA,NA,NA,NA,"NB55-01-01-MAH-ICGU",0,0,4,4,"OF",NA,NA,"",""
"1142","NB","55","NB55","Saint John South",2,"NB55-02",NA,NA,"MAH",2021,6,27,1,"NB55-02-01-MAH","5:40",10,14,1,"3","S","2","Y","MALL","Mallard",NA,NA,NA,NA,NA,NA,NA,NA,NA,NA,NA,NA,NA,NA,NA,"NB55-02-01-MAH-MALL",2,0,0,2,"",2,NA,"",""
"1143","NB","55","NB55","Saint John South",2,"NB55-02",NA,NA,"MAH",2021,6,27,1,"NB55-02-01-MAH","5:40",10,14,1,"3","S","2","Y","CANG","Canada Goose",NA,NA,NA,NA,NA,NA,NA,NA,NA,NA,NA,NA,NA,NA,NA,"NB55-02-01-MAH-CANG",2,1,1,2,"",NA,NA,"",""
"1144","NB","55","NB55","Saint John South",2,"NB55-02",NA,NA,"MAH",2021,6,27,1,"NB55-02-01-MAH","5:40",10,14,1,"3","S","2","Y","AMCR","American Crow",NA,NA,NA,NA,NA,NA,NA,NA,NA,NA,NA,NA,NA,NA,NA,"NB55-02-01-MAH-AMCR",2,0,2,2,"",NA,NA,"",""
"1145","NB","55","NB55","Saint John South",2,"NB55-02",NA,NA,"MAH",2021,6,27,1,"NB55-02-01-MAH","5:40",10,14,1,"3","S","2","Y","GBBG","Great Black-backed Gull",NA,NA,NA,NA,NA,NA,NA,NA,NA,NA,NA,NA,NA,NA,NA,"NB55-02-01-MAH-GBBG",1,6,0,6,"OF",NA,NA,"",""
"1146","NB","55","NB55","Saint John South",2,"NB55-02",NA,NA,"MAH",2021,6,27,1,"NB55-02-01-MAH","5:40",10,14,1,"3","S","2","Y","AHGU","American Herring Gull",NA,NA,NA,NA,NA,NA,NA,NA,NA,NA,NA,NA,NA,NA,NA,"NB55-02-01-MAH-HERG",0,3,0,3,"OF",NA,NA,"",""
"1147","NB","55","NB55","Saint John South",2,"NB55-02",NA,NA,"MAH",2021,6,27,1,"NB55-02-01-MAH","5:40",10,14,1,"3","S","2","Y","GBHE","Great Blue Heron",NA,NA,NA,NA,NA,NA,NA,NA,NA,NA,NA,NA,NA,NA,NA,"NB55-02-01-MAH-GBHE",0,0,1,1,"OF",NA,NA,"",""
"1148","NB","55","NB55","Saint John South",3,"NB55-03",NA,NA,"MAH",2021,6,27,1,"NB55-03-01-MAH","6:15",10,4,1,"3","S","4","Y","AHGU","American Herring Gull",NA,NA,NA,NA,NA,NA,NA,NA,NA,NA,NA,NA,NA,NA,NA,"NB55-03-01-MAH-HERG",1,5,2,5,"2",NA,NA,"","2 flyovers, time not noted"
"1149","NB","55","NB55","Saint John South",3,"NB55-03",NA,NA,"MAH",2021,6,27,1,"NB55-03-01-MAH","6:15",10,4,1,"3","S","4","Y","GBHE","Great Blue Heron",NA,NA,NA,NA,NA,NA,NA,NA,NA,NA,NA,NA,NA,NA,NA,"NB55-03-01-MAH-GBHE",1,0,0,1,"",NA,NA,"",""
"1150","NB","55","NB55","Saint John South",3,"NB55-03",NA,NA,"MAH",2021,6,27,1,"NB55-03-01-MAH","6:15",10,4,1,"3","S","4","Y","MALL","Mallard",NA,NA,NA,NA,NA,NA,NA,NA,NA,NA,NA,NA,NA,NA,NA,"NB55-03-01-MAH-MALL",4,0,0,4,"",NA,NA,"",""
"1151","NB","55","NB55","Saint John South",3,"NB55-03",NA,NA,"MAH",2021,6,27,1,"NB55-03-01-MAH","6:15",10,4,1,"3","S","4","Y","RWBL","Red-winged Blackbird",NA,NA,NA,NA,NA,NA,NA,NA,NA,NA,NA,NA,NA,NA,NA,"NB55-03-01-MAH-RWBL",1,0,0,1,"",NA,NA,"",""
"1152","NB","55","NB55","Saint John South",3,"NB55-03",NA,NA,"MAH",2021,6,27,1,"NB55-03-01-MAH","6:15",10,4,1,"3","S","4","Y","SWSP","Swamp Sparrow",NA,NA,NA,NA,NA,NA,NA,NA,NA,NA,NA,NA,NA,NA,NA,"NB55-03-01-MAH-SWSP",0,1,0,1,"",NA,NA,"",""
"1153","NB","55","NB55","Saint John South",3,"NB55-03",NA,NA,"MAH",2021,6,27,1,"NB55-03-01-MAH","6:15",10,4,1,"3","S","4","Y","WODU","Wood Duck",NA,NA,NA,NA,NA,NA,NA,NA,NA,NA,NA,NA,NA,NA,NA,"NB55-03-01-MAH-WODU",0,0,1,1,"",NA,NA,"",""
"1154","NB","55","NB55","Saint John South",4,"NB55-04",NA,NA,"MAH",2021,6,27,1,"NB55-04-01-MAH","6:40",10,17,1,"3","S","1","Y","COGR","Common Grackle",NA,NA,NA,NA,NA,NA,NA,NA,NA,NA,NA,NA,NA,NA,NA,"NB55-04-01-MAH-COGR",1,0,0,1,"",NA,NA,"",""
"1155","NB","55","NB55","Saint John South",4,"NB55-04",NA,NA,"MAH",2021,6,27,1,"NB55-04-01-MAH","6:40",10,17,1,"3","S","1","Y","HETH","Hermit Thrush",NA,NA,NA,NA,NA,NA,NA,NA,NA,NA,NA,NA,NA,NA,NA,"NB55-04-01-MAH-HETH",1,0,0,1,"",NA,NA,"",""
"1156","NB","55","NB55","Saint John South",4,"NB55-04",NA,NA,"MAH",2021,6,27,1,"NB55-04-01-MAH","6:40",10,17,1,"3","S","1","Y","AMCR","American Crow",NA,NA,NA,NA,NA,NA,NA,NA,NA,NA,NA,NA,NA,NA,NA,"NB55-04-01-MAH-AMCR",2,1,1,2,"",NA,NA,"",""
"1157","NB","55","NB55","Saint John South",4,"NB55-04",NA,NA,"MAH",2021,6,27,1,"NB55-04-01-MAH","6:40",10,17,1,"3","S","1","Y","BCCH","Black-capped Chickadee",NA,NA,NA,NA,NA,NA,NA,NA,NA,NA,NA,NA,NA,NA,NA,"NB55-04-01-MAH-BCCH",1,1,1,1,"",NA,NA,"",""
"1158","NB","55","NB55","Saint John South",4,"NB55-04",NA,NA,"MAH",2021,6,27,1,"NB55-04-01-MAH","6:40",10,17,1,"3","S","1","Y","CANG","Canada Goose",NA,NA,NA,NA,NA,NA,NA,NA,NA,NA,NA,NA,NA,NA,NA,"NB55-04-01-MAH-CANG",1,3,1,3,"1",NA,NA,"","1 flyover, time not noted"
"1159","NB","55","NB55","Saint John South",4,"NB55-04",NA,NA,"MAH",2021,6,27,1,"NB55-04-01-MAH","6:40",10,17,1,"3","S","1","Y","AHGU","American Herring Gull",NA,NA,NA,NA,NA,NA,NA,NA,NA,NA,NA,NA,NA,NA,NA,"NB55-04-01-MAH-HERG",0,4,10,10,"",NA,NA,"",""
"1160","NB","55","NB55","Saint John South",4,"NB55-04",NA,NA,"MAH",2021,6,27,1,"NB55-04-01-MAH","6:40",10,17,1,"3","S","1","Y","AMRO","American Robin",NA,NA,NA,NA,NA,NA,NA,NA,NA,NA,NA,NA,NA,NA,NA,"NB55-04-01-MAH-AMRO",0,1,0,1,"",NA,NA,"",""
"1161","NB","55","NB55","Saint John South",4,"NB55-04",NA,NA,"MAH",2021,6,27,1,"NB55-04-01-MAH","6:40",10,17,1,"3","S","1","Y","GBHE","Great Blue Heron",NA,NA,NA,NA,NA,NA,NA,NA,NA,NA,NA,NA,NA,NA,NA,"NB55-04-01-MAH-GBHE",0,2,0,2,"1",NA,NA,"","1 flyover, time not noted"
"1162","NB","55","NB55","Saint John South",4,"NB55-04",NA,NA,"MAH",2021,6,27,1,"NB55-04-01-MAH","6:40",10,17,1,"3","S","1","Y","SWSP","Swamp Sparrow",NA,NA,NA,NA,NA,NA,NA,NA,NA,NA,NA,NA,NA,NA,NA,"NB55-04-01-MAH-SWSP",0,0,1,1,"",NA,NA,"",""
"1163","NB","55","NB55","Saint John South",4,"NB55-04",NA,NA,"MAH",2021,6,27,1,"NB55-04-01-MAH","6:40",10,17,1,"3","S","1","Y","ICGU","Iceland Gull",NA,NA,NA,NA,NA,NA,NA,NA,NA,NA,NA,NA,NA,NA,NA,"NB55-04-01-MAH-ICGU",0,0,2,2,"",NA,NA,"",""
"1164","NB","55","NB55","Saint John South",1,"NB55-01",NA,NA,"MAH",2021,7,2,2,"NB55-01-02-MAH","5:15",9,12,1,"3","SW","2","Y","SWSP","Swamp Sparrow",NA,NA,NA,NA,NA,NA,NA,NA,NA,NA,NA,NA,NA,NA,NA,"NB55-01-02-MAH-SWSP",1,1,1,1,"",NA,NA,"",""
"1165","NB","55","NB55","Saint John South",1,"NB55-01",NA,NA,"MAH",2021,7,2,2,"NB55-01-02-MAH","5:15",9,12,1,"3","SW","2","Y","RWBL","Red-winged Blackbird",NA,NA,NA,NA,NA,NA,NA,NA,NA,NA,NA,NA,NA,NA,NA,"NB55-01-02-MAH-RWBL",1,1,1,1,"",NA,NA,"",""
"1166","NB","55","NB55","Saint John South",1,"NB55-01",NA,NA,"MAH",2021,7,2,2,"NB55-01-02-MAH","5:15",9,12,1,"3","SW","2","Y","COGR","Common Grackle",NA,NA,NA,NA,NA,NA,NA,NA,NA,NA,NA,NA,NA,NA,NA,"NB55-01-02-MAH-COGR",2,2,2,2,"",NA,NA,"",""
"1167","NB","55","NB55","Saint John South",1,"NB55-01",NA,NA,"MAH",2021,7,2,2,"NB55-01-02-MAH","5:15",9,12,1,"3","SW","2","Y","DCCO","Double-crested Cormorant",NA,NA,NA,NA,NA,NA,NA,NA,NA,NA,NA,NA,NA,NA,NA,"NB55-01-02-MAH-DCCO",NA,NA,NA,0,"OF",NA,NA,"","22 flyovers, time not noted"
"1168","NB","55","NB55","Saint John South",2,"NB55-02",NA,NA,"MAH",2021,7,2,2,"NB55-02-02-MAH","5:45",9,12,1,"3","S","2","Y","NOHA","Northern Harrier",NA,NA,NA,NA,NA,NA,NA,NA,NA,NA,NA,NA,NA,NA,NA,"NB55-02-02-MAH-NOHA",NA,NA,NA,0,"OF",NA,NA,"","1 flyover, time not noted"
"1169","NB","55","NB55","Saint John South",2,"NB55-02",NA,NA,"MAH",2021,7,2,2,"NB55-02-02-MAH","5:45",9,12,1,"3","S","2","Y","GBHE","Great Blue Heron",NA,NA,NA,NA,NA,NA,NA,NA,NA,NA,NA,NA,NA,NA,NA,"NB55-02-02-MAH-GBHE",0,1,1,1,"",NA,NA,"",""
"1170","NB","55","NB55","Saint John South",2,"NB55-02",NA,NA,"MAH",2021,7,2,2,"NB55-02-02-MAH","5:45",9,12,1,"3","S","2","Y","GBBG","Great Black-backed Gull",NA,NA,NA,NA,NA,NA,NA,NA,NA,NA,NA,NA,NA,NA,NA,"NB55-02-02-MAH-GBBG",2,5,1,5,"",NA,NA,"",""
"1171","NB","55","NB55","Saint John South",2,"NB55-02",NA,NA,"MAH",2021,7,2,2,"NB55-02-02-MAH","5:45",9,12,1,"3","S","2","Y","CANG","Canada Goose",NA,NA,NA,NA,NA,NA,NA,NA,NA,NA,NA,NA,NA,NA,NA,"NB55-02-02-MAH-CANG",8,6,0,8,"",NA,NA,"","2 flyovers, time not noted"
"1172","NB","55","NB55","Saint John South",2,"NB55-02",NA,NA,"MAH",2021,7,2,2,"NB55-02-02-MAH","5:45",9,12,1,"3","S","2","Y","ABDU","American Black Duck",NA,NA,NA,NA,NA,NA,NA,NA,NA,NA,NA,NA,NA,NA,NA,"NB55-02-02-MAH-ABDU",12,10,0,12,"",NA,NA,"","8 flyovers. Time not noted"
"1173","NB","55","NB55","Saint John South",2,"NB55-02",NA,NA,"MAH",2021,7,2,2,"NB55-02-02-MAH","5:45",9,12,1,"3","S","2","Y","MALL","Mallard",NA,NA,NA,NA,NA,NA,NA,NA,NA,NA,NA,NA,NA,NA,NA,"NB55-02-02-MAH-MALL",4,2,0,4,"2",NA,NA,"","2 flyovers, time not noted"
"1174","NB","55","NB55","Saint John South",3,"NB55-03",NA,NA,"MAH",2021,7,2,2,"NB55-03-02-MAH","6:10",9,11,1,"3","S","2","Y","GBHE","Great Blue Heron",NA,NA,NA,NA,NA,NA,NA,NA,NA,NA,NA,NA,NA,NA,NA,"NB55-03-02-MAH-GBHE",1,0,0,1,"",NA,NA,"",""
"1175","NB","55","NB55","Saint John South",3,"NB55-03",NA,NA,"MAH",2021,7,2,2,"NB55-03-02-MAH","6:10",9,11,1,"3","S","2","Y","ABDU","American Black Duck",NA,NA,NA,NA,NA,NA,NA,NA,NA,NA,NA,NA,NA,NA,NA,"NB55-03-02-MAH-ABDU",4,4,4,4,"",NA,NA,"",""
"1176","NB","55","NB55","Saint John South",3,"NB55-03",NA,NA,"MAH",2021,7,2,2,"NB55-03-02-MAH","6:10",9,11,1,"3","S","2","Y","MALL","Mallard",NA,NA,NA,NA,NA,NA,NA,NA,NA,NA,NA,NA,NA,NA,NA,"NB55-03-02-MAH-MALL",2,2,2,2,"",NA,NA,"",""
"1177","NB","55","NB55","Saint John South",3,"NB55-03",NA,NA,"MAH",2021,7,2,2,"NB55-03-02-MAH","6:10",9,11,1,"3","S","2","Y","RBGU","Ring-billed Gull",NA,NA,NA,NA,NA,NA,NA,NA,NA,NA,NA,NA,NA,NA,NA,"NB55-03-02-MAH-RBGU",2,2,0,2,"",NA,NA,"",""
"1178","NB","55","NB55","Saint John South",3,"NB55-03",NA,NA,"MAH",2021,7,2,2,"NB55-03-02-MAH","6:10",9,11,1,"3","S","2","Y","AHGU","American Herring Gull",NA,NA,NA,NA,NA,NA,NA,NA,NA,NA,NA,NA,NA,NA,NA,"NB55-03-02-MAH-HERG",5,3,4,5,"",NA,NA,"",""
"1179","NB","55","NB55","Saint John South",4,"NB55-04",NA,NA,"MAH",2021,7,2,2,"NB55-04-02-MAH","6:35",9,12,1,"3","S","2","Y","CANG","Canada Goose",NA,NA,NA,NA,NA,NA,NA,NA,NA,NA,NA,NA,NA,NA,NA,"NB55-04-02-MAH-CANG",3,5,1,5,"",NA,NA,"",""
"1180","NB","55","NB55","Saint John South",4,"NB55-04",NA,NA,"MAH",2021,7,2,2,"NB55-04-02-MAH","6:35",9,12,1,"3","S","2","Y","GBHE","Great Blue Heron",NA,NA,NA,NA,NA,NA,NA,NA,NA,NA,NA,NA,NA,NA,NA,"NB55-04-02-MAH-GBHE",1,1,1,1,"",NA,NA,"",""
"1181","NB","55","NB55","Saint John South",4,"NB55-04",NA,NA,"MAH",2021,7,2,2,"NB55-04-02-MAH","6:35",9,12,1,"3","S","2","Y","MALL","Mallard",NA,NA,NA,NA,NA,NA,NA,NA,NA,NA,NA,NA,NA,NA,NA,"NB55-04-02-MAH-MALL",1,0,0,1,"",NA,NA,"",""
"1182","NB","55","NB55","Saint John South",4,"NB55-04",NA,NA,"MAH",2021,7,2,2,"NB55-04-02-MAH","6:35",9,12,1,"3","S","2","Y","GRYE","Greater Yellowlegs",NA,NA,NA,NA,NA,NA,NA,NA,NA,NA,NA,NA,NA,NA,NA,"NB55-04-02-MAH-GRYE",2,2,2,2,"",NA,NA,"",""
"1183","NB","55","NB55","Saint John South",4,"NB55-04",NA,NA,"MAH",2021,7,2,2,"NB55-04-02-MAH","6:35",9,12,1,"3","S","2","Y","GBBG","Great Black-backed Gull",NA,NA,NA,NA,NA,NA,NA,NA,NA,NA,NA,NA,NA,NA,NA,"NB55-04-02-MAH-GBBG",NA,NA,NA,0,"OF",NA,NA,"","37 flyovers, time not noted"
"1184","NB","55","NB55","Saint John South",4,"NB55-04",NA,NA,"MAH",2021,7,2,2,"NB55-04-02-MAH","6:35",9,12,1,"3","S","2","Y","SWSP","Swamp Sparrow",NA,NA,NA,NA,NA,NA,NA,NA,NA,NA,NA,NA,NA,NA,NA,"NB55-04-02-MAH-SWSP",0,0,1,1,"",NA,NA,"",""
"1185","NB","55","NB55","Saint John South",4,"NB55-04",NA,NA,"MAH",2021,7,2,2,"NB55-04-02-MAH","6:35",9,12,1,"3","S","2","Y","RBGU","Ring-billed Gull",NA,NA,NA,NA,NA,NA,NA,NA,NA,NA,NA,NA,NA,NA,NA,"NB55-04-02-MAH-RBGU",0,0,2,2,"",NA,NA,"",""
"1186","NB","55","NB55","Saint John South",4,"NB55-04",NA,NA,"MAH",2021,7,2,2,"NB55-04-02-MAH","6:35",9,12,1,"3","S","2","Y","AHGU","American Herring Gull",NA,NA,NA,NA,NA,NA,NA,NA,NA,NA,NA,NA,NA,NA,NA,"NB55-04-02-MAH-HERG",NA,NA,NA,0,"OF",NA,NA,"","18 flyovers, time not noted"
"1187","NB","55","NB55","Saint John South",4,"NB55-04",NA,NA,"MAH",2021,7,2,2,"NB55-04-02-MAH","6:35",9,12,1,"3","S","2","Y","AMCR","American Crow",NA,NA,NA,NA,NA,NA,NA,NA,NA,NA,NA,NA,NA,NA,NA,"NB55-04-02-MAH-AMCR",0,0,1,1,"",NA,NA,"",""
"1188","NB","57","NB57","Coles Island",1,"NB57-01",NA,NA,"LON",2021,6,13,1,"NB57-01-01-LON","5:30",10,9,0,"3","sw","0","y","SAVS","Savannah Sparrow",NA,NA,NA,NA,NA,NA,NA,NA,NA,NA,NA,NA,NA,NA,NA,"NB57-01-01-LON-SAVS",1,1,2,2,"",NA,NA,"",""
"1189","NB","57","NB57","Coles Island",1,"NB57-01",NA,NA,"LON",2021,6,13,1,"NB57-01-01-LON","5:30",10,9,0,"3","sw","0","y","RWBL","Red-winged Blackbird",NA,NA,NA,NA,NA,NA,NA,NA,NA,NA,NA,NA,NA,NA,NA,"NB57-01-01-LON-RWBL",5,3,4,5,"",NA,NA,"",""
"1190","NB","57","NB57","Coles Island",1,"NB57-01",NA,NA,"LON",2021,6,13,1,"NB57-01-01-LON","5:30",10,9,0,"3","sw","0","y","BOBO","Bobolink",NA,NA,NA,NA,NA,NA,NA,NA,NA,NA,NA,NA,NA,NA,NA,"NB57-01-01-LON-BOBO",2,1,1,2,"",NA,NA,"",""
"1191","NB","57","NB57","Coles Island",1,"NB57-01",NA,NA,"LON",2021,6,13,1,"NB57-01-01-LON","5:30",10,9,0,"3","sw","0","y","COYE","Common Yellowthroat",NA,NA,NA,NA,NA,NA,NA,NA,NA,NA,NA,NA,NA,NA,NA,"NB57-01-01-LON-COYE",1,0,1,1,"",NA,NA,"",""
"1192","NB","57","NB57","Coles Island",1,"NB57-01",NA,NA,"LON",2021,6,13,1,"NB57-01-01-LON","5:30",10,9,0,"3","sw","0","y","RNEP","Ring-necked Pheasant",NA,NA,NA,NA,NA,NA,NA,NA,NA,NA,NA,NA,NA,NA,NA,"NB57-01-01-LON-RIPH",1,0,1,1,"",NA,NA,"","Written RINP"
"1193","NB","57","NB57","Coles Island",1,"NB57-01",NA,NA,"LON",2021,6,13,1,"NB57-01-01-LON","5:30",10,9,0,"3","sw","0","y","SWSP","Swamp Sparrow",NA,NA,NA,NA,NA,NA,NA,NA,NA,NA,NA,NA,NA,NA,NA,"NB57-01-01-LON-SWSP",1,1,1,1,"",NA,NA,"",""
"1194","NB","57","NB57","Coles Island",1,"NB57-01",NA,NA,"LON",2021,6,13,1,"NB57-01-01-LON","5:30",10,9,0,"3","sw","0","y","SOSP","Song Sparrow",NA,NA,NA,NA,NA,NA,NA,NA,NA,NA,NA,NA,NA,NA,NA,"NB57-01-01-LON-SOSP",0,1,0,1,"",NA,NA,"",""
"1195","NB","57","NB57","Coles Island",2,"NB57-02",NA,NA,"LON",2021,6,13,1,"NB57-02-01-LON","5:58",10,9,0,"3","SW","0","Y","RWBL","Red-winged Blackbird",NA,NA,NA,NA,NA,NA,NA,NA,NA,NA,NA,NA,NA,NA,NA,"NB57-02-01-LON-RWBL",3,3,3,3,"",NA,NA,"",""
"1196","NB","57","NB57","Coles Island",2,"NB57-02",NA,NA,"LON",2021,6,13,1,"NB57-02-01-LON","5:58",10,9,0,"3","SW","0","Y","COYE","Common Yellowthroat",NA,NA,NA,NA,NA,NA,NA,NA,NA,NA,NA,NA,NA,NA,NA,"NB57-02-01-LON-COYE",1,1,1,1,"",NA,NA,"",""
"1197","NB","57","NB57","Coles Island",2,"NB57-02",NA,NA,"LON",2021,6,13,1,"NB57-02-01-LON","5:58",10,9,0,"3","SW","0","Y","SWSP","Swamp Sparrow",NA,NA,NA,NA,NA,NA,NA,NA,NA,NA,NA,NA,NA,NA,NA,"NB57-02-01-LON-SWSP",1,2,1,2,"",NA,NA,"",""
"1198","NB","57","NB57","Coles Island",2,"NB57-02",NA,NA,"LON",2021,6,13,1,"NB57-02-01-LON","5:58",10,9,0,"3","SW","0","Y","SOSP","Song Sparrow",NA,NA,NA,NA,NA,NA,NA,NA,NA,NA,NA,NA,NA,NA,NA,"NB57-02-01-LON-SOSP",1,1,1,1,"",NA,NA,"",""
"1199","NB","57","NB57","Coles Island",2,"NB57-02",NA,NA,"LON",2021,6,13,1,"NB57-02-01-LON","5:58",10,9,0,"3","SW","0","Y","WODU","Wood Duck",NA,NA,NA,NA,NA,NA,NA,NA,NA,NA,NA,NA,NA,NA,NA,"NB57-02-01-LON-WODU",3,0,0,3,"",3,NA,"",""
"1200","NB","57","NB57","Coles Island",2,"NB57-02",NA,NA,"LON",2021,6,13,1,"NB57-02-01-LON","5:58",10,9,0,"3","SW","0","Y","RNEP","Ring-necked Pheasant",NA,NA,NA,NA,NA,NA,NA,NA,NA,NA,NA,NA,NA,NA,NA,"NB57-02-01-LON-RIPH",0,1,0,1,"",NA,NA,"","Written RINP"
"1201","NB","57","NB57","Coles Island",2,"NB57-02",NA,NA,"LON",2021,6,13,1,"NB57-02-01-LON","5:58",10,9,0,"3","SW","0","Y","YEWA","Northern Yellow Warbler",NA,NA,NA,NA,NA,NA,NA,NA,NA,NA,NA,NA,NA,NA,NA,"NB57-02-01-LON-YEWA",0,1,0,1,"",NA,NA,"",""
"1202","NB","57","NB57","Coles Island",3,"NB57-03",NA,NA,"LON",2021,6,13,1,"NB57-03-01-LON","6:23",10,8,0,"2","SW","0","Y","RWBL","Red-winged Blackbird",NA,NA,NA,NA,NA,NA,NA,NA,NA,NA,NA,NA,NA,NA,NA,"NB57-03-01-LON-RWBL",3,5,4,5,"",NA,NA,"",""
"1203","NB","57","NB57","Coles Island",3,"NB57-03",NA,NA,"LON",2021,6,13,1,"NB57-03-01-LON","6:23",10,8,0,"2","SW","0","Y","YEWA","Northern Yellow Warbler",NA,NA,NA,NA,NA,NA,NA,NA,NA,NA,NA,NA,NA,NA,NA,"NB57-03-01-LON-YEWA",1,1,0,1,"",NA,NA,"",""
"1204","NB","57","NB57","Coles Island",3,"NB57-03",NA,NA,"LON",2021,6,13,1,"NB57-03-01-LON","6:23",10,8,0,"2","SW","0","Y","COYE","Common Yellowthroat",NA,NA,NA,NA,NA,NA,NA,NA,NA,NA,NA,NA,NA,NA,NA,"NB57-03-01-LON-COYE",1,1,1,1,"",NA,NA,"",""
"1205","NB","57","NB57","Coles Island",3,"NB57-03",NA,NA,"LON",2021,6,13,1,"NB57-03-01-LON","6:23",10,8,0,"2","SW","0","Y","SAVS","Savannah Sparrow",NA,NA,NA,NA,NA,NA,NA,NA,NA,NA,NA,NA,NA,NA,NA,"NB57-03-01-LON-SAVS",1,0,1,1,"",NA,NA,"",""
"1206","NB","57","NB57","Coles Island",3,"NB57-03",NA,NA,"LON",2021,6,13,1,"NB57-03-01-LON","6:23",10,8,0,"2","SW","0","Y","SWSP","Swamp Sparrow",NA,NA,NA,NA,NA,NA,NA,NA,NA,NA,NA,NA,NA,NA,NA,"NB57-03-01-LON-SWSP",1,0,2,2,"",NA,NA,"",""
"1207","NB","57","NB57","Coles Island",3,"NB57-03",NA,NA,"LON",2021,6,13,1,"NB57-03-01-LON","6:23",10,8,0,"2","SW","0","Y","RNDU","Ring-necked Duck",NA,NA,NA,NA,NA,NA,NA,NA,NA,NA,NA,NA,NA,NA,NA,"NB57-03-01-LON-RNDU",1,0,0,1,"",1,NA,"",""
"1208","NB","57","NB57","Coles Island",3,"NB57-03",NA,NA,"LON",2021,6,13,1,"NB57-03-01-LON","6:23",10,8,0,"2","SW","0","Y","SOSP","Song Sparrow",NA,NA,NA,NA,NA,NA,NA,NA,NA,NA,NA,NA,NA,NA,NA,"NB57-03-01-LON-SOSP",0,1,1,1,"",NA,NA,"",""
"1209","NB","57","NB57","Coles Island",3,"NB57-03",NA,NA,"LON",2021,6,13,1,"NB57-03-01-LON","6:23",10,8,0,"2","SW","0","Y","GADW","Gadwall",NA,NA,NA,NA,NA,NA,NA,NA,NA,NA,NA,NA,NA,NA,NA,"NB57-03-01-LON-GADW",1,0,0,1,"",1,NA,"",""
"1210","NB","57","NB57","Coles Island",3,"NB57-03",NA,NA,"LON",2021,6,13,1,"NB57-03-01-LON","6:23",10,8,0,"2","SW","0","Y","NSHO","Northern Shoveler",NA,NA,NA,NA,NA,NA,NA,NA,NA,NA,NA,NA,NA,NA,NA,"NB57-03-01-LON-NSHO",2,0,0,2,"",1,1,"",""
"1211","NB","57","NB57","Coles Island",4,"NB57-04",NA,NA,"LON",2021,6,13,1,"NB57-04-01-LON","6:50",9,8,0,"2","W","0","Y","RNDU","Ring-necked Duck",NA,NA,NA,NA,NA,NA,NA,NA,NA,NA,NA,NA,NA,NA,NA,"NB57-04-01-LON-RNDU",1,1,0,1,"",1,NA,"",""
"1212","NB","57","NB57","Coles Island",4,"NB57-04",NA,NA,"LON",2021,6,13,1,"NB57-04-01-LON","6:50",9,8,0,"2","W","0","Y","RWBL","Red-winged Blackbird",NA,NA,NA,NA,NA,NA,NA,NA,NA,NA,NA,NA,NA,NA,NA,"NB57-04-01-LON-RWBL",3,2,2,3,"",NA,NA,"",""
"1213","NB","57","NB57","Coles Island",4,"NB57-04",NA,NA,"LON",2021,6,13,1,"NB57-04-01-LON","6:50",9,8,0,"2","W","0","Y","SWSP","Swamp Sparrow",NA,NA,NA,NA,NA,NA,NA,NA,NA,NA,NA,NA,NA,NA,NA,"NB57-04-01-LON-SWSP",1,1,0,1,"",NA,NA,"",""
"1214","NB","57","NB57","Coles Island",4,"NB57-04",NA,NA,"LON",2021,6,13,1,"NB57-04-01-LON","6:50",9,8,0,"2","W","0","Y","COYE","Common Yellowthroat",NA,NA,NA,NA,NA,NA,NA,NA,NA,NA,NA,NA,NA,NA,NA,"NB57-04-01-LON-COYE",0,1,1,1,"",NA,NA,"",""
"1215","NB","57","NB57","Coles Island",4,"NB57-04",NA,NA,"LON",2021,6,13,1,"NB57-04-01-LON","6:50",9,8,0,"2","W","0","Y","ABDU","American Black Duck",NA,NA,NA,NA,NA,NA,NA,NA,NA,NA,NA,NA,NA,NA,NA,"NB57-04-01-LON-ABDU",0,1,0,1,"",NA,NA,"",""
"1216","NB","57","NB57","Coles Island",4,"NB57-04",NA,NA,"LON",2021,6,13,1,"NB57-04-01-LON","6:50",9,8,0,"2","W","0","Y","MALL","Mallard",NA,NA,NA,NA,NA,NA,NA,NA,NA,NA,NA,NA,NA,NA,NA,"NB57-04-01-LON-MALL",0,2,0,2,"",2,NA,"",""
"1217","NB","57","NB57","Coles Island",4,"NB57-04",NA,NA,"LON",2021,6,13,1,"NB57-04-01-LON","6:50",9,8,0,"2","W","0","Y","GADW","Gadwall",NA,NA,NA,NA,NA,NA,NA,NA,NA,NA,NA,NA,NA,NA,NA,"NB57-04-01-LON-GADW",0,1,1,1,"",1,NA,"",""
"1218","NB","57","NB57","Coles Island",4,"NB57-04",NA,NA,"LON",2021,6,13,1,"NB57-04-01-LON","6:50",9,8,0,"2","W","0","Y","YEWA","Northern Yellow Warbler",NA,NA,NA,NA,NA,NA,NA,NA,NA,NA,NA,NA,NA,NA,NA,"NB57-04-01-LON-YEWA",0,0,1,1,"",NA,NA,"",""
"1219","NB","57","NB57","Coles Island",4,"NB57-04",NA,NA,"LON",2021,6,13,1,"NB57-04-01-LON","6:50",9,8,0,"2","W","0","Y","GADW","Gadwall",NA,NA,NA,NA,NA,NA,NA,NA,NA,NA,NA,NA,NA,NA,NA,"NB57-04-01-LON-GADW",0,2,0,2,"OF",2,NA,"",""
"1220","NB","57","NB57","Coles Island",5,"NB57-05",NA,NA,"LON",2021,6,13,1,"NB57-05-01-LON","7:15",3,10,0,"2","NW","0","Y","RWBL","Red-winged Blackbird",NA,NA,NA,NA,NA,NA,NA,NA,NA,NA,NA,NA,NA,NA,NA,"NB57-05-01-LON-RWBL",5,3,4,5,"",NA,NA,"",""
"1221","NB","57","NB57","Coles Island",5,"NB57-05",NA,NA,"LON",2021,6,13,1,"NB57-05-01-LON","7:15",3,10,0,"2","NW","0","Y","COYE","Common Yellowthroat",NA,NA,NA,NA,NA,NA,NA,NA,NA,NA,NA,NA,NA,NA,NA,"NB57-05-01-LON-COYE",1,1,1,1,"",NA,NA,"",""
"1222","NB","57","NB57","Coles Island",5,"NB57-05",NA,NA,"LON",2021,6,13,1,"NB57-05-01-LON","7:15",3,10,0,"2","NW","0","Y","SWSP","Swamp Sparrow",NA,NA,NA,NA,NA,NA,NA,NA,NA,NA,NA,NA,NA,NA,NA,"NB57-05-01-LON-SWSP",1,0,1,1,"",NA,NA,"",""
"1223","NB","57","NB57","Coles Island",5,"NB57-05",NA,NA,"LON",2021,6,13,1,"NB57-05-01-LON","7:15",3,10,0,"2","NW","0","Y","ABDU","American Black Duck",NA,NA,NA,NA,NA,NA,NA,NA,NA,NA,NA,NA,NA,NA,NA,"NB57-05-01-LON-ABDU",3,1,0,3,"",NA,1,"2",""
"1224","NB","57","NB57","Coles Island",5,"NB57-05",NA,NA,"LON",2021,6,13,1,"NB57-05-01-LON","7:15",3,10,0,"2","NW","0","Y","SOSP","Song Sparrow",NA,NA,NA,NA,NA,NA,NA,NA,NA,NA,NA,NA,NA,NA,NA,"NB57-05-01-LON-SOSP",0,1,1,1,"",NA,NA,"",""
"1225","NB","57","NB57","Coles Island",5,"NB57-05",NA,NA,"LON",2021,6,13,1,"NB57-05-01-LON","7:15",3,10,0,"2","NW","0","Y","TRES","Tree Swallow",NA,NA,NA,NA,NA,NA,NA,NA,NA,NA,NA,NA,NA,NA,NA,"NB57-05-01-LON-TRES",0,1,0,1,"AF",NA,NA,"",""
"1226","NB","57","NB57","Coles Island",5,"NB57-05",NA,NA,"LON",2021,6,13,1,"NB57-05-01-LON","7:15",3,10,0,"2","NW","0","Y","RNDU","Ring-necked Duck",NA,NA,NA,NA,NA,NA,NA,NA,NA,NA,NA,NA,NA,NA,NA,"NB57-05-01-LON-RNDU",0,1,0,1,"",1,NA,"",""
"1227","NB","57","NB57","Coles Island",5,"NB57-05",NA,NA,"LON",2021,6,13,1,"NB57-05-01-LON","7:15",3,10,0,"2","NW","0","Y","YEWA","Northern Yellow Warbler",NA,NA,NA,NA,NA,NA,NA,NA,NA,NA,NA,NA,NA,NA,NA,"NB57-05-01-LON-YEWA",0,0,1,1,"",NA,NA,"",""
"1228","NB","57","NB57","Coles Island",6,"NB57-06",NA,NA,"LON",2021,6,13,1,"NB57-06-01-LON","7:53",2,10,0,"1","NW","0","Y","RWBL","Red-winged Blackbird",NA,NA,NA,NA,NA,NA,NA,NA,NA,NA,NA,NA,NA,NA,NA,"NB57-06-01-LON-RWBL",5,4,5,5,"",NA,NA,"",""
"1229","NB","57","NB57","Coles Island",6,"NB57-06",NA,NA,"LON",2021,6,13,1,"NB57-06-01-LON","7:53",2,10,0,"1","NW","0","Y","BOBO","Bobolink",NA,NA,NA,NA,NA,NA,NA,NA,NA,NA,NA,NA,NA,NA,NA,"NB57-06-01-LON-BOBO",1,2,2,2,"",NA,NA,"",""
"1230","NB","57","NB57","Coles Island",6,"NB57-06",NA,NA,"LON",2021,6,13,1,"NB57-06-01-LON","7:53",2,10,0,"1","NW","0","Y","MALL","Mallard",NA,NA,NA,NA,NA,NA,NA,NA,NA,NA,NA,NA,NA,NA,NA,"NB57-06-01-LON-MALL",2,0,0,2,"OF",2,NA,"",""
"1231","NB","57","NB57","Coles Island",6,"NB57-06",NA,NA,"LON",2021,6,13,1,"NB57-06-01-LON","7:53",2,10,0,"1","NW","0","Y","SWSP","Swamp Sparrow",NA,NA,NA,NA,NA,NA,NA,NA,NA,NA,NA,NA,NA,NA,NA,"NB57-06-01-LON-SWSP",0,0,1,1,"",NA,NA,"",""
"1232","NB","57","NB57","Coles Island",1,"NB57-01",NA,NA,"LON",2021,7,3,2,"NB57-01-02-LON","5:35",8,12,0,"2","NE","0","Y","MALL","Mallard",NA,NA,NA,NA,NA,NA,NA,NA,NA,NA,NA,NA,NA,NA,NA,"NB57-01-02-LON-MALL",7,17,0,17,"OF",NA,NA,"",""
"1233","NB","57","NB57","Coles Island",1,"NB57-01",NA,NA,"LON",2021,7,3,2,"NB57-01-02-LON","5:35",8,12,0,"2","NE","0","Y","RWBL","Red-winged Blackbird",NA,NA,NA,NA,NA,NA,NA,NA,NA,NA,NA,NA,NA,NA,NA,"NB57-01-02-LON-RWBL",5,4,5,5,"",NA,NA,"",""
"1234","NB","57","NB57","Coles Island",1,"NB57-01",NA,NA,"LON",2021,7,3,2,"NB57-01-02-LON","5:35",8,12,0,"2","NE","0","Y","SWSP","Swamp Sparrow",NA,NA,NA,NA,NA,NA,NA,NA,NA,NA,NA,NA,NA,NA,NA,"NB57-01-02-LON-SWSP",2,2,2,2,"",NA,NA,"",""
"1235","NB","57","NB57","Coles Island",1,"NB57-01",NA,NA,"LON",2021,7,3,2,"NB57-01-02-LON","5:35",8,12,0,"2","NE","0","Y","SOSP","Song Sparrow",NA,NA,NA,NA,NA,NA,NA,NA,NA,NA,NA,NA,NA,NA,NA,"NB57-01-02-LON-SOSP",1,0,0,1,"",NA,NA,"",""
"1236","NB","57","NB57","Coles Island",1,"NB57-01",NA,NA,"LON",2021,7,3,2,"NB57-01-02-LON","5:35",8,12,0,"2","NE","0","Y","SAVS","Savannah Sparrow",NA,NA,NA,NA,NA,NA,NA,NA,NA,NA,NA,NA,NA,NA,NA,"NB57-01-02-LON-SAVS",0,0,1,1,"",NA,NA,"",""
"1237","NB","57","NB57","Coles Island",2,"NB57-02",NA,NA,"LON",2021,7,3,2,"NB57-02-02-LON","6:04",9,12,0,"2","NE","0","Y","SOSP","Song Sparrow",NA,NA,NA,NA,NA,NA,NA,NA,NA,NA,NA,NA,NA,NA,NA,"NB57-02-02-LON-SOSP",1,1,1,1,"",NA,NA,"",""
"1238","NB","57","NB57","Coles Island",2,"NB57-02",NA,NA,"LON",2021,7,3,2,"NB57-02-02-LON","6:04",9,12,0,"2","NE","0","Y","RWBL","Red-winged Blackbird",NA,NA,NA,NA,NA,NA,NA,NA,NA,NA,NA,NA,NA,NA,NA,"NB57-02-02-LON-RWBL",3,4,5,5,"",NA,NA,"",""
"1239","NB","57","NB57","Coles Island",2,"NB57-02",NA,NA,"LON",2021,7,3,2,"NB57-02-02-LON","6:04",9,12,0,"2","NE","0","Y","SWSP","Swamp Sparrow",NA,NA,NA,NA,NA,NA,NA,NA,NA,NA,NA,NA,NA,NA,NA,"NB57-02-02-LON-SWSP",1,1,2,2,"",NA,NA,"",""
"1240","NB","57","NB57","Coles Island",2,"NB57-02",NA,NA,"LON",2021,7,3,2,"NB57-02-02-LON","6:04",9,12,0,"2","NE","0","Y","COYE","Common Yellowthroat",NA,NA,NA,NA,NA,NA,NA,NA,NA,NA,NA,NA,NA,NA,NA,"NB57-02-02-LON-COYE",1,0,0,1,"",NA,NA,"",""
"1241","NB","57","NB57","Coles Island",2,"NB57-02",NA,NA,"LON",2021,7,3,2,"NB57-02-02-LON","6:04",9,12,0,"2","NE","0","Y","TRES","Tree Swallow",NA,NA,NA,NA,NA,NA,NA,NA,NA,NA,NA,NA,NA,NA,NA,"NB57-02-02-LON-TRES",1,1,0,1,"AF",NA,NA,"",""
"1242","NB","57","NB57","Coles Island",2,"NB57-02",NA,NA,"LON",2021,7,3,2,"NB57-02-02-LON","6:04",9,12,0,"2","NE","0","Y","YEWA","Northern Yellow Warbler",NA,NA,NA,NA,NA,NA,NA,NA,NA,NA,NA,NA,NA,NA,NA,"NB57-02-02-LON-YEWA",0,0,1,1,"",NA,NA,"",""
"1243","NB","57","NB57","Coles Island",3,"NB57-03",NA,NA,"LON",2021,7,3,2,"NB57-03-02-LON","6:35",10,12,0,"2","NE","0","Y","GWTE","Green-winged Teal",NA,NA,NA,NA,NA,NA,NA,NA,NA,NA,NA,NA,NA,NA,NA,"NB57-03-02-LON-GWTE",1,0,0,1,"",1,NA,"",""
"1244","NB","57","NB57","Coles Island",3,"NB57-03",NA,NA,"LON",2021,7,3,2,"NB57-03-02-LON","6:35",10,12,0,"2","NE","0","Y","RWBL","Red-winged Blackbird",NA,NA,NA,NA,NA,NA,NA,NA,NA,NA,NA,NA,NA,NA,NA,"NB57-03-02-LON-RWBL",5,3,2,5,"",NA,NA,"",""
"1245","NB","57","NB57","Coles Island",3,"NB57-03",NA,NA,"LON",2021,7,3,2,"NB57-03-02-LON","6:35",10,12,0,"2","NE","0","Y","GRYE","Greater Yellowlegs",NA,NA,NA,NA,NA,NA,NA,NA,NA,NA,NA,NA,NA,NA,NA,"NB57-03-02-LON-GRYE",6,0,0,6,"",NA,NA,"","Possibly LEYE"
"1246","NB","57","NB57","Coles Island",3,"NB57-03",NA,NA,"LON",2021,7,3,2,"NB57-03-02-LON","6:35",10,12,0,"2","NE","0","Y","COYE","Common Yellowthroat",NA,NA,NA,NA,NA,NA,NA,NA,NA,NA,NA,NA,NA,NA,NA,"NB57-03-02-LON-COYE",0,1,1,1,"",NA,NA,"",""
"1247","NB","57","NB57","Coles Island",3,"NB57-03",NA,NA,"LON",2021,7,3,2,"NB57-03-02-LON","6:35",10,12,0,"2","NE","0","Y","YEWA","Northern Yellow Warbler",NA,NA,NA,NA,NA,NA,NA,NA,NA,NA,NA,NA,NA,NA,NA,"NB57-03-02-LON-YEWA",0,1,0,1,"",NA,NA,"",""
"1248","NB","57","NB57","Coles Island",3,"NB57-03",NA,NA,"LON",2021,7,3,2,"NB57-03-02-LON","6:35",10,12,0,"2","NE","0","Y","SWSP","Swamp Sparrow",NA,NA,NA,NA,NA,NA,NA,NA,NA,NA,NA,NA,NA,NA,NA,"NB57-03-02-LON-SWSP",0,0,1,1,"",NA,NA,"",""
"1249","NB","57","NB57","Coles Island",3,"NB57-03",NA,NA,"LON",2021,7,3,2,"NB57-03-02-LON","6:35",10,12,0,"2","NE","0","Y","BAEA","Bald Eagle",NA,NA,NA,NA,NA,NA,NA,NA,NA,NA,NA,NA,NA,NA,NA,"NB57-03-02-LON-BAEA",0,0,1,1,"OF",NA,NA,"",""
"1250","NB","57","NB57","Coles Island",4,"NB57-04",NA,NA,"LON",2021,7,3,2,"NB57-04-02-LON","7:02",9,12,1,"2","NE","0","Y","RNDU","Ring-necked Duck",NA,NA,NA,NA,NA,NA,NA,NA,NA,NA,NA,NA,NA,NA,NA,"NB57-04-02-LON-RNDU",2,0,0,2,"",1,1,"",""
"1251","NB","57","NB57","Coles Island",4,"NB57-04",NA,NA,"LON",2021,7,3,2,"NB57-04-02-LON","7:02",9,12,1,"2","NE","0","Y","RWBL","Red-winged Blackbird",NA,NA,NA,NA,NA,NA,NA,NA,NA,NA,NA,NA,NA,NA,NA,"NB57-04-02-LON-RWBL",3,3,4,4,"",NA,NA,"",""
"1252","NB","57","NB57","Coles Island",4,"NB57-04",NA,NA,"LON",2021,7,3,2,"NB57-04-02-LON","7:02",9,12,1,"2","NE","0","Y","SWSP","Swamp Sparrow",NA,NA,NA,NA,NA,NA,NA,NA,NA,NA,NA,NA,NA,NA,NA,"NB57-04-02-LON-SWSP",1,1,1,1,"",NA,NA,"",""
"1253","NB","57","NB57","Coles Island",5,"NB57-05",NA,NA,"LON",2021,7,3,2,"NB57-05-02-LON","7:25",10,12,0,"3","NE","0","Y","RWBL","Red-winged Blackbird",NA,NA,NA,NA,NA,NA,NA,NA,NA,NA,NA,NA,NA,NA,NA,"NB57-05-02-LON-RWBL",3,6,4,6,"",NA,NA,"",""
"1254","NB","57","NB57","Coles Island",5,"NB57-05",NA,NA,"LON",2021,7,3,2,"NB57-05-02-LON","7:25",10,12,0,"3","NE","0","Y","SWSP","Swamp Sparrow",NA,NA,NA,NA,NA,NA,NA,NA,NA,NA,NA,NA,NA,NA,NA,"NB57-05-02-LON-SWSP",1,0,0,1,"",NA,NA,"",""
"1255","NB","57","NB57","Coles Island",5,"NB57-05",NA,NA,"LON",2021,7,3,2,"NB57-05-02-LON","7:25",10,12,0,"3","NE","0","Y","BOBO","Bobolink",NA,NA,NA,NA,NA,NA,NA,NA,NA,NA,NA,NA,NA,NA,NA,"NB57-05-02-LON-BOBO",1,0,0,1,"",NA,NA,"",""
"1256","NB","57","NB57","Coles Island",5,"NB57-05",NA,NA,"LON",2021,7,3,2,"NB57-05-02-LON","7:25",10,12,0,"3","NE","0","Y","TRES","Tree Swallow",NA,NA,NA,NA,NA,NA,NA,NA,NA,NA,NA,NA,NA,NA,NA,"NB57-05-02-LON-TRES",0,1,0,1,"AF",NA,NA,"",""
"1257","NB","57","NB57","Coles Island",6,"NB57-06",NA,NA,"LON",2021,7,3,2,"NB57-06-02-LON","8:00",10,12,0,"3","NE","0","Y","SWSP","Swamp Sparrow",NA,NA,NA,NA,NA,NA,NA,NA,NA,NA,NA,NA,NA,NA,NA,"NB57-06-02-LON-SWSP",2,2,2,2,"",NA,NA,"",""
"1258","NB","57","NB57","Coles Island",6,"NB57-06",NA,NA,"LON",2021,7,3,2,"NB57-06-02-LON","8:00",10,12,0,"3","NE","0","Y","BOBO","Bobolink",NA,NA,NA,NA,NA,NA,NA,NA,NA,NA,NA,NA,NA,NA,NA,"NB57-06-02-LON-BOBO",5,5,7,7,"",NA,NA,"",""
"1259","NB","57","NB57","Coles Island",6,"NB57-06",NA,NA,"LON",2021,7,3,2,"NB57-06-02-LON","8:00",10,12,0,"3","NE","0","Y","RWBL","Red-winged Blackbird",NA,NA,NA,NA,NA,NA,NA,NA,NA,NA,NA,NA,NA,NA,NA,"NB57-06-02-LON-RWBL",2,2,4,4,"",NA,NA,"",""
"1260","NB","57","NB57","Coles Island",6,"NB57-06",NA,NA,"LON",2021,7,3,2,"NB57-06-02-LON","8:00",10,12,0,"3","NE","0","Y","TRES","Tree Swallow",NA,NA,NA,NA,NA,NA,NA,NA,NA,NA,NA,NA,NA,NA,NA,"NB57-06-02-LON-TRES",1,0,2,2,"AF",NA,NA,"",""
"1261","NB","57","NB57","Coles Island",6,"NB57-06",NA,NA,"LON",2021,7,3,2,"NB57-06-02-LON","8:00",10,12,0,"3","NE","0","Y","SOSP","Song Sparrow",NA,NA,NA,NA,NA,NA,NA,NA,NA,NA,NA,NA,NA,NA,NA,"NB57-06-02-LON-SOSP",0,0,1,1,"",NA,NA,"",""
"1262","NB","34","NB34","Tintamarre",1,"NB34-01",NA,NA,"MEB",2021,6,13,1,"NB34-01-01-MEB","5:17",10,10,0,"3","SW","1","y","BOBO","Bobolink",NA,NA,NA,NA,NA,NA,NA,NA,NA,NA,NA,NA,NA,NA,NA,"NB34-01-01-MEB-BOBO",4,4,4,4,"",NA,NA,"",""
"1263","NB","34","NB34","Tintamarre",1,"NB34-01",NA,NA,"MEB",2021,6,13,1,"NB34-01-01-MEB","5:17",10,10,0,"3","SW","1","y","COYE","Common Yellowthroat",NA,NA,NA,NA,NA,NA,NA,NA,NA,NA,NA,NA,NA,NA,NA,"NB34-01-01-MEB-COYE",2,0,0,2,"",NA,NA,"",""
"1264","NB","34","NB34","Tintamarre",1,"NB34-01",NA,NA,"MEB",2021,6,13,1,"NB34-01-01-MEB","5:17",10,10,0,"3","SW","1","y","SWSP","Swamp Sparrow",NA,NA,NA,NA,NA,NA,NA,NA,NA,NA,NA,NA,NA,NA,NA,"NB34-01-01-MEB-SWSP",2,0,0,2,"",NA,NA,"",""
"1265","NB","34","NB34","Tintamarre",1,"NB34-01",NA,NA,"MEB",2021,6,13,1,"NB34-01-01-MEB","5:17",10,10,0,"3","SW","1","y","SAVS","Savannah Sparrow",NA,NA,NA,NA,NA,NA,NA,NA,NA,NA,NA,NA,NA,NA,NA,"NB34-01-01-MEB-SAVS",2,0,0,2,"",NA,NA,"","Written as SASP"
"1266","NB","34","NB34","Tintamarre",1,"NB34-01",NA,NA,"MEB",2021,6,13,1,"NB34-01-01-MEB","5:17",10,10,0,"3","SW","1","y","COLO","Common Loon",NA,NA,NA,NA,NA,NA,NA,NA,NA,NA,NA,NA,NA,NA,NA,"NB34-01-01-MEB-COLO",1,0,0,1,"",NA,NA,"",""
"1267","NB","34","NB34","Tintamarre",1,"NB34-01",NA,NA,"MEB",2021,6,13,1,"NB34-01-01-MEB","5:17",10,10,0,"3","SW","1","y","ABDU","American Black Duck",NA,NA,NA,NA,NA,NA,NA,NA,NA,NA,NA,NA,NA,NA,NA,"NB34-01-01-MEB-ABDU",1,0,0,1,"",NA,NA,"","Written as AMBL"
"1268","NB","34","NB34","Tintamarre",1,"NB34-01",NA,NA,"MEB",2021,6,13,1,"NB34-01-01-MEB","5:17",10,10,0,"3","SW","1","y","RWBL","Red-winged Blackbird",NA,NA,NA,NA,NA,NA,NA,NA,NA,NA,NA,NA,NA,NA,NA,"NB34-01-01-MEB-RWBL",1,2,0,2,"",NA,NA,"","Written as RWBB"
"1269","NB","34","NB34","Tintamarre",1,"NB34-01",NA,NA,"MEB",2021,6,13,1,"NB34-01-01-MEB","5:17",10,10,0,"3","SW","1","y","ALFL","Alder Flycatcher",NA,NA,NA,NA,NA,NA,NA,NA,NA,NA,NA,NA,NA,NA,NA,"NB34-01-01-MEB-ALFL",2,0,0,2,"",NA,NA,"","Written as ALFC"
"1270","NB","34","NB34","Tintamarre",1,"NB34-01",NA,NA,"MEB",2021,6,13,1,"NB34-01-01-MEB","5:17",10,10,0,"3","SW","1","y","MALL","Mallard",NA,NA,NA,NA,NA,NA,NA,NA,NA,NA,NA,NA,NA,NA,NA,"NB34-01-01-MEB-MALL",0,2,3,3,"",NA,NA,"",""
"1271","NB","34","NB34","Tintamarre-NWA",5,"NB34-05",NA,NA,"MEB",2021,6,13,1,"NB34-05-01-MEB","5:44",10,10,0,"3","SW","1","Y","BWTE","Blue-winged Teal",NA,NA,NA,NA,NA,NA,NA,NA,NA,NA,NA,NA,NA,NA,NA,"NB34-05-01-MEB-BWTE",2,0,0,2,"",NA,NA,"",""
"1272","NB","34","NB34","Tintamarre-NWA",5,"NB34-05",NA,NA,"MEB",2021,6,13,1,"NB34-05-01-MEB","5:44",10,10,0,"3","SW","1","Y","RNDU","Ring-necked Duck",NA,NA,NA,NA,NA,NA,NA,NA,NA,NA,NA,NA,NA,NA,NA,"NB34-05-01-MEB-RNDU",1,0,0,1,"",NA,NA,"",""
"1273","NB","34","NB34","Tintamarre-NWA",5,"NB34-05",NA,NA,"MEB",2021,6,13,1,"NB34-05-01-MEB","5:44",10,10,0,"3","SW","1","Y","BOBO","Bobolink",NA,NA,NA,NA,NA,NA,NA,NA,NA,NA,NA,NA,NA,NA,NA,"NB34-05-01-MEB-BOBO",2,0,0,2,"",NA,NA,"",""
"1274","NB","34","NB34","Tintamarre-NWA",5,"NB34-05",NA,NA,"MEB",2021,6,13,1,"NB34-05-01-MEB","5:44",10,10,0,"3","SW","1","Y","YEWA","Northern Yellow Warbler",NA,NA,NA,NA,NA,NA,NA,NA,NA,NA,NA,NA,NA,NA,NA,"NB34-05-01-MEB-YEWA",1,0,1,1,"",NA,NA,"",""
"1275","NB","34","NB34","Tintamarre-NWA",5,"NB34-05",NA,NA,"MEB",2021,6,13,1,"NB34-05-01-MEB","5:44",10,10,0,"3","SW","1","Y","RWBL","Red-winged Blackbird",NA,NA,NA,NA,NA,NA,NA,NA,NA,NA,NA,NA,NA,NA,NA,"NB34-05-01-MEB-RWBL",3,0,2,3,"",NA,NA,"","Written as RWBB"
"1276","NB","34","NB34","Tintamarre-NWA",5,"NB34-05",NA,NA,"MEB",2021,6,13,1,"NB34-05-01-MEB","5:44",10,10,0,"3","SW","1","Y","AMWI","American Wigeon",NA,NA,NA,NA,NA,NA,NA,NA,NA,NA,NA,NA,NA,NA,NA,"NB34-05-01-MEB-AMWI",1,1,1,1,"",NA,NA,"",""
"1277","NB","34","NB34","Tintamarre-NWA",5,"NB34-05",NA,NA,"MEB",2021,6,13,1,"NB34-05-01-MEB","5:44",10,10,0,"3","SW","1","Y","COYE","Common Yellowthroat",NA,NA,NA,NA,NA,NA,NA,NA,NA,NA,NA,NA,NA,NA,NA,"NB34-05-01-MEB-COYE",1,0,1,1,"",NA,NA,"",""
"1278","NB","34","NB34","Tintamarre-NWA",5,"NB34-05",NA,NA,"MEB",2021,6,13,1,"NB34-05-01-MEB","5:44",10,10,0,"3","SW","1","Y","WODU","Wood Duck",NA,NA,NA,NA,NA,NA,NA,NA,NA,NA,NA,NA,NA,NA,NA,"NB34-05-01-MEB-WODU",1,0,0,1,"",NA,NA,"","Written as WOOD"
"1279","NB","34","NB34","Tintamarre-NWA",5,"NB34-05",NA,NA,"MEB",2021,6,13,1,"NB34-05-01-MEB","5:44",10,10,0,"3","SW","1","Y","SWSP","Swamp Sparrow",NA,NA,NA,NA,NA,NA,NA,NA,NA,NA,NA,NA,NA,NA,NA,"NB34-05-01-MEB-SWSP",2,0,2,2,"",NA,NA,"",""
"1280","NB","34","NB34","Tintamarre-NWA",5,"NB34-05",NA,NA,"MEB",2021,6,13,1,"NB34-05-01-MEB","5:44",10,10,0,"3","SW","1","Y","MALL","Mallard",NA,NA,NA,NA,NA,NA,NA,NA,NA,NA,NA,NA,NA,NA,NA,"NB34-05-01-MEB-MALL",1,0,1,1,"",NA,NA,"",""
"1281","NB","34","NB34","Tintamarre-NWA",5,"NB34-05",NA,NA,"MEB",2021,6,13,1,"NB34-05-01-MEB","5:44",10,10,0,"3","SW","1","Y","WISP","Wilson's Storm-Petrel",NA,NA,NA,NA,NA,NA,NA,NA,NA,NA,NA,NA,NA,NA,NA,"NB34-05-01-MEB-WISP",0,0,2,2,"",NA,NA,"","unknown species code"
"1282","NB","34","NB34","Tintamarre-NWA",6,"NB34-06",NA,NA,"MEB",2021,6,13,1,"NB34-06-01-MEB","6:12",10,10,0,"3","SW","1","Y","ALFL","Alder Flycatcher",NA,NA,NA,NA,NA,NA,NA,NA,NA,NA,NA,NA,NA,NA,NA,"NB34-06-01-MEB-ALFL",2,0,0,2,"",NA,NA,"","Written as ALFC"
"1283","NB","34","NB34","Tintamarre-NWA",6,"NB34-06",NA,NA,"MEB",2021,6,13,1,"NB34-06-01-MEB","6:12",10,10,0,"3","SW","1","Y","YEWA","Northern Yellow Warbler",NA,NA,NA,NA,NA,NA,NA,NA,NA,NA,NA,NA,NA,NA,NA,"NB34-06-01-MEB-YEWA",1,0,0,1,"",NA,NA,"",""
"1284","NB","34","NB34","Tintamarre-NWA",6,"NB34-06",NA,NA,"MEB",2021,6,13,1,"NB34-06-01-MEB","6:12",10,10,0,"3","SW","1","Y","RWBL","Red-winged Blackbird",NA,NA,NA,NA,NA,NA,NA,NA,NA,NA,NA,NA,NA,NA,NA,"NB34-06-01-MEB-RWBL",2,4,0,4,"",NA,NA,"","Written as RWBB"
"1285","NB","34","NB34","Tintamarre-NWA",6,"NB34-06",NA,NA,"MEB",2021,6,13,1,"NB34-06-01-MEB","6:12",10,10,0,"3","SW","1","Y","WISP","Wilson's Storm-Petrel",NA,NA,NA,NA,NA,NA,NA,NA,NA,NA,NA,NA,NA,NA,NA,"NB34-06-01-MEB-WISP",2,1,0,2,"",NA,NA,"","unknown species code"
"1286","NB","34","NB34","Tintamarre-NWA",6,"NB34-06",NA,NA,"MEB",2021,6,13,1,"NB34-06-01-MEB","6:12",10,10,0,"3","SW","1","Y","SWSP","Swamp Sparrow",NA,NA,NA,NA,NA,NA,NA,NA,NA,NA,NA,NA,NA,NA,NA,"NB34-06-01-MEB-SWSP",1,0,0,1,"",NA,NA,"",""
"1287","NB","34","NB34","Tintamarre-NWA",6,"NB34-06",NA,NA,"MEB",2021,6,13,1,"NB34-06-01-MEB","6:12",10,10,0,"3","SW","1","Y","AMWI","American Wigeon",NA,NA,NA,NA,NA,NA,NA,NA,NA,NA,NA,NA,NA,NA,NA,"NB34-06-01-MEB-AMWI",2,0,0,2,"",NA,NA,"",""
"1288","NB","34","NB34","Tintamarre-NWA",6,"NB34-06",NA,NA,"MEB",2021,6,13,1,"NB34-06-01-MEB","6:12",10,10,0,"3","SW","1","Y","COLO","Common Loon",NA,NA,NA,NA,NA,NA,NA,NA,NA,NA,NA,NA,NA,NA,NA,"NB34-06-01-MEB-COLO",0,0,1,1,"",NA,NA,"",""
"1289","NB","34","NB34","Tintamarre-NWA",6,"NB34-06",NA,NA,"MEB",2021,6,13,1,"NB34-06-01-MEB","6:12",10,10,0,"3","SW","1","Y","COYE","Common Yellowthroat",NA,NA,NA,NA,NA,NA,NA,NA,NA,NA,NA,NA,NA,NA,NA,"NB34-06-01-MEB-COYE",0,0,1,1,"",NA,NA,"",""
"1290","NB","34","NB34","Tintamarre-NWA",6,"NB34-06",NA,NA,"MEB",2021,6,13,1,"NB34-06-01-MEB","6:12",10,10,0,"3","SW","1","Y","WODU","Wood Duck",NA,NA,NA,NA,NA,NA,NA,NA,NA,NA,NA,NA,NA,NA,NA,"NB34-06-01-MEB-WODU",0,0,1,1,"",NA,NA,"","Written as WOOD"
"1291","NB","34","NB34","Tintamarre-NWA",7,"NB34-07",NA,NA,"MEB",2021,6,13,1,"NB34-07-01-MEB","6:39",10,10,0,"3","SW","1","y","WISN","Wilson's Snipe",NA,NA,NA,NA,NA,NA,NA,NA,NA,NA,NA,NA,NA,NA,NA,"NB34-07-01-MEB-WISN",1,3,2,3,"",NA,NA,"",""
"1292","NB","34","NB34","Tintamarre-NWA",7,"NB34-07",NA,NA,"MEB",2021,6,13,1,"NB34-07-01-MEB","6:39",10,10,0,"3","SW","1","y","ALFL","Alder Flycatcher",NA,NA,NA,NA,NA,NA,NA,NA,NA,NA,NA,NA,NA,NA,NA,"NB34-07-01-MEB-ALFL",1,0,0,1,"",NA,NA,"",""
"1293","NB","34","NB34","Tintamarre-NWA",7,"NB34-07",NA,NA,"MEB",2021,6,13,1,"NB34-07-01-MEB","6:39",10,10,0,"3","SW","1","y","MODO","Mourning Dove",NA,NA,NA,NA,NA,NA,NA,NA,NA,NA,NA,NA,NA,NA,NA,"NB34-07-01-MEB-MODO",1,0,0,1,"",NA,NA,"",""
"1294","NB","34","NB34","Tintamarre-NWA",7,"NB34-07",NA,NA,"MEB",2021,6,13,1,"NB34-07-01-MEB","6:39",10,10,0,"3","SW","1","y","SWSP","Swamp Sparrow",NA,NA,NA,NA,NA,NA,NA,NA,NA,NA,NA,NA,NA,NA,NA,"NB34-07-01-MEB-SWSP",3,0,2,3,"",NA,NA,"",""
"1295","NB","34","NB34","Tintamarre-NWA",7,"NB34-07",NA,NA,"MEB",2021,6,13,1,"NB34-07-01-MEB","6:39",10,10,0,"3","SW","1","y","COLO","Common Loon",NA,NA,NA,NA,NA,NA,NA,NA,NA,NA,NA,NA,NA,NA,NA,"NB34-07-01-MEB-COLO",1,0,0,1,"",NA,NA,"",""
"1296","NB","34","NB34","Tintamarre-NWA",7,"NB34-07",NA,NA,"MEB",2021,6,13,1,"NB34-07-01-MEB","6:39",10,10,0,"3","SW","1","y","RNDU","Ring-necked Duck",NA,NA,NA,NA,NA,NA,NA,NA,NA,NA,NA,NA,NA,NA,NA,"NB34-07-01-MEB-RNDU",2,0,0,2,"",NA,NA,"",""
"1297","NB","34","NB34","Tintamarre-NWA",7,"NB34-07",NA,NA,"MEB",2021,6,13,1,"NB34-07-01-MEB","6:39",10,10,0,"3","SW","1","y","RWBL","Red-winged Blackbird",NA,NA,NA,NA,NA,NA,NA,NA,NA,NA,NA,NA,NA,NA,NA,"NB34-07-01-MEB-RWBL",3,0,0,3,"",NA,NA,"","Written as RWBB"
"1298","NB","34","NB34","Tintamarre-NWA",7,"NB34-07",NA,NA,"MEB",2021,6,13,1,"NB34-07-01-MEB","6:39",10,10,0,"3","SW","1","y","GRYE","Greater Yellowlegs",NA,NA,NA,NA,NA,NA,NA,NA,NA,NA,NA,NA,NA,NA,NA,"NB34-07-01-MEB-GRYE",0,1,0,1,"",NA,NA,"",""
"1299","NB","34","NB34","Tintamarre-NWA",7,"NB34-07",NA,NA,"MEB",2021,6,13,1,"NB34-07-01-MEB","6:39",10,10,0,"3","SW","1","y","COYE","Common Yellowthroat",NA,NA,NA,NA,NA,NA,NA,NA,NA,NA,NA,NA,NA,NA,NA,"NB34-07-01-MEB-COYE",0,3,0,3,"",NA,NA,"",""
"1300","NB","34","NB34","Tintamarre-NWA",7,"NB34-07",NA,NA,"MEB",2021,6,13,1,"NB34-07-01-MEB","6:39",10,10,0,"3","SW","1","y","HETH","Hermit Thrush",NA,NA,NA,NA,NA,NA,NA,NA,NA,NA,NA,NA,NA,NA,NA,"NB34-07-01-MEB-HETH",0,1,0,1,"",NA,NA,"",""
"1301","NB","34","NB34","Tintamarre-NWA",7,"NB34-07",NA,NA,"MEB",2021,6,13,1,"NB34-07-01-MEB","6:39",10,10,0,"3","SW","1","y","TRES","Tree Swallow",NA,NA,NA,NA,NA,NA,NA,NA,NA,NA,NA,NA,NA,NA,NA,"NB34-07-01-MEB-TRES",0,1,0,1,"",NA,NA,"","Written as TRSW"
"1302","NB","34","NB34","Tintamarre-NWA",7,"NB34-07",NA,NA,"MEB",2021,6,13,1,"NB34-07-01-MEB","6:39",10,10,0,"3","SW","1","y","WODU","Wood Duck",NA,NA,NA,NA,NA,NA,NA,NA,NA,NA,NA,NA,NA,NA,NA,"NB34-07-01-MEB-WODU",0,1,0,1,"",NA,NA,"","Written as WOOD"
"1303","NB","34","NB34","Tintamarre-NWA",7,"NB34-07",NA,NA,"MEB",2021,6,13,1,"NB34-07-01-MEB","6:39",10,10,0,"3","SW","1","y","YEWA","Northern Yellow Warbler",NA,NA,NA,NA,NA,NA,NA,NA,NA,NA,NA,NA,NA,NA,NA,"NB34-07-01-MEB-YEWA",0,0,1,1,"",NA,NA,"",""
"1304","NB","34","NB34","Tintamarre-NWA",7,"NB34-07",NA,NA,"MEB",2021,6,13,1,"NB34-07-01-MEB","6:39",10,10,0,"3","SW","1","y","MALL","Mallard",NA,NA,NA,NA,NA,NA,NA,NA,NA,NA,NA,NA,NA,NA,NA,"NB34-07-01-MEB-MALL",0,0,1,1,"",NA,NA,"",""
"1305","NB","34","NB34","Tintamarre-NWA",8,"NB34-08",NA,NA,"MEB",2021,6,13,1,"NB34-08-01-MEB","7:13",9,10,0,"3","SW","1","Y","BOBO","Bobolink",NA,NA,NA,NA,NA,NA,NA,NA,NA,NA,NA,NA,NA,NA,NA,"NB34-08-01-MEB-BOBO",2,0,0,2,"",NA,NA,"",""
"1306","NB","34","NB34","Tintamarre-NWA",8,"NB34-08",NA,NA,"MEB",2021,6,13,1,"NB34-08-01-MEB","7:13",9,10,0,"3","SW","1","Y","SWSP","Swamp Sparrow",NA,NA,NA,NA,NA,NA,NA,NA,NA,NA,NA,NA,NA,NA,NA,"NB34-08-01-MEB-SWSP",1,0,0,1,"",NA,NA,"",""
"1307","NB","34","NB34","Tintamarre-NWA",8,"NB34-08",NA,NA,"MEB",2021,6,13,1,"NB34-08-01-MEB","7:13",9,10,0,"3","SW","1","Y","SAVS","Savannah Sparrow",NA,NA,NA,NA,NA,NA,NA,NA,NA,NA,NA,NA,NA,NA,NA,"NB34-08-01-MEB-SAVS",2,0,0,2,"",NA,NA,"","Written as SASP"
"1308","NB","34","NB34","Tintamarre-NWA",8,"NB34-08",NA,NA,"MEB",2021,6,13,1,"NB34-08-01-MEB","7:13",9,10,0,"3","SW","1","Y","RWBL","Red-winged Blackbird",NA,NA,NA,NA,NA,NA,NA,NA,NA,NA,NA,NA,NA,NA,NA,"NB34-08-01-MEB-RWBL",1,3,0,3,"",NA,NA,"","Written as RWBB, attacking RAVEN"
"1309","NB","34","NB34","Tintamarre-NWA",8,"NB34-08",NA,NA,"MEB",2021,6,13,1,"NB34-08-01-MEB","7:13",9,10,0,"3","SW","1","Y","COYE","Common Yellowthroat",NA,NA,NA,NA,NA,NA,NA,NA,NA,NA,NA,NA,NA,NA,NA,"NB34-08-01-MEB-COYE",1,0,0,1,"",NA,NA,"",""
"1310","NB","34","NB34","Tintamarre-NWA",8,"NB34-08",NA,NA,"MEB",2021,6,13,1,"NB34-08-01-MEB","7:13",9,10,0,"3","SW","1","Y","TRES","Tree Swallow",NA,NA,NA,NA,NA,NA,NA,NA,NA,NA,NA,NA,NA,NA,NA,"NB34-08-01-MEB-TRES",3,0,0,3,"AF",NA,NA,"","Written as TRSW"
"1311","NB","34","NB34","Tintamarre-NWA",8,"NB34-08",NA,NA,"MEB",2021,6,13,1,"NB34-08-01-MEB","7:13",9,10,0,"3","SW","1","Y","MALL","Mallard",NA,NA,NA,NA,NA,NA,NA,NA,NA,NA,NA,NA,NA,NA,NA,"NB34-08-01-MEB-MALL",1,0,0,1,"",NA,NA,"",""
"1312","NB","34","NB34","Tintamarre-NWA",8,"NB34-08",NA,NA,"MEB",2021,6,13,1,"NB34-08-01-MEB","7:13",9,10,0,"3","SW","1","Y","YEWA","Northern Yellow Warbler",NA,NA,NA,NA,NA,NA,NA,NA,NA,NA,NA,NA,NA,NA,NA,"NB34-08-01-MEB-YEWA",1,0,0,1,"",NA,NA,"",""
"1313","NB","34","NB34","Tintamarre-NWA",8,"NB34-08",NA,NA,"MEB",2021,6,13,1,"NB34-08-01-MEB","7:13",9,10,0,"3","SW","1","Y","AMCR","American Crow",NA,NA,NA,NA,NA,NA,NA,NA,NA,NA,NA,NA,NA,NA,NA,"NB34-08-01-MEB-AMCR",1,0,0,1,"",NA,NA,"",""
"1314","NB","34","NB34","Tintamarre-NWA",8,"NB34-08",NA,NA,"MEB",2021,6,13,1,"NB34-08-01-MEB","7:13",9,10,0,"3","SW","1","Y","CANG","Canada Goose",NA,NA,NA,NA,NA,NA,NA,NA,NA,NA,NA,NA,NA,NA,NA,"NB34-08-01-MEB-CANG",1,1,0,1,"",NA,NA,"","Written as CAGO"
"1315","NB","34","NB34","Tintamarre-NWA",8,"NB34-08",NA,NA,"MEB",2021,6,13,1,"NB34-08-01-MEB","7:13",9,10,0,"3","SW","1","Y","CORA","Common Raven",NA,NA,NA,NA,NA,NA,NA,NA,NA,NA,NA,NA,NA,NA,NA,"NB34-08-01-MEB-CORA",1,0,0,1,"",NA,NA,"",""
"1316","NB","34","NB34","Tintamarre-NWA",8,"NB34-08",NA,NA,"MEB",2021,6,13,1,"NB34-08-01-MEB","7:13",9,10,0,"3","SW","1","Y","WISN","Wilson's Snipe",NA,NA,NA,NA,NA,NA,NA,NA,NA,NA,NA,NA,NA,NA,NA,"NB34-08-01-MEB-WISN",1,3,1,3,"",NA,NA,"",""
"1317","NB","34","NB34","Tintamarre-NWA",9,"NB34-09",NA,NA,"MEB",2021,6,13,1,"NB34-09-01-MEB","7:36",2,11,0,"3","SW","1","Y","BOBO","Bobolink",NA,NA,NA,NA,NA,NA,NA,NA,NA,NA,NA,NA,NA,NA,NA,"NB34-09-01-MEB-BOBO",2,4,0,4,"",NA,NA,"",""
"1318","NB","34","NB34","Tintamarre-NWA",9,"NB34-09",NA,NA,"MEB",2021,6,13,1,"NB34-09-01-MEB","7:36",2,11,0,"3","SW","1","Y","COYE","Common Yellowthroat",NA,NA,NA,NA,NA,NA,NA,NA,NA,NA,NA,NA,NA,NA,NA,"NB34-09-01-MEB-COYE",1,0,0,1,"",NA,NA,"",""
"1319","NB","34","NB34","Tintamarre-NWA",9,"NB34-09",NA,NA,"MEB",2021,6,13,1,"NB34-09-01-MEB","7:36",2,11,0,"3","SW","1","Y","SWSP","Swamp Sparrow",NA,NA,NA,NA,NA,NA,NA,NA,NA,NA,NA,NA,NA,NA,NA,"NB34-09-01-MEB-SWSP",3,0,0,3,"",NA,NA,"",""
"1320","NB","34","NB34","Tintamarre-NWA",9,"NB34-09",NA,NA,"MEB",2021,6,13,1,"NB34-09-01-MEB","7:36",2,11,0,"3","SW","1","Y","WISN","Wilson's Snipe",NA,NA,NA,NA,NA,NA,NA,NA,NA,NA,NA,NA,NA,NA,NA,"NB34-09-01-MEB-WISN",2,0,0,2,"",NA,NA,"",""
"1321","NB","34","NB34","Tintamarre-NWA",9,"NB34-09",NA,NA,"MEB",2021,6,13,1,"NB34-09-01-MEB","7:36",2,11,0,"3","SW","1","Y","CORA","Common Raven",NA,NA,NA,NA,NA,NA,NA,NA,NA,NA,NA,NA,NA,NA,NA,"NB34-09-01-MEB-CORA",1,0,0,1,"",NA,NA,"",""
"1322","NB","34","NB34","Tintamarre-NWA",9,"NB34-09",NA,NA,"MEB",2021,6,13,1,"NB34-09-01-MEB","7:36",2,11,0,"3","SW","1","Y","SAVS","Savannah Sparrow",NA,NA,NA,NA,NA,NA,NA,NA,NA,NA,NA,NA,NA,NA,NA,"NB34-09-01-MEB-SAVS",1,1,0,1,"",NA,NA,"","Written as SASP"
"1323","NB","34","NB34","Tintamarre-NWA",9,"NB34-09",NA,NA,"MEB",2021,6,13,1,"NB34-09-01-MEB","7:36",2,11,0,"3","SW","1","Y","RWBL","Red-winged Blackbird",NA,NA,NA,NA,NA,NA,NA,NA,NA,NA,NA,NA,NA,NA,NA,"NB34-09-01-MEB-RWBL",2,0,0,2,"",NA,NA,"","Written as RWBB"
"1324","NB","34","NB34","Tintamarre-NWA",9,"NB34-09",NA,NA,"MEB",2021,6,13,1,"NB34-09-01-MEB","7:36",2,11,0,"3","SW","1","Y","GRYE","Greater Yellowlegs",NA,NA,NA,NA,NA,NA,NA,NA,NA,NA,NA,NA,NA,NA,NA,"NB34-09-01-MEB-GRYE",0,1,0,1,"",NA,NA,"",""
"1325","NB","34","NB34","Tintamarre-NWA",3,"NB34-03",NA,NA,"MEB",2021,6,13,1,"NB34-03-01-MEB","8:39",3,12,0,"3","SW","1","Y","WISN","Wilson's Snipe",NA,NA,NA,NA,NA,NA,NA,NA,NA,NA,NA,NA,NA,NA,NA,"NB34-03-01-MEB-WISN",1,1,2,2,"",NA,NA,"",""
"1326","NB","34","NB34","Tintamarre-NWA",3,"NB34-03",NA,NA,"MEB",2021,6,13,1,"NB34-03-01-MEB","8:39",3,12,0,"3","SW","1","Y","BOBO","Bobolink",NA,NA,NA,NA,NA,NA,NA,NA,NA,NA,NA,NA,NA,NA,NA,"NB34-03-01-MEB-BOBO",2,0,0,2,"",NA,NA,"",""
"1327","NB","34","NB34","Tintamarre-NWA",3,"NB34-03",NA,NA,"MEB",2021,6,13,1,"NB34-03-01-MEB","8:39",3,12,0,"3","SW","1","Y","RWBL","Red-winged Blackbird",NA,NA,NA,NA,NA,NA,NA,NA,NA,NA,NA,NA,NA,NA,NA,"NB34-03-01-MEB-RWBL",2,0,3,3,"",NA,NA,"","Written as RWBB"
"1328","NB","34","NB34","Tintamarre-NWA",3,"NB34-03",NA,NA,"MEB",2021,6,13,1,"NB34-03-01-MEB","8:39",3,12,0,"3","SW","1","Y","COYE","Common Yellowthroat",NA,NA,NA,NA,NA,NA,NA,NA,NA,NA,NA,NA,NA,NA,NA,"NB34-03-01-MEB-COYE",1,0,0,1,"",NA,NA,"",""
"1329","NB","34","NB34","Tintamarre-NWA",3,"NB34-03",NA,NA,"MEB",2021,6,13,1,"NB34-03-01-MEB","8:39",3,12,0,"3","SW","1","Y","SWSP","Swamp Sparrow",NA,NA,NA,NA,NA,NA,NA,NA,NA,NA,NA,NA,NA,NA,NA,"NB34-03-01-MEB-SWSP",4,2,0,4,"",NA,NA,"",""
"1330","NB","34","NB34","Tintamarre-NWA",3,"NB34-03",NA,NA,"MEB",2021,6,13,1,"NB34-03-01-MEB","8:39",3,12,0,"3","SW","1","Y","SAVS","Savannah Sparrow",NA,NA,NA,NA,NA,NA,NA,NA,NA,NA,NA,NA,NA,NA,NA,"NB34-03-01-MEB-SAVS",1,0,0,1,"",NA,NA,"","Written as SASP"
"1331","NB","34","NB34","Tintamarre-NWA",3,"NB34-03",NA,NA,"MEB",2021,6,13,1,"NB34-03-01-MEB","8:39",3,12,0,"3","SW","1","Y","AMCR","American Crow",NA,NA,NA,NA,NA,NA,NA,NA,NA,NA,NA,NA,NA,NA,NA,"NB34-03-01-MEB-AMCR",1,0,0,1,"",NA,NA,"",""
"1332","NB","34","NB34","Tintamarre-NWA",3,"NB34-03",NA,NA,"MEB",2021,6,13,1,"NB34-03-01-MEB","8:39",3,12,0,"3","SW","1","Y","YEWA","Northern Yellow Warbler",NA,NA,NA,NA,NA,NA,NA,NA,NA,NA,NA,NA,NA,NA,NA,"NB34-03-01-MEB-YEWA",0,1,0,1,"",NA,NA,"",""
"1333","NB","34","NB34","Tintamarre-NWA",3,"NB34-03",NA,NA,"MEB",2021,6,13,1,"NB34-03-01-MEB","8:39",3,12,0,"3","SW","1","Y","TRES","Tree Swallow",NA,NA,NA,NA,NA,NA,NA,NA,NA,NA,NA,NA,NA,NA,NA,"NB34-03-01-MEB-TRES",0,2,0,2,"AF",NA,NA,"",""
"1334","NB","34","NB34","Tintamarre-NWA",3,"NB34-03",NA,NA,"MEB",2021,6,13,1,"NB34-03-01-MEB","8:39",3,12,0,"3","SW","1","Y","GWTE","Green-winged Teal",NA,NA,NA,NA,NA,NA,NA,NA,NA,NA,NA,NA,NA,NA,NA,"NB34-03-01-MEB-GWTE",0,0,1,1,"OF",NA,NA,"",""
"1335","NB","34","NB34","Tintamarre-NWA",4,"NB34-04",NA,NA,"MEB",2021,6,13,1,"NB34-04-01-MEB","9:07",1,12,0,"3","N","1","Y","WISP","Wilson's Storm-Petrel",NA,NA,NA,NA,NA,NA,NA,NA,NA,NA,NA,NA,NA,NA,NA,"NB34-04-01-MEB-WISP",2,0,1,2,"",NA,NA,"","unknown species code"
"1336","NB","34","NB34","Tintamarre-NWA",4,"NB34-04",NA,NA,"MEB",2021,6,13,1,"NB34-04-01-MEB","9:07",1,12,0,"3","N","1","Y","COYE","Common Yellowthroat",NA,NA,NA,NA,NA,NA,NA,NA,NA,NA,NA,NA,NA,NA,NA,"NB34-04-01-MEB-COYE",1,0,0,1,"",NA,NA,"",""
"1337","NB","34","NB34","Tintamarre-NWA",4,"NB34-04",NA,NA,"MEB",2021,6,13,1,"NB34-04-01-MEB","9:07",1,12,0,"3","N","1","Y","SOSP","Song Sparrow",NA,NA,NA,NA,NA,NA,NA,NA,NA,NA,NA,NA,NA,NA,NA,"NB34-04-01-MEB-SOSP",1,0,0,1,"",NA,NA,"",""
"1338","NB","34","NB34","Tintamarre-NWA",4,"NB34-04",NA,NA,"MEB",2021,6,13,1,"NB34-04-01-MEB","9:07",1,12,0,"3","N","1","Y","SWSP","Swamp Sparrow",NA,NA,NA,NA,NA,NA,NA,NA,NA,NA,NA,NA,NA,NA,NA,"NB34-04-01-MEB-SWSP",1,0,0,1,"",NA,NA,"",""
"1339","NB","34","NB34","Tintamarre-NWA",4,"NB34-04",NA,NA,"MEB",2021,6,13,1,"NB34-04-01-MEB","9:07",1,12,0,"3","N","1","Y","RWBL","Red-winged Blackbird",NA,NA,NA,NA,NA,NA,NA,NA,NA,NA,NA,NA,NA,NA,NA,"NB34-04-01-MEB-RWBL",1,0,0,1,"",NA,NA,"","Written as RWBB"
"1340","NB","34","NB34","Tintamarre-NWA",4,"NB34-04",NA,NA,"MEB",2021,6,13,1,"NB34-04-01-MEB","9:07",1,12,0,"3","N","1","Y","AMCR","American Crow",NA,NA,NA,NA,NA,NA,NA,NA,NA,NA,NA,NA,NA,NA,NA,"NB34-04-01-MEB-AMCR",1,0,0,1,"",NA,NA,"",""
"1341","NB","34","NB34","Tintamarre-NWA",4,"NB34-04",NA,NA,"MEB",2021,6,13,1,"NB34-04-01-MEB","9:07",1,12,0,"3","N","1","Y","RNDU","Ring-necked Duck",NA,NA,NA,NA,NA,NA,NA,NA,NA,NA,NA,NA,NA,NA,NA,"NB34-04-01-MEB-RNDU",1,0,0,1,"",NA,NA,"",""
"1342","NB","34","NB34","Tintamarre-NWA",4,"NB34-04",NA,NA,"MEB",2021,6,13,1,"NB34-04-01-MEB","9:07",1,12,0,"3","N","1","Y","YEWA","Northern Yellow Warbler",NA,NA,NA,NA,NA,NA,NA,NA,NA,NA,NA,NA,NA,NA,NA,"NB34-04-01-MEB-YEWA",1,0,0,1,"",NA,NA,"",""
"1343","NB","34","NB34","Tintamarre-NWA",4,"NB34-04",NA,NA,"MEB",2021,6,13,1,"NB34-04-01-MEB","9:07",1,12,0,"3","N","1","Y","ALFL","Alder Flycatcher",NA,NA,NA,NA,NA,NA,NA,NA,NA,NA,NA,NA,NA,NA,NA,"NB34-04-01-MEB-ALFL",1,0,0,1,"",NA,NA,"",""
"1344","NB","34","NB34","Tintamarre-NWA",4,"NB34-04",NA,NA,"MEB",2021,6,13,1,"NB34-04-01-MEB","9:07",1,12,0,"3","N","1","Y","BOBO","Bobolink",NA,NA,NA,NA,NA,NA,NA,NA,NA,NA,NA,NA,NA,NA,NA,"NB34-04-01-MEB-BOBO",0,1,0,1,"",NA,NA,"",""
"1345","NB","34","NB34","Tintamarre",1,"NB34-01",NA,NA,"MEB",2021,7,1,2,"NB34-01-02-MEB","5:26",8,19,1,"3","S","0","Y","COYE","Common Yellowthroat",NA,NA,NA,NA,NA,NA,NA,NA,NA,NA,NA,NA,NA,NA,NA,"NB34-01-02-MEB-COYE",1,1,0,1,"",NA,NA,"",""
"1346","NB","34","NB34","Tintamarre",1,"NB34-01",NA,NA,"MEB",2021,7,1,2,"NB34-01-02-MEB","5:26",8,19,1,"3","S","0","Y","SAVS","Savannah Sparrow",NA,NA,NA,NA,NA,NA,NA,NA,NA,NA,NA,NA,NA,NA,NA,"NB34-01-02-MEB-SAVS",2,2,0,2,"",NA,NA,"","Written as SASP"
"1347","NB","34","NB34","Tintamarre",1,"NB34-01",NA,NA,"MEB",2021,7,1,2,"NB34-01-02-MEB","5:26",8,19,1,"3","S","0","Y","SOSP","Song Sparrow",NA,NA,NA,NA,NA,NA,NA,NA,NA,NA,NA,NA,NA,NA,NA,"NB34-01-02-MEB-SOSP",2,0,0,2,"",NA,NA,"",""
"1348","NB","34","NB34","Tintamarre",1,"NB34-01",NA,NA,"MEB",2021,7,1,2,"NB34-01-02-MEB","5:26",8,19,1,"3","S","0","Y","YEWA","Northern Yellow Warbler",NA,NA,NA,NA,NA,NA,NA,NA,NA,NA,NA,NA,NA,NA,NA,"NB34-01-02-MEB-YEWA",1,1,0,1,"",NA,NA,"",""
"1349","NB","34","NB34","Tintamarre",1,"NB34-01",NA,NA,"MEB",2021,7,1,2,"NB34-01-02-MEB","5:26",8,19,1,"3","S","0","Y","SWSP","Swamp Sparrow",NA,NA,NA,NA,NA,NA,NA,NA,NA,NA,NA,NA,NA,NA,NA,"NB34-01-02-MEB-SWSP",4,2,4,4,"",NA,NA,"",""
"1350","NB","34","NB34","Tintamarre",1,"NB34-01",NA,NA,"MEB",2021,7,1,2,"NB34-01-02-MEB","5:26",8,19,1,"3","S","0","Y","RWBL","Red-winged Blackbird",NA,NA,NA,NA,NA,NA,NA,NA,NA,NA,NA,NA,NA,NA,NA,"NB34-01-02-MEB-RWBL",2,0,1,2,"",NA,NA,"",""
"1351","NB","34","NB34","Tintamarre",1,"NB34-01",NA,NA,"MEB",2021,7,1,2,"NB34-01-02-MEB","5:26",8,19,1,"3","S","0","Y","ALFL","Alder Flycatcher",NA,NA,NA,NA,NA,NA,NA,NA,NA,NA,NA,NA,NA,NA,NA,"NB34-01-02-MEB-ALFL",1,2,0,2,"",NA,NA,"",""
"1352","NB","34","NB34","Tintamarre",1,"NB34-01",NA,NA,"MEB",2021,7,1,2,"NB34-01-02-MEB","5:26",8,19,1,"3","S","0","Y","BOBO","Bobolink",NA,NA,NA,NA,NA,NA,NA,NA,NA,NA,NA,NA,NA,NA,NA,"NB34-01-02-MEB-BOBO",0,0,1,1,"",NA,NA,"",""
"1353","NB","34","NB34","Tintamarre",5,"NB34-05",NA,NA,"MEB",2021,7,1,2,"NB34-05-02-MEB","5:55",8,19,1,"3","S","0","Y","RWBL","Red-winged Blackbird",NA,NA,NA,NA,NA,NA,NA,NA,NA,NA,NA,NA,NA,NA,NA,"NB34-05-02-MEB-RWBL",10,0,0,10,"",NA,NA,"",""
"1354","NB","34","NB34","Tintamarre",5,"NB34-05",NA,NA,"MEB",2021,7,1,2,"NB34-05-02-MEB","5:55",8,19,1,"3","S","0","Y","SOSP","Song Sparrow",NA,NA,NA,NA,NA,NA,NA,NA,NA,NA,NA,NA,NA,NA,NA,"NB34-05-02-MEB-SOSP",2,1,0,2,"",NA,NA,"",""
"1355","NB","34","NB34","Tintamarre",5,"NB34-05",NA,NA,"MEB",2021,7,1,2,"NB34-05-02-MEB","5:55",8,19,1,"3","S","0","Y","SAVS","Savannah Sparrow",NA,NA,NA,NA,NA,NA,NA,NA,NA,NA,NA,NA,NA,NA,NA,"NB34-05-02-MEB-SAVS",1,0,0,1,"",NA,NA,"",""
"1356","NB","34","NB34","Tintamarre",5,"NB34-05",NA,NA,"MEB",2021,7,1,2,"NB34-05-02-MEB","5:55",8,19,1,"3","S","0","Y","SWSP","Swamp Sparrow",NA,NA,NA,NA,NA,NA,NA,NA,NA,NA,NA,NA,NA,NA,NA,"NB34-05-02-MEB-SWSP",5,0,0,5,"",NA,NA,"",""
"1357","NB","34","NB34","Tintamarre",5,"NB34-05",NA,NA,"MEB",2021,7,1,2,"NB34-05-02-MEB","5:55",8,19,1,"3","S","0","Y","YEWA","Northern Yellow Warbler",NA,NA,NA,NA,NA,NA,NA,NA,NA,NA,NA,NA,NA,NA,NA,"NB34-05-02-MEB-YEWA",1,2,0,2,"",NA,NA,"",""
"1358","NB","34","NB34","Tintamarre",5,"NB34-05",NA,NA,"MEB",2021,7,1,2,"NB34-05-02-MEB","5:55",8,19,1,"3","S","0","Y","COYE","Common Yellowthroat",NA,NA,NA,NA,NA,NA,NA,NA,NA,NA,NA,NA,NA,NA,NA,"NB34-05-02-MEB-COYE",1,0,0,1,"",NA,NA,"",""
"1359","NB","34","NB34","Tintamarre",5,"NB34-05",NA,NA,"MEB",2021,7,1,2,"NB34-05-02-MEB","5:55",8,19,1,"3","S","0","Y","MALL","Mallard",NA,NA,NA,NA,NA,NA,NA,NA,NA,NA,NA,NA,NA,NA,NA,"NB34-05-02-MEB-MALL",2,0,0,2,"OF",NA,NA,"",""
"1360","NB","34","NB34","Tintamarre",5,"NB34-05",NA,NA,"MEB",2021,7,1,2,"NB34-05-02-MEB","5:55",8,19,1,"3","S","0","Y","BOBO","Bobolink",NA,NA,NA,NA,NA,NA,NA,NA,NA,NA,NA,NA,NA,NA,NA,"NB34-05-02-MEB-BOBO",0,1,1,1,"",NA,NA,"",""
"1361","NB","34","NB34","Tintamarre",5,"NB34-05",NA,NA,"MEB",2021,7,1,2,"NB34-05-02-MEB","5:55",8,19,1,"3","S","0","Y","TRES","Tree Swallow",NA,NA,NA,NA,NA,NA,NA,NA,NA,NA,NA,NA,NA,NA,NA,"NB34-05-02-MEB-TRES",0,0,1,1,"",NA,NA,"",""
"1362","NB","34","NB34","Tintamarre",5,"NB34-05",NA,NA,"MEB",2021,7,1,2,"NB34-05-02-MEB","5:55",8,19,1,"3","S","0","Y","CORA","Common Raven",NA,NA,NA,NA,NA,NA,NA,NA,NA,NA,NA,NA,NA,NA,NA,"NB34-05-02-MEB-CORA",0,0,1,1,"",NA,NA,"",""
"1363","NB","34","NB34","Tintamarre",5,"NB34-05",NA,NA,"MEB",2021,7,1,2,"NB34-05-02-MEB","5:55",8,19,1,"3","S","0","Y","ALFL","Alder Flycatcher",NA,NA,NA,NA,NA,NA,NA,NA,NA,NA,NA,NA,NA,NA,NA,"NB34-05-02-MEB-ALFL",0,0,1,1,"",NA,NA,"",""
"1364","NB","34","NB34","Tintamarre",6,"NB34-06",NA,NA,"MEB",2021,7,1,2,"NB34-06-02-MEB","6:24",8,19,1,"3","S","0","Y","MALL","Mallard",NA,NA,NA,NA,NA,NA,NA,NA,NA,NA,NA,NA,NA,NA,NA,"NB34-06-02-MEB-MALL",2,1,0,2,"",NA,NA,"",""
"1365","NB","34","NB34","Tintamarre",6,"NB34-06",NA,NA,"MEB",2021,7,1,2,"NB34-06-02-MEB","6:24",8,19,1,"3","S","0","Y","SOSP","Song Sparrow",NA,NA,NA,NA,NA,NA,NA,NA,NA,NA,NA,NA,NA,NA,NA,"NB34-06-02-MEB-SOSP",1,0,0,1,"",NA,NA,"",""
"1366","NB","34","NB34","Tintamarre",6,"NB34-06",NA,NA,"MEB",2021,7,1,2,"NB34-06-02-MEB","6:24",8,19,1,"3","S","0","Y","RWBL","Red-winged Blackbird",NA,NA,NA,NA,NA,NA,NA,NA,NA,NA,NA,NA,NA,NA,NA,"NB34-06-02-MEB-RWBL",7,2,0,7,"",NA,NA,"",""
"1367","NB","34","NB34","Tintamarre",6,"NB34-06",NA,NA,"MEB",2021,7,1,2,"NB34-06-02-MEB","6:24",8,19,1,"3","S","0","Y","AMRO","American Robin",NA,NA,NA,NA,NA,NA,NA,NA,NA,NA,NA,NA,NA,NA,NA,"NB34-06-02-MEB-AMRO",2,0,0,2,"",NA,NA,"",""
"1368","NB","34","NB34","Tintamarre",6,"NB34-06",NA,NA,"MEB",2021,7,1,2,"NB34-06-02-MEB","6:24",8,19,1,"3","S","0","Y","SWSP","Swamp Sparrow",NA,NA,NA,NA,NA,NA,NA,NA,NA,NA,NA,NA,NA,NA,NA,"NB34-06-02-MEB-SWSP",6,3,0,6,"",NA,NA,"",""
"1369","NB","34","NB34","Tintamarre",6,"NB34-06",NA,NA,"MEB",2021,7,1,2,"NB34-06-02-MEB","6:24",8,19,1,"3","S","0","Y","COYE","Common Yellowthroat",NA,NA,NA,NA,NA,NA,NA,NA,NA,NA,NA,NA,NA,NA,NA,"NB34-06-02-MEB-COYE",2,0,1,2,"",NA,NA,"",""
"1370","NB","34","NB34","Tintamarre",6,"NB34-06",NA,NA,"MEB",2021,7,1,2,"NB34-06-02-MEB","6:24",8,19,1,"3","S","0","Y","COGR","Common Grackle",NA,NA,NA,NA,NA,NA,NA,NA,NA,NA,NA,NA,NA,NA,NA,"NB34-06-02-MEB-COGR",0,4,0,4,"",NA,NA,"",""
"1371","NB","34","NB34","Tintamarre",6,"NB34-06",NA,NA,"MEB",2021,7,1,2,"NB34-06-02-MEB","6:24",8,19,1,"3","S","0","Y","YEWA","Northern Yellow Warbler",NA,NA,NA,NA,NA,NA,NA,NA,NA,NA,NA,NA,NA,NA,NA,"NB34-06-02-MEB-YEWA",0,1,0,1,"",NA,NA,"",""
"1372","NB","34","NB34","Tintamarre",6,"NB34-06",NA,NA,"MEB",2021,7,1,2,"NB34-06-02-MEB","6:24",8,19,1,"3","S","0","Y","ALFL","Alder Flycatcher",NA,NA,NA,NA,NA,NA,NA,NA,NA,NA,NA,NA,NA,NA,NA,"NB34-06-02-MEB-ALFL",0,1,2,2,"",NA,NA,"",""
"1373","NB","34","NB34","Tintamarre",6,"NB34-06",NA,NA,"MEB",2021,7,1,2,"NB34-06-02-MEB","6:24",8,19,1,"3","S","0","Y","HETH","Hermit Thrush",NA,NA,NA,NA,NA,NA,NA,NA,NA,NA,NA,NA,NA,NA,NA,"NB34-06-02-MEB-HETH",0,0,1,1,"",NA,NA,"",""
"1374","NB","34","NB34","Tintamarre",7,"NB34-07",NA,NA,"MEB",2021,7,1,2,"NB34-07-02-MEB","6:50",10,20,1,"3","S","1","Y","SWSP","Swamp Sparrow",NA,NA,NA,NA,NA,NA,NA,NA,NA,NA,NA,NA,NA,NA,NA,"NB34-07-02-MEB-SWSP",6,0,2,6,"",NA,NA,"",""
"1375","NB","34","NB34","Tintamarre",7,"NB34-07",NA,NA,"MEB",2021,7,1,2,"NB34-07-02-MEB","6:50",10,20,1,"3","S","1","Y","COYE","Common Yellowthroat",NA,NA,NA,NA,NA,NA,NA,NA,NA,NA,NA,NA,NA,NA,NA,"NB34-07-02-MEB-COYE",1,0,1,1,"",NA,NA,"",""
"1376","NB","34","NB34","Tintamarre",7,"NB34-07",NA,NA,"MEB",2021,7,1,2,"NB34-07-02-MEB","6:50",10,20,1,"3","S","1","Y","YEWA","Northern Yellow Warbler",NA,NA,NA,NA,NA,NA,NA,NA,NA,NA,NA,NA,NA,NA,NA,"NB34-07-02-MEB-YEWA",1,0,0,1,"",NA,NA,"",""
"1377","NB","34","NB34","Tintamarre",7,"NB34-07",NA,NA,"MEB",2021,7,1,2,"NB34-07-02-MEB","6:50",10,20,1,"3","S","1","Y","WISN","Wilson's Snipe",NA,NA,NA,NA,NA,NA,NA,NA,NA,NA,NA,NA,NA,NA,NA,"NB34-07-02-MEB-WISN",3,2,0,3,"",NA,NA,"",""
"1378","NB","34","NB34","Tintamarre",7,"NB34-07",NA,NA,"MEB",2021,7,1,2,"NB34-07-02-MEB","6:50",10,20,1,"3","S","1","Y","MODO","Mourning Dove",NA,NA,NA,NA,NA,NA,NA,NA,NA,NA,NA,NA,NA,NA,NA,"NB34-07-02-MEB-MODO",1,0,0,1,"",NA,NA,"",""
"1379","NB","34","NB34","Tintamarre",7,"NB34-07",NA,NA,"MEB",2021,7,1,2,"NB34-07-02-MEB","6:50",10,20,1,"3","S","1","Y","RWBL","Red-winged Blackbird",NA,NA,NA,NA,NA,NA,NA,NA,NA,NA,NA,NA,NA,NA,NA,"NB34-07-02-MEB-RWBL",0,2,0,2,"",NA,NA,"",""
"1380","NB","34","NB34","Tintamarre",7,"NB34-07",NA,NA,"MEB",2021,7,1,2,"NB34-07-02-MEB","6:50",10,20,1,"3","S","1","Y","MALL","Mallard",NA,NA,NA,NA,NA,NA,NA,NA,NA,NA,NA,NA,NA,NA,NA,"NB34-07-02-MEB-MALL",0,0,0,0,"",NA,NA,"","Missing data"
"1381","NB","34","NB34","Tintamarre",7,"NB34-07",NA,NA,"MEB",2021,7,1,2,"NB34-07-02-MEB","6:50",10,20,1,"3","S","1","Y","SOSP","Song Sparrow",NA,NA,NA,NA,NA,NA,NA,NA,NA,NA,NA,NA,NA,NA,NA,"NB34-07-02-MEB-SOSP",1,0,0,1,"",NA,NA,"",""
"1382","NB","34","NB34","Tintamarre",7,"NB34-07",NA,NA,"MEB",2021,7,1,2,"NB34-07-02-MEB","6:50",10,20,1,"3","S","1","Y","CEDW","Cedar Waxwing",NA,NA,NA,NA,NA,NA,NA,NA,NA,NA,NA,NA,NA,NA,NA,"NB34-07-02-MEB-CEDW",2,0,0,2,"",NA,NA,"","Written as CEWA"
"1383","NB","34","NB34","Tintamarre",7,"NB34-07",NA,NA,"MEB",2021,7,1,2,"NB34-07-02-MEB","6:50",10,20,1,"3","S","1","Y","WTSP","White-throated Sparrow",NA,NA,NA,NA,NA,NA,NA,NA,NA,NA,NA,NA,NA,NA,NA,"NB34-07-02-MEB-WTSP",2,0,0,2,"",NA,NA,"",""
"1384","NB","34","NB34","Tintamarre",7,"NB34-07",NA,NA,"MEB",2021,7,1,2,"NB34-07-02-MEB","6:50",10,20,1,"3","S","1","Y","AMRO","American Robin",NA,NA,NA,NA,NA,NA,NA,NA,NA,NA,NA,NA,NA,NA,NA,"NB34-07-02-MEB-AMRO",1,2,0,2,"",NA,NA,"",""
"1385","NB","34","NB34","Tintamarre",7,"NB34-07",NA,NA,"MEB",2021,7,1,2,"NB34-07-02-MEB","6:50",10,20,1,"3","S","1","Y","ALFL","Alder Flycatcher",NA,NA,NA,NA,NA,NA,NA,NA,NA,NA,NA,NA,NA,NA,NA,"NB34-07-02-MEB-ALFL",1,0,0,1,"",NA,NA,"",""
"1386","NB","34","NB34","Tintamarre",7,"NB34-07",NA,NA,"MEB",2021,7,1,2,"NB34-07-02-MEB","6:50",10,20,1,"3","S","1","Y","LEFL","Least Flycatcher",NA,NA,NA,NA,NA,NA,NA,NA,NA,NA,NA,NA,NA,NA,NA,"NB34-07-02-MEB-LEFL",1,0,0,1,"",NA,NA,"",""
"1387","NB","34","NB34","Tintamarre",7,"NB34-07",NA,NA,"MEB",2021,7,1,2,"NB34-07-02-MEB","6:50",10,20,1,"3","S","1","Y","BAWW","Black-and-white Warbler",NA,NA,NA,NA,NA,NA,NA,NA,NA,NA,NA,NA,NA,NA,NA,"NB34-07-02-MEB-BAWW",1,1,0,1,"",NA,NA,"",""
"1388","NB","34","NB34","Tintamarre",7,"NB34-07",NA,NA,"MEB",2021,7,1,2,"NB34-07-02-MEB","6:50",10,20,1,"3","S","1","Y","BCCH","Black-capped Chickadee",NA,NA,NA,NA,NA,NA,NA,NA,NA,NA,NA,NA,NA,NA,NA,"NB34-07-02-MEB-BCCH",0,2,0,2,"",NA,NA,"",""
"1389","NB","34","NB34","Tintamarre",7,"NB34-07",NA,NA,"MEB",2021,7,1,2,"NB34-07-02-MEB","6:50",10,20,1,"3","S","1","Y","NOPA","Northern Parula",NA,NA,NA,NA,NA,NA,NA,NA,NA,NA,NA,NA,NA,NA,NA,"NB34-07-02-MEB-NOPA",0,0,1,1,"",NA,NA,"",""
"1390","NB","34","NB34","Tintamarre",7,"NB34-07",NA,NA,"MEB",2021,7,1,2,"NB34-07-02-MEB","6:50",10,20,1,"3","S","1","Y","WODU","Wood Duck",NA,NA,NA,NA,NA,NA,NA,NA,NA,NA,NA,NA,NA,NA,NA,"NB34-07-02-MEB-WODU",0,0,1,1,"OF",NA,NA,"",""
"1391","NB","34","NB34","Tintamarre",8,"NB34-08",NA,NA,"MEB",2021,7,1,2,"NB34-08-02-MEB","7:28",10,21,1,"3","S","1","Y","WISN","Wilson's Snipe",NA,NA,NA,NA,NA,NA,NA,NA,NA,NA,NA,NA,NA,NA,NA,"NB34-08-02-MEB-WISN",1,1,1,1,"",NA,NA,"",""
"1392","NB","34","NB34","Tintamarre",8,"NB34-08",NA,NA,"MEB",2021,7,1,2,"NB34-08-02-MEB","7:28",10,21,1,"3","S","1","Y","COYE","Common Yellowthroat",NA,NA,NA,NA,NA,NA,NA,NA,NA,NA,NA,NA,NA,NA,NA,"NB34-08-02-MEB-COYE",2,0,0,2,"",NA,NA,"",""
"1393","NB","34","NB34","Tintamarre",8,"NB34-08",NA,NA,"MEB",2021,7,1,2,"NB34-08-02-MEB","7:28",10,21,1,"3","S","1","Y","SWSP","Swamp Sparrow",NA,NA,NA,NA,NA,NA,NA,NA,NA,NA,NA,NA,NA,NA,NA,"NB34-08-02-MEB-SWSP",7,0,0,7,"",NA,NA,"",""
"1394","NB","34","NB34","Tintamarre",8,"NB34-08",NA,NA,"MEB",2021,7,1,2,"NB34-08-02-MEB","7:28",10,21,1,"3","S","1","Y","RWBL","Red-winged Blackbird",NA,NA,NA,NA,NA,NA,NA,NA,NA,NA,NA,NA,NA,NA,NA,"NB34-08-02-MEB-RWBL",3,0,0,3,"",NA,NA,"",""
"1395","NB","34","NB34","Tintamarre",8,"NB34-08",NA,NA,"MEB",2021,7,1,2,"NB34-08-02-MEB","7:28",10,21,1,"3","S","1","Y","YEWA","Northern Yellow Warbler",NA,NA,NA,NA,NA,NA,NA,NA,NA,NA,NA,NA,NA,NA,NA,"NB34-08-02-MEB-YEWA",1,0,0,1,"",NA,NA,"",""
"1396","NB","34","NB34","Tintamarre",8,"NB34-08",NA,NA,"MEB",2021,7,1,2,"NB34-08-02-MEB","7:28",10,21,1,"3","S","1","Y","SOSP","Song Sparrow",NA,NA,NA,NA,NA,NA,NA,NA,NA,NA,NA,NA,NA,NA,NA,"NB34-08-02-MEB-SOSP",1,0,0,1,"",NA,NA,"",""
"1397","NB","34","NB34","Tintamarre",8,"NB34-08",NA,NA,"MEB",2021,7,1,2,"NB34-08-02-MEB","7:28",10,21,1,"3","S","1","Y","BOBO","Bobolink",NA,NA,NA,NA,NA,NA,NA,NA,NA,NA,NA,NA,NA,NA,NA,"NB34-08-02-MEB-BOBO",1,2,0,2,"",NA,NA,"",""
"1398","NB","34","NB34","Tintamarre",8,"NB34-08",NA,NA,"MEB",2021,7,1,2,"NB34-08-02-MEB","7:28",10,21,1,"3","S","1","Y","NOHA","Northern Harrier",NA,NA,NA,NA,NA,NA,NA,NA,NA,NA,NA,NA,NA,NA,NA,"NB34-08-02-MEB-NOHA",1,0,0,1,"",NA,NA,"",""
"1399","NB","34","NB34","Tintamarre",9,"NB34-09",NA,NA,"MEB",2021,7,1,2,"NB34-09-02-MEB","7:49",10,21,0,"3","S","1","Y","BOBO","Bobolink",NA,NA,NA,NA,NA,NA,NA,NA,NA,NA,NA,NA,NA,NA,NA,"NB34-09-02-MEB-BOBO",5,1,0,5,"",NA,NA,"",""
"1400","NB","34","NB34","Tintamarre",9,"NB34-09",NA,NA,"MEB",2021,7,1,2,"NB34-09-02-MEB","7:49",10,21,0,"3","S","1","Y","SWSP","Swamp Sparrow",NA,NA,NA,NA,NA,NA,NA,NA,NA,NA,NA,NA,NA,NA,NA,"NB34-09-02-MEB-SWSP",4,3,2,4,"",NA,NA,"",""
"1401","NB","34","NB34","Tintamarre",9,"NB34-09",NA,NA,"MEB",2021,7,1,2,"NB34-09-02-MEB","7:49",10,21,0,"3","S","1","Y","AMRO","American Robin",NA,NA,NA,NA,NA,NA,NA,NA,NA,NA,NA,NA,NA,NA,NA,"NB34-09-02-MEB-AMRO",1,0,0,1,"",NA,NA,"",""
"1402","NB","34","NB34","Tintamarre",9,"NB34-09",NA,NA,"MEB",2021,7,1,2,"NB34-09-02-MEB","7:49",10,21,0,"3","S","1","Y","RNEP","Ring-necked Pheasant",NA,NA,NA,NA,NA,NA,NA,NA,NA,NA,NA,NA,NA,NA,NA,"NB34-09-02-MEB-RIPH",1,0,0,1,"",NA,NA,"","Written as RNPH, assumed they meant RIPH"
"1403","NB","34","NB34","Tintamarre",9,"NB34-09",NA,NA,"MEB",2021,7,1,2,"NB34-09-02-MEB","7:49",10,21,0,"3","S","1","Y","SOSP","Song Sparrow",NA,NA,NA,NA,NA,NA,NA,NA,NA,NA,NA,NA,NA,NA,NA,"NB34-09-02-MEB-SOSP",1,1,0,1,"",NA,NA,"",""
"1404","NB","34","NB34","Tintamarre",9,"NB34-09",NA,NA,"MEB",2021,7,1,2,"NB34-09-02-MEB","7:49",10,21,0,"3","S","1","Y","COYE","Common Yellowthroat",NA,NA,NA,NA,NA,NA,NA,NA,NA,NA,NA,NA,NA,NA,NA,"NB34-09-02-MEB-COYE",1,2,1,2,"",NA,NA,"",""
"1405","NB","34","NB34","Tintamarre",9,"NB34-09",NA,NA,"MEB",2021,7,1,2,"NB34-09-02-MEB","7:49",10,21,0,"3","S","1","Y","RWBL","Red-winged Blackbird",NA,NA,NA,NA,NA,NA,NA,NA,NA,NA,NA,NA,NA,NA,NA,"NB34-09-02-MEB-RWBL",2,1,0,2,"",NA,NA,"",""
"1406","NB","34","NB34","Tintamarre",9,"NB34-09",NA,NA,"MEB",2021,7,1,2,"NB34-09-02-MEB","7:49",10,21,0,"3","S","1","Y","MALL","Mallard",NA,NA,NA,NA,NA,NA,NA,NA,NA,NA,NA,NA,NA,NA,NA,"NB34-09-02-MEB-MALL",0,1,0,1,"",NA,NA,"",""
"1407","NB","34","NB34","Tintamarre",9,"NB34-09",NA,NA,"MEB",2021,7,1,2,"NB34-09-02-MEB","7:49",10,21,0,"3","S","1","Y","OSPR","Osprey",NA,NA,NA,NA,NA,NA,NA,NA,NA,NA,NA,NA,NA,NA,NA,"NB34-09-02-MEB-OSPR",0,0,1,1,"",NA,NA,"",""
"1408","NB","BD","NBBD","Bouctouche Dune",2,"NBBD-02",46.53028,64.69284,"DEM",2021,6,3,1,"NBBD-02-01-DEM","5:00",0,14,0,"3","SW","2","Y","WTSP","White-throated Sparrow",NA,NA,NA,NA,NA,NA,NA,NA,NA,NA,NA,NA,NA,NA,NA,"NBBD-02-01-DEM-WTSP",1,0,0,1,"",NA,NA,"",""
"1409","NB","BD","NBBD","Bouctouche Dune",2,"NBBD-02",46.53028,64.69284,"DEM",2021,6,3,1,"NBBD-02-01-DEM","5:00",0,14,0,"3","SW","2","Y","SAVS","Savannah Sparrow",NA,NA,NA,NA,NA,NA,NA,NA,NA,NA,NA,NA,NA,NA,NA,"NBBD-02-01-DEM-SAVS",2,1,1,2,"",NA,NA,"",""
"1410","NB","BD","NBBD","Bouctouche Dune",2,"NBBD-02",46.53028,64.69284,"DEM",2021,6,3,1,"NBBD-02-01-DEM","5:00",0,14,0,"3","SW","2","Y","COYE","Common Yellowthroat",NA,NA,NA,NA,NA,NA,NA,NA,NA,NA,NA,NA,NA,NA,NA,"NBBD-02-01-DEM-COYE",1,0,0,1,"",NA,NA,"",""
"1411","NB","BD","NBBD","Bouctouche Dune",2,"NBBD-02",46.53028,64.69284,"DEM",2021,6,3,1,"NBBD-02-01-DEM","5:00",0,14,0,"3","SW","2","Y","ALFL","Alder Flycatcher",NA,NA,NA,NA,NA,NA,NA,NA,NA,NA,NA,NA,NA,NA,NA,"NBBD-02-01-DEM-ALFL",1,1,0,1,"",NA,NA,"",""
"1412","NB","BD","NBBD","Bouctouche Dune",2,"NBBD-02",46.53028,64.69284,"DEM",2021,6,3,1,"NBBD-02-01-DEM","5:00",0,14,0,"3","SW","2","Y","CANG","Canada Goose",NA,NA,NA,NA,NA,NA,NA,NA,NA,NA,NA,NA,NA,NA,NA,"NBBD-02-01-DEM-CANG",0,1,1,1,"",NA,NA,"","2 heard, 6 seen, written as CAGO"
"1413","NB","BD","NBBD","Bouctouche Dune",2,"NBBD-02",46.53028,64.69284,"DEM",2021,6,3,1,"NBBD-02-01-DEM","5:00",0,14,0,"3","SW","2","Y","CHSP","Chipping Sparrow",NA,NA,NA,NA,NA,NA,NA,NA,NA,NA,NA,NA,NA,NA,NA,"NBBD-02-01-DEM-CHSP",1,1,1,1,"",NA,NA,"",""
"1414","NB","BD","NBBD","Bouctouche Dune",2,"NBBD-02",46.53028,64.69284,"DEM",2021,6,3,1,"NBBD-02-01-DEM","5:00",0,14,0,"3","SW","2","Y","TRES","Tree Swallow",NA,NA,NA,NA,NA,NA,NA,NA,NA,NA,NA,NA,NA,NA,NA,"NBBD-02-01-DEM-TRES",0,0,1,1,"OF",NA,NA,"",""
"1415","NB","BD","NBBD","Bouctouche Dune",3,"NBBD-03",46.52913,64.68922,"DEM",2021,6,3,1,"NBBD-03-01-DEM","5:37",0,14,0,"3","SW","1","Y","COYE","Common Yellowthroat",NA,NA,NA,NA,NA,NA,NA,NA,NA,NA,NA,NA,NA,NA,NA,"NBBD-03-01-DEM-COYE",1,1,1,1,"",NA,NA,"",""
"1416","NB","BD","NBBD","Bouctouche Dune",3,"NBBD-03",46.52913,64.68922,"DEM",2021,6,3,1,"NBBD-03-01-DEM","5:37",0,14,0,"3","SW","1","Y","SAVS","Savannah Sparrow",NA,NA,NA,NA,NA,NA,NA,NA,NA,NA,NA,NA,NA,NA,NA,"NBBD-03-01-DEM-SAVS",2,2,2,2,"",NA,NA,"",""
"1417","NB","BD","NBBD","Bouctouche Dune",3,"NBBD-03",46.52913,64.68922,"DEM",2021,6,3,1,"NBBD-03-01-DEM","5:37",0,14,0,"3","SW","1","Y","CANG","Canada Goose",NA,NA,NA,NA,NA,NA,NA,NA,NA,NA,NA,NA,NA,NA,NA,"NBBD-03-01-DEM-CANG",1,1,1,1,"",NA,NA,"","written as CAGO"
"1418","NB","BD","NBBD","Bouctouche Dune",3,"NBBD-03",46.52913,64.68922,"DEM",2021,6,3,1,"NBBD-03-01-DEM","5:37",0,14,0,"3","SW","1","Y","TRES","Tree Swallow",NA,NA,NA,NA,NA,NA,NA,NA,NA,NA,NA,NA,NA,NA,NA,"NBBD-03-01-DEM-TRES",1,0,0,1,"OF",NA,NA,"",""
"1419","NB","BD","NBBD","Bouctouche Dune",3,"NBBD-03",46.52913,64.68922,"DEM",2021,6,3,1,"NBBD-03-01-DEM","5:37",0,14,0,"3","SW","1","Y","WTSP","White-throated Sparrow",NA,NA,NA,NA,NA,NA,NA,NA,NA,NA,NA,NA,NA,NA,NA,"NBBD-03-01-DEM-WTSP",1,0,1,1,"",NA,NA,"",""
"1420","NB","BD","NBBD","Bouctouche Dune",3,"NBBD-03",46.52913,64.68922,"DEM",2021,6,3,1,"NBBD-03-01-DEM","5:37",0,14,0,"3","SW","1","Y","GRYE","Greater Yellowlegs",NA,NA,NA,NA,NA,NA,NA,NA,NA,NA,NA,NA,NA,NA,NA,"NBBD-03-01-DEM-GRYE",0,0,1,1,"",NA,NA,"",""
"1421","NB","BD","NBBD","Bouctouche Dune",4,"NBBD-04",46.52705,64.68624,"DEM",2021,6,3,1,"NBBD-04-01-DEM","6:07",0,14,0,"3","SW","2","Y","COYE","Common Yellowthroat",NA,NA,NA,NA,NA,NA,NA,NA,NA,NA,NA,NA,NA,NA,NA,"NBBD-04-01-DEM-COYE",1,0,0,1,"",NA,NA,"",""
"1422","NB","BD","NBBD","Bouctouche Dune",4,"NBBD-04",46.52705,64.68624,"DEM",2021,6,3,1,"NBBD-04-01-DEM","6:07",0,14,0,"3","SW","2","Y","SAVS","Savannah Sparrow",NA,NA,NA,NA,NA,NA,NA,NA,NA,NA,NA,NA,NA,NA,NA,"NBBD-04-01-DEM-SAVS",1,1,0,1,"",NA,NA,"",""
"1423","NB","BD","NBBD","Bouctouche Dune",4,"NBBD-04",46.52705,64.68624,"DEM",2021,6,3,1,"NBBD-04-01-DEM","6:07",0,14,0,"3","SW","2","Y","CANG","Canada Goose",NA,NA,NA,NA,NA,NA,NA,NA,NA,NA,NA,NA,NA,NA,NA,"NBBD-04-01-DEM-CANG",1,1,1,1,"",NA,NA,"","written as CAGO"
"1424","NB","BD","NBBD","Bouctouche Dune",4,"NBBD-04",46.52705,64.68624,"DEM",2021,6,3,1,"NBBD-04-01-DEM","6:07",0,14,0,"3","SW","2","Y","BBPL","Black-bellied Plover",NA,NA,NA,NA,NA,NA,NA,NA,NA,NA,NA,NA,NA,NA,NA,"NBBD-04-01-DEM-BBPL",1,0,0,1,"",NA,NA,"",""
"1425","NB","BD","NBBD","Bouctouche Dune",4,"NBBD-04",46.52705,64.68624,"DEM",2021,6,3,1,"NBBD-04-01-DEM","6:07",0,14,0,"3","SW","2","Y","GBHE","Great Blue Heron",NA,NA,NA,NA,NA,NA,NA,NA,NA,NA,NA,NA,NA,NA,NA,"NBBD-04-01-DEM-GBHE",0,1,0,1,"",NA,NA,"",""
"1426","NB","BD","NBBD","Bouctouche Dune",4,"NBBD-04",46.52705,64.68624,"DEM",2021,6,3,1,"NBBD-04-01-DEM","6:07",0,14,0,"3","SW","2","Y","TRES","Tree Swallow",NA,NA,NA,NA,NA,NA,NA,NA,NA,NA,NA,NA,NA,NA,NA,"NBBD-04-01-DEM-TRES",0,0,1,1,"AF",NA,NA,"","Indicated ""y"" for Flythrough and noted ""arial forager"""
"1427","NB","BD","NBBD","Bouctouche Dune",5,"NBBD-05",46.52449,64.68309,"DEM",2021,6,3,1,"NBBD-05-01-DEM","6:38",1,14,0,"3","SW","1","Y","SAVS","Savannah Sparrow",NA,NA,NA,NA,NA,NA,NA,NA,NA,NA,NA,NA,NA,NA,NA,"NBBD-05-01-DEM-SAVS",1,1,2,2,"",NA,NA,"",""
"1428","NB","BD","NBBD","Bouctouche Dune",5,"NBBD-05",46.52449,64.68309,"DEM",2021,6,3,1,"NBBD-05-01-DEM","6:38",1,14,0,"3","SW","1","Y","TRES","Tree Swallow",NA,NA,NA,NA,NA,NA,NA,NA,NA,NA,NA,NA,NA,NA,NA,"NBBD-05-01-DEM-TRES",0,0,1,1,"AF",NA,NA,"","Indicated ""y"" for Flythrough and noted ""arial forager"""
"1429","NB","BD","NBBD","Bouctouche Dune",5,"NBBD-05",46.52449,64.68309,"DEM",2021,6,3,1,"NBBD-05-01-DEM","6:38",1,14,0,"3","SW","1","Y","CANG","Canada Goose",NA,NA,NA,NA,NA,NA,NA,NA,NA,NA,NA,NA,NA,NA,NA,"NBBD-05-01-DEM-CANG",0,0,1,1,"",NA,NA,"","written as CAGO"
"1430","NB","BD","NBBD","Bouctouche Dune",2,"NBBD-02",46.43028,64.69284,"DEM",2021,6,24,2,"NBBD-02-02-DEM","4:25",0,8,0,"2","S","0","Y","COYE","Common Yellowthroat",NA,NA,NA,NA,NA,NA,NA,NA,NA,NA,NA,NA,NA,NA,NA,"NBBD-02-02-DEM-COYE",2,2,1,2,"",NA,NA,"",""
"1431","NB","BD","NBBD","Bouctouche Dune",2,"NBBD-02",46.43028,64.69284,"DEM",2021,6,24,2,"NBBD-02-02-DEM","4:25",0,8,0,"2","S","0","Y","ALFL","Alder Flycatcher",NA,NA,NA,NA,NA,NA,NA,NA,NA,NA,NA,NA,NA,NA,NA,"NBBD-02-02-DEM-ALFL",1,2,2,2,"",NA,NA,"",""
"1432","NB","BD","NBBD","Bouctouche Dune",2,"NBBD-02",46.43028,64.69284,"DEM",2021,6,24,2,"NBBD-02-02-DEM","4:25",0,8,0,"2","S","0","Y","CANG","Canada Goose",NA,NA,NA,NA,NA,NA,NA,NA,NA,NA,NA,NA,NA,NA,NA,"NBBD-02-02-DEM-CANG",1,0,0,1,"",NA,NA,"","written as CAGO"
"1433","NB","BD","NBBD","Bouctouche Dune",2,"NBBD-02",46.43028,64.69284,"DEM",2021,6,24,2,"NBBD-02-02-DEM","4:25",0,8,0,"2","S","0","Y","SAVS","Savannah Sparrow",NA,NA,NA,NA,NA,NA,NA,NA,NA,NA,NA,NA,NA,NA,NA,"NBBD-02-02-DEM-SAVS",2,2,2,2,"",NA,NA,"",""
"1434","NB","BD","NBBD","Bouctouche Dune",2,"NBBD-02",46.43028,64.69284,"DEM",2021,6,24,2,"NBBD-02-02-DEM","4:25",0,8,0,"2","S","0","Y","GBHE","Great Blue Heron",NA,NA,NA,NA,NA,NA,NA,NA,NA,NA,NA,NA,NA,NA,NA,"NBBD-02-02-DEM-GBHE",0,0,1,1,"",NA,NA,"",""
"1435","NB","BD","NBBD","Bouctouche Dune",3,"NBBD-03",46.52913,64.68922,"DEM",2021,6,24,2,"NBBD-03-02-DEM","5:11",0,10,0,"2","S","1","Y","COYE","Common Yellowthroat",NA,NA,NA,NA,NA,NA,NA,NA,NA,NA,NA,NA,NA,NA,NA,"NBBD-03-02-DEM-COYE",1,1,1,1,"",NA,NA,"",""
"1436","NB","BD","NBBD","Bouctouche Dune",3,"NBBD-03",46.52913,64.68922,"DEM",2021,6,24,2,"NBBD-03-02-DEM","5:11",0,10,0,"2","S","1","Y","SAVS","Savannah Sparrow",NA,NA,NA,NA,NA,NA,NA,NA,NA,NA,NA,NA,NA,NA,NA,"NBBD-03-02-DEM-SAVS",3,3,3,3,"",NA,NA,"",""
"1437","NB","BD","NBBD","Bouctouche Dune",3,"NBBD-03",46.52913,64.68922,"DEM",2021,6,24,2,"NBBD-03-02-DEM","5:11",0,10,0,"2","S","1","Y","COLO","Common Loon",NA,NA,NA,NA,NA,NA,NA,NA,NA,NA,NA,NA,NA,NA,NA,"NBBD-03-02-DEM-COLO",1,0,1,1,"",NA,NA,"",""
"1438","NB","BD","NBBD","Bouctouche Dune",3,"NBBD-03",46.52913,64.68922,"DEM",2021,6,24,2,"NBBD-03-02-DEM","5:11",0,10,0,"2","S","1","Y","ALFL","Alder Flycatcher",NA,NA,NA,NA,NA,NA,NA,NA,NA,NA,NA,NA,NA,NA,NA,"NBBD-03-02-DEM-ALFL",0,1,0,1,"",NA,NA,"",""
"1439","NB","BD","NBBD","Bouctouche Dune",4,"NBBD-04",46.52705,64.68624,"DEM",2021,6,24,2,"NBBD-04-02-DEM","5:40",0,9,0,"2","W","1","Y","SAVS","Savannah Sparrow",NA,NA,NA,NA,NA,NA,NA,NA,NA,NA,NA,NA,NA,NA,NA,"NBBD-04-02-DEM-SAVS",2,2,2,2,"",NA,NA,"",""
"1440","NB","BD","NBBD","Bouctouche Dune",4,"NBBD-04",46.52705,64.68624,"DEM",2021,6,24,2,"NBBD-04-02-DEM","5:40",0,9,0,"2","W","1","Y","COLO","Common Loon",NA,NA,NA,NA,NA,NA,NA,NA,NA,NA,NA,NA,NA,NA,NA,"NBBD-04-02-DEM-COLO",1,0,0,1,"",NA,NA,"",""
"1441","NB","BD","NBBD","Bouctouche Dune",4,"NBBD-04",46.52705,64.68624,"DEM",2021,6,24,2,"NBBD-04-02-DEM","5:40",0,9,0,"2","W","1","Y","ALFL","Alder Flycatcher",NA,NA,NA,NA,NA,NA,NA,NA,NA,NA,NA,NA,NA,NA,NA,"NBBD-04-02-DEM-ALFL",1,0,0,1,"",NA,NA,"",""
"1442","NB","BD","NBBD","Bouctouche Dune",4,"NBBD-04",46.52705,64.68624,"DEM",2021,6,24,2,"NBBD-04-02-DEM","5:40",0,9,0,"2","W","1","Y","GRYE","Greater Yellowlegs",NA,NA,NA,NA,NA,NA,NA,NA,NA,NA,NA,NA,NA,NA,NA,"NBBD-04-02-DEM-GRYE",0,1,0,1,"",NA,NA,"",""
"1443","NB","BD","NBBD","Bouctouche Dune",5,"NBBD-05",46.52449,64.68309,"DEM",2021,6,24,2,"NBBD-05-02-DEM","6:08",0,9,0,"2","W","1","Y","SAVS","Savannah Sparrow",NA,NA,NA,NA,NA,NA,NA,NA,NA,NA,NA,NA,NA,NA,NA,"NBBD-05-02-DEM-SAVS",2,2,2,2,"",NA,NA,"",""
"1444","NB","CH","NBCH","Chockpish",1,"NBCH-01",46.60406,64.72416,"DEM",2021,6,9,1,"NBCH-01-01-DEM","4:59",9,15,0,"3","SW","0","Y","COYE","Common Yellowthroat",NA,NA,NA,NA,NA,NA,NA,NA,NA,NA,NA,NA,NA,NA,NA,"NBCH-01-01-DEM-COYE",1,1,1,1,"",NA,NA,"",""
"1445","NB","CH","NBCH","Chockpish",1,"NBCH-01",46.60406,64.72416,"DEM",2021,6,9,1,"NBCH-01-01-DEM","4:59",9,15,0,"3","SW","0","Y","ALFL","Alder Flycatcher",NA,NA,NA,NA,NA,NA,NA,NA,NA,NA,NA,NA,NA,NA,NA,"NBCH-01-01-DEM-ALFL",1,1,1,1,"",NA,NA,"",""
"1446","NB","CH","NBCH","Chockpish",1,"NBCH-01",46.60406,64.72416,"DEM",2021,6,9,1,"NBCH-01-01-DEM","4:59",9,15,0,"3","SW","0","Y","CHSP","Chipping Sparrow",NA,NA,NA,NA,NA,NA,NA,NA,NA,NA,NA,NA,NA,NA,NA,"NBCH-01-01-DEM-CHSP",1,2,2,2,"",NA,NA,"",""
"1447","NB","CH","NBCH","Chockpish",1,"NBCH-01",46.60406,64.72416,"DEM",2021,6,9,1,"NBCH-01-01-DEM","4:59",9,15,0,"3","SW","0","Y","RWBL","Red-winged Blackbird",NA,NA,NA,NA,NA,NA,NA,NA,NA,NA,NA,NA,NA,NA,NA,"NBCH-01-01-DEM-RWBL",1,1,2,2,"",NA,NA,"",""
"1448","NB","CH","NBCH","Chockpish",3,"NBCH-03",46.60148,64.72246,"DEM",2021,6,9,1,"NBCH-03-01-DEM","5:36",9,18,0,"3","SW","1","Y","RWBL","Red-winged Blackbird",NA,NA,NA,NA,NA,NA,NA,NA,NA,NA,NA,NA,NA,NA,NA,"NBCH-03-01-DEM-RWBL",3,2,2,3,"",NA,NA,"",""
"1449","NB","CH","NBCH","Chockpish",3,"NBCH-03",46.60148,64.72246,"DEM",2021,6,9,1,"NBCH-03-01-DEM","5:36",9,18,0,"3","SW","1","Y","WTSP","White-throated Sparrow",NA,NA,NA,NA,NA,NA,NA,NA,NA,NA,NA,NA,NA,NA,NA,"NBCH-03-01-DEM-WTSP",1,0,0,1,"",NA,NA,"",""
"1450","NB","CH","NBCH","Chockpish",3,"NBCH-03",46.60148,64.72246,"DEM",2021,6,9,1,"NBCH-03-01-DEM","5:36",9,18,0,"3","SW","1","Y","COYE","Common Yellowthroat",NA,NA,NA,NA,NA,NA,NA,NA,NA,NA,NA,NA,NA,NA,NA,"NBCH-03-01-DEM-COYE",1,1,1,1,"",NA,NA,"",""
"1451","NB","CH","NBCH","Chockpish",3,"NBCH-03",46.60148,64.72246,"DEM",2021,6,9,1,"NBCH-03-01-DEM","5:36",9,18,0,"3","SW","1","Y","CHSP","Chipping Sparrow",NA,NA,NA,NA,NA,NA,NA,NA,NA,NA,NA,NA,NA,NA,NA,"NBCH-03-01-DEM-CHSP",1,1,1,1,"",NA,NA,"",""
"1452","NB","CH","NBCH","Chockpish",3,"NBCH-03",46.60148,64.72246,"DEM",2021,6,9,1,"NBCH-03-01-DEM","5:36",9,18,0,"3","SW","1","Y","ALFL","Alder Flycatcher",NA,NA,NA,NA,NA,NA,NA,NA,NA,NA,NA,NA,NA,NA,NA,"NBCH-03-01-DEM-ALFL",1,1,0,1,"",NA,NA,"",""
"1453","NB","CH","NBCH","Chockpish",4,"NBCH-04",46.59465,64.72334,"DEM",2021,6,9,1,"NBCH-04-01-DEM","6:12",8,18,0,"3","SW","0","Y","CANG","Canada Goose",NA,NA,NA,NA,NA,NA,NA,NA,NA,NA,NA,NA,NA,NA,NA,"NBCH-04-01-DEM-CANG",1,0,0,1,"",NA,NA,"","6 or more seen, written as CAGO"
"1454","NB","CH","NBCH","Chockpish",4,"NBCH-04",46.59465,64.72334,"DEM",2021,6,9,1,"NBCH-04-01-DEM","6:12",8,18,0,"3","SW","0","Y","RWBL","Red-winged Blackbird",NA,NA,NA,NA,NA,NA,NA,NA,NA,NA,NA,NA,NA,NA,NA,"NBCH-04-01-DEM-RWBL",1,0,0,1,"",NA,NA,"",""
"1455","NB","CH","NBCH","Chockpish",4,"NBCH-04",46.59465,64.72334,"DEM",2021,6,9,1,"NBCH-04-01-DEM","6:12",8,18,0,"3","SW","0","Y","SAVS","Savannah Sparrow",NA,NA,NA,NA,NA,NA,NA,NA,NA,NA,NA,NA,NA,NA,NA,"NBCH-04-01-DEM-SAVS",1,0,0,1,"",NA,NA,"",""
"1456","NB","CH","NBCH","Chockpish",4,"NBCH-04",46.59465,64.72334,"DEM",2021,6,9,1,"NBCH-04-01-DEM","6:12",8,18,0,"3","SW","0","Y","CHSP","Chipping Sparrow",NA,NA,NA,NA,NA,NA,NA,NA,NA,NA,NA,NA,NA,NA,NA,"NBCH-04-01-DEM-CHSP",1,0,0,1,"",NA,NA,"",""
"1457","NB","CH","NBCH","Chockpish",4,"NBCH-04",46.59465,64.72334,"DEM",2021,6,9,1,"NBCH-04-01-DEM","6:12",8,18,0,"3","SW","0","Y","MODO","Mourning Dove",NA,NA,NA,NA,NA,NA,NA,NA,NA,NA,NA,NA,NA,NA,NA,"NBCH-04-01-DEM-MODO",1,1,1,1,"",NA,NA,"",""
"1458","NB","CH","NBCH","Chockpish",4,"NBCH-04",46.59465,64.72334,"DEM",2021,6,9,1,"NBCH-04-01-DEM","6:12",8,18,0,"3","SW","0","Y","ALFL","Alder Flycatcher",NA,NA,NA,NA,NA,NA,NA,NA,NA,NA,NA,NA,NA,NA,NA,"NBCH-04-01-DEM-ALFL",1,0,1,1,"",NA,NA,"",""
"1459","NB","CH","NBCH","Chockpish",2,"NBCH-02",46.60648,64.72148,"DEM",2021,6,9,1,"NBCH-02-01-DEM","7:41",9,19,0,"2","SW","0","Y","SAVS","Savannah Sparrow",NA,NA,NA,NA,NA,NA,NA,NA,NA,NA,NA,NA,NA,NA,NA,"NBCH-02-01-DEM-SAVS",3,0,2,3,"",NA,NA,"",""
"1460","NB","CH","NBCH","Chockpish",2,"NBCH-02",46.60648,64.72148,"DEM",2021,6,9,1,"NBCH-02-01-DEM","7:41",9,19,0,"2","SW","0","Y","COYE","Common Yellowthroat",NA,NA,NA,NA,NA,NA,NA,NA,NA,NA,NA,NA,NA,NA,NA,"NBCH-02-01-DEM-COYE",1,1,1,1,"",NA,NA,"",""
"1461","NB","CH","NBCH","Chockpish",2,"NBCH-02",46.60648,64.72148,"DEM",2021,6,9,1,"NBCH-02-01-DEM","7:41",9,19,0,"2","SW","0","Y","ALFL","Alder Flycatcher",NA,NA,NA,NA,NA,NA,NA,NA,NA,NA,NA,NA,NA,NA,NA,"NBCH-02-01-DEM-ALFL",1,1,1,1,"",NA,NA,"",""
"1462","NB","CH","NBCH","Chockpish",2,"NBCH-02",46.60648,64.72148,"DEM",2021,6,9,1,"NBCH-02-01-DEM","7:41",9,19,0,"2","SW","0","Y","WTSP","White-throated Sparrow",NA,NA,NA,NA,NA,NA,NA,NA,NA,NA,NA,NA,NA,NA,NA,"NBCH-02-01-DEM-WTSP",0,1,1,1,"",NA,NA,"",""
"1463","NB","CH","NBCH","Chockpish",2,"NBCH-02",46.60648,64.72148,"DEM",2021,6,9,1,"NBCH-02-01-DEM","7:41",9,19,0,"2","SW","0","Y","COLO","Common Loon",NA,NA,NA,NA,NA,NA,NA,NA,NA,NA,NA,NA,NA,NA,NA,"NBCH-02-01-DEM-COLO",0,2,0,2,"OF",NA,NA,"",""
"1464","NB","CH","NBCH","Chockpish",2,"NBCH-02",46.60648,64.72148,"DEM",2021,6,9,1,"NBCH-02-01-DEM","7:41",9,19,0,"2","SW","0","Y","HETH","Hermit Thrush",NA,NA,NA,NA,NA,NA,NA,NA,NA,NA,NA,NA,NA,NA,NA,"NBCH-02-01-DEM-HETH",0,0,1,1,"",NA,NA,"",""
"1465","NB","CH","NBCH","Chockpish",1,"NBCH-01",46.60406,64.72416,"DEM",2021,6,30,2,"NBCH-01-02-DEM","4:50",10,20,0,"2","SW","0","Y","ALFL","Alder Flycatcher",NA,NA,NA,NA,NA,NA,NA,NA,NA,NA,NA,NA,NA,NA,NA,"NBCH-01-02-DEM-ALFL",2,2,2,2,"",NA,NA,"",""
"1466","NB","CH","NBCH","Chockpish",1,"NBCH-01",46.60406,64.72416,"DEM",2021,6,30,2,"NBCH-01-02-DEM","4:50",10,20,0,"2","SW","0","Y","RWBL","Red-winged Blackbird",NA,NA,NA,NA,NA,NA,NA,NA,NA,NA,NA,NA,NA,NA,NA,"NBCH-01-02-DEM-RWBL",0,1,1,1,"",NA,NA,"",""
"1467","NB","CH","NBCH","Chockpish",1,"NBCH-01",46.60406,64.72416,"DEM",2021,6,30,2,"NBCH-01-02-DEM","4:50",10,20,0,"2","SW","0","Y","COYE","Common Yellowthroat",NA,NA,NA,NA,NA,NA,NA,NA,NA,NA,NA,NA,NA,NA,NA,"NBCH-01-02-DEM-COYE",0,0,1,1,"",NA,NA,"",""
"1468","NB","CH","NBCH","Chockpish",3,"NBCH-03",46.60148,64.72246,"DEM",2021,6,30,2,"NBCH-03-02-DEM","5:24",10,20,0,"2","SW","0","Y","RWBL","Red-winged Blackbird",NA,NA,NA,NA,NA,NA,NA,NA,NA,NA,NA,NA,NA,NA,NA,"NBCH-03-02-DEM-RWBL",2,1,2,2,"",NA,NA,"",""
"1469","NB","CH","NBCH","Chockpish",3,"NBCH-03",46.60148,64.72246,"DEM",2021,6,30,2,"NBCH-03-02-DEM","5:24",10,20,0,"2","SW","0","Y","ALFL","Alder Flycatcher",NA,NA,NA,NA,NA,NA,NA,NA,NA,NA,NA,NA,NA,NA,NA,"NBCH-03-02-DEM-ALFL",1,0,0,1,"",NA,NA,"",""
"1470","NB","CH","NBCH","Chockpish",3,"NBCH-03",46.60148,64.72246,"DEM",2021,6,30,2,"NBCH-03-02-DEM","5:24",10,20,0,"2","SW","0","Y","WTSP","White-throated Sparrow",NA,NA,NA,NA,NA,NA,NA,NA,NA,NA,NA,NA,NA,NA,NA,"NBCH-03-02-DEM-WTSP",1,1,0,1,"",NA,NA,"",""
"1471","NB","CH","NBCH","Chockpish",3,"NBCH-03",46.60148,64.72246,"DEM",2021,6,30,2,"NBCH-03-02-DEM","5:24",10,20,0,"2","SW","0","Y","COYE","Common Yellowthroat",NA,NA,NA,NA,NA,NA,NA,NA,NA,NA,NA,NA,NA,NA,NA,"NBCH-03-02-DEM-COYE",0,1,1,1,"",NA,NA,"",""
"1472","NB","CH","NBCH","Chockpish",3,"NBCH-03",46.60148,64.72246,"DEM",2021,6,30,2,"NBCH-03-02-DEM","5:24",10,20,0,"2","SW","0","Y","RUDU","Ruddy Duck",NA,NA,NA,NA,NA,NA,NA,NA,NA,NA,NA,NA,NA,NA,NA,"NBCH-03-02-DEM-RUDU",1,1,1,1,"",NA,NA,"",""
"1473","NB","CH","NBCH","Chockpish",4,"NBCH-04",46.59465,64.72334,"DEM",2021,6,30,2,"NBCH-04-02-DEM","5:57",10,20,2,"2","SW","0","Y","COLO","Common Loon",NA,NA,NA,NA,NA,NA,NA,NA,NA,NA,NA,NA,NA,NA,NA,"NBCH-04-02-DEM-COLO",1,0,0,1,"",NA,NA,"","""Light"" written in notes"
"1474","NB","CH","NBCH","Chockpish",4,"NBCH-04",46.59465,64.72334,"DEM",2021,6,30,2,"NBCH-04-02-DEM","5:57",10,20,2,"2","SW","0","Y","RWBL","Red-winged Blackbird",NA,NA,NA,NA,NA,NA,NA,NA,NA,NA,NA,NA,NA,NA,NA,"NBCH-04-02-DEM-RWBL",1,1,2,2,"",NA,NA,"","""Light"" written in notes"
"1475","NB","CH","NBCH","Chockpish",4,"NBCH-04",46.59465,64.72334,"DEM",2021,6,30,2,"NBCH-04-02-DEM","5:57",10,20,2,"2","SW","0","Y","GRYE","Greater Yellowlegs",NA,NA,NA,NA,NA,NA,NA,NA,NA,NA,NA,NA,NA,NA,NA,"NBCH-04-02-DEM-GRYE",0,1,0,1,"",NA,NA,"","""Light"" written in notes"
"1476","NB","CH","NBCH","Chockpish",4,"NBCH-04",46.59465,64.72334,"DEM",2021,6,30,2,"NBCH-04-02-DEM","5:57",10,20,2,"2","SW","0","Y","COYE","Common Yellowthroat",NA,NA,NA,NA,NA,NA,NA,NA,NA,NA,NA,NA,NA,NA,NA,"NBCH-04-02-DEM-COYE",0,0,1,1,"",NA,NA,"","""Light"" written in notes"
"1477","NB","CH","NBCH","Chockpish",2,"NBCH-02",46.60648,64.72148,"DEM",2021,6,30,2,"NBCH-02-02-DEM","6:43",10,21,0,"2","W","0","Y","WTSP","White-throated Sparrow",NA,NA,NA,NA,NA,NA,NA,NA,NA,NA,NA,NA,NA,NA,NA,"NBCH-02-02-DEM-WTSP",1,0,0,1,"",NA,NA,"",""
"1478","NB","CH","NBCH","Chockpish",2,"NBCH-02",46.60648,64.72148,"DEM",2021,6,30,2,"NBCH-02-02-DEM","6:43",10,21,0,"2","W","0","Y","RWBL","Red-winged Blackbird",NA,NA,NA,NA,NA,NA,NA,NA,NA,NA,NA,NA,NA,NA,NA,"NBCH-02-02-DEM-RWBL",1,0,0,1,"",NA,NA,"",""
"1479","NB","CH","NBCH","Chockpish",2,"NBCH-02",46.60648,64.72148,"DEM",2021,6,30,2,"NBCH-02-02-DEM","6:43",10,21,0,"2","W","0","Y","ALFL","Alder Flycatcher",NA,NA,NA,NA,NA,NA,NA,NA,NA,NA,NA,NA,NA,NA,NA,"NBCH-02-02-DEM-ALFL",0,0,1,1,"",NA,NA,"",""
"1480","NB","CH","NBCH","Chockpish",2,"NBCH-02",46.60648,64.72148,"DEM",2021,6,30,2,"NBCH-02-02-DEM","6:43",10,21,0,"2","W","0","Y","AMWI","American Wigeon",NA,NA,NA,NA,NA,NA,NA,NA,NA,NA,NA,NA,NA,NA,NA,"NBCH-02-02-DEM-AMWI",0,0,1,1,"",NA,NA,"",""
"1481","NB","CV","NBCV","Cormierville",2,"NBCV-02",46.3979,64.61409,"DEM",2021,6,17,1,"NBCV-02-01-DEM","4:50",0,10,0,"3","SW","0","Y","CHSP","Chipping Sparrow",NA,NA,NA,NA,NA,NA,NA,NA,NA,NA,NA,NA,NA,NA,NA,"NBCV-02-01-DEM-CHSP",1,1,1,1,"",NA,NA,"",""
"1482","NB","CV","NBCV","Cormierville",2,"NBCV-02",46.3979,64.61409,"DEM",2021,6,17,1,"NBCV-02-01-DEM","4:50",0,10,0,"3","SW","0","Y","SAVS","Savannah Sparrow",NA,NA,NA,NA,NA,NA,NA,NA,NA,NA,NA,NA,NA,NA,NA,"NBCV-02-01-DEM-SAVS",3,0,0,3,"",NA,NA,"",""
"1483","NB","CV","NBCV","Cormierville",2,"NBCV-02",46.3979,64.61409,"DEM",2021,6,17,1,"NBCV-02-01-DEM","4:50",0,10,0,"3","SW","0","Y","COYE","Common Yellowthroat",NA,NA,NA,NA,NA,NA,NA,NA,NA,NA,NA,NA,NA,NA,NA,"NBCV-02-01-DEM-COYE",1,1,2,2,"",NA,NA,"",""
"1484","NB","CV","NBCV","Cormierville",2,"NBCV-02",46.3979,64.61409,"DEM",2021,6,17,1,"NBCV-02-01-DEM","4:50",0,10,0,"3","SW","0","Y","ALFL","Alder Flycatcher",NA,NA,NA,NA,NA,NA,NA,NA,NA,NA,NA,NA,NA,NA,NA,"NBCV-02-01-DEM-ALFL",1,1,2,2,"",NA,NA,"",""
"1485","NB","CV","NBCV","Cormierville",2,"NBCV-02",46.3979,64.61409,"DEM",2021,6,17,1,"NBCV-02-01-DEM","4:50",0,10,0,"3","SW","0","Y","RWBL","Red-winged Blackbird",NA,NA,NA,NA,NA,NA,NA,NA,NA,NA,NA,NA,NA,NA,NA,"NBCV-02-01-DEM-RWBL",1,1,1,1,"",NA,NA,"",""
"1486","NB","CV","NBCV","Cormierville",2,"NBCV-02",46.3979,64.61409,"DEM",2021,6,17,1,"NBCV-02-01-DEM","4:50",0,10,0,"3","SW","0","Y","CANG","Canada Goose",NA,NA,NA,NA,NA,NA,NA,NA,NA,NA,NA,NA,NA,NA,NA,"NBCV-02-01-DEM-CANG",0,0,1,1,"OF",NA,NA,"","written as CAGO"
"1487","NB","CV","NBCV","Cormierville",2,"NBCV-02",46.3979,64.61409,"DEM",2021,6,17,1,"NBCV-02-01-DEM","4:50",0,10,0,"3","SW","0","Y","GBHE","Great Blue Heron",NA,NA,NA,NA,NA,NA,NA,NA,NA,NA,NA,NA,NA,NA,NA,"NBCV-02-01-DEM-GBHE",1,1,1,1,"",NA,NA,"",""
"1488","NB","CV","NBCV","Cormierville",1,"NBCV-01",46.39511,64.61511,"DEM",2021,6,17,1,"NBCV-01-01-DEM","5:24",0,11,0,"3","SW","1","Y","TRES","Tree Swallow",NA,NA,NA,NA,NA,NA,NA,NA,NA,NA,NA,NA,NA,NA,NA,"NBCV-01-01-DEM-TRES",1,1,1,1,"OF",NA,NA,"",""
"1489","NB","CV","NBCV","Cormierville",1,"NBCV-01",46.39511,64.61511,"DEM",2021,6,17,1,"NBCV-01-01-DEM","5:24",0,11,0,"3","SW","1","Y","CHSP","Chipping Sparrow",NA,NA,NA,NA,NA,NA,NA,NA,NA,NA,NA,NA,NA,NA,NA,"NBCV-01-01-DEM-CHSP",2,1,1,2,"",NA,NA,"",""
"1490","NB","CV","NBCV","Cormierville",1,"NBCV-01",46.39511,64.61511,"DEM",2021,6,17,1,"NBCV-01-01-DEM","5:24",0,11,0,"3","SW","1","Y","ALFL","Alder Flycatcher",NA,NA,NA,NA,NA,NA,NA,NA,NA,NA,NA,NA,NA,NA,NA,"NBCV-01-01-DEM-ALFL",1,1,1,1,"",NA,NA,"",""
"1491","NB","CV","NBCV","Cormierville",1,"NBCV-01",46.39511,64.61511,"DEM",2021,6,17,1,"NBCV-01-01-DEM","5:24",0,11,0,"3","SW","1","Y","COYE","Common Yellowthroat",NA,NA,NA,NA,NA,NA,NA,NA,NA,NA,NA,NA,NA,NA,NA,"NBCV-01-01-DEM-COYE",1,1,1,1,"",NA,NA,"",""
"1492","NB","CV","NBCV","Cormierville",1,"NBCV-01",46.39511,64.61511,"DEM",2021,6,17,1,"NBCV-01-01-DEM","5:24",0,11,0,"3","SW","1","Y","RWBL","Red-winged Blackbird",NA,NA,NA,NA,NA,NA,NA,NA,NA,NA,NA,NA,NA,NA,NA,"NBCV-01-01-DEM-RWBL",1,1,2,2,"",NA,NA,"",""
"1493","NB","CV","NBCV","Cormierville",1,"NBCV-01",46.39511,64.61511,"DEM",2021,6,17,1,"NBCV-01-01-DEM","5:24",0,11,0,"3","SW","1","Y","BOBO","Bobolink",NA,NA,NA,NA,NA,NA,NA,NA,NA,NA,NA,NA,NA,NA,NA,"NBCV-01-01-DEM-BOBO",1,2,2,2,"",NA,NA,"",""
"1494","NB","CV","NBCV","Cormierville",3,"NBCV-03",46.39989,64.61517,"DEM",2021,6,17,1,"NBCV-03-01-DEM","6:15",0,9,0,"3","SW","1","Y","RWBL","Red-winged Blackbird",NA,NA,NA,NA,NA,NA,NA,NA,NA,NA,NA,NA,NA,NA,NA,"NBCV-03-01-DEM-RWBL",2,2,2,2,"",NA,NA,"",""
"1495","NB","CV","NBCV","Cormierville",3,"NBCV-03",46.39989,64.61517,"DEM",2021,6,17,1,"NBCV-03-01-DEM","6:15",0,9,0,"3","SW","1","Y","GBHE","Great Blue Heron",NA,NA,NA,NA,NA,NA,NA,NA,NA,NA,NA,NA,NA,NA,NA,"NBCV-03-01-DEM-GBHE",2,1,1,2,"",NA,NA,"",""
"1496","NB","CV","NBCV","Cormierville",3,"NBCV-03",46.39989,64.61517,"DEM",2021,6,17,1,"NBCV-03-01-DEM","6:15",0,9,0,"3","SW","1","Y","ALFL","Alder Flycatcher",NA,NA,NA,NA,NA,NA,NA,NA,NA,NA,NA,NA,NA,NA,NA,"NBCV-03-01-DEM-ALFL",2,1,1,2,"",NA,NA,"",""
"1497","NB","CV","NBCV","Cormierville",3,"NBCV-03",46.39989,64.61517,"DEM",2021,6,17,1,"NBCV-03-01-DEM","6:15",0,9,0,"3","SW","1","Y","CHSP","Chipping Sparrow",NA,NA,NA,NA,NA,NA,NA,NA,NA,NA,NA,NA,NA,NA,NA,"NBCV-03-01-DEM-CHSP",2,0,1,2,"",NA,NA,"",""
"1498","NB","CV","NBCV","Cormierville",3,"NBCV-03",46.39989,64.61517,"DEM",2021,6,17,1,"NBCV-03-01-DEM","6:15",0,9,0,"3","SW","1","Y","GRYE","Greater Yellowlegs",NA,NA,NA,NA,NA,NA,NA,NA,NA,NA,NA,NA,NA,NA,NA,"NBCV-03-01-DEM-GRYE",0,1,1,1,"",NA,NA,"",""
"1499","NB","CV","NBCV","Cormierville",4,"NBCV-04",46.40279,64.61533,"DEM",2021,6,17,1,"NBCV-04-01-DEM","6:45",0,11,0,"3","SW","1","Y","RWBL","Red-winged Blackbird",NA,NA,NA,NA,NA,NA,NA,NA,NA,NA,NA,NA,NA,NA,NA,"NBCV-04-01-DEM-RWBL",3,3,3,3,"",NA,NA,"",""
"1500","NB","CV","NBCV","Cormierville",4,"NBCV-04",46.40279,64.61533,"DEM",2021,6,17,1,"NBCV-04-01-DEM","6:45",0,11,0,"3","SW","1","Y","CHSP","Chipping Sparrow",NA,NA,NA,NA,NA,NA,NA,NA,NA,NA,NA,NA,NA,NA,NA,"NBCV-04-01-DEM-CHSP",1,1,1,1,"",NA,NA,"",""
"1501","NB","CV","NBCV","Cormierville",2,"NBCV-02",46.3979,64.61409,"DEM",2021,7,7,2,"NBCV-02-02-DEM","5:00",3,19,0,"2","W","0","Y","COYE","Common Yellowthroat",NA,NA,NA,NA,NA,NA,NA,NA,NA,NA,NA,NA,NA,NA,NA,"NBCV-02-02-DEM-COYE",1,1,1,1,"",NA,NA,"",""
"1502","NB","CV","NBCV","Cormierville",2,"NBCV-02",46.3979,64.61409,"DEM",2021,7,7,2,"NBCV-02-02-DEM","5:00",3,19,0,"2","W","0","Y","RWBL","Red-winged Blackbird",NA,NA,NA,NA,NA,NA,NA,NA,NA,NA,NA,NA,NA,NA,NA,"NBCV-02-02-DEM-RWBL",2,2,2,2,"",NA,NA,"",""
"1503","NB","CV","NBCV","Cormierville",2,"NBCV-02",46.3979,64.61409,"DEM",2021,7,7,2,"NBCV-02-02-DEM","5:00",3,19,0,"2","W","0","Y","SAVS","Savannah Sparrow",NA,NA,NA,NA,NA,NA,NA,NA,NA,NA,NA,NA,NA,NA,NA,"NBCV-02-02-DEM-SAVS",0,1,1,1,"",NA,NA,"",""
"1504","NB","CV","NBCV","Cormierville",2,"NBCV-02",46.3979,64.61409,"DEM",2021,7,7,2,"NBCV-02-02-DEM","5:00",3,19,0,"2","W","0","Y","ALFL","Alder Flycatcher",NA,NA,NA,NA,NA,NA,NA,NA,NA,NA,NA,NA,NA,NA,NA,"NBCV-02-02-DEM-ALFL",0,1,1,1,"",NA,NA,"",""
"1505","NB","CV","NBCV","Cormierville",2,"NBCV-02",46.3979,64.61409,"DEM",2021,7,7,2,"NBCV-02-02-DEM","5:00",3,19,0,"2","W","0","Y","GBHE","Great Blue Heron",NA,NA,NA,NA,NA,NA,NA,NA,NA,NA,NA,NA,NA,NA,NA,"NBCV-02-02-DEM-GBHE",0,0,1,1,"",NA,NA,"",""
"1506","NB","CV","NBCV","Cormierville",1,"NBCV-01",46.39511,64.61511,"DEM",2021,7,7,2,"NBCV-01-02-DEM","5:33",3,19,0,"2","W","9","Y","COYE","Common Yellowthroat",NA,NA,NA,NA,NA,NA,NA,NA,NA,NA,NA,NA,NA,NA,NA,"NBCV-01-02-DEM-COYE",1,0,0,1,"",NA,NA,"",""
"1507","NB","CV","NBCV","Cormierville",1,"NBCV-01",46.39511,64.61511,"DEM",2021,7,7,2,"NBCV-01-02-DEM","5:33",3,19,0,"2","W","9","Y","RWBL","Red-winged Blackbird",NA,NA,NA,NA,NA,NA,NA,NA,NA,NA,NA,NA,NA,NA,NA,"NBCV-01-02-DEM-RWBL",1,1,1,1,"",NA,NA,"",""
"1508","NB","CV","NBCV","Cormierville",1,"NBCV-01",46.39511,64.61511,"DEM",2021,7,7,2,"NBCV-01-02-DEM","5:33",3,19,0,"2","W","9","Y","GBHE","Great Blue Heron",NA,NA,NA,NA,NA,NA,NA,NA,NA,NA,NA,NA,NA,NA,NA,"NBCV-01-02-DEM-GBHE",1,0,1,1,"",NA,NA,"",""
"1509","NB","CV","NBCV","Cormierville",1,"NBCV-01",46.39511,64.61511,"DEM",2021,7,7,2,"NBCV-01-02-DEM","5:33",3,19,0,"2","W","9","Y","OSPR","Osprey",NA,NA,NA,NA,NA,NA,NA,NA,NA,NA,NA,NA,NA,NA,NA,"NBCV-01-02-DEM-OSPR",1,0,0,1,"",NA,NA,"",""
"1510","NB","CV","NBCV","Cormierville",1,"NBCV-01",46.39511,64.61511,"DEM",2021,7,7,2,"NBCV-01-02-DEM","5:33",3,19,0,"2","W","9","Y","SAVS","Savannah Sparrow",NA,NA,NA,NA,NA,NA,NA,NA,NA,NA,NA,NA,NA,NA,NA,"NBCV-01-02-DEM-SAVS",1,1,1,1,"",NA,NA,"",""
"1511","NB","CV","NBCV","Cormierville",1,"NBCV-01",46.39511,64.61511,"DEM",2021,7,7,2,"NBCV-01-02-DEM","5:33",3,19,0,"2","W","9","Y","GWTE","Green-winged Teal",NA,NA,NA,NA,NA,NA,NA,NA,NA,NA,NA,NA,NA,NA,NA,"NBCV-01-02-DEM-GWTE",1,0,0,1,"",NA,NA,"",""
"1512","NB","CV","NBCV","Cormierville",3,"NBCV-03",46.39989,64.61517,"DEM",2021,7,7,2,"NBCV-03-02-DEM","6:18",4,21,0,"2","W","1","Y","RWBL","Red-winged Blackbird",NA,NA,NA,NA,NA,NA,NA,NA,NA,NA,NA,NA,NA,NA,NA,"NBCV-03-02-DEM-RWBL",3,2,2,3,"",NA,NA,"",""
"1513","NB","CV","NBCV","Cormierville",3,"NBCV-03",46.39989,64.61517,"DEM",2021,7,7,2,"NBCV-03-02-DEM","6:18",4,21,0,"2","W","1","Y","SAVS","Savannah Sparrow",NA,NA,NA,NA,NA,NA,NA,NA,NA,NA,NA,NA,NA,NA,NA,"NBCV-03-02-DEM-SAVS",1,0,0,1,"",NA,NA,"",""
"1514","NB","CV","NBCV","Cormierville",3,"NBCV-03",46.39989,64.61517,"DEM",2021,7,7,2,"NBCV-03-02-DEM","6:18",4,21,0,"2","W","1","Y","CHSP","Chipping Sparrow",NA,NA,NA,NA,NA,NA,NA,NA,NA,NA,NA,NA,NA,NA,NA,"NBCV-03-02-DEM-CHSP",1,0,0,1,"",NA,NA,"",""
"1515","NB","CV","NBCV","Cormierville",3,"NBCV-03",46.39989,64.61517,"DEM",2021,7,7,2,"NBCV-03-02-DEM","6:18",4,21,0,"2","W","1","Y","GWTE","Green-winged Teal",NA,NA,NA,NA,NA,NA,NA,NA,NA,NA,NA,NA,NA,NA,NA,"NBCV-03-02-DEM-GWTE",1,0,1,1,"",NA,NA,"",""
"1516","NB","CV","NBCV","Cormierville",3,"NBCV-03",46.39989,64.61517,"DEM",2021,7,7,2,"NBCV-03-02-DEM","6:18",4,21,0,"2","W","1","Y","COYE","Common Yellowthroat",NA,NA,NA,NA,NA,NA,NA,NA,NA,NA,NA,NA,NA,NA,NA,"NBCV-03-02-DEM-COYE",0,0,1,1,"",NA,NA,"",""
"1517","NB","CV","NBCV","Cormierville",4,"NBCV-04",46.40279,64.61533,"DEM",2021,7,7,2,"NBCV-04-02-DEM","6:50",6,20,0,"2","W","0","Y","RWBL","Red-winged Blackbird",NA,NA,NA,NA,NA,NA,NA,NA,NA,NA,NA,NA,NA,NA,NA,"NBCV-04-02-DEM-RWBL",3,3,3,3,"",NA,NA,"",""
"1518","NB","CV","NBCV","Cormierville",4,"NBCV-04",46.40279,64.61533,"DEM",2021,7,7,2,"NBCV-04-02-DEM","6:50",6,20,0,"2","W","0","Y","COYE","Common Yellowthroat",NA,NA,NA,NA,NA,NA,NA,NA,NA,NA,NA,NA,NA,NA,NA,"NBCV-04-02-DEM-COYE",1,0,1,1,"",NA,NA,"",""
"1519","NB","CV","NBCV","Cormierville",4,"NBCV-04",46.40279,64.61533,"DEM",2021,7,7,2,"NBCV-04-02-DEM","6:50",6,20,0,"2","W","0","Y","CHSP","Chipping Sparrow",NA,NA,NA,NA,NA,NA,NA,NA,NA,NA,NA,NA,NA,NA,NA,"NBCV-04-02-DEM-CHSP",1,1,0,1,"",NA,NA,"",""
"1520","NB","08","NB08","Gagetown 18",1,"NB08-01",NA,NA,"REG",2021,6,23,1,"NB08-01-01-REG","9:06",9,13,0,"3","WNW","0","N","TRES","Tree Swallow",NA,NA,NA,NA,NA,NA,NA,NA,NA,NA,NA,NA,NA,NA,NA,"NB08-01-01-REG-TRES",8,0,0,8,"AF",NA,NA,"",""
"1521","NB","08","NB08","Gagetown 18",1,"NB08-01",NA,NA,"REG",2021,6,23,1,"NB08-01-01-REG","9:06",9,13,0,"3","WNW","0","N","AMRO","American Robin",NA,NA,NA,NA,NA,NA,NA,NA,NA,NA,NA,NA,NA,NA,NA,"NB08-01-01-REG-AMRO",1,0,0,1,"OF",NA,NA,"",""
"1522","NB","08","NB08","Gagetown 18",1,"NB08-01",NA,NA,"REG",2021,6,23,1,"NB08-01-01-REG","9:06",9,13,0,"3","WNW","0","N","CHSP","Chipping Sparrow",NA,NA,NA,NA,NA,NA,NA,NA,NA,NA,NA,NA,NA,NA,NA,"NB08-01-01-REG-CHSP",1,0,1,1,"OF",NA,NA,"",""
"1523","NB","08","NB08","Gagetown 18",1,"NB08-01",NA,NA,"REG",2021,6,23,1,"NB08-01-01-REG","9:06",9,13,0,"3","WNW","0","N","RWBL","Red-winged Blackbird",NA,NA,NA,NA,NA,NA,NA,NA,NA,NA,NA,NA,NA,NA,NA,"NB08-01-01-REG-RWBL",2,1,1,2,"OF, AF",NA,NA,"",""
"1524","NB","08","NB08","Gagetown 18",1,"NB08-01",NA,NA,"REG",2021,6,23,1,"NB08-01-01-REG","9:06",9,13,0,"3","WNW","0","N","COYE","Common Yellowthroat",NA,NA,NA,NA,NA,NA,NA,NA,NA,NA,NA,NA,NA,NA,NA,"NB08-01-01-REG-COYE",1,0,0,1,"AF",NA,NA,"",""
"1525","NB","08","NB08","Gagetown 18",1,"NB08-01",NA,NA,"REG",2021,6,23,1,"NB08-01-01-REG","9:06",9,13,0,"3","WNW","0","N","TUVU","Turkey Vulture",NA,NA,NA,NA,NA,NA,NA,NA,NA,NA,NA,NA,NA,NA,NA,"NB08-01-01-REG-TUVU",0,1,0,1,"OF",NA,NA,"",""
"1526","NB","08","NB08","Gagetown 18",1,"NB08-01",NA,NA,"REG",2021,6,23,1,"NB08-01-01-REG","9:06",9,13,0,"3","WNW","0","N","ABDU","American Black Duck",NA,NA,NA,NA,NA,NA,NA,NA,NA,NA,NA,NA,NA,NA,NA,"NB08-01-01-REG-ABDU",0,0,1,1,"OF",NA,NA,"",""
"1527","NB","08","NB08","Gagetown 18",1,"NB08-01",NA,NA,"REG",2021,6,23,1,"NB08-01-01-REG","9:06",9,13,0,"3","WNW","0","N","BWHA","Broad-winged Hawk",NA,NA,NA,NA,NA,NA,NA,NA,NA,NA,NA,NA,NA,NA,NA,"NB08-01-01-REG-BWHA",0,0,1,1,"OF",NA,NA,"","Written as BRHA"
"1528","NB","08","NB08","Gagetown 18",1,"NB08-01",NA,NA,"REG",2021,7,8,2,"NB08-01-02-REG","8:31",3,13,0,"1","NNW","0","Y","EAKI","Eastern Kingbird",NA,NA,NA,NA,NA,NA,NA,NA,NA,NA,NA,NA,NA,NA,NA,"NB08-01-02-REG-EAKI",2,0,0,2,"AF",NA,NA,"",""
"1529","NB","08","NB08","Gagetown 18",1,"NB08-01",NA,NA,"REG",2021,7,8,2,"NB08-01-02-REG","8:31",3,13,0,"1","NNW","0","Y","RWBL","Red-winged Blackbird",NA,NA,NA,NA,NA,NA,NA,NA,NA,NA,NA,NA,NA,NA,NA,"NB08-01-02-REG-RWBL",1,0,0,1,"AF",NA,NA,"",""
"1530","NB","08","NB08","Gagetown 18",1,"NB08-01",NA,NA,"REG",2021,7,8,2,"NB08-01-02-REG","8:31",3,13,0,"1","NNW","0","Y","CHSP","Chipping Sparrow",NA,NA,NA,NA,NA,NA,NA,NA,NA,NA,NA,NA,NA,NA,NA,"NB08-01-02-REG-CHSP",1,0,0,1,"AF",NA,NA,"",""
"1531","NB","08","NB08","Gagetown 18",1,"NB08-01",NA,NA,"REG",2021,7,8,2,"NB08-01-02-REG","8:31",3,13,0,"1","NNW","0","Y","CEDW","Cedar Waxwing",NA,NA,NA,NA,NA,NA,NA,NA,NA,NA,NA,NA,NA,NA,NA,"NB08-01-02-REG-CEDW",1,5,0,5,"AF",NA,NA,"",""
"1532","NB","08","NB08","Gagetown 18",2,"NB08-02",NA,NA,"REG",2021,6,23,1,"NB08-02-01-REG","8:28",7,13,0,"2",NA,"1","Y","TRES","Tree Swallow",NA,NA,NA,NA,NA,NA,NA,NA,NA,NA,NA,NA,NA,NA,NA,"NB08-02-01-REG-TRES",5,0,2,5,"AF",NA,NA,"",""
"1533","NB","08","NB08","Gagetown 18",2,"NB08-02",NA,NA,"REG",2021,6,23,1,"NB08-02-01-REG","8:28",7,13,0,"2",NA,"1","Y","ABDU","American Black Duck",NA,NA,NA,NA,NA,NA,NA,NA,NA,NA,NA,NA,NA,NA,NA,"NB08-02-01-REG-ABDU",1,0,4,4,"OF",NA,NA,"",""
"1534","NB","08","NB08","Gagetown 18",2,"NB08-02",NA,NA,"REG",2021,6,23,1,"NB08-02-01-REG","8:28",7,13,0,"2",NA,"1","Y","EAKI","Eastern Kingbird",NA,NA,NA,NA,NA,NA,NA,NA,NA,NA,NA,NA,NA,NA,NA,"NB08-02-01-REG-EAKI",1,0,0,1,"AF",NA,NA,"",""
"1535","NB","08","NB08","Gagetown 18",2,"NB08-02",NA,NA,"REG",2021,6,23,1,"NB08-02-01-REG","8:28",7,13,0,"2",NA,"1","Y","RWBL","Red-winged Blackbird",NA,NA,NA,NA,NA,NA,NA,NA,NA,NA,NA,NA,NA,NA,NA,"NB08-02-01-REG-RWBL",0,1,0,1,"OF",NA,NA,"",""
"1536","NB","08","NB08","Gagetown 18",2,"NB08-02",NA,NA,"REG",2021,6,23,1,"NB08-02-01-REG","8:28",7,13,0,"2",NA,"1","Y","CORA","Common Raven",NA,NA,NA,NA,NA,NA,NA,NA,NA,NA,NA,NA,NA,NA,NA,"NB08-02-01-REG-CORA",0,1,0,1,"OF",NA,NA,"","chased by sm bird"
"1537","NB","08","NB08","Gagetown 18",2,"NB08-02",NA,NA,"REG",2021,6,23,1,"NB08-02-01-REG","8:28",7,13,0,"2",NA,"1","Y","COGR","Common Grackle",NA,NA,NA,NA,NA,NA,NA,NA,NA,NA,NA,NA,NA,NA,NA,"NB08-02-01-REG-COGR",0,0,1,1,"AF",NA,NA,"",""
"1538","NB","08","NB08","Gagetown 18",2,"NB08-02",NA,NA,"REG",2021,7,8,2,"NB08-02-02-REG","8:05",2,13,0,"1","NNE","0","N","CEDW","Cedar Waxwing",NA,NA,NA,NA,NA,NA,NA,NA,NA,NA,NA,NA,NA,NA,NA,"NB08-02-02-REG-CEDW",1,0,0,1,"AF",NA,NA,"",""
"1539","NB","08","NB08","Gagetown 18",2,"NB08-02",NA,NA,"REG",2021,7,8,2,"NB08-02-02-REG","8:05",2,13,0,"1","NNE","0","N","RWBL","Red-winged Blackbird",NA,NA,NA,NA,NA,NA,NA,NA,NA,NA,NA,NA,NA,NA,NA,"NB08-02-02-REG-RWBL",0,1,0,1,"",NA,NA,"",""
"1540","NB","08","NB08","Gagetown 18",2,"NB08-02",NA,NA,"REG",2021,7,8,2,"NB08-02-02-REG","8:05",2,13,0,"1","NNE","0","N","TRES","Tree Swallow",NA,NA,NA,NA,NA,NA,NA,NA,NA,NA,NA,NA,NA,NA,NA,"NB08-02-02-REG-TRES",0,0,7,7,"",NA,NA,"",""
"1541","NB","08","NB08","Gagetown 18",2,"NB08-02",NA,NA,"REG",2021,7,8,2,"NB08-02-02-REG","8:05",2,13,0,"1","NNE","0","N","COGR","Common Grackle",NA,NA,NA,NA,NA,NA,NA,NA,NA,NA,NA,NA,NA,NA,NA,"NB08-02-02-REG-COGR",0,0,3,3,"",NA,NA,"",""
"1542","NB","08","NB08","Gagetown 18",3,"NB08-03",NA,NA,"REG",2021,6,23,1,"NB08-03-01-REG","9:44",2,18,0,"1","SW","0","Y","COGR","Common Grackle",NA,NA,NA,NA,NA,NA,NA,NA,NA,NA,NA,NA,NA,NA,NA,"NB08-03-01-REG-COGR",0,1,0,1,"OF",NA,NA,"",""
"1543","NB","08","NB08","Gagetown 18",3,"NB08-03",NA,NA,"REG",2021,7,8,2,"NB08-03-02-REG","9:20",6,16,0,"1","ENE","0","N","EAKI","Eastern Kingbird",NA,NA,NA,NA,NA,NA,NA,NA,NA,NA,NA,NA,NA,NA,NA,"NB08-03-02-REG-EAKI",2,5,0,5,"AF",NA,NA,"",""
"1544","NB","08","NB08","Gagetown 18",3,"NB08-03",NA,NA,"REG",2021,7,8,2,"NB08-03-02-REG","9:20",6,16,0,"1","ENE","0","N","RNDU","Ring-necked Duck",NA,NA,NA,NA,NA,NA,NA,NA,NA,NA,NA,NA,NA,NA,NA,"NB08-03-02-REG-RNDU",3,5,0,5,"AF",NA,NA,"",""
"1545","NB","08","NB08","Gagetown 18",3,"NB08-03",NA,NA,"REG",2021,7,8,2,"NB08-03-02-REG","9:20",6,16,0,"1","ENE","0","N","COGR","Common Grackle",NA,NA,NA,NA,NA,NA,NA,NA,NA,NA,NA,NA,NA,NA,NA,"NB08-03-02-REG-COGR",1,0,0,1,"AF",NA,NA,"",""
"1546","NB","08","NB08","Gagetown 18",3,"NB08-03",NA,NA,"REG",2021,7,8,2,"NB08-03-02-REG","9:20",6,16,0,"1","ENE","0","N","TRES","Tree Swallow",NA,NA,NA,NA,NA,NA,NA,NA,NA,NA,NA,NA,NA,NA,NA,"NB08-03-02-REG-TRES",2,1,0,2,"AF",NA,NA,"",""
"1547","NB","08","NB08","Gagetown 18",3,"NB08-03",NA,NA,"REG",2021,7,8,2,"NB08-03-02-REG","9:20",6,16,0,"1","ENE","0","N","CANG","Canada Goose",NA,NA,NA,NA,NA,NA,NA,NA,NA,NA,NA,NA,NA,NA,NA,"NB08-03-02-REG-CANG",4,0,0,4,"AF",NA,NA,"","Written as CAGE, assuming it's CANG"
"1548","NB","08","NB08","Gagetown 18",3,"NB08-03",NA,NA,"REG",2021,7,8,2,"NB08-03-02-REG","9:20",6,16,0,"1","ENE","0","N","WISN","Wilson's Snipe",NA,NA,NA,NA,NA,NA,NA,NA,NA,NA,NA,NA,NA,NA,NA,"NB08-03-02-REG-WISN",0,0,2,2,"AF",NA,NA,"",""
"1549","NB","08","NB08","Gagetown 18",3,"NB08-03",NA,NA,"REG",2021,7,8,2,"NB08-03-02-REG","9:20",6,16,0,"1","ENE","0","N","RWBL","Red-winged Blackbird",NA,NA,NA,NA,NA,NA,NA,NA,NA,NA,NA,NA,NA,NA,NA,"NB08-03-02-REG-RWBL",0,0,2,2,"AF",NA,NA,"",""
"1550","NB","08","NB08","Gagetown 18",3,"NB08-03",NA,NA,"REG",2021,7,8,2,"NB08-03-02-REG","9:20",6,16,0,"1","ENE","0","N","AMRO","American Robin",NA,NA,NA,NA,NA,NA,NA,NA,NA,NA,NA,NA,NA,NA,NA,"NB08-03-02-REG-AMRO",0,0,2,2,"AF",NA,NA,"",""
"1551","NB","08","NB08","Gagetown 18",4,"NB08-04",NA,NA,"REG",2021,6,23,1,"NB08-04-01-REG","7:45",9.5,13,0,"3","WSW","0","Y","RWBL","Red-winged Blackbird",NA,NA,NA,NA,NA,NA,NA,NA,NA,NA,NA,NA,NA,NA,NA,"NB08-04-01-REG-RWBL",5,5,0,5,"OF",NA,NA,"",""
"1552","NB","08","NB08","Gagetown 18",4,"NB08-04",NA,NA,"REG",2021,6,23,1,"NB08-04-01-REG","7:45",9.5,13,0,"3","WSW","0","Y","TRES","Tree Swallow",NA,NA,NA,NA,NA,NA,NA,NA,NA,NA,NA,NA,NA,NA,NA,"NB08-04-01-REG-TRES",3,5,0,5,"AF",NA,NA,"",""
"1553","NB","08","NB08","Gagetown 18",4,"NB08-04",NA,NA,"REG",2021,6,23,1,"NB08-04-01-REG","7:45",9.5,13,0,"3","WSW","0","Y","EAKI","Eastern Kingbird",NA,NA,NA,NA,NA,NA,NA,NA,NA,NA,NA,NA,NA,NA,NA,"NB08-04-01-REG-EAKI",1,1,0,1,"OF",NA,NA,"",""
"1554","NB","08","NB08","Gagetown 18",4,"NB08-04",NA,NA,"REG",2021,6,23,1,"NB08-04-01-REG","7:45",9.5,13,0,"3","WSW","0","Y","YEWA","Northern Yellow Warbler",NA,NA,NA,NA,NA,NA,NA,NA,NA,NA,NA,NA,NA,NA,NA,"NB08-04-01-REG-YEWA",0,4,0,4,"OF",NA,NA,"",""
"1555","NB","08","NB08","Gagetown 18",4,"NB08-04",NA,NA,"REG",2021,6,23,1,"NB08-04-01-REG","7:45",9.5,13,0,"3","WSW","0","Y","COGR","Common Grackle",NA,NA,NA,NA,NA,NA,NA,NA,NA,NA,NA,NA,NA,NA,NA,"NB08-04-01-REG-COGR",0,1,0,1,"OF",NA,NA,"",""
"1556","NB","08","NB08","Gagetown 18",4,"NB08-04",NA,NA,"REG",2021,6,23,1,"NB08-04-01-REG","7:45",9.5,13,0,"3","WSW","0","Y","NOFL","Northern Flicker",NA,NA,NA,NA,NA,NA,NA,NA,NA,NA,NA,NA,NA,NA,NA,"NB08-04-01-REG-NOFL",0,0,1,1,"OF",NA,NA,"",""
"1557","NB","08","NB08","Gagetown 18",4,"NB08-04",NA,NA,"REG",2021,7,8,2,"NB08-04-02-REG","6:46",1,11,0,"1","NW","0","N","BAOR","Baltimore Oriole",NA,NA,NA,NA,NA,NA,NA,NA,NA,NA,NA,NA,NA,NA,NA,"NB08-04-02-REG-BAOR",1,0,0,1,"OF",NA,NA,"",""
"1558","NB","08","NB08","Gagetown 18",4,"NB08-04",NA,NA,"REG",2021,7,8,2,"NB08-04-02-REG","6:46",1,11,0,"1","NW","0","N","COGR","Common Grackle",NA,NA,NA,NA,NA,NA,NA,NA,NA,NA,NA,NA,NA,NA,NA,"NB08-04-02-REG-COGR",1,0,1,1,"AF",NA,NA,"",""
"1559","NB","08","NB08","Gagetown 18",4,"NB08-04",NA,NA,"REG",2021,7,8,2,"NB08-04-02-REG","6:46",1,11,0,"1","NW","0","N","YEWA","Northern Yellow Warbler",NA,NA,NA,NA,NA,NA,NA,NA,NA,NA,NA,NA,NA,NA,NA,"NB08-04-02-REG-YEWA",0,1,0,1,"AF",NA,NA,"",""
"1560","NB","08","NB08","Gagetown 18",4,"NB08-04",NA,NA,"REG",2021,7,8,2,"NB08-04-02-REG","6:46",1,11,0,"1","NW","0","N","EAKI","Eastern Kingbird",NA,NA,NA,NA,NA,NA,NA,NA,NA,NA,NA,NA,NA,NA,NA,"NB08-04-02-REG-EAKI",0,0,1,1,"AF",NA,NA,"",""
"1561","NB","09","NB09","Gagetown 48",1,"NB09-01",NA,NA,"REG",2021,6,18,1,"NB09-01-01-REG","5:39",0,8,0,"0","SW","0","Y","RWBL","Red-winged Blackbird",NA,NA,NA,NA,NA,NA,NA,NA,NA,NA,NA,NA,NA,NA,NA,"NB09-01-01-REG-RWBL",1,0,1,1,"OF",NA,NA,"",""
"1562","NB","09","NB09","Gagetown 48",1,"NB09-01",NA,NA,"REG",2021,6,18,1,"NB09-01-01-REG","5:39",0,8,0,"0","SW","0","Y","COGR","Common Grackle",NA,NA,NA,NA,NA,NA,NA,NA,NA,NA,NA,NA,NA,NA,NA,"NB09-01-01-REG-COGR",3,0,0,3,"OF",NA,NA,"",""
"1563","NB","09","NB09","Gagetown 48",1,"NB09-01",NA,NA,"REG",2021,6,18,1,"NB09-01-01-REG","5:39",0,8,0,"0","SW","0","Y","TRES","Tree Swallow",NA,NA,NA,NA,NA,NA,NA,NA,NA,NA,NA,NA,NA,NA,NA,"NB09-01-01-REG-TRES",0,3,2,3,"AF",NA,NA,"","Written as TRSW, assumed to be TRES"
"1564","NB","09","NB09","Gagetown 48",1,"NB09-01",NA,NA,"REW",2021,7,7,2,"NB09-01-02-REW","6:00",6,21.9,0,"1","SSW","0","N","RWBL","Red-winged Blackbird",NA,NA,NA,NA,NA,NA,NA,NA,NA,NA,NA,NA,NA,NA,NA,"NB09-01-02-REW-RWBL",4,1,0,4,"OF",NA,NA,"",""
"1565","NB","09","NB09","Gagetown 48",1,"NB09-01",NA,NA,"REW",2021,7,7,2,"NB09-01-02-REW","6:00",6,21.9,0,"1","SSW","0","N","CEDW","Cedar Waxwing",NA,NA,NA,NA,NA,NA,NA,NA,NA,NA,NA,NA,NA,NA,NA,"NB09-01-02-REW-CEDW",1,0,0,1,"OF",NA,NA,"",""
"1566","NB","09","NB09","Gagetown 48",1,"NB09-01",NA,NA,"REW",2021,7,7,2,"NB09-01-02-REW","6:00",6,21.9,0,"1","SSW","0","N","TRES","Tree Swallow",NA,NA,NA,NA,NA,NA,NA,NA,NA,NA,NA,NA,NA,NA,NA,"NB09-01-02-REW-TRES",2,1,0,2,"OF",NA,NA,"",""
"1567","NB","09","NB09","Gagetown 48",1,"NB09-01",NA,NA,"REW",2021,7,7,2,"NB09-01-02-REW","6:00",6,21.9,0,"1","SSW","0","N","EAKI","Eastern Kingbird",NA,NA,NA,NA,NA,NA,NA,NA,NA,NA,NA,NA,NA,NA,NA,"NB09-01-02-REW-EAKI",0,1,3,3,"OF",NA,NA,"",""
"1568","NB","09","NB09","Gagetown 48",1,"NB09-01",NA,NA,"REW",2021,7,7,2,"NB09-01-02-REW","6:00",6,21.9,0,"1","SSW","0","N","NOFL","Northern Flicker",NA,NA,NA,NA,NA,NA,NA,NA,NA,NA,NA,NA,NA,NA,NA,"NB09-01-02-REW-NOFL",0,0,2,2,"",NA,NA,"",""
"1569","NB","09","NB09","Gagetown 48",1,"NB09-01",NA,NA,"REW",2021,7,7,2,"NB09-01-02-REW","6:00",6,21.9,0,"1","SSW","0","N","RNDU","Ring-necked Duck",NA,NA,NA,NA,NA,NA,NA,NA,NA,NA,NA,NA,NA,NA,NA,"NB09-01-02-REW-RNDU",2,0,1,2,"AF",NA,NA,"","2"
"1570","NB","09","NB09","Gagetown 48",2,"NB09-02",NA,NA,"REG",2021,6,17,1,"NB09-02-01-REG","9:00",0,14,0,"3","SW","0","Y","TRES","Tree Swallow",NA,NA,NA,NA,NA,NA,NA,NA,NA,NA,NA,NA,NA,NA,NA,"NB09-02-01-REG-TRES",2,0,1,2,"AF",NA,NA,"","2"
"1571","NB","09","NB09","Gagetown 48",2,"NB09-02",NA,NA,"REG",2021,6,17,1,"NB09-02-01-REG","9:00",0,14,0,"3","SW","0","Y","ABDU","American Black Duck",NA,NA,NA,NA,NA,NA,NA,NA,NA,NA,NA,NA,NA,NA,NA,"NB09-02-01-REG-ABDU",2,0,0,2,"OF",NA,NA,"","2 adults"
"1572","NB","09","NB09","Gagetown 48",2,"NB09-02",NA,NA,"REG",2021,6,17,1,"NB09-02-01-REG","9:00",0,14,0,"3","SW","0","Y","CEDW","Cedar Waxwing",NA,NA,NA,NA,NA,NA,NA,NA,NA,NA,NA,NA,NA,NA,NA,"NB09-02-01-REG-CEDW",0,0,3,3,"OF",NA,NA,"",""
"1573","NB","09","NB09","Gagetown 48",2,"NB09-02",NA,NA,"REG",2021,6,17,1,"NB09-02-01-REG","9:00",0,14,0,"3","SW","0","Y","RWBL","Red-winged Blackbird",NA,NA,NA,NA,NA,NA,NA,NA,NA,NA,NA,NA,NA,NA,NA,"NB09-02-01-REG-RWBL",0,0,1,1,"OF",NA,NA,"",""
"1574","NB","09","NB09","Gagetown 48",2,"NB09-02",NA,NA,"REG",2021,6,17,1,"NB09-02-01-REG","9:00",0,14,0,"3","SW","0","Y","RNDU","Ring-necked Duck",NA,NA,NA,NA,NA,NA,NA,NA,NA,NA,NA,NA,NA,NA,NA,"NB09-02-01-REG-RNDU",0,0,1,1,"OF",1,NA,"",""
"1575","NB","09","NB09","Gagetown 48",2,"NB09-02",NA,NA,"DRG",2021,7,7,2,"NB09-02-02-DRG","6:45",5,20.3,0,"0",NA,"0","N","RWBL","Red-winged Blackbird",NA,NA,NA,NA,NA,NA,NA,NA,NA,NA,NA,NA,NA,NA,NA,"NB09-02-02-DRG-RWBL",2,1,0,2,"OF",NA,NA,"",""
"1576","NB","09","NB09","Gagetown 48",2,"NB09-02",NA,NA,"DRG",2021,7,7,2,"NB09-02-02-DRG","6:45",5,20.3,0,"0",NA,"0","N","COGR","Common Grackle",NA,NA,NA,NA,NA,NA,NA,NA,NA,NA,NA,NA,NA,NA,NA,"NB09-02-02-DRG-COGR",1,0,7,7,"",NA,NA,"",""
"1577","NB","09","NB09","Gagetown 48",2,"NB09-02",NA,NA,"DRG",2021,7,7,2,"NB09-02-02-DRG","6:45",5,20.3,0,"0",NA,"0","N","TRES","Tree Swallow",NA,NA,NA,NA,NA,NA,NA,NA,NA,NA,NA,NA,NA,NA,NA,"NB09-02-02-DRG-TRES",3,3,0,3,"",NA,NA,"",""
"1578","NB","09","NB09","Gagetown 48",2,"NB09-02",NA,NA,"DRG",2021,7,7,2,"NB09-02-02-DRG","6:45",5,20.3,0,"0",NA,"0","N","COYE","Common Yellowthroat",NA,NA,NA,NA,NA,NA,NA,NA,NA,NA,NA,NA,NA,NA,NA,"NB09-02-02-DRG-COYE",2,0,0,2,"",NA,NA,"",""
"1579","NB","09","NB09","Gagetown 48",2,"NB09-02",NA,NA,"DRG",2021,7,7,2,"NB09-02-02-DRG","6:45",5,20.3,0,"0",NA,"0","N","MALL","Mallard",NA,NA,NA,NA,NA,NA,NA,NA,NA,NA,NA,NA,NA,NA,NA,"NB09-02-02-DRG-MALL",0,0,5,5,"",NA,1,"4",""
"1580","NB","09","NB09","Gagetown 48",3,"NB09-03",NA,NA,"REG",2021,6,17,1,"NB09-03-01-REG","8:06",0,11,0,"3","SW","0","N","CEDW","Cedar Waxwing",NA,NA,NA,NA,NA,NA,NA,NA,NA,NA,NA,NA,NA,NA,NA,"NB09-03-01-REG-CEDW",0,2,0,2,"OF",NA,NA,"","2 adults"
"1581","NB","09","NB09","Gagetown 48",3,"NB09-03",NA,NA,"REG",2021,6,17,1,"NB09-03-01-REG","8:06",0,11,0,"3","SW","0","N","COGR","Common Grackle",NA,NA,NA,NA,NA,NA,NA,NA,NA,NA,NA,NA,NA,NA,NA,"NB09-03-01-REG-COGR",0,1,0,1,"OF",NA,NA,"","1 adult (1F)"
"1582","NB","09","NB09","Gagetown 48",3,"NB09-03",NA,NA,"REG",2021,6,17,1,"NB09-03-01-REG","8:06",0,11,0,"3","SW","0","N","PUFI","Purple Finch",NA,NA,NA,NA,NA,NA,NA,NA,NA,NA,NA,NA,NA,NA,NA,"NB09-03-01-REG-PUFI",0,0,1,1,"OF",NA,NA,"",""
"1583","NB","09","NB09","Gagetown 48",3,"NB09-03",NA,NA,"REG",2021,6,17,1,"NB09-03-01-REG","8:06",0,11,0,"3","SW","0","N","COYE","Common Yellowthroat",NA,NA,NA,NA,NA,NA,NA,NA,NA,NA,NA,NA,NA,NA,NA,"NB09-03-01-REG-COYE",0,0,1,1,"OF",NA,NA,"","1 adult (treetop)"
"1584","NB","09","NB09","Gagetown 48",3,"NB09-03",NA,NA,"REW",2021,7,7,2,"NB09-03-02-REW","7:54",3,18,0,"2","E","0","Y","CANG","Canada Goose",NA,NA,NA,NA,NA,NA,NA,NA,NA,NA,NA,NA,NA,NA,NA,"NB09-03-02-REW-CANG",1,0,0,1,"",NA,NA,"","written as CAGE, assumed CANG"
"1585","NB","10","NB10","Gagetown 51",1,"NB10-01",NA,NA,"REG",2021,6,17,1,"NB10-01-01-REG","6:39",0,9,0,"2","SSW","0","N","BLJA","Blue Jay",NA,NA,NA,NA,NA,NA,NA,NA,NA,NA,NA,NA,NA,NA,NA,"NB10-01-01-REG-BLJA",1,0,0,1,"OF",NA,NA,"",""
"1586","NB","10","NB10","Gagetown 51",1,"NB10-01",NA,NA,"REG",2021,6,17,1,"NB10-01-01-REG","6:39",0,9,0,"2","SSW","0","N","TRES","Tree Swallow",NA,NA,NA,NA,NA,NA,NA,NA,NA,NA,NA,NA,NA,NA,NA,"NB10-01-01-REG-TRES",1,0,0,1,"AF",NA,NA,"",""
"1587","NB","10","NB10","Gagetown 51",1,"NB10-01",NA,NA,"REG",2021,6,17,1,"NB10-01-01-REG","6:39",0,9,0,"2","SSW","0","N","EAKI","Eastern Kingbird",NA,NA,NA,NA,NA,NA,NA,NA,NA,NA,NA,NA,NA,NA,NA,"NB10-01-01-REG-EAKI",0,3,0,3,"AF",NA,NA,"","3 adults"
"1588","NB","10","NB10","Gagetown 51",1,"NB10-01",NA,NA,"REG",2021,6,17,1,"NB10-01-01-REG","6:39",0,9,0,"2","SSW","0","N","RNDU","Ring-necked Duck",NA,NA,NA,NA,NA,NA,NA,NA,NA,NA,NA,NA,NA,NA,NA,"NB10-01-01-REG-RNDU",0,0,2,2,"",1,1,"",""
"1589","NB","10","NB10","Gagetown 51",1,"NB10-01",NA,NA,"TAS",2021,7,6,2,"NB10-01-02-TAS","8:46",10,14,1,"3","N","0","N","RWBL","Red-winged Blackbird",NA,NA,NA,NA,NA,NA,NA,NA,NA,NA,NA,NA,NA,NA,NA,"NB10-01-02-TAS-RWBL",1,2,0,2,"OF, AF",NA,NA,"",""
"1590","NB","10","NB10","Gagetown 51",1,"NB10-01",NA,NA,"TAS",2021,7,6,2,"NB10-01-02-TAS","8:46",10,14,1,"3","N","0","N","EAKI","Eastern Kingbird",NA,NA,NA,NA,NA,NA,NA,NA,NA,NA,NA,NA,NA,NA,NA,"NB10-01-02-TAS-EAKI",0,0,1,1,"OF",NA,NA,"",""
"1591","NB","10","NB10","Gagetown 51",1,"NB10-01",NA,NA,"TAS",2021,7,6,2,"NB10-01-02-TAS","8:46",10,14,1,"3","N","0","N","COGR","Common Grackle",NA,NA,NA,NA,NA,NA,NA,NA,NA,NA,NA,NA,NA,NA,NA,"NB10-01-02-TAS-COGR",1,0,7,7,"OF",NA,NA,"",""
"1592","NB","10","NB10","Gagetown 51",2,"NB10-02",NA,NA,"TAS",2021,7,6,2,"NB10-02-02-TAS","7:50",10,14,1,"1","N","0","N","RWBL","Red-winged Blackbird",NA,NA,NA,NA,NA,NA,NA,NA,NA,NA,NA,NA,NA,NA,NA,"NB10-02-02-TAS-RWBL",0,1,0,1,"OF",NA,NA,"","note says all were OF"
"1593","NB","10","NB10","Gagetown 51",3,"NB10-03",NA,NA,"DRG",2021,7,6,2,"NB10-03-02-DRG","7:06",10,16,1,"1","N","0","N","CEDW","Cedar Waxwing",NA,NA,NA,NA,NA,NA,NA,NA,NA,NA,NA,NA,NA,NA,NA,"NB10-03-02-DRG-CEDW",2,0,0,2,"OF",NA,NA,"",""
"1594","NB","10","NB10","Gagetown 51",3,"NB10-03",NA,NA,"DRG",2021,7,6,2,"NB10-03-02-DRG","7:06",10,16,1,"1","N","0","N","COGR","Common Grackle",NA,NA,NA,NA,NA,NA,NA,NA,NA,NA,NA,NA,NA,NA,NA,"NB10-03-02-DRG-COGR",1,0,0,1,"OF",NA,NA,"",""
"1595","NB","10","NB10","Gagetown 51",3,"NB10-03",NA,NA,"DRG",2021,7,6,2,"NB10-03-02-DRG","7:06",10,16,1,"1","N","0","N","TRES","Tree Swallow",NA,NA,NA,NA,NA,NA,NA,NA,NA,NA,NA,NA,NA,NA,NA,"NB10-03-02-DRG-TRES",0,2,0,2,"AF",NA,NA,"",""
"1596","NB","10","NB10","Gagetown 51",4,"NB10-04",NA,NA,"HOS",2021,6,14,1,"NB10-04-01-HOS","9:18",1,17,0,"3","SSE","0","N","RWBL","Red-winged Blackbird",NA,NA,NA,NA,NA,NA,NA,NA,NA,NA,NA,NA,NA,NA,NA,"NB10-04-01-HOS-RWBL",3,0,1,3,"OF",NA,NA,"",""
"1597","NB","10","NB10","Gagetown 51",4,"NB10-04",NA,NA,"HOS",2021,6,14,1,"NB10-04-01-HOS","9:18",1,17,0,"3","SSE","0","N","COGR","Common Grackle",NA,NA,NA,NA,NA,NA,NA,NA,NA,NA,NA,NA,NA,NA,NA,"NB10-04-01-HOS-COGR",0,1,0,1,"OF",NA,NA,"",""
"1598","NB","10","NB10","Gagetown 51",4,"NB10-04",NA,NA,"HOS",2021,6,14,1,"NB10-04-01-HOS","9:18",1,17,0,"3","SSE","0","N","RNDU","Ring-necked Duck",NA,NA,NA,NA,NA,NA,NA,NA,NA,NA,NA,NA,NA,NA,NA,"NB10-04-01-HOS-RNDU",0,1,0,1,"OF",NA,NA,"",""
"1599","NB","10","NB10","Gagetown 51",4,"NB10-04",NA,NA,"HOS",2021,6,14,1,"NB10-04-01-HOS","9:18",1,17,0,"3","SSE","0","N","TRES","Tree Swallow",NA,NA,NA,NA,NA,NA,NA,NA,NA,NA,NA,NA,NA,NA,NA,"NB10-04-01-HOS-TRES",0,0,1,1,"AF",NA,NA,"","written as TRSW"
"1600","NB","10","NB10","Gagetown 51",4,"NB10-04",NA,NA,"HOS",2021,6,14,1,"NB10-04-01-HOS","9:18",1,17,0,"3","SSE","0","N","YEWA","Northern Yellow Warbler",NA,NA,NA,NA,NA,NA,NA,NA,NA,NA,NA,NA,NA,NA,NA,"NB10-04-01-HOS-YEWA",0,0,1,1,"AF",NA,NA,"","Written as YLWA"
"1601","NB","10","NB10","Gagetown 51",4,"NB10-04",NA,NA,"DRG",2021,7,6,2,"NB10-04-02-DRG","6:00",10,14.6,1,"1","N","0","N","RWBL","Red-winged Blackbird",NA,NA,NA,NA,NA,NA,NA,NA,NA,NA,NA,NA,NA,NA,NA,"NB10-04-02-DRG-RWBL",4,0,6,6,"OF",NA,NA,"",""
"1602","NB","10","NB10","Gagetown 51",4,"NB10-04",NA,NA,"DRG",2021,7,6,2,"NB10-04-02-DRG","6:00",10,14.6,1,"1","N","0","N","TRES","Tree Swallow",NA,NA,NA,NA,NA,NA,NA,NA,NA,NA,NA,NA,NA,NA,NA,"NB10-04-02-DRG-TRES",0,4,1,4,"AF",NA,NA,"",""
"1603","NB","10","NB10","Gagetown 51",4,"NB10-04",NA,NA,"DRG",2021,7,6,2,"NB10-04-02-DRG","6:00",10,14.6,1,"1","N","0","N","MALL","Mallard",NA,NA,NA,NA,NA,NA,NA,NA,NA,NA,NA,NA,NA,NA,NA,"NB10-04-02-DRG-MALL",0,0,1,1,"",NA,1,"",""
"1604","NB","10","NB10","Gagetown 51",5,"NB10-05",NA,NA,"DRG",2021,6,14,1,"NB10-05-01-DRG","5:51",4,11,0,"0","S","0","N","RWBL","Red-winged Blackbird",NA,NA,NA,NA,NA,NA,NA,NA,NA,NA,NA,NA,NA,NA,NA,"NB10-05-01-DRG-RWBL",2,3,6,6,"OF",NA,NA,"",""
"1605","NB","10","NB10","Gagetown 51",5,"NB10-05",NA,NA,"DRG",2021,6,14,1,"NB10-05-01-DRG","5:51",4,11,0,"0","S","0","N","TRES","Tree Swallow",NA,NA,NA,NA,NA,NA,NA,NA,NA,NA,NA,NA,NA,NA,NA,"NB10-05-01-DRG-TRES",5,0,5,5,"AF",NA,NA,"",""
"1606","NB","10","NB10","Gagetown 51",5,"NB10-05",NA,NA,"DRG",2021,6,14,1,"NB10-05-01-DRG","5:51",4,11,0,"0","S","0","N","COGR","Common Grackle",NA,NA,NA,NA,NA,NA,NA,NA,NA,NA,NA,NA,NA,NA,NA,"NB10-05-01-DRG-COGR",2,2,0,2,"",NA,NA,"",""
"1607","NB","10","NB10","Gagetown 51",5,"NB10-05",NA,NA,"DRG",2021,6,14,1,"NB10-05-01-DRG","5:51",4,11,0,"0","S","0","N","MALL","Mallard",NA,NA,NA,NA,NA,NA,NA,NA,NA,NA,NA,NA,NA,NA,NA,"NB10-05-01-DRG-MALL",0,2,2,2,"OF",NA,NA,"",""
"1608","NB","10","NB10","Gagetown 51",5,"NB10-05",NA,NA,"DRG",2021,6,14,1,"NB10-05-01-DRG","5:51",4,11,0,"0","S","0","N","CANG","Canada Goose",NA,NA,NA,NA,NA,NA,NA,NA,NA,NA,NA,NA,NA,NA,NA,"NB10-05-01-DRG-CANG",0,0,9,9,"",NA,NA,"","4 adults, 5 ducklings"
"1609","NB","10","NB10","Gagetown 51",5,"NB10-05",NA,NA,"DRG",2021,6,14,1,"NB10-05-01-DRG","5:51",4,11,0,"0","S","0","N","BWTE","Blue-winged Teal",NA,NA,NA,NA,NA,NA,NA,NA,NA,NA,NA,NA,NA,NA,NA,"NB10-05-01-DRG-BWTE",0,0,1,1,"OF",NA,NA,"",""
"1610","NB","10","NB10","Gagetown 51",5,"NB10-05",NA,NA,"JES",2021,7,6,2,"NB10-05-02-JES","5:55",NA,13,1,"2","N","0","Y","TRES","Tree Swallow",NA,NA,NA,NA,NA,NA,NA,NA,NA,NA,NA,NA,NA,NA,NA,"NB10-05-02-JES-TRES",1,0,0,1,"OF",NA,NA,"","8x + 2x"
"1611","NB","10","NB10","Gagetown 51",5,"NB10-05",NA,NA,"JES",2021,7,6,2,"NB10-05-02-JES","5:55",NA,13,1,"2","N","0","Y","RNDU","Ring-necked Duck",NA,NA,NA,NA,NA,NA,NA,NA,NA,NA,NA,NA,NA,NA,NA,"NB10-05-02-JES-RNDU",1,0,1,1,"OF",NA,NA,"","2x"
"1612","NB","10","NB10","Gagetown 51",5,"NB10-05",NA,NA,"JES",2021,7,6,2,"NB10-05-02-JES","5:55",NA,13,1,"2","N","0","Y","EAKI","Eastern Kingbird",NA,NA,NA,NA,NA,NA,NA,NA,NA,NA,NA,NA,NA,NA,NA,"NB10-05-02-JES-EAKI",1,0,0,1,"",NA,NA,"",""
"1613","NB","10","NB10","Gagetown 51",5,"NB10-05",NA,NA,"JES",2021,7,6,2,"NB10-05-02-JES","5:55",NA,13,1,"2","N","0","Y","RWBL","Red-winged Blackbird",NA,NA,NA,NA,NA,NA,NA,NA,NA,NA,NA,NA,NA,NA,NA,"NB10-05-02-JES-RWBL",0,1,0,1,"",NA,NA,"",""
"1614","NB","10","NB10","Gagetown 51",5,"NB10-05",NA,NA,"JES",2021,7,6,2,"NB10-05-02-JES","5:55",NA,13,1,"2","N","0","Y","CHSP","Chipping Sparrow",NA,NA,NA,NA,NA,NA,NA,NA,NA,NA,NA,NA,NA,NA,NA,"NB10-05-02-JES-CHSP",0,1,0,1,"",NA,NA,"",""
"1615","NB","10","NB10","Gagetown 51",5,"NB10-05",NA,NA,"JES",2021,7,6,2,"NB10-05-02-JES","5:55",NA,13,1,"2","N","0","Y","SWSP","Swamp Sparrow",NA,NA,NA,NA,NA,NA,NA,NA,NA,NA,NA,NA,NA,NA,NA,"NB10-05-02-JES-SWSP",0,0,1,1,"",NA,NA,"",""
"1616","NB","10","NB10","Gagetown 51",6,"NB10-06",NA,NA,"DRG",2021,6,14,1,"NB10-06-01-DRG","6:28",5,11,0,"1","S","0","Y","COGR","Common Grackle",NA,NA,NA,NA,NA,NA,NA,NA,NA,NA,NA,NA,NA,NA,NA,"NB10-06-01-DRG-COGR",1,1,2,2,"OF",NA,NA,"",""
"1617","NB","10","NB10","Gagetown 51",6,"NB10-06",NA,NA,"DRG",2021,6,14,1,"NB10-06-01-DRG","6:28",5,11,0,"1","S","0","Y","MALL","Mallard",NA,NA,NA,NA,NA,NA,NA,NA,NA,NA,NA,NA,NA,NA,NA,"NB10-06-01-DRG-MALL",1,0,1,1,"OF",NA,NA,"",""
"1618","NB","10","NB10","Gagetown 51",6,"NB10-06",NA,NA,"DRG",2021,6,14,1,"NB10-06-01-DRG","6:28",5,11,0,"1","S","0","Y","RWBL","Red-winged Blackbird",NA,NA,NA,NA,NA,NA,NA,NA,NA,NA,NA,NA,NA,NA,NA,"NB10-06-01-DRG-RWBL",0,1,0,1,"OF",NA,NA,"",""
"1619","NB","10","NB10","Gagetown 51",6,"NB10-06",NA,NA,"DRG",2021,6,14,1,"NB10-06-01-DRG","6:28",5,11,0,"1","S","0","Y","YEWA","Northern Yellow Warbler",NA,NA,NA,NA,NA,NA,NA,NA,NA,NA,NA,NA,NA,NA,NA,"NB10-06-01-DRG-YEWA",0,1,0,1,"OF",NA,NA,"",""
"1620","NB","10","NB10","Gagetown 51",6,"NB10-06",NA,NA,"DRG",2021,6,14,1,"NB10-06-01-DRG","6:28",5,11,0,"1","S","0","Y","TRES","Tree Swallow",NA,NA,NA,NA,NA,NA,NA,NA,NA,NA,NA,NA,NA,NA,NA,"NB10-06-01-DRG-TRES",1,1,1,1,"AF",NA,NA,"",""
"1621","NB","10","NB10","Gagetown 51",6,"NB10-06",NA,NA,"DRG",2021,6,14,1,"NB10-06-01-DRG","6:28",5,11,0,"1","S","0","Y","RNDU","Ring-necked Duck",NA,NA,NA,NA,NA,NA,NA,NA,NA,NA,NA,NA,NA,NA,NA,"NB10-06-01-DRG-RNDU",0,1,1,1,"OF",NA,NA,"",""
"1622","NB","10","NB10","Gagetown 51",6,"NB10-06",NA,NA,"DRG",2021,6,14,1,"NB10-06-01-DRG","6:28",5,11,0,"1","S","0","Y","REVI","Red-eyed Vireo",NA,NA,NA,NA,NA,NA,NA,NA,NA,NA,NA,NA,NA,NA,NA,"NB10-06-01-DRG-REVI",0,0,0,0,"",NA,NA,"","Did not indicate when observed"
"1623","NB","10","NB10","Gagetown 51",6,"NB10-06",NA,NA,"JES",2021,7,6,2,"NB10-06-02-JES","6:25",NA,15,0,"2","N","0","Y","RNDU","Ring-necked Duck",NA,NA,NA,NA,NA,NA,NA,NA,NA,NA,NA,NA,NA,NA,NA,"NB10-06-02-JES-RNDU",1,0,0,1,"",NA,NA,"","2x"
"1624","NB","10","NB10","Gagetown 51",6,"NB10-06",NA,NA,"JES",2021,7,6,2,"NB10-06-02-JES","6:25",NA,15,0,"2","N","0","Y","NOHA","Northern Harrier",NA,NA,NA,NA,NA,NA,NA,NA,NA,NA,NA,NA,NA,NA,NA,"NB10-06-02-JES-NOHA",1,0,0,1,"OF",NA,NA,"",""
"1625","NB","10","NB10","Gagetown 51",6,"NB10-06",NA,NA,"JES",2021,7,6,2,"NB10-06-02-JES","6:25",NA,15,0,"2","N","0","Y","TRES","Tree Swallow",NA,NA,NA,NA,NA,NA,NA,NA,NA,NA,NA,NA,NA,NA,NA,"NB10-06-02-JES-TRES",1,1,0,1,"",NA,NA,"","2x + 1x"
"1626","NB","10","NB10","Gagetown 51",7,"NB10-07",NA,NA,"DRG",2021,6,14,1,"NB10-07-01-DRG","7:47",3,11,0,"2","S","0","Y","COGR","Common Grackle",NA,NA,NA,NA,NA,NA,NA,NA,NA,NA,NA,NA,NA,NA,NA,"NB10-07-01-DRG-COGR",1,0,0,1,"OF",NA,NA,"",""
"1627","NB","10","NB10","Gagetown 51",7,"NB10-07",NA,NA,"DRG",2021,6,14,1,"NB10-07-01-DRG","7:47",3,11,0,"2","S","0","Y","TRES","Tree Swallow",NA,NA,NA,NA,NA,NA,NA,NA,NA,NA,NA,NA,NA,NA,NA,"NB10-07-01-DRG-TRES",1,1,4,4,"AF",NA,NA,"",""
"1628","NB","10","NB10","Gagetown 51",7,"NB10-07",NA,NA,"DRG",2021,6,14,1,"NB10-07-01-DRG","7:47",3,11,0,"2","S","0","Y","RWBL","Red-winged Blackbird",NA,NA,NA,NA,NA,NA,NA,NA,NA,NA,NA,NA,NA,NA,NA,"NB10-07-01-DRG-RWBL",0,0,1,1,"OF",NA,NA,"",""
"1629","NB","10","NB10","Gagetown 51",7,"NB10-07",NA,NA,"JES",2021,7,6,2,"NB10-07-02-JES","8:00",10,16,1,"2","N","0","Y","EAKI","Eastern Kingbird",NA,NA,NA,NA,NA,NA,NA,NA,NA,NA,NA,NA,NA,NA,NA,"NB10-07-02-JES-EAKI",1,0,0,1,"",NA,NA,"",""
"1630","NB","10","NB10","Gagetown 51",7,"NB10-07",NA,NA,"JES",2021,7,6,2,"NB10-07-02-JES","8:00",10,16,1,"2","N","0","Y","COGR","Common Grackle",NA,NA,NA,NA,NA,NA,NA,NA,NA,NA,NA,NA,NA,NA,NA,"NB10-07-02-JES-COGR",1,1,0,1,"OF",NA,NA,"","2x"
"1631","NB","10","NB10","Gagetown 51",7,"NB10-07",NA,NA,"JES",2021,7,6,2,"NB10-07-02-JES","8:00",10,16,1,"2","N","0","Y","RWBL","Red-winged Blackbird",NA,NA,NA,NA,NA,NA,NA,NA,NA,NA,NA,NA,NA,NA,NA,"NB10-07-02-JES-RWBL",0,2,1,2,"OF",NA,NA,"",""
"1632","NB","10","NB10","Gagetown 51",7,"NB10-07",NA,NA,"JES",2021,7,6,2,"NB10-07-02-JES","8:00",10,16,1,"2","N","0","Y","REVI","Red-eyed Vireo",NA,NA,NA,NA,NA,NA,NA,NA,NA,NA,NA,NA,NA,NA,NA,"NB10-07-02-JES-REVI",0,0,1,1,"",NA,NA,"",""
"1633","NB","10","NB10","Gagetown 51",7,"NB10-07",NA,NA,"JES",2021,7,6,2,"NB10-07-02-JES","8:00",10,16,1,"2","N","0","Y","TRES","Tree Swallow",NA,NA,NA,NA,NA,NA,NA,NA,NA,NA,NA,NA,NA,NA,NA,"NB10-07-02-JES-TRES",0,0,1,1,"OF",NA,NA,"","2x"
"1634","NB","10","NB10","Gagetown 51",8,"NB10-08",NA,NA,"DRG",2021,6,14,1,"NB10-08-01-DRG","7:10",5,12,0,"2","S","0","N","COGR","Common Grackle",NA,NA,NA,NA,NA,NA,NA,NA,NA,NA,NA,NA,NA,NA,NA,"NB10-08-01-DRG-COGR",2,3,0,3,"OF",NA,NA,"",""
"1635","NB","10","NB10","Gagetown 51",8,"NB10-08",NA,NA,"JES",2021,7,6,2,"NB10-08-02-JES","7:30",NA,16,1,"2","N","0","Y","ABDU","American Black Duck",NA,NA,NA,NA,NA,NA,NA,NA,NA,NA,NA,NA,NA,NA,NA,"NB10-08-02-JES-ABDU",1,0,0,1,"OF",NA,NA,"",""
"1636","NB","10","NB10","Gagetown 51",8,"NB10-08",NA,NA,"JES",2021,7,6,2,"NB10-08-02-JES","7:30",NA,16,1,"2","N","0","Y","TRES","Tree Swallow",NA,NA,NA,NA,NA,NA,NA,NA,NA,NA,NA,NA,NA,NA,NA,"NB10-08-02-JES-TRES",0,2,0,2,"",NA,NA,"","#3"
"1637","NB","10","NB10","Gagetown 51",8,"NB10-08",NA,NA,"JES",2021,7,6,2,"NB10-08-02-JES","7:30",NA,16,1,"2","N","0","Y","MALL","Mallard",NA,NA,NA,NA,NA,NA,NA,NA,NA,NA,NA,NA,NA,NA,NA,"NB10-08-02-JES-MALL",1,0,0,1,"OF",NA,1,"","Landing"
"1638","NB","12","NB12","Gronegen Village",1,"NB12-01",NA,NA,"TAS",2021,6,18,1,"NB12-01-01-TAS","7:40",0,11,0,"1","SW","1","N","RWBL","Red-winged Blackbird",NA,NA,NA,NA,NA,NA,NA,NA,NA,NA,NA,NA,NA,NA,NA,"NB12-01-01-TAS-RWBL",5,0,0,5,"AF",NA,NA,"",""
"1639","NB","12","NB12","Gronegen Village",1,"NB12-01",NA,NA,"TAS",2021,6,18,1,"NB12-01-01-TAS","7:40",0,11,0,"1","SW","1","N","AMRO","American Robin",NA,NA,NA,NA,NA,NA,NA,NA,NA,NA,NA,NA,NA,NA,NA,"NB12-01-01-TAS-AMRO",2,0,0,2,"OF",NA,NA,"",""
"1640","NB","12","NB12","Gronegen Village",1,"NB12-01",NA,NA,"TAS",2021,6,18,1,"NB12-01-01-TAS","7:40",0,11,0,"1","SW","1","N","YEWA","Northern Yellow Warbler",NA,NA,NA,NA,NA,NA,NA,NA,NA,NA,NA,NA,NA,NA,NA,"NB12-01-01-TAS-YEWA",1,0,1,1,"AF",NA,NA,"",""
"1641","NB","12","NB12","Gronegen Village",1,"NB12-01",NA,NA,"TAS",2021,6,18,1,"NB12-01-01-TAS","7:40",0,11,0,"1","SW","1","N","TS??",NA,NA,NA,NA,NA,NA,NA,NA,NA,NA,NA,NA,NA,NA,NA,NA,"NB12-01-01-TAS-TS??",0,1,0,1,"AF",NA,NA,"",""
"1642","NB","12","NB12","Gronegen Village",1,"NB12-01",NA,NA,"TAS",2021,6,18,1,"NB12-01-01-TAS","7:40",0,11,0,"1","SW","1","N","WTSP","White-throated Sparrow",NA,NA,NA,NA,NA,NA,NA,NA,NA,NA,NA,NA,NA,NA,NA,"NB12-01-01-TAS-WTSP",0,0,1,1,"AF",NA,NA,"",""
"1643","NB","12","NB12","Gronegen Village",1,"NB12-01",NA,NA,"DRG",2021,7,8,2,"NB12-01-02-DRG","5:57",3,13.3,1,"0",NA,"0","Y","COYE","Common Yellowthroat",NA,NA,NA,NA,NA,NA,NA,NA,NA,NA,NA,NA,NA,NA,NA,"NB12-01-02-DRG-COYE",1,0,0,1,"",NA,NA,"","written as COYT, assumed to be COYE"
"1644","NB","12","NB12","Gronegen Village",1,"NB12-01",NA,NA,"DRG",2021,7,8,2,"NB12-01-02-DRG","5:57",3,13.3,1,"0",NA,"0","Y","RWBL","Red-winged Blackbird",NA,NA,NA,NA,NA,NA,NA,NA,NA,NA,NA,NA,NA,NA,NA,"NB12-01-02-DRG-RWBL",4,4,0,4,"OF",NA,NA,"","perching"
"1645","NB","12","NB12","Gronegen Village",1,"NB12-01",NA,NA,"DRG",2021,7,8,2,"NB12-01-02-DRG","5:57",3,13.3,1,"0",NA,"0","Y","COGR","Common Grackle",NA,NA,NA,NA,NA,NA,NA,NA,NA,NA,NA,NA,NA,NA,NA,"NB12-01-02-DRG-COGR",0,2,0,2,"",NA,NA,"",""
"1646","NB","12","NB12","Gronegen Village",1,"NB12-01",NA,NA,"DRG",2021,7,8,2,"NB12-01-02-DRG","5:57",3,13.3,1,"0",NA,"0","Y","TRES","Tree Swallow",NA,NA,NA,NA,NA,NA,NA,NA,NA,NA,NA,NA,NA,NA,NA,"NB12-01-02-DRG-TRES",0,0,3,3,"AF",NA,NA,"",""
"1647","NB","12","NB12","Gronegen Village",1,"NB12-01",NA,NA,"DRG",2021,7,8,2,"NB12-01-02-DRG","5:57",3,13.3,1,"0",NA,"0","Y","LEFL","Least Flycatcher",NA,NA,NA,NA,NA,NA,NA,NA,NA,NA,NA,NA,NA,NA,NA,"NB12-01-02-DRG-LEFL",0,0,1,1,"",NA,NA,"",""
"1648","NB","12","NB12","Gronegen Village",2,"NB12-02",NA,NA,"TAS",2021,6,18,1,"NB12-02-01-TAS","8:10",0,11,0,"1","SW","1","N","RWBL","Red-winged Blackbird",NA,NA,NA,NA,NA,NA,NA,NA,NA,NA,NA,NA,NA,NA,NA,"NB12-02-01-TAS-RWBL",4,2,0,4,"OF, AF",NA,NA,"",""
"1649","NB","12","NB12","Gronegen Village",2,"NB12-02",NA,NA,"TAS",2021,6,18,1,"NB12-02-01-TAS","8:10",0,11,0,"1","SW","1","N","CG",NA,NA,NA,NA,NA,NA,NA,NA,NA,NA,NA,NA,NA,NA,NA,NA,"NB12-02-01-TAS-CG",1,1,0,1,"AF",NA,NA,"","unknown species code"
"1650","NB","12","NB12","Gronegen Village",2,"NB12-02",NA,NA,"TAS",2021,6,18,1,"NB12-02-01-TAS","8:10",0,11,0,"1","SW","1","N","TS",NA,NA,NA,NA,NA,NA,NA,NA,NA,NA,NA,NA,NA,NA,NA,NA,"NB12-02-01-TAS-TS",4,1,0,4,"OF",NA,NA,"","unknown species code"
"1651","NB","12","NB12","Gronegen Village",2,"NB12-02",NA,NA,"TAS",2021,6,18,1,"NB12-02-01-TAS","8:10",0,11,0,"1","SW","1","N","EAKI","Eastern Kingbird",NA,NA,NA,NA,NA,NA,NA,NA,NA,NA,NA,NA,NA,NA,NA,"NB12-02-01-TAS-EAKI",0,1,0,1,"AF",NA,NA,"","written as EKB, assuming EAKI"
"1652","NB","12","NB12","Gronegen Village",2,"NB12-02",NA,NA,"DRG",2021,7,8,2,"NB12-02-02-DRG","6:37",2,14,1,"0",NA,"0","N","LEFL","Least Flycatcher",NA,NA,NA,NA,NA,NA,NA,NA,NA,NA,NA,NA,NA,NA,NA,"NB12-02-02-DRG-LEFL",1,0,0,1,"",NA,NA,"","perch"
"1653","NB","12","NB12","Gronegen Village",2,"NB12-02",NA,NA,"DRG",2021,7,8,2,"NB12-02-02-DRG","6:37",2,14,1,"0",NA,"0","N","SWSP","Swamp Sparrow",NA,NA,NA,NA,NA,NA,NA,NA,NA,NA,NA,NA,NA,NA,NA,"NB12-02-02-DRG-SWSP",0,0,1,1,"",NA,NA,"",""
"1654","NB","12","NB12","Gronegen Village",2,"NB12-02",NA,NA,"DRG",2021,7,8,2,"NB12-02-02-DRG","6:37",2,14,1,"0",NA,"0","N","RWBL","Red-winged Blackbird",NA,NA,NA,NA,NA,NA,NA,NA,NA,NA,NA,NA,NA,NA,NA,"NB12-02-02-DRG-RWBL",0,3,8,8,"",NA,NA,"",""
"1655","NB","12","NB12","Gronegen Village",2,"NB12-02",NA,NA,"DRG",2021,7,8,2,"NB12-02-02-DRG","6:37",2,14,1,"0",NA,"0","N","EAKI","Eastern Kingbird",NA,NA,NA,NA,NA,NA,NA,NA,NA,NA,NA,NA,NA,NA,NA,"NB12-02-02-DRG-EAKI",0,2,1,2,"",NA,NA,"",""
"1656","NB","12","NB12","Gronegen Village",3,"NB12-03",NA,NA,"TAS",2021,6,18,1,"NB12-03-01-TAS","9:10",0,20,0,"1","SW","1","N","RWBL","Red-winged Blackbird",NA,NA,NA,NA,NA,NA,NA,NA,NA,NA,NA,NA,NA,NA,NA,"NB12-03-01-TAS-RWBL",1,1,0,1,"AF",NA,NA,"",""
"1657","NB","12","NB12","Gronegen Village",3,"NB12-03",NA,NA,"TAS",2021,6,18,1,"NB12-03-01-TAS","9:10",0,20,0,"1","SW","1","N","COGR","Common Grackle",NA,NA,NA,NA,NA,NA,NA,NA,NA,NA,NA,NA,NA,NA,NA,"NB12-03-01-TAS-COGR",1,0,0,1,"OF",NA,NA,"",""
"1658","NB","12","NB12","Gronegen Village",3,"NB12-03",NA,NA,"TAS",2021,6,18,1,"NB12-03-01-TAS","9:10",0,20,0,"1","SW","1","N","ABDU","American Black Duck",NA,NA,NA,NA,NA,NA,NA,NA,NA,NA,NA,NA,NA,NA,NA,"NB12-03-01-TAS-ABDU",0,2,0,2,"OF",NA,NA,"","written as BLDU, assumed to be ABDU"
"1659","NB","12","NB12","Gronegen Village",3,"NB12-03",NA,NA,"TAS",2021,6,18,1,"NB12-03-01-TAS","9:10",0,20,0,"1","SW","1","N","YEWA","Northern Yellow Warbler",NA,NA,NA,NA,NA,NA,NA,NA,NA,NA,NA,NA,NA,NA,NA,"NB12-03-01-TAS-YEWA",0,0,1,1,"AF",NA,NA,"",""
"1660","NB","12","NB12","Gronegen Village",3,"NB12-03",NA,NA,"TAS",2021,6,18,1,"NB12-03-01-TAS","9:10",0,20,0,"1","SW","1","N","CHSP","Chipping Sparrow",NA,NA,NA,NA,NA,NA,NA,NA,NA,NA,NA,NA,NA,NA,NA,"NB12-03-01-TAS-CHSP",0,0,1,1,"AF",NA,NA,"",""
"1661","NB","12","NB12","Gronegen Village",3,"NB12-03",NA,NA,"DRG",2021,7,8,2,"NB12-03-02-DRG","7:27",1,NA,0,"0",NA,"0","N","RTHU","Ruby-throated Hummingbird",NA,NA,NA,NA,NA,NA,NA,NA,NA,NA,NA,NA,NA,NA,NA,"NB12-03-02-DRG-RTHU",1,0,0,1,"",NA,NA,"",""
"1662","NB","12","NB12","Gronegen Village",3,"NB12-03",NA,NA,"DRG",2021,7,8,2,"NB12-03-02-DRG","7:27",1,NA,0,"0",NA,"0","N","RWBL","Red-winged Blackbird",NA,NA,NA,NA,NA,NA,NA,NA,NA,NA,NA,NA,NA,NA,NA,"NB12-03-02-DRG-RWBL",8,0,0,8,"",NA,NA,"",""
"1663","NB","12","NB12","Gronegen Village",3,"NB12-03",NA,NA,"DRG",2021,7,8,2,"NB12-03-02-DRG","7:27",1,NA,0,"0",NA,"0","N","RNDU","Ring-necked Duck",NA,NA,NA,NA,NA,NA,NA,NA,NA,NA,NA,NA,NA,NA,NA,"NB12-03-02-DRG-RNDU",6,0,0,6,"",NA,1,"5",""
"1664","NB","12","NB12","Gronegen Village",3,"NB12-03",NA,NA,"DRG",2021,7,8,2,"NB12-03-02-DRG","7:27",1,NA,0,"0",NA,"0","N","TRES","Tree Swallow",NA,NA,NA,NA,NA,NA,NA,NA,NA,NA,NA,NA,NA,NA,NA,"NB12-03-02-DRG-TRES",2,2,0,2,"AF",NA,NA,"",""
"1665","NB","12","NB12","Gronegen Village",3,"NB12-03",NA,NA,"DRG",2021,7,8,2,"NB12-03-02-DRG","7:27",1,NA,0,"0",NA,"0","N","COME","Common Merganser",NA,NA,NA,NA,NA,NA,NA,NA,NA,NA,NA,NA,NA,NA,NA,"NB12-03-02-DRG-COME",0,2,0,2,"",NA,NA,"","small"
"1666","NB","12","NB12","Gronegen Village",3,"NB12-03",NA,NA,"DRG",2021,7,8,2,"NB12-03-02-DRG","7:27",1,NA,0,"0",NA,"0","N","SWSP","Swamp Sparrow",NA,NA,NA,NA,NA,NA,NA,NA,NA,NA,NA,NA,NA,NA,NA,"NB12-03-02-DRG-SWSP",0,2,2,2,"",NA,NA,"",""
"1667","NB","12","NB12","Gronegen Village",3,"NB12-03",NA,NA,"DRG",2021,7,8,2,"NB12-03-02-DRG","7:27",1,NA,0,"0",NA,"0","N","EAKI","Eastern Kingbird",NA,NA,NA,NA,NA,NA,NA,NA,NA,NA,NA,NA,NA,NA,NA,"NB12-03-02-DRG-EAKI",0,0,2,2,"",NA,NA,"",""
"1668","NB","12","NB12","Gronegen Village",3,"NB12-03",NA,NA,"DRG",2021,7,8,2,"NB12-03-02-DRG","7:27",1,NA,0,"0",NA,"0","N","CEDW","Cedar Waxwing",NA,NA,NA,NA,NA,NA,NA,NA,NA,NA,NA,NA,NA,NA,NA,"NB12-03-02-DRG-CEDW",0,0,1,1,"",NA,NA,"","perch; written as CEWA"
"1669","NB","12","NB12","Gronegen Village",4,"NB12-04",NA,NA,"HOS",2021,6,3,1,"NB12-04-01-HOS","8:36",10,15.1,0,"1","SSE","0","Y","RWBL","Red-winged Blackbird",NA,NA,NA,NA,NA,NA,NA,NA,NA,NA,NA,NA,NA,NA,NA,"NB12-04-01-HOS-RWBL",6,0,0,6,"OF, AF",NA,NA,"",""
"1670","NB","12","NB12","Gronegen Village",4,"NB12-04",NA,NA,"HOS",2021,6,3,1,"NB12-04-01-HOS","8:36",10,15.1,0,"1","SSE","0","Y","COGR","Common Grackle",NA,NA,NA,NA,NA,NA,NA,NA,NA,NA,NA,NA,NA,NA,NA,"NB12-04-01-HOS-COGR",1,0,0,1,"OF",NA,NA,"",""
"1671","NB","12","NB12","Gronegen Village",4,"NB12-04",NA,NA,"HOS",2021,6,3,1,"NB12-04-01-HOS","8:36",10,15.1,0,"1","SSE","0","Y","EAKI","Eastern Kingbird",NA,NA,NA,NA,NA,NA,NA,NA,NA,NA,NA,NA,NA,NA,NA,"NB12-04-01-HOS-EAKI",0,2,0,2,"AF",NA,NA,"",""
"1672","NB","12","NB12","Gronegen Village",4,"NB12-04",NA,NA,"TAS",2021,7,7,2,"NB12-04-02-TAS","6:50",8,19,0,"2","W","0","N","BARS","Barn Swallow",NA,NA,NA,NA,NA,NA,NA,NA,NA,NA,NA,NA,NA,NA,NA,"NB12-04-02-TAS-BARS",3,0,0,3,"AF",NA,NA,"",""
"1673","NB","12","NB12","Gronegen Village",4,"NB12-04",NA,NA,"TAS",2021,7,7,2,"NB12-04-02-TAS","6:50",8,19,0,"2","W","0","N","TRES","Tree Swallow",NA,NA,NA,NA,NA,NA,NA,NA,NA,NA,NA,NA,NA,NA,NA,"NB12-04-02-TAS-TRES",7,3,5,7,"AF",NA,NA,"",""
"1674","NB","12","NB12","Gronegen Village",4,"NB12-04",NA,NA,"TAS",2021,7,7,2,"NB12-04-02-TAS","6:50",8,19,0,"2","W","0","N","RWBL","Red-winged Blackbird",NA,NA,NA,NA,NA,NA,NA,NA,NA,NA,NA,NA,NA,NA,NA,"NB12-04-02-TAS-RWBL",2,0,2,2,"",NA,NA,"",""
"1675","NB","12","NB12","Gronegen Village",4,"NB12-04",NA,NA,"TAS",2021,7,7,2,"NB12-04-02-TAS","6:50",8,19,0,"2","W","0","N","CEDW","Cedar Waxwing",NA,NA,NA,NA,NA,NA,NA,NA,NA,NA,NA,NA,NA,NA,NA,"NB12-04-02-TAS-CEDW",2,0,0,2,"",NA,NA,"",""
"1676","NB","12","NB12","Gronegen Village",4,"NB12-04",NA,NA,"TAS",2021,7,7,2,"NB12-04-02-TAS","6:50",8,19,0,"2","W","0","N","EAKI","Eastern Kingbird",NA,NA,NA,NA,NA,NA,NA,NA,NA,NA,NA,NA,NA,NA,NA,"NB12-04-02-TAS-EAKI",0,2,0,2,"AF",NA,NA,"",""
"1677","NB","12","NB12","Gronegen Village",4,"NB12-04",NA,NA,"TAS",2021,7,7,2,"NB12-04-02-TAS","6:50",8,19,0,"2","W","0","N","ABDU","American Black Duck",NA,NA,NA,NA,NA,NA,NA,NA,NA,NA,NA,NA,NA,NA,NA,"NB12-04-02-TAS-ABDU",0,1,0,1,"AF",NA,NA,"","written as BLAD, assumed to be ABDU"
"1678","NB","12","NB12","Gronegen Village",5,"NB12-05",NA,NA,"HOS",2021,6,3,1,"NB12-05-01-HOS","6:40",5,15,0,"2","S","0","Y","TRES","Tree Swallow",NA,NA,NA,NA,NA,NA,NA,NA,NA,NA,NA,NA,NA,NA,NA,"NB12-05-01-HOS-TRES",1,0,0,1,"OF",NA,NA,"",""
"1679","NB","12","NB12","Gronegen Village",5,"NB12-05",NA,NA,"HOS",2021,6,3,1,"NB12-05-01-HOS","6:40",5,15,0,"2","S","0","Y","RNDU","Ring-necked Duck",NA,NA,NA,NA,NA,NA,NA,NA,NA,NA,NA,NA,NA,NA,NA,"NB12-05-01-HOS-RNDU",0,1,0,1,"OF",NA,NA,"",""
"1680","NB","12","NB12","Gronegen Village",5,"NB12-05",NA,NA,"HOS",2021,6,3,1,"NB12-05-01-HOS","6:40",5,15,0,"2","S","0","Y","RWBL","Red-winged Blackbird",NA,NA,NA,NA,NA,NA,NA,NA,NA,NA,NA,NA,NA,NA,NA,"NB12-05-01-HOS-RWBL",0,1,0,1,"OF",NA,NA,"",""
"1681","NB","12","NB12","Gronegen Village",5,"NB12-05",NA,NA,"ASH",2021,7,7,2,"NB12-05-02-ASH","9:06",8,20,0,"2","W","0","N","RWBL","Red-winged Blackbird",NA,NA,NA,NA,NA,NA,NA,NA,NA,NA,NA,NA,NA,NA,NA,"NB12-05-02-ASH-RWBL",2,0,1,2,"OF",NA,NA,"",""
"1682","NB","12","NB12","Gronegen Village",5,"NB12-05",NA,NA,"ASH",2021,7,7,2,"NB12-05-02-ASH","9:06",8,20,0,"2","W","0","N","EAKI","Eastern Kingbird",NA,NA,NA,NA,NA,NA,NA,NA,NA,NA,NA,NA,NA,NA,NA,"NB12-05-02-ASH-EAKI",2,0,0,2,"AF",NA,NA,"",""
"1683","NB","12","NB12","Gronegen Village",5,"NB12-05",NA,NA,"ASH",2021,7,7,2,"NB12-05-02-ASH","9:06",8,20,0,"2","W","0","N","BARS","Barn Swallow",NA,NA,NA,NA,NA,NA,NA,NA,NA,NA,NA,NA,NA,NA,NA,"NB12-05-02-ASH-BARS",2,1,0,2,"AF",NA,NA,"",""
"1684","NB","12","NB12","Gronegen Village",5,"NB12-05",NA,NA,"ASH",2021,7,7,2,"NB12-05-02-ASH","9:06",8,20,0,"2","W","0","N","TRES","Tree Swallow",NA,NA,NA,NA,NA,NA,NA,NA,NA,NA,NA,NA,NA,NA,NA,"NB12-05-02-ASH-TRES",2,3,2,3,"AF",NA,NA,"",""
"1685","NB","12","NB12","Gronegen Village",5,"NB12-05",NA,NA,"ASH",2021,7,7,2,"NB12-05-02-ASH","9:06",8,20,0,"2","W","0","N","CEDW","Cedar Waxwing",NA,NA,NA,NA,NA,NA,NA,NA,NA,NA,NA,NA,NA,NA,NA,"NB12-05-02-ASH-CEDW",1,0,0,1,"OF",NA,NA,"",""
"1686","NB","12","NB12","Gronegen Village",5,"NB12-05",NA,NA,"ASH",2021,7,7,2,"NB12-05-02-ASH","9:06",8,20,0,"2","W","0","N","SWSP","Swamp Sparrow",NA,NA,NA,NA,NA,NA,NA,NA,NA,NA,NA,NA,NA,NA,NA,"NB12-05-02-ASH-SWSP",0,0,1,1,"AF",NA,NA,"",""
"1687","NB","12","NB12","Gronegen Village",5,"NB12-05",NA,NA,"ASH",2021,7,7,2,"NB12-05-02-ASH","9:06",8,20,0,"2","W","0","N","CLSW","Cliff Swallow",NA,NA,NA,NA,NA,NA,NA,NA,NA,NA,NA,NA,NA,NA,NA,"NB12-05-02-ASH-CLSW",0,0,3,3,"AF",NA,NA,"",""
"1688","NB","12","NB12","Gronegen Village",6,"NB12-06",NA,NA,"HOS",2021,6,3,1,"NB12-06-01-HOS","9:01",10,15.3,0,"1","SW","1","Y","YEWA","Northern Yellow Warbler",NA,NA,NA,NA,NA,NA,NA,NA,NA,NA,NA,NA,NA,NA,NA,"NB12-06-01-HOS-YEWA",2,0,0,2,"OF",NA,NA,"",""
"1689","NB","12","NB12","Gronegen Village",6,"NB12-06",NA,NA,"HOS",2021,6,3,1,"NB12-06-01-HOS","9:01",10,15.3,0,"1","SW","1","Y","RWBL","Red-winged Blackbird",NA,NA,NA,NA,NA,NA,NA,NA,NA,NA,NA,NA,NA,NA,NA,"NB12-06-01-HOS-RWBL",0,1,0,1,"AF",NA,NA,"",""
"1690","NB","12","NB12","Gronegen Village",6,"NB12-06",NA,NA,"TAS",2021,7,7,2,"NB12-06-02-TAS","7:27",8,19,0,"2","W","0","N","TRES","Tree Swallow",NA,NA,NA,NA,NA,NA,NA,NA,NA,NA,NA,NA,NA,NA,NA,"NB12-06-02-TAS-TRES",3,2,4,4,"OF",NA,NA,"",""
"1691","NB","12","NB12","Gronegen Village",6,"NB12-06",NA,NA,"TAS",2021,7,7,2,"NB12-06-02-TAS","7:27",8,19,0,"2","W","0","N","WISN","Wilson's Snipe",NA,NA,NA,NA,NA,NA,NA,NA,NA,NA,NA,NA,NA,NA,NA,"NB12-06-02-TAS-WISN",1,0,0,1,"OF",NA,NA,"",""
"1692","NB","12","NB12","Gronegen Village",6,"NB12-06",NA,NA,"TAS",2021,7,7,2,"NB12-06-02-TAS","7:27",8,19,0,"2","W","0","N","EAKI","Eastern Kingbird",NA,NA,NA,NA,NA,NA,NA,NA,NA,NA,NA,NA,NA,NA,NA,"NB12-06-02-TAS-EAKI",1,0,1,1,"OF",NA,NA,"",""
"1693","NB","12","NB12","Gronegen Village",6,"NB12-06",NA,NA,"TAS",2021,7,7,2,"NB12-06-02-TAS","7:27",8,19,0,"2","W","0","N","COGR","Common Grackle",NA,NA,NA,NA,NA,NA,NA,NA,NA,NA,NA,NA,NA,NA,NA,"NB12-06-02-TAS-COGR",1,0,0,1,"OF",NA,NA,"",""
"1694","NB","12","NB12","Gronegen Village",6,"NB12-06",NA,NA,"TAS",2021,7,7,2,"NB12-06-02-TAS","7:27",8,19,0,"2","W","0","N","BARS","Barn Swallow",NA,NA,NA,NA,NA,NA,NA,NA,NA,NA,NA,NA,NA,NA,NA,"NB12-06-02-TAS-BARS",2,0,2,2,"OF",NA,NA,"",""
"1695","NB","12","NB12","Gronegen Village",6,"NB12-06",NA,NA,"TAS",2021,7,7,2,"NB12-06-02-TAS","7:27",8,19,0,"2","W","0","N","RWBL","Red-winged Blackbird",NA,NA,NA,NA,NA,NA,NA,NA,NA,NA,NA,NA,NA,NA,NA,"NB12-06-02-TAS-RWBL",0,3,0,3,"OF",NA,NA,"",""
"1696","NB","12","NB12","Gronegen Village",6,"NB12-06",NA,NA,"TAS",2021,7,7,2,"NB12-06-02-TAS","7:27",8,19,0,"2","W","0","N","ABDU","American Black Duck",NA,NA,NA,NA,NA,NA,NA,NA,NA,NA,NA,NA,NA,NA,NA,"NB12-06-02-TAS-ABDU",0,1,0,1,"AF ",NA,NA,"","written as BLAD, made note it's a Black Duck"
"1697","NB","12","NB12","Gronegen Village",6,"NB12-06",NA,NA,"TAS",2021,7,7,2,"NB12-06-02-TAS","7:27",8,19,0,"2","W","0","N","CEDW","Cedar Waxwing",NA,NA,NA,NA,NA,NA,NA,NA,NA,NA,NA,NA,NA,NA,NA,"NB12-06-02-TAS-CEDW",0,1,1,1,"AF",NA,NA,"",""
"1698","NB","12","NB12","Gronegen Village",6,"NB12-06",NA,NA,"TAS",2021,7,7,2,"NB12-06-02-TAS","7:27",8,19,0,"2","W","0","N","YEWA","Northern Yellow Warbler",NA,NA,NA,NA,NA,NA,NA,NA,NA,NA,NA,NA,NA,NA,NA,"NB12-06-02-TAS-YEWA",0,0,1,1,"AF ",NA,NA,"",""
"1699","NB","12","NB12","Gronegen Village",7,"NB12-07",NA,NA,"HOS",2021,6,3,1,"NB12-07-01-HOS","7:14",8,15.6,0,"3","S","0","Y","RWBL","Red-winged Blackbird",NA,NA,NA,NA,NA,NA,NA,NA,NA,NA,NA,NA,NA,NA,NA,"NB12-07-01-HOS-RWBL",2,1,0,2,"OF",NA,NA,"",""
"1700","NB","12","NB12","Gronegen Village",7,"NB12-07",NA,NA,"HOS",2021,6,3,1,"NB12-07-01-HOS","7:14",8,15.6,0,"3","S","0","Y","RBGR","Rose-breasted Grosbeak",NA,NA,NA,NA,NA,NA,NA,NA,NA,NA,NA,NA,NA,NA,NA,"NB12-07-01-HOS-RBGR",0,0,0,0,"OF",NA,NA,"","did not indicate when it was observed"
"1701","NB","12","NB12","Gronegen Village",7,"NB12-07",NA,NA,"HOS",2021,6,3,1,"NB12-07-01-HOS","7:14",8,15.6,0,"3","S","0","Y","REVI","Red-eyed Vireo",NA,NA,NA,NA,NA,NA,NA,NA,NA,NA,NA,NA,NA,NA,NA,"NB12-07-01-HOS-REVI",0,0,1,1,"OF",NA,NA,"",""
"1702","NB","12","NB12","Gronegen Village",7,"NB12-07",NA,NA,"HOS",2021,6,3,1,"NB12-07-01-HOS","7:14",8,15.6,0,"3","S","0","Y","SS",NA,NA,NA,NA,NA,NA,NA,NA,NA,NA,NA,NA,NA,NA,NA,NA,"NB12-07-01-HOS-SS",1,0,0,1,"OF",NA,NA,"","unknown species code"
"1703","NB","12","NB12","Gronegen Village",7,"NB12-07",NA,NA,"HOS",2021,6,3,1,"NB12-07-01-HOS","7:14",8,15.6,0,"3","S","0","Y","COYE","Common Yellowthroat",NA,NA,NA,NA,NA,NA,NA,NA,NA,NA,NA,NA,NA,NA,NA,"NB12-07-01-HOS-COYE",0,1,0,1,"OF",NA,NA,"",""
"1704","NB","12","NB12","Gronegen Village",7,"NB12-07",NA,NA,"HOS",2021,6,3,1,"NB12-07-01-HOS","7:14",8,15.6,0,"3","S","0","Y","COGR","Common Grackle",NA,NA,NA,NA,NA,NA,NA,NA,NA,NA,NA,NA,NA,NA,NA,"NB12-07-01-HOS-COGR",0,0,1,1,"OF",NA,NA,"",""
"1705","NB","12","NB12","Gronegen Village",7,"NB12-07",NA,NA,"ASH",2021,7,7,2,"NB12-07-02-ASH","9:30",8,20,0,"2","W","0","N","RWBL","Red-winged Blackbird",NA,NA,NA,NA,NA,NA,NA,NA,NA,NA,NA,NA,NA,NA,NA,"NB12-07-02-ASH-RWBL",1,0,0,1,"AF",NA,NA,"",""
"1706","NB","12","NB12","Gronegen Village",7,"NB12-07",NA,NA,"ASH",2021,7,7,2,"NB12-07-02-ASH","9:30",8,20,0,"2","W","0","N","EAKI","Eastern Kingbird",NA,NA,NA,NA,NA,NA,NA,NA,NA,NA,NA,NA,NA,NA,NA,"NB12-07-02-ASH-EAKI",1,0,0,1,"OF",NA,NA,"",""
"1707","NB","12","NB12","Gronegen Village",7,"NB12-07",NA,NA,"ASH",2021,7,7,2,"NB12-07-02-ASH","9:30",8,20,0,"2","W","0","N","SWSP","Swamp Sparrow",NA,NA,NA,NA,NA,NA,NA,NA,NA,NA,NA,NA,NA,NA,NA,"NB12-07-02-ASH-SWSP",1,0,0,1,"",NA,NA,"",""
"1708","NB","12","NB12","Gronegen Village",7,"NB12-07",NA,NA,"ASH",2021,7,7,2,"NB12-07-02-ASH","9:30",8,20,0,"2","W","0","N","CANG","Canada Goose",NA,NA,NA,NA,NA,NA,NA,NA,NA,NA,NA,NA,NA,NA,NA,"NB12-07-02-ASH-CANG",1,1,0,1,"",NA,NA,"",""
"1709","NB","12","NB12","Gronegen Village",7,"NB12-07",NA,NA,"ASH",2021,7,7,2,"NB12-07-02-ASH","9:30",8,20,0,"2","W","0","N","CHSP","Chipping Sparrow",NA,NA,NA,NA,NA,NA,NA,NA,NA,NA,NA,NA,NA,NA,NA,"NB12-07-02-ASH-CHSP",1,1,0,1,"",NA,NA,"",""
"1710","NB","12","NB12","Gronegen Village",7,"NB12-07",NA,NA,"ASH",2021,7,7,2,"NB12-07-02-ASH","9:30",8,20,0,"2","W","0","N","TRES","Tree Swallow",NA,NA,NA,NA,NA,NA,NA,NA,NA,NA,NA,NA,NA,NA,NA,"NB12-07-02-ASH-TRES",0,0,2,2,"",NA,NA,"",""
"1711","NB","12","NB12","Gronegen Village",8,"NB12-08",NA,NA,"HOS",2021,6,3,1,"NB12-08-01-HOS","6:15",4,13.6,0,"1","S","0","Y","TRES","Tree Swallow",NA,NA,NA,NA,NA,NA,NA,NA,NA,NA,NA,NA,NA,NA,NA,"NB12-08-01-HOS-TRES",0,3,0,3,"OF",NA,NA,"",""
"1712","NB","12","NB12","Gronegen Village",8,"NB12-08",NA,NA,"HOS",2021,6,3,1,"NB12-08-01-HOS","6:15",4,13.6,0,"1","S","0","Y","BARS","Barn Swallow",NA,NA,NA,NA,NA,NA,NA,NA,NA,NA,NA,NA,NA,NA,NA,"NB12-08-01-HOS-BARS",1,0,0,1,"OF",NA,NA,"",""
"1713","NB","12","NB12","Gronegen Village",8,"NB12-08",NA,NA,"HOS",2021,6,3,1,"NB12-08-01-HOS","6:15",4,13.6,0,"1","S","0","Y","EAKI","Eastern Kingbird",NA,NA,NA,NA,NA,NA,NA,NA,NA,NA,NA,NA,NA,NA,NA,"NB12-08-01-HOS-EAKI",1,1,2,2,"OF",NA,NA,"",""
"1714","NB","12","NB12","Gronegen Village",8,"NB12-08",NA,NA,"HOS",2021,6,3,1,"NB12-08-01-HOS","6:15",4,13.6,0,"1","S","0","Y","RWBL","Red-winged Blackbird",NA,NA,NA,NA,NA,NA,NA,NA,NA,NA,NA,NA,NA,NA,NA,"NB12-08-01-HOS-RWBL",3,2,0,3,"OF",NA,NA,"",""
"1715","NB","12","NB12","Gronegen Village",8,"NB12-08",NA,NA,"HOS",2021,6,3,1,"NB12-08-01-HOS","6:15",4,13.6,0,"1","S","0","Y","RNDU","Ring-necked Duck",NA,NA,NA,NA,NA,NA,NA,NA,NA,NA,NA,NA,NA,NA,NA,"NB12-08-01-HOS-RNDU",0,0,0,0,"OF",NA,NA,"",""
"1716","NB","12","NB12","Gronegen Village",8,"NB12-08",NA,NA,"HOS",2021,6,3,1,"NB12-08-01-HOS","6:15",4,13.6,0,"1","S","0","Y","COGR","Common Grackle",NA,NA,NA,NA,NA,NA,NA,NA,NA,NA,NA,NA,NA,NA,NA,"NB12-08-01-HOS-COGR",0,0,1,1,"OF",NA,NA,"","written as COGP, assuming to be COGR"
"1717","NB","12","NB12","Gronegen Village",8,"NB12-08",NA,NA,"JES",2021,7,6,2,"NB12-08-02-JES","9:53",10,20.6,0,"2","N","0","N","TRES","Tree Swallow",NA,NA,NA,NA,NA,NA,NA,NA,NA,NA,NA,NA,NA,NA,NA,"NB12-08-02-JES-TRES",4,1,0,4,"OF",NA,NA,"","2x - 2x - 3x"
"1718","NB","12","NB12","Gronegen Village",8,"NB12-08",NA,NA,"JES",2021,7,6,2,"NB12-08-02-JES","9:53",10,20.6,0,"2","N","0","N","RWBL","Red-winged Blackbird",NA,NA,NA,NA,NA,NA,NA,NA,NA,NA,NA,NA,NA,NA,NA,"NB12-08-02-JES-RWBL",3,1,3,3,"OF",NA,NA,"","juvi 2x - 2x"
"1719","NB","12","NB12","Gronegen Village",8,"NB12-08",NA,NA,"JES",2021,7,6,2,"NB12-08-02-JES","9:53",10,20.6,0,"2","N","0","N","RNDU","Ring-necked Duck",NA,NA,NA,NA,NA,NA,NA,NA,NA,NA,NA,NA,NA,NA,NA,"NB12-08-02-JES-RNDU",0,1,0,1,"",NA,NA,"","4x"
"1720","NB","12","NB12","Gronegen Village",8,"NB12-08",NA,NA,"JES",2021,7,6,2,"NB12-08-02-JES","9:53",10,20.6,0,"2","N","0","N","EAKI","Eastern Kingbird",NA,NA,NA,NA,NA,NA,NA,NA,NA,NA,NA,NA,NA,NA,NA,"NB12-08-02-JES-EAKI",0,1,0,1,"OF",NA,NA,"","1x"
"1721","NB","12","NB12","Gronegen Village",8,"NB12-08",NA,NA,"JES",2021,7,6,2,"NB12-08-02-JES","9:53",10,20.6,0,"2","N","0","N","BARS","Barn Swallow",NA,NA,NA,NA,NA,NA,NA,NA,NA,NA,NA,NA,NA,NA,NA,"NB12-08-02-JES-BARS",0,0,4,4,"",NA,NA,"",""
"1722","NB","12","NB12","Gronegen Village",8,"NB12-08",NA,NA,"ASH",2021,7,7,3,"NB12-08-03-ASH","8:40",8,20,0,"2","W","0","N","CHSP","Chipping Sparrow",NA,NA,NA,NA,NA,NA,NA,NA,NA,NA,NA,NA,NA,NA,NA,"NB12-08-03-ASH-CHSP",1,0,0,1,"OF",NA,NA,"",""
"1723","NB","12","NB12","Gronegen Village",8,"NB12-08",NA,NA,"ASH",2021,7,7,3,"NB12-08-03-ASH","8:40",8,20,0,"2","W","0","N","TRES","Tree Swallow",NA,NA,NA,NA,NA,NA,NA,NA,NA,NA,NA,NA,NA,NA,NA,"NB12-08-03-ASH-TRES",3,0,0,3,"AF",NA,NA,"",""
"1724","NB","12","NB12","Gronegen Village",8,"NB12-08",NA,NA,"ASH",2021,7,7,3,"NB12-08-03-ASH","8:40",8,20,0,"2","W","0","N","BARS","Barn Swallow",NA,NA,NA,NA,NA,NA,NA,NA,NA,NA,NA,NA,NA,NA,NA,"NB12-08-03-ASH-BARS",3,0,0,3,"AF",NA,NA,"",""
"1725","NB","12","NB12","Gronegen Village",8,"NB12-08",NA,NA,"ASH",2021,7,7,3,"NB12-08-03-ASH","8:40",8,20,0,"2","W","0","N","CEDW","Cedar Waxwing",NA,NA,NA,NA,NA,NA,NA,NA,NA,NA,NA,NA,NA,NA,NA,"NB12-08-03-ASH-CEDW",0,3,0,3,"OF",NA,NA,"",""
"1726","NB","12","NB12","Gronegen Village",8,"NB12-08",NA,NA,"ASH",2021,7,7,3,"NB12-08-03-ASH","8:40",8,20,0,"2","W","0","N","RWBL","Red-winged Blackbird",NA,NA,NA,NA,NA,NA,NA,NA,NA,NA,NA,NA,NA,NA,NA,"NB12-08-03-ASH-RWBL",0,0,1,1,"AF",NA,NA,"",""
"1727","NB","TH","NBTH","Thompson Marsh (Chance Harbour)",2,"NBTH-02",45.12086,66.36738,"DAR",2021,6,19,1,"NBTH-02-01-DAR","5:16",9,12,0,"2","E","1","Y","AHGU","American Herring Gull",NA,NA,NA,NA,NA,NA,NA,NA,NA,NA,NA,NA,NA,NA,NA,"NBTH-02-01-DAR-HERG",0,0,1,1,"",NA,NA,"",""
"1728","NB","TH","NBTH","Thompson Marsh (Chance Harbour)",2,"NBTH-02",45.12086,66.36738,"DAR",2021,6,19,1,"NBTH-02-01-DAR","5:16",9,12,0,"2","E","1","Y","SOSP","Song Sparrow",NA,NA,NA,NA,NA,NA,NA,NA,NA,NA,NA,NA,NA,NA,NA,"NBTH-02-01-DAR-SOSP",0,0,1,1,"",NA,NA,"",""
"1729","NB","TH","NBTH","Thompson Marsh (Chance Harbour)",1,"NBTH-01",45.12287,66.36454,"DAR",2021,7,11,2,"NBTH-01-02-DAR","5:08",0,12,0,"0",NA,"1","Y","SOSP","Song Sparrow",NA,NA,NA,NA,NA,NA,NA,NA,NA,NA,NA,NA,NA,NA,NA,"NBTH-01-02-DAR-SOSP",2,2,2,2,"",NA,NA,"",""
"1730","NB","TH","NBTH","Thompson Marsh (Chance Harbour)",1,"NBTH-01",45.12287,66.36454,"DAR",2021,7,11,2,"NBTH-01-02-DAR","5:08",0,12,0,"0",NA,"1","Y","AMRO","American Robin",NA,NA,NA,NA,NA,NA,NA,NA,NA,NA,NA,NA,NA,NA,NA,"NBTH-01-02-DAR-AMRO",1,0,0,1,"",NA,NA,"",""
"1731","NB","TH","NBTH","Thompson Marsh (Chance Harbour)",1,"NBTH-01",45.12287,66.36454,"DAR",2021,7,11,2,"NBTH-01-02-DAR","5:08",0,12,0,"0",NA,"1","Y","COYE","Common Yellowthroat",NA,NA,NA,NA,NA,NA,NA,NA,NA,NA,NA,NA,NA,NA,NA,"NBTH-01-02-DAR-COYE",1,1,0,1,"",NA,NA,"",""
"1732","NB","TH","NBTH","Thompson Marsh (Chance Harbour)",1,"NBTH-01",45.12287,66.36454,"DAR",2021,7,11,2,"NBTH-01-02-DAR","5:08",0,12,0,"0",NA,"1","Y","AMCR","American Crow",NA,NA,NA,NA,NA,NA,NA,NA,NA,NA,NA,NA,NA,NA,NA,"NBTH-01-02-DAR-AMCR",0,0,1,1,"",NA,NA,"",""
"1733","NB","TH","NBTH","Thompson Marsh (Chance Harbour)",2,"NBTH-02",45.12086,66.36738,"DAR",2021,7,11,2,"NBTH-02-02-DAR","5:34",0,12,0,"0",NA,"0","Y","COYE","Common Yellowthroat",NA,NA,NA,NA,NA,NA,NA,NA,NA,NA,NA,NA,NA,NA,NA,"NBTH-02-02-DAR-COYE",1,0,1,1,"",NA,NA,"",""
"1734","NB","TH","NBTH","Thompson Marsh (Chance Harbour)",2,"NBTH-02",45.12086,66.36738,"DAR",2021,7,11,2,"NBTH-02-02-DAR","5:34",0,12,0,"0",NA,"0","Y","WTSP","White-throated Sparrow",NA,NA,NA,NA,NA,NA,NA,NA,NA,NA,NA,NA,NA,NA,NA,"NBTH-02-02-DAR-WTSP",1,1,0,1,"",NA,NA,"",""
"1735","NB","TH","NBTH","Thompson Marsh (Chance Harbour)",2,"NBTH-02",45.12086,66.36738,"DAR",2021,7,11,2,"NBTH-02-02-DAR","5:34",0,12,0,"0",NA,"0","Y","BCCH","Black-capped Chickadee",NA,NA,NA,NA,NA,NA,NA,NA,NA,NA,NA,NA,NA,NA,NA,"NBTH-02-02-DAR-BCCH",1,0,0,1,"",NA,NA,"",""
"1736","NB","TH","NBTH","Thompson Marsh (Chance Harbour)",2,"NBTH-02",45.12086,66.36738,"DAR",2021,7,11,2,"NBTH-02-02-DAR","5:34",0,12,0,"0",NA,"0","Y","AMCR","American Crow",NA,NA,NA,NA,NA,NA,NA,NA,NA,NA,NA,NA,NA,NA,NA,"NBTH-02-02-DAR-AMCR",2,0,0,2,"",NA,NA,"",""
"1737","NB","TH","NBTH","Thompson Marsh (Chance Harbour)",2,"NBTH-02",45.12086,66.36738,"DAR",2021,7,11,2,"NBTH-02-02-DAR","5:34",0,12,0,"0",NA,"0","Y","AHGU","American Herring Gull",NA,NA,NA,NA,NA,NA,NA,NA,NA,NA,NA,NA,NA,NA,NA,"NBTH-02-02-DAR-HERG",0,0,1,1,"",NA,NA,"",""
"1738","NB","TH","NBTH","Thompson Marsh (Chance Harbour)",3,"NBTH-03",45.11963,66.36395,"DAR",2021,6,19,1,"NBTH-03-01-DAR","5:49",9,12,0,"1","NE","2","Y","SOSP","Song Sparrow",NA,NA,NA,NA,NA,NA,NA,NA,NA,NA,NA,NA,NA,NA,NA,"NBTH-03-01-DAR-SOSP",1,0,0,1,"",NA,NA,"",""
"1739","NB","TH","NBTH","Thompson Marsh (Chance Harbour)",3,"NBTH-03",45.11963,66.36395,"DAR",2021,6,19,1,"NBTH-03-01-DAR","5:49",9,12,0,"1","NE","2","Y","HETH","Hermit Thrush",NA,NA,NA,NA,NA,NA,NA,NA,NA,NA,NA,NA,NA,NA,NA,"NBTH-03-01-DAR-HETH",0,1,0,1,"",NA,NA,"",""
"1740","NB","TH","NBTH","Thompson Marsh (Chance Harbour)",3,"NBTH-03",45.11963,66.36395,"DAR",2021,7,11,2,"NBTH-03-02-DAR","6:04",0,12,0,"0",NA,"0","Y","SOSP","Song Sparrow",NA,NA,NA,NA,NA,NA,NA,NA,NA,NA,NA,NA,NA,NA,NA,"NBTH-03-02-DAR-SOSP",0,1,1,1,"",NA,NA,"",""
"1741","NB","TH","NBTH","Thompson Marsh (Chance Harbour)",3,"NBTH-03",45.11963,66.36395,"DAR",2021,7,11,2,"NBTH-03-02-DAR","6:04",0,12,0,"0",NA,"0","Y","HETH","Hermit Thrush",NA,NA,NA,NA,NA,NA,NA,NA,NA,NA,NA,NA,NA,NA,NA,"NBTH-03-02-DAR-HETH",2,1,0,2,"",NA,NA,"",""
"1742","NB","TH","NBTH","Thompson Marsh (Chance Harbour)",3,"NBTH-03",45.11963,66.36395,"DAR",2021,7,11,2,"NBTH-03-02-DAR","6:04",0,12,0,"0",NA,"0","Y","AMCR","American Crow",NA,NA,NA,NA,NA,NA,NA,NA,NA,NA,NA,NA,NA,NA,NA,"NBTH-03-02-DAR-AMCR",2,0,0,2,"",NA,NA,"",""
"1743","NB","TH","NBTH","Thompson Marsh (Chance Harbour)",4,"NBTH-04",45.11865,66.36026,"DAR",2021,7,11,2,"NBTH-04-02-DAR","6:39",0,12,0,"0",NA,"0","Y","AMCR","American Crow",NA,NA,NA,NA,NA,NA,NA,NA,NA,NA,NA,NA,NA,NA,NA,"NBTH-04-02-DAR-AMCR",1,2,0,2,"",NA,NA,"",""
"1744","NB","TH","NBTH","Thompson Marsh (Chance Harbour)",4,"NBTH-04",45.11865,66.36026,"DAR",2021,7,11,2,"NBTH-04-02-DAR","6:39",0,12,0,"0",NA,"0","Y","UNSP","Unidentified Sparrow",NA,NA,NA,NA,NA,NA,NA,NA,NA,NA,NA,NA,NA,NA,NA,"NBTH-04-02-DAR-UNSP",1,1,0,1,"",NA,NA,"","unknown species code"
"1745","PE","05","PE05","Dunk River",1,"PE05-01",46.35638,63.70226,"MAG",2021,6,18,1,"PE05-01-01-MAG","5:02",2,15,0,"0",NA,"3","Y","SWSP","Swamp Sparrow",NA,NA,NA,NA,NA,NA,NA,NA,NA,NA,NA,NA,NA,NA,NA,"PE05-01-01-MAG-SWSP",4,4,4,4,"",NA,NA,"",""
"1746","PE","05","PE05","Dunk River",1,"PE05-01",46.35638,63.70226,"MAG",2021,6,18,1,"PE05-01-01-MAG","5:02",2,15,0,"0",NA,"3","Y","GBHE","Great Blue Heron",NA,NA,NA,NA,NA,NA,NA,NA,NA,NA,NA,NA,NA,NA,NA,"PE05-01-01-MAG-GBHE",7,3,2,7,"",NA,NA,"","Visual"
"1747","PE","05","PE05","Dunk River",1,"PE05-01",46.35638,63.70226,"MAG",2021,6,18,1,"PE05-01-01-MAG","5:02",2,15,0,"0",NA,"3","Y","BAEA","Bald Eagle",NA,NA,NA,NA,NA,NA,NA,NA,NA,NA,NA,NA,NA,NA,NA,"PE05-01-01-MAG-BAEA",0,0,0,0,"OF",NA,NA,"",""
"1748","PE","05","PE05","Dunk River",1,"PE05-01",46.35638,63.70226,"MAG",2021,6,18,1,"PE05-01-01-MAG","5:02",2,15,0,"0",NA,"3","Y","RWBL","Red-winged Blackbird",NA,NA,NA,NA,NA,NA,NA,NA,NA,NA,NA,NA,NA,NA,NA,"PE05-01-01-MAG-RWBL",2,5,0,5,"",NA,NA,"",""
"1749","PE","05","PE05","Dunk River",1,"PE05-01",46.35638,63.70226,"MAG",2021,6,18,1,"PE05-01-01-MAG","5:02",2,15,0,"0",NA,"3","Y","COYE","Common Yellowthroat",NA,NA,NA,NA,NA,NA,NA,NA,NA,NA,NA,NA,NA,NA,NA,"PE05-01-01-MAG-COYE",1,1,NA,1,"",NA,NA,"",""
"1750","PE","05","PE05","Dunk River",1,"PE05-01",46.35638,63.70226,"MAG",2021,6,18,1,"PE05-01-01-MAG","5:02",2,15,0,"0",NA,"3","Y","GADW","Gadwall",NA,NA,NA,NA,NA,NA,NA,NA,NA,NA,NA,NA,NA,NA,NA,"PE05-01-01-MAG-GADW",0,1,0,1,"OF",NA,NA,"",""
"1751","PE","05","PE05","Dunk River",1,"PE05-01",46.35638,63.70226,"MAG",2021,6,18,1,"PE05-01-01-MAG","5:02",2,15,0,"0",NA,"3","Y","SOSP","Song Sparrow",NA,NA,NA,NA,NA,NA,NA,NA,NA,NA,NA,NA,NA,NA,NA,"PE05-01-01-MAG-SOSP",0,1,0,1,"",NA,NA,"",""
"1752","PE","05","PE05","Dunk River",2,"PE05-02",46.35629,63.69836,"MAG",2021,6,18,1,"PE05-02-01-MAG","5:26",2,12,0,"1","SE","2","N","ALFL","Alder Flycatcher",NA,NA,NA,NA,NA,NA,NA,NA,NA,NA,NA,NA,NA,NA,NA,"PE05-02-01-MAG-ALFL",2,2,2,2,"",NA,NA,"",""
"1753","PE","05","PE05","Dunk River",2,"PE05-02",46.35629,63.69836,"MAG",2021,6,18,1,"PE05-02-01-MAG","5:26",2,12,0,"1","SE","2","N","SOSP","Song Sparrow",NA,NA,NA,NA,NA,NA,NA,NA,NA,NA,NA,NA,NA,NA,NA,"PE05-02-01-MAG-SOSP",1,3,1,3,"",NA,NA,"",""
"1754","PE","05","PE05","Dunk River",2,"PE05-02",46.35629,63.69836,"MAG",2021,6,18,1,"PE05-02-01-MAG","5:26",2,12,0,"1","SE","2","N","NOFL","Northern Flicker",NA,NA,NA,NA,NA,NA,NA,NA,NA,NA,NA,NA,NA,NA,NA,"PE05-02-01-MAG-NOFL",0,0,0,0,"OF",NA,NA,"",""
"1755","PE","05","PE05","Dunk River",2,"PE05-02",46.35629,63.69836,"MAG",2021,6,18,1,"PE05-02-01-MAG","5:26",2,12,0,"1","SE","2","N","RWBL","Red-winged Blackbird",NA,NA,NA,NA,NA,NA,NA,NA,NA,NA,NA,NA,NA,NA,NA,"PE05-02-01-MAG-RWBL",3,2,0,3,"OF",NA,NA,"",""
"1756","PE","05","PE05","Dunk River",2,"PE05-02",46.35629,63.69836,"MAG",2021,6,18,1,"PE05-02-01-MAG","5:26",2,12,0,"1","SE","2","N","YEWA","Northern Yellow Warbler",NA,NA,NA,NA,NA,NA,NA,NA,NA,NA,NA,NA,NA,NA,NA,"PE05-02-01-MAG-YEWA",1,1,3,3,"",NA,NA,"",""
"1757","PE","05","PE05","Dunk River",2,"PE05-02",46.35629,63.69836,"MAG",2021,6,18,1,"PE05-02-01-MAG","5:26",2,12,0,"1","SE","2","N","MALL","Mallard",NA,NA,NA,NA,NA,NA,NA,NA,NA,NA,NA,NA,NA,NA,NA,"PE05-02-01-MAG-MALL",0,0,0,0,"OF",NA,NA,"",""
"1758","PE","05","PE05","Dunk River",2,"PE05-02",46.35629,63.69836,"MAG",2021,6,18,1,"PE05-02-01-MAG","5:26",2,12,0,"1","SE","2","N","COYE","Common Yellowthroat",NA,NA,NA,NA,NA,NA,NA,NA,NA,NA,NA,NA,NA,NA,NA,"PE05-02-01-MAG-COYE",1,1,2,2,"",NA,NA,"",""
"1759","PE","05","PE05","Dunk River",2,"PE05-02",46.35629,63.69836,"MAG",2021,6,18,1,"PE05-02-01-MAG","5:26",2,12,0,"1","SE","2","N","COGR","Common Grackle",NA,NA,NA,NA,NA,NA,NA,NA,NA,NA,NA,NA,NA,NA,NA,"PE05-02-01-MAG-COGR",0,0,0,0,"OF",NA,NA,"",""
"1760","PE","05","PE05","Dunk River",2,"PE05-02",46.35629,63.69836,"MAG",2021,6,18,1,"PE05-02-01-MAG","5:26",2,12,0,"1","SE","2","N","SWSP","Swamp Sparrow",NA,NA,NA,NA,NA,NA,NA,NA,NA,NA,NA,NA,NA,NA,NA,"PE05-02-01-MAG-SWSP",1,1,2,2,"",NA,NA,"",""
"1761","PE","05","PE05","Dunk River",2,"PE05-02",46.35629,63.69836,"MAG",2021,6,18,1,"PE05-02-01-MAG","5:26",2,12,0,"1","SE","2","N","BAEA","Bald Eagle",NA,NA,NA,NA,NA,NA,NA,NA,NA,NA,NA,NA,NA,NA,NA,"PE05-02-01-MAG-BAEA",0,0,0,0,"OF",NA,NA,"",""
"1762","PE","05","PE05","Dunk River",2,"PE05-02",46.35629,63.69836,"MAG",2021,6,18,1,"PE05-02-01-MAG","5:26",2,12,0,"1","SE","2","N","GBHE","Great Blue Heron",NA,NA,NA,NA,NA,NA,NA,NA,NA,NA,NA,NA,NA,NA,NA,"PE05-02-01-MAG-GBHE",0,0,0,0,"OF",NA,NA,"",""
"1763","PE","05","PE05","Dunk River",3,"PE05-03",46.35771,63.69558,"MAG",2021,6,18,1,"PE05-03-01-MAG","5:48",2,12,0,"1","SW","2","N","SWSP","Swamp Sparrow",NA,NA,NA,NA,NA,NA,NA,NA,NA,NA,NA,NA,NA,NA,NA,"PE05-03-01-MAG-SWSP",3,3,3,3,"",NA,NA,"",""
"1764","PE","05","PE05","Dunk River",3,"PE05-03",46.35771,63.69558,"MAG",2021,6,18,1,"PE05-03-01-MAG","5:48",2,12,0,"1","SW","2","N","CEDW","Cedar Waxwing",NA,NA,NA,NA,NA,NA,NA,NA,NA,NA,NA,NA,NA,NA,NA,"PE05-03-01-MAG-CEDW",0,0,0,0,"OF",NA,NA,"",""
"1765","PE","05","PE05","Dunk River",3,"PE05-03",46.35771,63.69558,"MAG",2021,6,18,1,"PE05-03-01-MAG","5:48",2,12,0,"1","SW","2","N","COYE","Common Yellowthroat",NA,NA,NA,NA,NA,NA,NA,NA,NA,NA,NA,NA,NA,NA,NA,"PE05-03-01-MAG-COYE",2,2,0,2,"",NA,NA,"",""
"1766","PE","05","PE05","Dunk River",3,"PE05-03",46.35771,63.69558,"MAG",2021,6,18,1,"PE05-03-01-MAG","5:48",2,12,0,"1","SW","2","N","GBHE","Great Blue Heron",NA,NA,NA,NA,NA,NA,NA,NA,NA,NA,NA,NA,NA,NA,NA,"PE05-03-01-MAG-GBHE",0,0,0,0,"OF",NA,NA,"",""
"1767","PE","05","PE05","Dunk River",3,"PE05-03",46.35771,63.69558,"MAG",2021,6,18,1,"PE05-03-01-MAG","5:48",2,12,0,"1","SW","2","N","YEWA","Northern Yellow Warbler",NA,NA,NA,NA,NA,NA,NA,NA,NA,NA,NA,NA,NA,NA,NA,"PE05-03-01-MAG-YEWA",2,2,2,2,"",NA,NA,"",""
"1768","PE","05","PE05","Dunk River",3,"PE05-03",46.35771,63.69558,"MAG",2021,6,18,1,"PE05-03-01-MAG","5:48",2,12,0,"1","SW","2","N","RWBL","Red-winged Blackbird",NA,NA,NA,NA,NA,NA,NA,NA,NA,NA,NA,NA,NA,NA,NA,"PE05-03-01-MAG-RWBL",2,2,2,2,"",NA,NA,"",""
"1769","PE","05","PE05","Dunk River",3,"PE05-03",46.35771,63.69558,"MAG",2021,6,18,1,"PE05-03-01-MAG","5:48",2,12,0,"1","SW","2","N","NOPA","Northern Parula",NA,NA,NA,NA,NA,NA,NA,NA,NA,NA,NA,NA,NA,NA,NA,"PE05-03-01-MAG-NOPA",1,0,0,1,"",NA,NA,"",""
"1770","PE","05","PE05","Dunk River",3,"PE05-03",46.35771,63.69558,"MAG",2021,6,18,1,"PE05-03-01-MAG","5:48",2,12,0,"1","SW","2","N","SOSP","Song Sparrow",NA,NA,NA,NA,NA,NA,NA,NA,NA,NA,NA,NA,NA,NA,NA,"PE05-03-01-MAG-SOSP",1,0,1,1,"",NA,NA,"",""
"1771","PE","05","PE05","Dunk River",3,"PE05-03",46.35771,63.69558,"MAG",2021,6,18,1,"PE05-03-01-MAG","5:48",2,12,0,"1","SW","2","N","ABDU","American Black Duck",NA,NA,NA,NA,NA,NA,NA,NA,NA,NA,NA,NA,NA,NA,NA,"PE05-03-01-MAG-ABDU",0,0,0,0,"OF",NA,NA,"",""
"1772","PE","05","PE05","Dunk River",3,"PE05-03",46.35771,63.69558,"MAG",2021,6,18,1,"PE05-03-01-MAG","5:48",2,12,0,"1","SW","2","N","BWWA","Blue-winged Warbler",NA,NA,NA,NA,NA,NA,NA,NA,NA,NA,NA,NA,NA,NA,NA,"PE05-03-01-MAG-BWWA",0,1,0,1,"",NA,NA,"",""
"1773","PE","05","PE05","Dunk River",3,"PE05-03",46.35771,63.69558,"MAG",2021,6,18,1,"PE05-03-01-MAG","5:48",2,12,0,"1","SW","2","N","MOWA","Mourning Warbler",NA,NA,NA,NA,NA,NA,NA,NA,NA,NA,NA,NA,NA,NA,NA,"PE05-03-01-MAG-MOWA",0,1,0,1,"",NA,NA,"","Not 100% of code, looks like ""MDWA"""
"1774","PE","05","PE05","Dunk River",3,"PE05-03",46.35771,63.69558,"MAG",2021,6,18,1,"PE05-03-01-MAG","5:48",2,12,0,"1","SW","2","N","AMRE","American Redstart",NA,NA,NA,NA,NA,NA,NA,NA,NA,NA,NA,NA,NA,NA,NA,"PE05-03-01-MAG-AMRE",0,1,1,1,"",NA,NA,"",""
"1775","PE","05","PE05","Dunk River",3,"PE05-03",46.35771,63.69558,"MAG",2021,6,18,1,"PE05-03-01-MAG","5:48",2,12,0,"1","SW","2","N","MALL","Mallard",NA,NA,NA,NA,NA,NA,NA,NA,NA,NA,NA,NA,NA,NA,NA,"PE05-03-01-MAG-MALL",0,0,0,0,"OF",NA,NA,"",""
"1776","PE","05","PE05","Dunk River",3,"PE05-03",46.35771,63.69558,"MAG",2021,6,18,1,"PE05-03-01-MAG","5:48",2,12,0,"1","SW","2","N","REVI","Red-eyed Vireo",NA,NA,NA,NA,NA,NA,NA,NA,NA,NA,NA,NA,NA,NA,NA,"PE05-03-01-MAG-REVI",0,0,1,1,"",NA,NA,"",""
"1777","PE","05","PE05","Dunk River",4,"PE05-04",46.3576,63.69212,"MAG",2021,8,18,1,"PE05-04-01-MAG","6:10",2,12,0,"1","SW","2","N","SWSP","Swamp Sparrow",NA,NA,NA,NA,NA,NA,NA,NA,NA,NA,NA,NA,NA,NA,NA,"PE05-04-01-MAG-SWSP",3,3,2,3,"",NA,NA,"",""
"1778","PE","05","PE05","Dunk River",4,"PE05-04",46.3576,63.69212,"MAG",2021,8,18,1,"PE05-04-01-MAG","6:10",2,12,0,"1","SW","2","N","COYE","Common Yellowthroat",NA,NA,NA,NA,NA,NA,NA,NA,NA,NA,NA,NA,NA,NA,NA,"PE05-04-01-MAG-COYE",3,2,2,3,"",NA,NA,"",""
"1779","PE","05","PE05","Dunk River",4,"PE05-04",46.3576,63.69212,"MAG",2021,8,18,1,"PE05-04-01-MAG","6:10",2,12,0,"1","SW","2","N","RWBL","Red-winged Blackbird",NA,NA,NA,NA,NA,NA,NA,NA,NA,NA,NA,NA,NA,NA,NA,"PE05-04-01-MAG-RWBL",4,3,3,4,"",NA,NA,"",""
"1780","PE","05","PE05","Dunk River",4,"PE05-04",46.3576,63.69212,"MAG",2021,8,18,1,"PE05-04-01-MAG","6:10",2,12,0,"1","SW","2","N","ALFL","Alder Flycatcher",NA,NA,NA,NA,NA,NA,NA,NA,NA,NA,NA,NA,NA,NA,NA,"PE05-04-01-MAG-ALFL",1,1,0,1,"",NA,NA,"",""
"1781","PE","05","PE05","Dunk River",4,"PE05-04",46.3576,63.69212,"MAG",2021,8,18,1,"PE05-04-01-MAG","6:10",2,12,0,"1","SW","2","N","SOSP","Song Sparrow",NA,NA,NA,NA,NA,NA,NA,NA,NA,NA,NA,NA,NA,NA,NA,"PE05-04-01-MAG-SOSP",1,1,1,1,"",NA,NA,"",""
"1782","PE","05","PE05","Dunk River",4,"PE05-04",46.3576,63.69212,"MAG",2021,8,18,1,"PE05-04-01-MAG","6:10",2,12,0,"1","SW","2","N","GBHE","Great Blue Heron",NA,NA,NA,NA,NA,NA,NA,NA,NA,NA,NA,NA,NA,NA,NA,"PE05-04-01-MAG-GBHE",0,0,0,0,"OF",NA,NA,"",""
"1783","PE","05","PE05","Dunk River",4,"PE05-04",46.3576,63.69212,"MAG",2021,8,18,1,"PE05-04-01-MAG","6:10",2,12,0,"1","SW","2","N","CEDW","Cedar Waxwing",NA,NA,NA,NA,NA,NA,NA,NA,NA,NA,NA,NA,NA,NA,NA,"PE05-04-01-MAG-CEDW",1,2,2,2,"",NA,NA,"",""
"1784","PE","05","PE05","Dunk River",4,"PE05-04",46.3576,63.69212,"MAG",2021,8,18,1,"PE05-04-01-MAG","6:10",2,12,0,"1","SW","2","N","MODO","Mourning Dove",NA,NA,NA,NA,NA,NA,NA,NA,NA,NA,NA,NA,NA,NA,NA,"PE05-04-01-MAG-MODO",1,1,1,1,"",NA,NA,"",""
"1785","PE","05","PE05","Dunk River",4,"PE05-04",46.3576,63.69212,"MAG",2021,8,18,1,"PE05-04-01-MAG","6:10",2,12,0,"1","SW","2","N","LEYE","Lesser Yellowlegs",NA,NA,NA,NA,NA,NA,NA,NA,NA,NA,NA,NA,NA,NA,NA,"PE05-04-01-MAG-LEYE",0,1,0,1,"",NA,NA,"",""
"1786","PE","05","PE05","Dunk River",4,"PE05-04",46.3576,63.69212,"MAG",2021,8,18,1,"PE05-04-01-MAG","6:10",2,12,0,"1","SW","2","N","YEWA","Northern Yellow Warbler",NA,NA,NA,NA,NA,NA,NA,NA,NA,NA,NA,NA,NA,NA,NA,"PE05-04-01-MAG-YEWA",0,1,2,2,"",NA,NA,"",""
"1787","PE","05","PE05","Dunk River",4,"PE05-04",46.3576,63.69212,"MAG",2021,8,18,1,"PE05-04-01-MAG","6:10",2,12,0,"1","SW","2","N","MALL","Mallard",NA,NA,NA,NA,NA,NA,NA,NA,NA,NA,NA,NA,NA,NA,NA,"PE05-04-01-MAG-MALL",0,0,0,0,"OF",NA,NA,"",""
"1788","PE","05","PE05","Dunk River",4,"PE05-04",46.3576,63.69212,"MAG",2021,8,18,1,"PE05-04-01-MAG","6:10",2,12,0,"1","SW","2","N","AMRE","American Redstart",NA,NA,NA,NA,NA,NA,NA,NA,NA,NA,NA,NA,NA,NA,NA,"PE05-04-01-MAG-AMRE",0,0,2,2,"",NA,NA,"",""
"1789","PE","05","PE05","Dunk River",4,"PE05-04",46.3576,63.69212,"MAG",2021,8,18,1,"PE05-04-01-MAG","6:10",2,12,0,"1","SW","2","N","BCCH","Black-capped Chickadee",NA,NA,NA,NA,NA,NA,NA,NA,NA,NA,NA,NA,NA,NA,NA,"PE05-04-01-MAG-BCCH",0,0,1,1,"",NA,NA,"",""
"1790","PE","05","PE05","Dunk River",5,"PE05-05",46.35745,63.68874,"MAG",2021,6,18,1,"PE05-05-01-MAG","6:33",2,12,0,"1","SW","2","N","RWBL","Red-winged Blackbird",NA,NA,NA,NA,NA,NA,NA,NA,NA,NA,NA,NA,NA,NA,NA,"PE05-05-01-MAG-RWBL",3,2,2,3,"OF",NA,NA,"",""
"1791","PE","05","PE05","Dunk River",5,"PE05-05",46.35745,63.68874,"MAG",2021,6,18,1,"PE05-05-01-MAG","6:33",2,12,0,"1","SW","2","N","SOSP","Song Sparrow",NA,NA,NA,NA,NA,NA,NA,NA,NA,NA,NA,NA,NA,NA,NA,"PE05-05-01-MAG-SOSP",2,2,2,2,"",NA,NA,"",""
"1792","PE","05","PE05","Dunk River",5,"PE05-05",46.35745,63.68874,"MAG",2021,6,18,1,"PE05-05-01-MAG","6:33",2,12,0,"1","SW","2","N","REVI","Red-eyed Vireo",NA,NA,NA,NA,NA,NA,NA,NA,NA,NA,NA,NA,NA,NA,NA,"PE05-05-01-MAG-REVI",1,1,1,1,"",NA,NA,"",""
"1793","PE","05","PE05","Dunk River",5,"PE05-05",46.35745,63.68874,"MAG",2021,6,18,1,"PE05-05-01-MAG","6:33",2,12,0,"1","SW","2","N","MODO","Mourning Dove",NA,NA,NA,NA,NA,NA,NA,NA,NA,NA,NA,NA,NA,NA,NA,"PE05-05-01-MAG-MODO",1,1,1,1,"",NA,NA,"",""
"1794","PE","05","PE05","Dunk River",5,"PE05-05",46.35745,63.68874,"MAG",2021,6,18,1,"PE05-05-01-MAG","6:33",2,12,0,"1","SW","2","N","SWSP","Swamp Sparrow",NA,NA,NA,NA,NA,NA,NA,NA,NA,NA,NA,NA,NA,NA,NA,"PE05-05-01-MAG-SWSP",3,3,3,3,"",NA,NA,"",""
"1795","PE","05","PE05","Dunk River",5,"PE05-05",46.35745,63.68874,"MAG",2021,6,18,1,"PE05-05-01-MAG","6:33",2,12,0,"1","SW","2","N","BLJA","Blue Jay",NA,NA,NA,NA,NA,NA,NA,NA,NA,NA,NA,NA,NA,NA,NA,"PE05-05-01-MAG-BLJA",1,0,0,1,"",NA,NA,"",""
"1796","PE","05","PE05","Dunk River",5,"PE05-05",46.35745,63.68874,"MAG",2021,6,18,1,"PE05-05-01-MAG","6:33",2,12,0,"1","SW","2","N","GBHE","Great Blue Heron",NA,NA,NA,NA,NA,NA,NA,NA,NA,NA,NA,NA,NA,NA,NA,"PE05-05-01-MAG-GBHE",0,0,0,0,"OF",NA,NA,"",""
"1797","PE","05","PE05","Dunk River",5,"PE05-05",46.35745,63.68874,"MAG",2021,6,18,1,"PE05-05-01-MAG","6:33",2,12,0,"1","SW","2","N","COYE","Common Yellowthroat",NA,NA,NA,NA,NA,NA,NA,NA,NA,NA,NA,NA,NA,NA,NA,"PE05-05-01-MAG-COYE",1,1,2,2,"",NA,NA,"",""
"1798","PE","05","PE05","Dunk River",5,"PE05-05",46.35745,63.68874,"MAG",2021,6,18,1,"PE05-05-01-MAG","6:33",2,12,0,"1","SW","2","N","YEWA","Northern Yellow Warbler",NA,NA,NA,NA,NA,NA,NA,NA,NA,NA,NA,NA,NA,NA,NA,"PE05-05-01-MAG-YEWA",1,3,2,3,"",NA,NA,"",""
"1799","PE","05","PE05","Dunk River",5,"PE05-05",46.35745,63.68874,"MAG",2021,6,18,1,"PE05-05-01-MAG","6:33",2,12,0,"1","SW","2","N","AMRE","American Redstart",NA,NA,NA,NA,NA,NA,NA,NA,NA,NA,NA,NA,NA,NA,NA,"PE05-05-01-MAG-AMRE",1,2,0,2,"",NA,NA,"",""
"1800","PE","05","PE05","Dunk River",5,"PE05-05",46.35745,63.68874,"MAG",2021,6,18,1,"PE05-05-01-MAG","6:33",2,12,0,"1","SW","2","N","SAVS","Savannah Sparrow",NA,NA,NA,NA,NA,NA,NA,NA,NA,NA,NA,NA,NA,NA,NA,"PE05-05-01-MAG-SAVS",0,0,1,1,"",NA,NA,"","Written as SASP"
"1801","PE","05","PE05","Dunk River",5,"PE05-05",46.35745,63.68874,"MAG",2021,6,18,1,"PE05-05-01-MAG","6:33",2,12,0,"1","SW","2","N","CEDW","Cedar Waxwing",NA,NA,NA,NA,NA,NA,NA,NA,NA,NA,NA,NA,NA,NA,NA,"PE05-05-01-MAG-CEDW",0,0,1,1,"",NA,NA,"",""
"1802","PE","05","PE05","Dunk River",5,"PE05-05",46.35745,63.68874,"MAG",2021,6,18,1,"PE05-05-01-MAG","6:33",2,12,0,"1","SW","2","N","DCCO","Double-crested Cormorant",NA,NA,NA,NA,NA,NA,NA,NA,NA,NA,NA,NA,NA,NA,NA,"PE05-05-01-MAG-DCCO",0,0,0,0,"OF",NA,NA,"",""
"1803","PE","05","PE05","Dunk River",6,"PE05-06",46.35526,63.68742,"MAG",2021,6,18,1,"PE05-06-01-MAG","6:55",2,12,0,"2","SW","2","N","COYE","Common Yellowthroat",NA,NA,NA,NA,NA,NA,NA,NA,NA,NA,NA,NA,NA,NA,NA,"PE05-06-01-MAG-COYE",2,2,3,3,"",NA,NA,"",""
"1804","PE","05","PE05","Dunk River",6,"PE05-06",46.35526,63.68742,"MAG",2021,6,18,1,"PE05-06-01-MAG","6:55",2,12,0,"2","SW","2","N","RWBL","Red-winged Blackbird",NA,NA,NA,NA,NA,NA,NA,NA,NA,NA,NA,NA,NA,NA,NA,"PE05-06-01-MAG-RWBL",2,3,4,4,"",NA,NA,"",""
"1805","PE","05","PE05","Dunk River",6,"PE05-06",46.35526,63.68742,"MAG",2021,6,18,1,"PE05-06-01-MAG","6:55",2,12,0,"2","SW","2","N","YEWA","Northern Yellow Warbler",NA,NA,NA,NA,NA,NA,NA,NA,NA,NA,NA,NA,NA,NA,NA,"PE05-06-01-MAG-YEWA",3,3,2,3,"",NA,NA,"",""
"1806","PE","05","PE05","Dunk River",6,"PE05-06",46.35526,63.68742,"MAG",2021,6,18,1,"PE05-06-01-MAG","6:55",2,12,0,"2","SW","2","N","SOSP","Song Sparrow",NA,NA,NA,NA,NA,NA,NA,NA,NA,NA,NA,NA,NA,NA,NA,"PE05-06-01-MAG-SOSP",3,3,2,3,"",NA,NA,"",""
"1807","PE","05","PE05","Dunk River",6,"PE05-06",46.35526,63.68742,"MAG",2021,6,18,1,"PE05-06-01-MAG","6:55",2,12,0,"2","SW","2","N","GBHE","Great Blue Heron",NA,NA,NA,NA,NA,NA,NA,NA,NA,NA,NA,NA,NA,NA,NA,"PE05-06-01-MAG-GBHE",0,0,0,0,"OF",NA,NA,"",""
"1808","PE","05","PE05","Dunk River",6,"PE05-06",46.35526,63.68742,"MAG",2021,6,18,1,"PE05-06-01-MAG","6:55",2,12,0,"2","SW","2","N","REVI","Red-eyed Vireo",NA,NA,NA,NA,NA,NA,NA,NA,NA,NA,NA,NA,NA,NA,NA,"PE05-06-01-MAG-REVI",1,2,1,2,"",NA,NA,"",""
"1809","PE","05","PE05","Dunk River",6,"PE05-06",46.35526,63.68742,"MAG",2021,6,18,1,"PE05-06-01-MAG","6:55",2,12,0,"2","SW","2","N","SWSP","Swamp Sparrow",NA,NA,NA,NA,NA,NA,NA,NA,NA,NA,NA,NA,NA,NA,NA,"PE05-06-01-MAG-SWSP",1,2,1,2,"",NA,NA,"",""
"1810","PE","05","PE05","Dunk River",6,"PE05-06",46.35526,63.68742,"MAG",2021,6,18,1,"PE05-06-01-MAG","6:55",2,12,0,"2","SW","2","N","ALFL","Alder Flycatcher",NA,NA,NA,NA,NA,NA,NA,NA,NA,NA,NA,NA,NA,NA,NA,"PE05-06-01-MAG-ALFL",1,1,1,1,"",NA,NA,"",""
"1811","PE","05","PE05","Dunk River",6,"PE05-06",46.35526,63.68742,"MAG",2021,6,18,1,"PE05-06-01-MAG","6:55",2,12,0,"2","SW","2","N","CEDW","Cedar Waxwing",NA,NA,NA,NA,NA,NA,NA,NA,NA,NA,NA,NA,NA,NA,NA,"PE05-06-01-MAG-CEDW",0,0,0,0,"OF",NA,NA,"",""
"1812","PE","05","PE05","Dunk River",7,"PE05-07",46.35321,63.68614,"MAG",2021,6,18,1,"PE05-07-01-MAG","7:18",2,12,0,"2","SW","2","N","YEWA","Northern Yellow Warbler",NA,NA,NA,NA,NA,NA,NA,NA,NA,NA,NA,NA,NA,NA,NA,"PE05-07-01-MAG-YEWA",4,4,4,4,"",NA,NA,"",""
"1813","PE","05","PE05","Dunk River",7,"PE05-07",46.35321,63.68614,"MAG",2021,6,18,1,"PE05-07-01-MAG","7:18",2,12,0,"2","SW","2","N","SOSP","Song Sparrow",NA,NA,NA,NA,NA,NA,NA,NA,NA,NA,NA,NA,NA,NA,NA,"PE05-07-01-MAG-SOSP",2,2,2,2,"",NA,NA,"",""
"1814","PE","05","PE05","Dunk River",7,"PE05-07",46.35321,63.68614,"MAG",2021,6,18,1,"PE05-07-01-MAG","7:18",2,12,0,"2","SW","2","N","COYE","Common Yellowthroat",NA,NA,NA,NA,NA,NA,NA,NA,NA,NA,NA,NA,NA,NA,NA,"PE05-07-01-MAG-COYE",2,1,1,2,"",NA,NA,"",""
"1815","PE","05","PE05","Dunk River",7,"PE05-07",46.35321,63.68614,"MAG",2021,6,18,1,"PE05-07-01-MAG","7:18",2,12,0,"2","SW","2","N","SWSP","Swamp Sparrow",NA,NA,NA,NA,NA,NA,NA,NA,NA,NA,NA,NA,NA,NA,NA,"PE05-07-01-MAG-SWSP",3,4,4,4,"",NA,NA,"",""
"1816","PE","05","PE05","Dunk River",7,"PE05-07",46.35321,63.68614,"MAG",2021,6,18,1,"PE05-07-01-MAG","7:18",2,12,0,"2","SW","2","N","GBHE","Great Blue Heron",NA,NA,NA,NA,NA,NA,NA,NA,NA,NA,NA,NA,NA,NA,NA,"PE05-07-01-MAG-GBHE",0,0,0,0,"OF",NA,NA,"",""
"1817","PE","05","PE05","Dunk River",7,"PE05-07",46.35321,63.68614,"MAG",2021,6,18,1,"PE05-07-01-MAG","7:18",2,12,0,"2","SW","2","N","RWBL","Red-winged Blackbird",NA,NA,NA,NA,NA,NA,NA,NA,NA,NA,NA,NA,NA,NA,NA,"PE05-07-01-MAG-RWBL",2,2,2,2,"",NA,NA,"",""
"1818","PE","05","PE05","Dunk River",7,"PE05-07",46.35321,63.68614,"MAG",2021,6,18,1,"PE05-07-01-MAG","7:18",2,12,0,"2","SW","2","N","AGOL","American Goldfinch",NA,NA,NA,NA,NA,NA,NA,NA,NA,NA,NA,NA,NA,NA,NA,"PE05-07-01-MAG-AMGO",0,0,0,0,"OF",NA,NA,"",""
"1819","PE","05","PE05","Dunk River",7,"PE05-07",46.35321,63.68614,"MAG",2021,6,18,1,"PE05-07-01-MAG","7:18",2,12,0,"2","SW","2","N","ALFL","Alder Flycatcher",NA,NA,NA,NA,NA,NA,NA,NA,NA,NA,NA,NA,NA,NA,NA,"PE05-07-01-MAG-ALFL",0,3,3,3,"",NA,NA,"",""
"1820","PE","05","PE05","Dunk River",7,"PE05-07",46.35321,63.68614,"MAG",2021,6,18,1,"PE05-07-01-MAG","7:18",2,12,0,"2","SW","2","N","RNDU","Ring-necked Duck",NA,NA,NA,NA,NA,NA,NA,NA,NA,NA,NA,NA,NA,NA,NA,"PE05-07-01-MAG-RNDU",0,0,0,0,"OF",NA,NA,"",""
"1821","PE","05","PE05","Dunk River",7,"PE05-07",46.35321,63.68614,"MAG",2021,6,18,1,"PE05-07-01-MAG","7:18",2,12,0,"2","SW","2","N","REVI","Red-eyed Vireo",NA,NA,NA,NA,NA,NA,NA,NA,NA,NA,NA,NA,NA,NA,NA,"PE05-07-01-MAG-REVI",0,0,1,1,"",NA,NA,"",""
"1822","PE","10","PE10","Indian River",1,"PE10-01",46.45948,63.67288,"MAG",2021,6,11,1,"PE10-01-01-MAG","4:57",0,6.5,0,"0",NA,"2","Y","RWBL","Red-winged Blackbird",NA,NA,NA,NA,NA,NA,NA,NA,NA,NA,NA,NA,NA,NA,NA,"PE10-01-01-MAG-RWBL",8,4,4,8,"",NA,NA,"",""
"1823","PE","10","PE10","Indian River",1,"PE10-01",46.45948,63.67288,"MAG",2021,6,11,1,"PE10-01-01-MAG","4:57",0,6.5,0,"0",NA,"2","Y","COYE","Common Yellowthroat",NA,NA,NA,NA,NA,NA,NA,NA,NA,NA,NA,NA,NA,NA,NA,"PE10-01-01-MAG-COYE",4,2,3,4,"",NA,NA,"",""
"1824","PE","10","PE10","Indian River",1,"PE10-01",46.45948,63.67288,"MAG",2021,6,11,1,"PE10-01-01-MAG","4:57",0,6.5,0,"0",NA,"2","Y","GBHE","Great Blue Heron",NA,NA,NA,NA,NA,NA,NA,NA,NA,NA,NA,NA,NA,NA,NA,"PE10-01-01-MAG-GBHE",1,1,1,1,"OF",NA,NA,"",""
"1825","PE","10","PE10","Indian River",1,"PE10-01",46.45948,63.67288,"MAG",2021,6,11,1,"PE10-01-01-MAG","4:57",0,6.5,0,"0",NA,"2","Y","YEWA","Northern Yellow Warbler",NA,NA,NA,NA,NA,NA,NA,NA,NA,NA,NA,NA,NA,NA,NA,"PE10-01-01-MAG-YEWA",4,3,3,4,"",NA,NA,"",""
"1826","PE","10","PE10","Indian River",1,"PE10-01",46.45948,63.67288,"MAG",2021,6,11,1,"PE10-01-01-MAG","4:57",0,6.5,0,"0",NA,"2","Y","CANG","Canada Goose",NA,NA,NA,NA,NA,NA,NA,NA,NA,NA,NA,NA,NA,NA,NA,"PE10-01-01-MAG-CANG",3,0,0,3,"",NA,NA,"",""
"1827","PE","10","PE10","Indian River",1,"PE10-01",46.45948,63.67288,"MAG",2021,6,11,1,"PE10-01-01-MAG","4:57",0,6.5,0,"0",NA,"2","Y","MODO","Mourning Dove",NA,NA,NA,NA,NA,NA,NA,NA,NA,NA,NA,NA,NA,NA,NA,"PE10-01-01-MAG-MODO",2,0,1,2,"",NA,NA,"",""
"1828","PE","10","PE10","Indian River",1,"PE10-01",46.45948,63.67288,"MAG",2021,6,11,1,"PE10-01-01-MAG","4:57",0,6.5,0,"0",NA,"2","Y","ALFL","Alder Flycatcher",NA,NA,NA,NA,NA,NA,NA,NA,NA,NA,NA,NA,NA,NA,NA,"PE10-01-01-MAG-ALFL",2,2,2,2,"",NA,NA,"",""
"1829","PE","10","PE10","Indian River",1,"PE10-01",46.45948,63.67288,"MAG",2021,6,11,1,"PE10-01-01-MAG","4:57",0,6.5,0,"0",NA,"2","Y","AMRO","American Robin",NA,NA,NA,NA,NA,NA,NA,NA,NA,NA,NA,NA,NA,NA,NA,"PE10-01-01-MAG-AMRO",1,1,1,1,"",NA,NA,"",""
"1830","PE","10","PE10","Indian River",1,"PE10-01",46.45948,63.67288,"MAG",2021,6,11,1,"PE10-01-01-MAG","4:57",0,6.5,0,"0",NA,"2","Y","SOSP","Song Sparrow",NA,NA,NA,NA,NA,NA,NA,NA,NA,NA,NA,NA,NA,NA,NA,"PE10-01-01-MAG-SOSP",0,1,0,1,"",NA,NA,"",""
"1831","PE","10","PE10","Indian River",1,"PE10-01",46.45948,63.67288,"MAG",2021,6,11,1,"PE10-01-01-MAG","4:57",0,6.5,0,"0",NA,"2","Y","LEYE","Lesser Yellowlegs",NA,NA,NA,NA,NA,NA,NA,NA,NA,NA,NA,NA,NA,NA,NA,"PE10-01-01-MAG-LEYE",0,1,0,1,"",NA,NA,"",""
"1832","PE","10","PE10","Indian River",1,"PE10-01",46.45948,63.67288,"MAG",2021,6,11,1,"PE10-01-01-MAG","4:57",0,6.5,0,"0",NA,"2","Y","SWSP","Swamp Sparrow",NA,NA,NA,NA,NA,NA,NA,NA,NA,NA,NA,NA,NA,NA,NA,"PE10-01-01-MAG-SWSP",0,1,0,1,"",NA,NA,"",""
"1833","PE","10","PE10","Indian River",1,"PE10-01",46.45948,63.67288,"MAG",2021,6,11,1,"PE10-01-01-MAG","4:57",0,6.5,0,"0",NA,"2","Y","AMCR","American Crow",NA,NA,NA,NA,NA,NA,NA,NA,NA,NA,NA,NA,NA,NA,NA,"PE10-01-01-MAG-AMCR",0,0,1,1,"",NA,NA,"",""
"1834","PE","10","PE10","Indian River",1,"PE10-01",46.45948,63.67288,"MAG",2021,6,11,1,"PE10-01-01-MAG","4:57",0,6.5,0,"0",NA,"2","Y","CEDW","Cedar Waxwing",NA,NA,NA,NA,NA,NA,NA,NA,NA,NA,NA,NA,NA,NA,NA,"PE10-01-01-MAG-CEDW",0,0,1,1,"",NA,NA,"",""
"1835","PE","10","PE10","Indian River",2,"PE10-02",46.4587,63.67088,"MAG",2021,6,11,1,"PE10-02-01-MAG","5:20",0,6.5,0,"0",NA,"2","Y","RWBL","Red-winged Blackbird",NA,NA,NA,NA,NA,NA,NA,NA,NA,NA,NA,NA,NA,NA,NA,"PE10-02-01-MAG-RWBL",6,8,5,8,"OF",NA,NA,"",""
"1836","PE","10","PE10","Indian River",2,"PE10-02",46.4587,63.67088,"MAG",2021,6,11,1,"PE10-02-01-MAG","5:20",0,6.5,0,"0",NA,"2","Y","YEWA","Northern Yellow Warbler",NA,NA,NA,NA,NA,NA,NA,NA,NA,NA,NA,NA,NA,NA,NA,"PE10-02-01-MAG-YEWA",3,4,3,4,"",NA,NA,"",""
"1837","PE","10","PE10","Indian River",2,"PE10-02",46.4587,63.67088,"MAG",2021,6,11,1,"PE10-02-01-MAG","5:20",0,6.5,0,"0",NA,"2","Y","COYE","Common Yellowthroat",NA,NA,NA,NA,NA,NA,NA,NA,NA,NA,NA,NA,NA,NA,NA,"PE10-02-01-MAG-COYE",2,3,3,3,"",NA,NA,"",""
"1838","PE","10","PE10","Indian River",2,"PE10-02",46.4587,63.67088,"MAG",2021,6,11,1,"PE10-02-01-MAG","5:20",0,6.5,0,"0",NA,"2","Y","SOSP","Song Sparrow",NA,NA,NA,NA,NA,NA,NA,NA,NA,NA,NA,NA,NA,NA,NA,"PE10-02-01-MAG-SOSP",1,1,0,1,"",NA,NA,"",""
"1839","PE","10","PE10","Indian River",2,"PE10-02",46.4587,63.67088,"MAG",2021,6,11,1,"PE10-02-01-MAG","5:20",0,6.5,0,"0",NA,"2","Y","SWSP","Swamp Sparrow",NA,NA,NA,NA,NA,NA,NA,NA,NA,NA,NA,NA,NA,NA,NA,"PE10-02-01-MAG-SWSP",1,1,2,2,"",NA,NA,"",""
"1840","PE","10","PE10","Indian River",2,"PE10-02",46.4587,63.67088,"MAG",2021,6,11,1,"PE10-02-01-MAG","5:20",0,6.5,0,"0",NA,"2","Y","AMRO","American Robin",NA,NA,NA,NA,NA,NA,NA,NA,NA,NA,NA,NA,NA,NA,NA,"PE10-02-01-MAG-AMRO",1,0,0,1,"",NA,NA,"",""
"1841","PE","10","PE10","Indian River",2,"PE10-02",46.4587,63.67088,"MAG",2021,6,11,1,"PE10-02-01-MAG","5:20",0,6.5,0,"0",NA,"2","Y","MODO","Mourning Dove",NA,NA,NA,NA,NA,NA,NA,NA,NA,NA,NA,NA,NA,NA,NA,"PE10-02-01-MAG-MODO",1,1,1,1,"",NA,NA,"",""
"1842","PE","10","PE10","Indian River",2,"PE10-02",46.4587,63.67088,"MAG",2021,6,11,1,"PE10-02-01-MAG","5:20",0,6.5,0,"0",NA,"2","Y","ALFL","Alder Flycatcher",NA,NA,NA,NA,NA,NA,NA,NA,NA,NA,NA,NA,NA,NA,NA,"PE10-02-01-MAG-ALFL",0,1,1,1,"",NA,NA,"",""
"1843","PE","10","PE10","Indian River",2,"PE10-02",46.4587,63.67088,"MAG",2021,6,11,1,"PE10-02-01-MAG","5:20",0,6.5,0,"0",NA,"2","Y","AMCR","American Crow",NA,NA,NA,NA,NA,NA,NA,NA,NA,NA,NA,NA,NA,NA,NA,"PE10-02-01-MAG-AMCR",0,1,1,1,"",NA,NA,"",""
"1844","PE","10","PE10","Indian River",2,"PE10-02",46.4587,63.67088,"MAG",2021,6,11,1,"PE10-02-01-MAG","5:20",0,6.5,0,"0",NA,"2","Y","GBHE","Great Blue Heron",NA,NA,NA,NA,NA,NA,NA,NA,NA,NA,NA,NA,NA,NA,NA,"PE10-02-01-MAG-GBHE",0,0,0,0,"OF",NA,NA,"",""
"1845","PE","10","PE10","Indian River",3,"PE10-03",46.45942,63.66912,"MAG",2021,6,11,1,"PE10-03-01-MAG","5:44",1,7,0,"2","W","1","Y","RWBL","Red-winged Blackbird",NA,NA,NA,NA,NA,NA,NA,NA,NA,NA,NA,NA,NA,NA,NA,"PE10-03-01-MAG-RWBL",8,9,8,9,"",NA,NA,"",""
"1846","PE","10","PE10","Indian River",3,"PE10-03",46.45942,63.66912,"MAG",2021,6,11,1,"PE10-03-01-MAG","5:44",1,7,0,"2","W","1","Y","WODU","Wood Duck",NA,NA,NA,NA,NA,NA,NA,NA,NA,NA,NA,NA,NA,NA,NA,"PE10-03-01-MAG-WODU",0,0,0,0,"OF",6,2,"",""
"1847","PE","10","PE10","Indian River",3,"PE10-03",46.45942,63.66912,"MAG",2021,6,11,1,"PE10-03-01-MAG","5:44",1,7,0,"2","W","1","Y","ALFL","Alder Flycatcher",NA,NA,NA,NA,NA,NA,NA,NA,NA,NA,NA,NA,NA,NA,NA,"PE10-03-01-MAG-ALFL",1,1,1,1,"",NA,NA,"",""
"1848","PE","10","PE10","Indian River",3,"PE10-03",46.45942,63.66912,"MAG",2021,6,11,1,"PE10-03-01-MAG","5:44",1,7,0,"2","W","1","Y","YEWA","Northern Yellow Warbler",NA,NA,NA,NA,NA,NA,NA,NA,NA,NA,NA,NA,NA,NA,NA,"PE10-03-01-MAG-YEWA",3,3,3,3,"",NA,NA,"",""
"1849","PE","10","PE10","Indian River",3,"PE10-03",46.45942,63.66912,"MAG",2021,6,11,1,"PE10-03-01-MAG","5:44",1,7,0,"2","W","1","Y","SWSP","Swamp Sparrow",NA,NA,NA,NA,NA,NA,NA,NA,NA,NA,NA,NA,NA,NA,NA,"PE10-03-01-MAG-SWSP",1,1,1,1,"",NA,NA,"",""
"1850","PE","10","PE10","Indian River",4,"PE10-04",46.46076,63.66719,"MAG",2021,6,11,1,"PE10-04-01-MAG","6:08",1,7.5,0,"2","W","1","Y","RWBL","Red-winged Blackbird",NA,NA,NA,NA,NA,NA,NA,NA,NA,NA,NA,NA,NA,NA,NA,"PE10-04-01-MAG-RWBL",4,5,4,5,"",NA,NA,"",""
"1851","PE","10","PE10","Indian River",4,"PE10-04",46.46076,63.66719,"MAG",2021,6,11,1,"PE10-04-01-MAG","6:08",1,7.5,0,"2","W","1","Y","AMRO","American Robin",NA,NA,NA,NA,NA,NA,NA,NA,NA,NA,NA,NA,NA,NA,NA,"PE10-04-01-MAG-AMRO",2,1,1,2,"",NA,NA,"","forest edge"
"1852","PE","10","PE10","Indian River",4,"PE10-04",46.46076,63.66719,"MAG",2021,6,11,1,"PE10-04-01-MAG","6:08",1,7.5,0,"2","W","1","Y","COYE","Common Yellowthroat",NA,NA,NA,NA,NA,NA,NA,NA,NA,NA,NA,NA,NA,NA,NA,"PE10-04-01-MAG-COYE",2,2,1,2,"",NA,NA,"",""
"1853","PE","10","PE10","Indian River",4,"PE10-04",46.46076,63.66719,"MAG",2021,6,11,1,"PE10-04-01-MAG","6:08",1,7.5,0,"2","W","1","Y","YRWA","Yellow-rumped Warbler",NA,NA,NA,NA,NA,NA,NA,NA,NA,NA,NA,NA,NA,NA,NA,"PE10-04-01-MAG-YRWA",1,0,0,1,"",NA,NA,"","forest edge"
"1854","PE","10","PE10","Indian River",4,"PE10-04",46.46076,63.66719,"MAG",2021,6,11,1,"PE10-04-01-MAG","6:08",1,7.5,0,"2","W","1","Y","SWSP","Swamp Sparrow",NA,NA,NA,NA,NA,NA,NA,NA,NA,NA,NA,NA,NA,NA,NA,"PE10-04-01-MAG-SWSP",2,1,1,2,"",NA,NA,"",""
"1855","PE","10","PE10","Indian River",4,"PE10-04",46.46076,63.66719,"MAG",2021,6,11,1,"PE10-04-01-MAG","6:08",1,7.5,0,"2","W","1","Y","BWWA","Blue-winged Warbler",NA,NA,NA,NA,NA,NA,NA,NA,NA,NA,NA,NA,NA,NA,NA,"PE10-04-01-MAG-BWWA",1,0,0,1,"",NA,NA,"","forest edge"
"1856","PE","10","PE10","Indian River",4,"PE10-04",46.46076,63.66719,"MAG",2021,6,11,1,"PE10-04-01-MAG","6:08",1,7.5,0,"2","W","1","Y","YEWA","Northern Yellow Warbler",NA,NA,NA,NA,NA,NA,NA,NA,NA,NA,NA,NA,NA,NA,NA,"PE10-04-01-MAG-YEWA",2,2,1,2,"",NA,NA,"",""
"1857","PE","10","PE10","Indian River",4,"PE10-04",46.46076,63.66719,"MAG",2021,6,11,1,"PE10-04-01-MAG","6:08",1,7.5,0,"2","W","1","Y","RNDU","Ring-necked Duck",NA,NA,NA,NA,NA,NA,NA,NA,NA,NA,NA,NA,NA,NA,NA,"PE10-04-01-MAG-RNDU",0,0,0,0,"OF",1,NA,"",""
"1858","PE","10","PE10","Indian River",4,"PE10-04",46.46076,63.66719,"MAG",2021,6,11,1,"PE10-04-01-MAG","6:08",1,7.5,0,"2","W","1","Y","ALFL","Alder Flycatcher",NA,NA,NA,NA,NA,NA,NA,NA,NA,NA,NA,NA,NA,NA,NA,"PE10-04-01-MAG-ALFL",1,1,1,1,"",NA,NA,"",""
"1859","PE","10","PE10","Indian River",4,"PE10-04",46.46076,63.66719,"MAG",2021,6,11,1,"PE10-04-01-MAG","6:08",1,7.5,0,"2","W","1","Y","BWTE","Blue-winged Teal",NA,NA,NA,NA,NA,NA,NA,NA,NA,NA,NA,NA,NA,NA,NA,"PE10-04-01-MAG-BWTE",0,0,0,0,"OF",1,NA,"",""
"1860","PE","10","PE10","Indian River",4,"PE10-04",46.46076,63.66719,"MAG",2021,6,11,1,"PE10-04-01-MAG","6:08",1,7.5,0,"2","W","1","Y","TRES","Tree Swallow",NA,NA,NA,NA,NA,NA,NA,NA,NA,NA,NA,NA,NA,NA,NA,"PE10-04-01-MAG-TRES",0,0,0,0,"AF",NA,NA,"",""
"1861","PE","10","PE10","Indian River",5,"PE10-05",46.46285,63.66719,"MAG",2021,6,11,1,"PE10-05-01-MAG","6:33",1,9.5,0,"2","W","1","N","YEWA","Northern Yellow Warbler",NA,NA,NA,NA,NA,NA,NA,NA,NA,NA,NA,NA,NA,NA,NA,"PE10-05-01-MAG-YEWA",1,1,0,1,"",NA,NA,"",""
"1862","PE","10","PE10","Indian River",5,"PE10-05",46.46285,63.66719,"MAG",2021,6,11,1,"PE10-05-01-MAG","6:33",1,9.5,0,"2","W","1","N","ALFL","Alder Flycatcher",NA,NA,NA,NA,NA,NA,NA,NA,NA,NA,NA,NA,NA,NA,NA,"PE10-05-01-MAG-ALFL",1,2,2,2,"",NA,NA,"",""
"1863","PE","10","PE10","Indian River",5,"PE10-05",46.46285,63.66719,"MAG",2021,6,11,1,"PE10-05-01-MAG","6:33",1,9.5,0,"2","W","1","N","BWWA","Blue-winged Warbler",NA,NA,NA,NA,NA,NA,NA,NA,NA,NA,NA,NA,NA,NA,NA,"PE10-05-01-MAG-BWWA",1,0,0,1,"",NA,NA,"",""
"1864","PE","10","PE10","Indian River",5,"PE10-05",46.46285,63.66719,"MAG",2021,6,11,1,"PE10-05-01-MAG","6:33",1,9.5,0,"2","W","1","N","RWBL","Red-winged Blackbird",NA,NA,NA,NA,NA,NA,NA,NA,NA,NA,NA,NA,NA,NA,NA,"PE10-05-01-MAG-RWBL",4,5,4,5,"",NA,NA,"",""
"1865","PE","10","PE10","Indian River",5,"PE10-05",46.46285,63.66719,"MAG",2021,6,11,1,"PE10-05-01-MAG","6:33",1,9.5,0,"2","W","1","N","AMRO","American Robin",NA,NA,NA,NA,NA,NA,NA,NA,NA,NA,NA,NA,NA,NA,NA,"PE10-05-01-MAG-AMRO",1,1,0,1,"",NA,NA,"",""
"1866","PE","10","PE10","Indian River",5,"PE10-05",46.46285,63.66719,"MAG",2021,6,11,1,"PE10-05-01-MAG","6:33",1,9.5,0,"2","W","1","N","SWSP","Swamp Sparrow",NA,NA,NA,NA,NA,NA,NA,NA,NA,NA,NA,NA,NA,NA,NA,"PE10-05-01-MAG-SWSP",1,1,3,3,"",NA,NA,"",""
"1867","PE","10","PE10","Indian River",5,"PE10-05",46.46285,63.66719,"MAG",2021,6,11,1,"PE10-05-01-MAG","6:33",1,9.5,0,"2","W","1","N","TRES","Tree Swallow",NA,NA,NA,NA,NA,NA,NA,NA,NA,NA,NA,NA,NA,NA,NA,"PE10-05-01-MAG-TRES",0,0,0,0,"AF",NA,NA,"",""
"1868","PE","10","PE10","Indian River",5,"PE10-05",46.46285,63.66719,"MAG",2021,6,11,1,"PE10-05-01-MAG","6:33",1,9.5,0,"2","W","1","N","RNDU","Ring-necked Duck",NA,NA,NA,NA,NA,NA,NA,NA,NA,NA,NA,NA,NA,NA,NA,"PE10-05-01-MAG-RNDU",0,0,0,0,"OF",1,NA,"",""
"1869","PE","10","PE10","Indian River",5,"PE10-05",46.46285,63.66719,"MAG",2021,6,11,1,"PE10-05-01-MAG","6:33",1,9.5,0,"2","W","1","N","BEKI","Belted Kingfisher",NA,NA,NA,NA,NA,NA,NA,NA,NA,NA,NA,NA,NA,NA,NA,"PE10-05-01-MAG-BEKI",0,0,0,0,"OF",NA,NA,"",""
"1870","PE","10","PE10","Indian River",5,"PE10-05",46.46285,63.66719,"MAG",2021,6,11,1,"PE10-05-01-MAG","6:33",1,9.5,0,"2","W","1","N","COYE","Common Yellowthroat",NA,NA,NA,NA,NA,NA,NA,NA,NA,NA,NA,NA,NA,NA,NA,"PE10-05-01-MAG-COYE",0,0,1,1,"",NA,NA,"",""
"1871","PE","10","PE10","Indian River",6,"PE10-06",46.46527,63.6613,"MAG",2021,6,11,1,"PE10-06-01-MAG","7:00",3,11,0,"2","W","1","Y","RWBL","Red-winged Blackbird",NA,NA,NA,NA,NA,NA,NA,NA,NA,NA,NA,NA,NA,NA,NA,"PE10-06-01-MAG-RWBL",5,4,5,5,"",NA,NA,"",""
"1872","PE","10","PE10","Indian River",6,"PE10-06",46.46527,63.6613,"MAG",2021,6,11,1,"PE10-06-01-MAG","7:00",3,11,0,"2","W","1","Y","BWWA","Blue-winged Warbler",NA,NA,NA,NA,NA,NA,NA,NA,NA,NA,NA,NA,NA,NA,NA,"PE10-06-01-MAG-BWWA",3,1,0,3,"",NA,NA,"",""
"1873","PE","10","PE10","Indian River",6,"PE10-06",46.46527,63.6613,"MAG",2021,6,11,1,"PE10-06-01-MAG","7:00",3,11,0,"2","W","1","Y","SWSP","Swamp Sparrow",NA,NA,NA,NA,NA,NA,NA,NA,NA,NA,NA,NA,NA,NA,NA,"PE10-06-01-MAG-SWSP",2,1,1,2,"",NA,NA,"",""
"1874","PE","10","PE10","Indian River",6,"PE10-06",46.46527,63.6613,"MAG",2021,6,11,1,"PE10-06-01-MAG","7:00",3,11,0,"2","W","1","Y","DEJU","Dark-eyed Junco",NA,NA,NA,NA,NA,NA,NA,NA,NA,NA,NA,NA,NA,NA,NA,"PE10-06-01-MAG-DEJU",0,0,0,0,"OF",NA,NA,"",""
"1875","PE","10","PE10","Indian River",6,"PE10-06",46.46527,63.6613,"MAG",2021,6,11,1,"PE10-06-01-MAG","7:00",3,11,0,"2","W","1","Y","COYE","Common Yellowthroat",NA,NA,NA,NA,NA,NA,NA,NA,NA,NA,NA,NA,NA,NA,NA,"PE10-06-01-MAG-COYE",2,3,3,3,"",NA,NA,"",""
"1876","PE","10","PE10","Indian River",6,"PE10-06",46.46527,63.6613,"MAG",2021,6,11,1,"PE10-06-01-MAG","7:00",3,11,0,"2","W","1","Y","YEWA","Northern Yellow Warbler",NA,NA,NA,NA,NA,NA,NA,NA,NA,NA,NA,NA,NA,NA,NA,"PE10-06-01-MAG-YEWA",1,0,1,1,"",NA,NA,"",""
"1877","PE","10","PE10","Indian River",6,"PE10-06",46.46527,63.6613,"MAG",2021,6,11,1,"PE10-06-01-MAG","7:00",3,11,0,"2","W","1","Y","REVI","Red-eyed Vireo",NA,NA,NA,NA,NA,NA,NA,NA,NA,NA,NA,NA,NA,NA,NA,"PE10-06-01-MAG-REVI",1,2,2,2,"",NA,NA,"",""
"1878","PE","10","PE10","Indian River",6,"PE10-06",46.46527,63.6613,"MAG",2021,6,11,1,"PE10-06-01-MAG","7:00",3,11,0,"2","W","1","Y","AMRO","American Robin",NA,NA,NA,NA,NA,NA,NA,NA,NA,NA,NA,NA,NA,NA,NA,"PE10-06-01-MAG-AMRO",1,2,2,2,"",NA,NA,"",""
"1879","PE","10","PE10","Indian River",6,"PE10-06",46.46527,63.6613,"MAG",2021,6,11,1,"PE10-06-01-MAG","7:00",3,11,0,"2","W","1","Y","BCCH","Black-capped Chickadee",NA,NA,NA,NA,NA,NA,NA,NA,NA,NA,NA,NA,NA,NA,NA,"PE10-06-01-MAG-BCCH",3,3,1,3,"",NA,NA,"",""
"1880","PE","10","PE10","Indian River",6,"PE10-06",46.46527,63.6613,"MAG",2021,6,11,1,"PE10-06-01-MAG","7:00",3,11,0,"2","W","1","Y","HAWO","Hairy Woodpecker",NA,NA,NA,NA,NA,NA,NA,NA,NA,NA,NA,NA,NA,NA,NA,"PE10-06-01-MAG-HAWO",0,0,0,0,"OF",NA,NA,"",""
"1881","PE","10","PE10","Indian River",6,"PE10-06",46.46527,63.6613,"MAG",2021,6,11,1,"PE10-06-01-MAG","7:00",3,11,0,"2","W","1","Y","NOPA","Northern Parula",NA,NA,NA,NA,NA,NA,NA,NA,NA,NA,NA,NA,NA,NA,NA,"PE10-06-01-MAG-NOPA",0,0,1,1,"",NA,NA,"",""
"1882","PE","10","PE10","Indian River",6,"PE10-06",46.46527,63.6613,"MAG",2021,6,11,1,"PE10-06-01-MAG","7:00",3,11,0,"2","W","1","Y","YRWA","Yellow-rumped Warbler",NA,NA,NA,NA,NA,NA,NA,NA,NA,NA,NA,NA,NA,NA,NA,"PE10-06-01-MAG-YRWA",0,0,1,1,"",NA,NA,"",""
"1883","PE","10","PE10","Indian River",6,"PE10-06",46.46527,63.6613,"MAG",2021,6,11,1,"PE10-06-01-MAG","7:00",3,11,0,"2","W","1","Y","TRES","Tree Swallow",NA,NA,NA,NA,NA,NA,NA,NA,NA,NA,NA,NA,NA,NA,NA,"PE10-06-01-MAG-TRES",0,0,0,0,"OF",NA,NA,"",""
"1884","PE","10","PE10","Indian River",7,"PE10-07",46.4654,63.66571,"MAG",2021,6,11,1,"PE10-07-01-MAG","7:38",3,11,0,"2","W","1","Y","BANS","Bank Swallow",NA,NA,NA,NA,NA,NA,NA,NA,NA,NA,NA,NA,NA,NA,NA,"PE10-07-01-MAG-BANS",0,0,0,0,"",NA,NA,"","seen and heard after survey, >100 m, 15-20 flying over cattails"
"1885","PE","10","PE10","Indian River",7,"PE10-07",46.4654,63.66571,"MAG",2021,6,11,1,"PE10-07-01-MAG","7:38",3,11,0,"2","W","1","Y","ALFL","Alder Flycatcher",NA,NA,NA,NA,NA,NA,NA,NA,NA,NA,NA,NA,NA,NA,NA,"PE10-07-01-MAG-ALFL",3,1,0,3,"",NA,NA,"",""
"1886","PE","10","PE10","Indian River",7,"PE10-07",46.4654,63.66571,"MAG",2021,6,11,1,"PE10-07-01-MAG","7:38",3,11,0,"2","W","1","Y","BWWA","Blue-winged Warbler",NA,NA,NA,NA,NA,NA,NA,NA,NA,NA,NA,NA,NA,NA,NA,"PE10-07-01-MAG-BWWA",2,0,1,2,"",NA,NA,"",""
"1887","PE","10","PE10","Indian River",7,"PE10-07",46.4654,63.66571,"MAG",2021,6,11,1,"PE10-07-01-MAG","7:38",3,11,0,"2","W","1","Y","COYE","Common Yellowthroat",NA,NA,NA,NA,NA,NA,NA,NA,NA,NA,NA,NA,NA,NA,NA,"PE10-07-01-MAG-COYE",2,2,2,2,"",NA,NA,"",""
"1888","PE","10","PE10","Indian River",7,"PE10-07",46.4654,63.66571,"MAG",2021,6,11,1,"PE10-07-01-MAG","7:38",3,11,0,"2","W","1","Y","GCKI","Golden-crowned Kinglet",NA,NA,NA,NA,NA,NA,NA,NA,NA,NA,NA,NA,NA,NA,NA,"PE10-07-01-MAG-GCKI",1,1,1,1,"",NA,NA,"",""
"1889","PE","10","PE10","Indian River",7,"PE10-07",46.4654,63.66571,"MAG",2021,6,11,1,"PE10-07-01-MAG","7:38",3,11,0,"2","W","1","Y","RWBL","Red-winged Blackbird",NA,NA,NA,NA,NA,NA,NA,NA,NA,NA,NA,NA,NA,NA,NA,"PE10-07-01-MAG-RWBL",4,3,4,4,"",NA,NA,"",""
"1890","PE","10","PE10","Indian River",7,"PE10-07",46.4654,63.66571,"MAG",2021,6,11,1,"PE10-07-01-MAG","7:38",3,11,0,"2","W","1","Y","COGR","Common Grackle",NA,NA,NA,NA,NA,NA,NA,NA,NA,NA,NA,NA,NA,NA,NA,"PE10-07-01-MAG-COGR",0,0,0,0,"OF",NA,NA,"","written as GRAC (assumed COGR)"
"1891","PE","10","PE10","Indian River",7,"PE10-07",46.4654,63.66571,"MAG",2021,6,11,1,"PE10-07-01-MAG","7:38",3,11,0,"2","W","1","Y","YEWA","Northern Yellow Warbler",NA,NA,NA,NA,NA,NA,NA,NA,NA,NA,NA,NA,NA,NA,NA,"PE10-07-01-MAG-YEWA",1,2,1,2,"",NA,NA,"",""
"1892","PE","10","PE10","Indian River",7,"PE10-07",46.4654,63.66571,"MAG",2021,6,11,1,"PE10-07-01-MAG","7:38",3,11,0,"2","W","1","Y","AMRO","American Robin",NA,NA,NA,NA,NA,NA,NA,NA,NA,NA,NA,NA,NA,NA,NA,"PE10-07-01-MAG-AMRO",1,1,0,1,"",NA,NA,"",""
"1893","PE","10","PE10","Indian River",7,"PE10-07",46.4654,63.66571,"MAG",2021,6,11,1,"PE10-07-01-MAG","7:38",3,11,0,"2","W","1","Y","CEDW","Cedar Waxwing",NA,NA,NA,NA,NA,NA,NA,NA,NA,NA,NA,NA,NA,NA,NA,"PE10-07-01-MAG-CEDW",0,0,0,0,"OF",NA,NA,"",""
"1894","PE","10","PE10","Indian River",7,"PE10-07",46.4654,63.66571,"MAG",2021,6,11,1,"PE10-07-01-MAG","7:38",3,11,0,"2","W","1","Y","NOPA","Northern Parula",NA,NA,NA,NA,NA,NA,NA,NA,NA,NA,NA,NA,NA,NA,NA,"PE10-07-01-MAG-NOPA",0,2,2,2,"",NA,NA,"",""
"1895","PE","10","PE10","Indian River",7,"PE10-07",46.4654,63.66571,"MAG",2021,6,11,1,"PE10-07-01-MAG","7:38",3,11,0,"2","W","1","Y","NOFL","Northern Flicker",NA,NA,NA,NA,NA,NA,NA,NA,NA,NA,NA,NA,NA,NA,NA,"PE10-07-01-MAG-NOFL",0,1,0,1,"",NA,NA,"",""
"1896","PE","10","PE10","Indian River",7,"PE10-07",46.4654,63.66571,"MAG",2021,6,11,1,"PE10-07-01-MAG","7:38",3,11,0,"2","W","1","Y","YRWA","Yellow-rumped Warbler",NA,NA,NA,NA,NA,NA,NA,NA,NA,NA,NA,NA,NA,NA,NA,"PE10-07-01-MAG-YRWA",0,0,1,1,"",NA,NA,"",""
"1897","PE","10","PE10","Indian River",7,"PE10-07",46.4654,63.66571,"MAG",2021,6,11,1,"PE10-07-01-MAG","7:38",3,11,0,"2","W","1","Y","SWSP","Swamp Sparrow",NA,NA,NA,NA,NA,NA,NA,NA,NA,NA,NA,NA,NA,NA,NA,"PE10-07-01-MAG-SWSP",0,0,1,1,"",NA,NA,"",""
"1898","PE","10","PE10","Indian River",1,"PE10-01",46.45948,63.67288,"MAG",2021,7,12,2,"PE10-01-02-MAG","5:31",5,18,0,"2","N","3","Y","YEWA","Northern Yellow Warbler",NA,NA,NA,NA,NA,NA,NA,NA,NA,NA,NA,NA,NA,NA,NA,"PE10-01-02-MAG-YEWA",2,1,1,2,"",NA,NA,"",""
"1899","PE","10","PE10","Indian River",1,"PE10-01",46.45948,63.67288,"MAG",2021,7,12,2,"PE10-01-02-MAG","5:31",5,18,0,"2","N","3","Y","RWBL","Red-winged Blackbird",NA,NA,NA,NA,NA,NA,NA,NA,NA,NA,NA,NA,NA,NA,NA,"PE10-01-02-MAG-RWBL",2,3,2,3,"",NA,NA,"",""
"1900","PE","10","PE10","Indian River",1,"PE10-01",46.45948,63.67288,"MAG",2021,7,12,2,"PE10-01-02-MAG","5:31",5,18,0,"2","N","3","Y","MODO","Mourning Dove",NA,NA,NA,NA,NA,NA,NA,NA,NA,NA,NA,NA,NA,NA,NA,"PE10-01-02-MAG-MODO",1,0,0,1,"",NA,NA,"",""
"1901","PE","10","PE10","Indian River",1,"PE10-01",46.45948,63.67288,"MAG",2021,7,12,2,"PE10-01-02-MAG","5:31",5,18,0,"2","N","3","Y","COYE","Common Yellowthroat",NA,NA,NA,NA,NA,NA,NA,NA,NA,NA,NA,NA,NA,NA,NA,"PE10-01-02-MAG-COYE",1,1,1,1,"",NA,NA,"",""
"1902","PE","10","PE10","Indian River",1,"PE10-01",46.45948,63.67288,"MAG",2021,7,12,2,"PE10-01-02-MAG","5:31",5,18,0,"2","N","3","Y","SWSP","Swamp Sparrow",NA,NA,NA,NA,NA,NA,NA,NA,NA,NA,NA,NA,NA,NA,NA,"PE10-01-02-MAG-SWSP",0,2,0,2,"",NA,NA,"",""
"1903","PE","10","PE10","Indian River",1,"PE10-01",46.45948,63.67288,"MAG",2021,7,12,2,"PE10-01-02-MAG","5:31",5,18,0,"2","N","3","Y","GBHE","Great Blue Heron",NA,NA,NA,NA,NA,NA,NA,NA,NA,NA,NA,NA,NA,NA,NA,"PE10-01-02-MAG-GBHE",0,0,1,1,"",NA,NA,"",""
"1904","PE","10","PE10","Indian River",2,"PE10-02",46.4587,63.67088,"MAG",2021,7,12,2,"PE10-02-02-MAG","5:52",10,18,0,"3","N","2","Y","RWBL","Red-winged Blackbird",NA,NA,NA,NA,NA,NA,NA,NA,NA,NA,NA,NA,NA,NA,NA,"PE10-02-02-MAG-RWBL",4,4,4,4,"",NA,NA,"",""
"1905","PE","10","PE10","Indian River",2,"PE10-02",46.4587,63.67088,"MAG",2021,7,12,2,"PE10-02-02-MAG","5:52",10,18,0,"3","N","2","Y","SWSP","Swamp Sparrow",NA,NA,NA,NA,NA,NA,NA,NA,NA,NA,NA,NA,NA,NA,NA,"PE10-02-02-MAG-SWSP",1,3,3,3,"",NA,NA,"",""
"1906","PE","10","PE10","Indian River",2,"PE10-02",46.4587,63.67088,"MAG",2021,7,12,2,"PE10-02-02-MAG","5:52",10,18,0,"3","N","2","Y","YEWA","Northern Yellow Warbler",NA,NA,NA,NA,NA,NA,NA,NA,NA,NA,NA,NA,NA,NA,NA,"PE10-02-02-MAG-YEWA",1,0,0,1,"",NA,NA,"",""
"1907","PE","10","PE10","Indian River",2,"PE10-02",46.4587,63.67088,"MAG",2021,7,12,2,"PE10-02-02-MAG","5:52",10,18,0,"3","N","2","Y","ABDU","American Black Duck",NA,NA,NA,NA,NA,NA,NA,NA,NA,NA,NA,NA,NA,NA,NA,"PE10-02-02-MAG-ABDU",0,0,0,0,"OF",NA,NA,"",""
"1908","PE","10","PE10","Indian River",2,"PE10-02",46.4587,63.67088,"MAG",2021,7,12,2,"PE10-02-02-MAG","5:52",10,18,0,"3","N","2","Y","CEDW","Cedar Waxwing",NA,NA,NA,NA,NA,NA,NA,NA,NA,NA,NA,NA,NA,NA,NA,"PE10-02-02-MAG-CEDW",0,0,0,0,"OF",NA,NA,"",""
"1909","PE","10","PE10","Indian River",2,"PE10-02",46.4587,63.67088,"MAG",2021,7,12,2,"PE10-02-02-MAG","5:52",10,18,0,"3","N","2","Y","MALL","Mallard",NA,NA,NA,NA,NA,NA,NA,NA,NA,NA,NA,NA,NA,NA,NA,"PE10-02-02-MAG-MALL",0,0,0,0,"OF",NA,NA,"",""
"1910","PE","10","PE10","Indian River",3,"PE10-03",46.45942,63.66912,"MAG",2021,7,12,2,"PE10-03-02-MAG","6:14",8,18,0,"2","N","1","Y","RWBL","Red-winged Blackbird",NA,NA,NA,NA,NA,NA,NA,NA,NA,NA,NA,NA,NA,NA,NA,"PE10-03-02-MAG-RWBL",3,2,3,3,"",NA,NA,"",""
"1911","PE","10","PE10","Indian River",3,"PE10-03",46.45942,63.66912,"MAG",2021,7,12,2,"PE10-03-02-MAG","6:14",8,18,0,"2","N","1","Y","SWSP","Swamp Sparrow",NA,NA,NA,NA,NA,NA,NA,NA,NA,NA,NA,NA,NA,NA,NA,"PE10-03-02-MAG-SWSP",2,3,4,4,"",NA,NA,"",""
"1912","PE","10","PE10","Indian River",3,"PE10-03",46.45942,63.66912,"MAG",2021,7,12,2,"PE10-03-02-MAG","6:14",8,18,0,"2","N","1","Y","COYE","Common Yellowthroat",NA,NA,NA,NA,NA,NA,NA,NA,NA,NA,NA,NA,NA,NA,NA,"PE10-03-02-MAG-COYE",0,1,0,1,"",NA,NA,"",""
"1913","PE","10","PE10","Indian River",3,"PE10-03",46.45942,63.66912,"MAG",2021,7,12,2,"PE10-03-02-MAG","6:14",8,18,0,"2","N","1","Y","MALL","Mallard",NA,NA,NA,NA,NA,NA,NA,NA,NA,NA,NA,NA,NA,NA,NA,"PE10-03-02-MAG-MALL",0,0,0,0,"OF",NA,NA,"",""
"1914","PE","10","PE10","Indian River",3,"PE10-03",46.45942,63.66912,"MAG",2021,7,12,2,"PE10-03-02-MAG","6:14",8,18,0,"2","N","1","Y","CEDW","Cedar Waxwing",NA,NA,NA,NA,NA,NA,NA,NA,NA,NA,NA,NA,NA,NA,NA,"PE10-03-02-MAG-CEDW",0,0,1,1,"OF",NA,NA,"",""
"1915","PE","10","PE10","Indian River",4,"PE10-04",46.46076,63.66719,"MAG",2021,7,12,2,"PE10-04-02-MAG","6:33",1,18,0,"3","N","1","Y","SWSP","Swamp Sparrow",NA,NA,NA,NA,NA,NA,NA,NA,NA,NA,NA,NA,NA,NA,NA,"PE10-04-02-MAG-SWSP",4,4,4,4,"",NA,NA,"",""
"1916","PE","10","PE10","Indian River",4,"PE10-04",46.46076,63.66719,"MAG",2021,7,12,2,"PE10-04-02-MAG","6:33",1,18,0,"3","N","1","Y","RWBL","Red-winged Blackbird",NA,NA,NA,NA,NA,NA,NA,NA,NA,NA,NA,NA,NA,NA,NA,"PE10-04-02-MAG-RWBL",4,2,3,4,"",NA,NA,"",""
"1917","PE","10","PE10","Indian River",4,"PE10-04",46.46076,63.66719,"MAG",2021,7,12,2,"PE10-04-02-MAG","6:33",1,18,0,"3","N","1","Y","COYE","Common Yellowthroat",NA,NA,NA,NA,NA,NA,NA,NA,NA,NA,NA,NA,NA,NA,NA,"PE10-04-02-MAG-COYE",1,1,1,1,"",NA,NA,"",""
"1918","PE","10","PE10","Indian River",4,"PE10-04",46.46076,63.66719,"MAG",2021,7,12,2,"PE10-04-02-MAG","6:33",1,18,0,"3","N","1","Y","BWWA","Blue-winged Warbler",NA,NA,NA,NA,NA,NA,NA,NA,NA,NA,NA,NA,NA,NA,NA,"PE10-04-02-MAG-BWWA",1,1,0,1,"",NA,NA,"",""
"1919","PE","10","PE10","Indian River",4,"PE10-04",46.46076,63.66719,"MAG",2021,7,12,2,"PE10-04-02-MAG","6:33",1,18,0,"3","N","1","Y","CEDW","Cedar Waxwing",NA,NA,NA,NA,NA,NA,NA,NA,NA,NA,NA,NA,NA,NA,NA,"PE10-04-02-MAG-CEDW",0,0,0,0,"OF",NA,NA,"",""
"1920","PE","10","PE10","Indian River",4,"PE10-04",46.46076,63.66719,"MAG",2021,7,12,2,"PE10-04-02-MAG","6:33",1,18,0,"3","N","1","Y","ALFL","Alder Flycatcher",NA,NA,NA,NA,NA,NA,NA,NA,NA,NA,NA,NA,NA,NA,NA,"PE10-04-02-MAG-ALFL",0,2,0,2,"",NA,NA,"",""
"1921","PE","10","PE10","Indian River",4,"PE10-04",46.46076,63.66719,"MAG",2021,7,12,2,"PE10-04-02-MAG","6:33",1,18,0,"3","N","1","Y","REVI","Red-eyed Vireo",NA,NA,NA,NA,NA,NA,NA,NA,NA,NA,NA,NA,NA,NA,NA,"PE10-04-02-MAG-REVI",0,0,1,1,"",NA,NA,"",""
"1922","PE","10","PE10","Indian River",5,"PE10-05",46.46285,63.66719,"MAG",2021,7,12,2,"PE10-05-02-MAG","6:54",2,18,0,"3","N","1","Y","COYE","Common Yellowthroat",NA,NA,NA,NA,NA,NA,NA,NA,NA,NA,NA,NA,NA,NA,NA,"PE10-05-02-MAG-COYE",3,3,2,3,"",NA,NA,"",""
"1923","PE","10","PE10","Indian River",5,"PE10-05",46.46285,63.66719,"MAG",2021,7,12,2,"PE10-05-02-MAG","6:54",2,18,0,"3","N","1","Y","SWSP","Swamp Sparrow",NA,NA,NA,NA,NA,NA,NA,NA,NA,NA,NA,NA,NA,NA,NA,"PE10-05-02-MAG-SWSP",2,2,3,3,"",NA,NA,"",""
"1924","PE","10","PE10","Indian River",5,"PE10-05",46.46285,63.66719,"MAG",2021,7,12,2,"PE10-05-02-MAG","6:54",2,18,0,"3","N","1","Y","YEWA","Northern Yellow Warbler",NA,NA,NA,NA,NA,NA,NA,NA,NA,NA,NA,NA,NA,NA,NA,"PE10-05-02-MAG-YEWA",0,1,1,1,"",NA,NA,"",""
"1925","PE","10","PE10","Indian River",5,"PE10-05",46.46285,63.66719,"MAG",2021,7,12,2,"PE10-05-02-MAG","6:54",2,18,0,"3","N","1","Y","EAWP","Eastern Wood-Pewee",NA,NA,NA,NA,NA,NA,NA,NA,NA,NA,NA,NA,NA,NA,NA,"PE10-05-02-MAG-EAWP",1,0,0,1,"",NA,NA,"",">100m, Written as EWPE, assumed EAWP"
"1926","PE","10","PE10","Indian River",6,"PE10-06",46.46527,63.6613,"MAG",2021,7,12,2,"PE10-06-02-MAG","7:22",3,18,0,"2","N","1","Y","YRWA","Yellow-rumped Warbler",NA,NA,NA,NA,NA,NA,NA,NA,NA,NA,NA,NA,NA,NA,NA,"PE10-06-02-MAG-YRWA",1,1,1,1,"",NA,NA,"",""
"1927","PE","10","PE10","Indian River",6,"PE10-06",46.46527,63.6613,"MAG",2021,7,12,2,"PE10-06-02-MAG","7:22",3,18,0,"2","N","1","Y","REVI","Red-eyed Vireo",NA,NA,NA,NA,NA,NA,NA,NA,NA,NA,NA,NA,NA,NA,NA,"PE10-06-02-MAG-REVI",1,0,1,1,"",NA,NA,"",""
"1928","PE","10","PE10","Indian River",6,"PE10-06",46.46527,63.6613,"MAG",2021,7,12,2,"PE10-06-02-MAG","7:22",3,18,0,"2","N","1","Y","YBSA","Yellow-bellied Sapsucker",NA,NA,NA,NA,NA,NA,NA,NA,NA,NA,NA,NA,NA,NA,NA,"PE10-06-02-MAG-YBSA",1,0,0,1,"",NA,NA,"",""
"1929","PE","10","PE10","Indian River",6,"PE10-06",46.46527,63.6613,"MAG",2021,7,12,2,"PE10-06-02-MAG","7:22",3,18,0,"2","N","1","Y","MALL","Mallard",NA,NA,NA,NA,NA,NA,NA,NA,NA,NA,NA,NA,NA,NA,NA,"PE10-06-02-MAG-MALL",1,0,0,1,"",NA,NA,"","YOY"
"1930","PE","10","PE10","Indian River",6,"PE10-06",46.46527,63.6613,"MAG",2021,7,12,2,"PE10-06-02-MAG","7:22",3,18,0,"2","N","1","Y","DEJU","Dark-eyed Junco",NA,NA,NA,NA,NA,NA,NA,NA,NA,NA,NA,NA,NA,NA,NA,"PE10-06-02-MAG-DEJU",1,1,1,1,"",NA,NA,"",""
"1931","PE","10","PE10","Indian River",6,"PE10-06",46.46527,63.6613,"MAG",2021,7,12,2,"PE10-06-02-MAG","7:22",3,18,0,"2","N","1","Y","SWSP","Swamp Sparrow",NA,NA,NA,NA,NA,NA,NA,NA,NA,NA,NA,NA,NA,NA,NA,"PE10-06-02-MAG-SWSP",1,1,0,1,"",NA,NA,"",""
"1932","PE","10","PE10","Indian River",6,"PE10-06",46.46527,63.6613,"MAG",2021,7,12,2,"PE10-06-02-MAG","7:22",3,18,0,"2","N","1","Y","BLJA","Blue Jay",NA,NA,NA,NA,NA,NA,NA,NA,NA,NA,NA,NA,NA,NA,NA,"PE10-06-02-MAG-BLJA",1,2,1,2,"",NA,NA,"",""
"1933","PE","10","PE10","Indian River",6,"PE10-06",46.46527,63.6613,"MAG",2021,7,12,2,"PE10-06-02-MAG","7:22",3,18,0,"2","N","1","Y","NOFL","Northern Flicker",NA,NA,NA,NA,NA,NA,NA,NA,NA,NA,NA,NA,NA,NA,NA,"PE10-06-02-MAG-NOFL",1,1,0,1,"",NA,NA,"",""
"1934","PE","10","PE10","Indian River",6,"PE10-06",46.46527,63.6613,"MAG",2021,7,12,2,"PE10-06-02-MAG","7:22",3,18,0,"2","N","1","Y","AMRO","American Robin",NA,NA,NA,NA,NA,NA,NA,NA,NA,NA,NA,NA,NA,NA,NA,"PE10-06-02-MAG-AMRO",0,1,2,2,"",NA,NA,"",""
"1935","PE","10","PE10","Indian River",6,"PE10-06",46.46527,63.6613,"MAG",2021,7,12,2,"PE10-06-02-MAG","7:22",3,18,0,"2","N","1","Y","ALFL","Alder Flycatcher",NA,NA,NA,NA,NA,NA,NA,NA,NA,NA,NA,NA,NA,NA,NA,"PE10-06-02-MAG-ALFL",0,0,1,1,"",NA,NA,"",""
"1936","PE","10","PE10","Indian River",6,"PE10-06",46.46527,63.6613,"MAG",2021,7,12,2,"PE10-06-02-MAG","7:22",3,18,0,"2","N","1","Y","BWWA","Blue-winged Warbler",NA,NA,NA,NA,NA,NA,NA,NA,NA,NA,NA,NA,NA,NA,NA,"PE10-06-02-MAG-BWWA",0,0,1,1,"",NA,NA,"",""
"1937","PE","10","PE10","Indian River",6,"PE10-06",46.46527,63.6613,"MAG",2021,7,12,2,"PE10-06-02-MAG","7:22",3,18,0,"2","N","1","Y","BCCH","Black-capped Chickadee",NA,NA,NA,NA,NA,NA,NA,NA,NA,NA,NA,NA,NA,NA,NA,"PE10-06-02-MAG-BCCH",0,0,1,1,"",NA,NA,"",""
"1938","PE","10","PE10","Indian River",7,"PE10-07",46.4654,63.66571,"MAG",2021,7,12,2,"PE10-07-02-MAG","7:47",5,18,0,"2","N","1","Y","SWSP","Swamp Sparrow",NA,NA,NA,NA,NA,NA,NA,NA,NA,NA,NA,NA,NA,NA,NA,"PE10-07-02-MAG-SWSP",3,4,4,4,"",NA,NA,"",""
"1939","PE","10","PE10","Indian River",7,"PE10-07",46.4654,63.66571,"MAG",2021,7,12,2,"PE10-07-02-MAG","7:47",5,18,0,"2","N","1","Y","REVI","Red-eyed Vireo",NA,NA,NA,NA,NA,NA,NA,NA,NA,NA,NA,NA,NA,NA,NA,"PE10-07-02-MAG-REVI",1,1,1,1,"",NA,NA,"",""
"1940","PE","10","PE10","Indian River",7,"PE10-07",46.4654,63.66571,"MAG",2021,7,12,2,"PE10-07-02-MAG","7:47",5,18,0,"2","N","1","Y","RBNU","Red-breasted Nuthatch",NA,NA,NA,NA,NA,NA,NA,NA,NA,NA,NA,NA,NA,NA,NA,"PE10-07-02-MAG-RBNU",1,0,0,1,"",NA,NA,"",""
"1941","PE","10","PE10","Indian River",7,"PE10-07",46.4654,63.66571,"MAG",2021,7,12,2,"PE10-07-02-MAG","7:47",5,18,0,"2","N","1","Y","RWBL","Red-winged Blackbird",NA,NA,NA,NA,NA,NA,NA,NA,NA,NA,NA,NA,NA,NA,NA,"PE10-07-02-MAG-RWBL",3,3,3,3,"",NA,NA,"",""
"1942","PE","10","PE10","Indian River",7,"PE10-07",46.4654,63.66571,"MAG",2021,7,12,2,"PE10-07-02-MAG","7:47",5,18,0,"2","N","1","Y","YRWA","Yellow-rumped Warbler",NA,NA,NA,NA,NA,NA,NA,NA,NA,NA,NA,NA,NA,NA,NA,"PE10-07-02-MAG-YRWA",1,0,1,1,"",NA,NA,"",""
"1943","PE","10","PE10","Indian River",7,"PE10-07",46.4654,63.66571,"MAG",2021,7,12,2,"PE10-07-02-MAG","7:47",5,18,0,"2","N","1","Y","CEDW","Cedar Waxwing",NA,NA,NA,NA,NA,NA,NA,NA,NA,NA,NA,NA,NA,NA,NA,"PE10-07-02-MAG-CEDW",2,0,1,2,"",NA,NA,"",""
"1944","PE","10","PE10","Indian River",7,"PE10-07",46.4654,63.66571,"MAG",2021,7,12,2,"PE10-07-02-MAG","7:47",5,18,0,"2","N","1","Y","YEWA","Northern Yellow Warbler",NA,NA,NA,NA,NA,NA,NA,NA,NA,NA,NA,NA,NA,NA,NA,"PE10-07-02-MAG-YEWA",3,2,3,3,"",NA,NA,"",""
"1945","PE","10","PE10","Indian River",7,"PE10-07",46.4654,63.66571,"MAG",2021,7,12,2,"PE10-07-02-MAG","7:47",5,18,0,"2","N","1","Y","COYE","Common Yellowthroat",NA,NA,NA,NA,NA,NA,NA,NA,NA,NA,NA,NA,NA,NA,NA,"PE10-07-02-MAG-COYE",0,0,1,1,"",NA,NA,"",""
"1946","PE","07","PE07","Portage",1,"PE07-01",46.66426,64.05667,"MAG",2021,6,3,1,"PE07-01-01-MAG","6:31",4,14,0,"1",NA,"3","Y","COYE","Common Yellowthroat",NA,NA,NA,NA,NA,NA,NA,NA,NA,NA,NA,NA,NA,NA,NA,"PE07-01-01-MAG-COYE",3,3,3,3,"",NA,NA,"",""
"1947","PE","07","PE07","Portage",1,"PE07-01",46.66426,64.05667,"MAG",2021,6,3,1,"PE07-01-01-MAG","6:31",4,14,0,"1",NA,"3","Y","AMRE","American Redstart",NA,NA,NA,NA,NA,NA,NA,NA,NA,NA,NA,NA,NA,NA,NA,"PE07-01-01-MAG-AMRE",4,4,4,4,"",NA,NA,"",""
"1948","PE","07","PE07","Portage",1,"PE07-01",46.66426,64.05667,"MAG",2021,6,3,1,"PE07-01-01-MAG","6:31",4,14,0,"1",NA,"3","Y","REVI","Red-eyed Vireo",NA,NA,NA,NA,NA,NA,NA,NA,NA,NA,NA,NA,NA,NA,NA,"PE07-01-01-MAG-REVI",2,3,2,3,"",NA,NA,"",""
"1949","PE","07","PE07","Portage",1,"PE07-01",46.66426,64.05667,"MAG",2021,6,3,1,"PE07-01-01-MAG","6:31",4,14,0,"1",NA,"3","Y","SWSP","Swamp Sparrow",NA,NA,NA,NA,NA,NA,NA,NA,NA,NA,NA,NA,NA,NA,NA,"PE07-01-01-MAG-SWSP",1,1,0,1,"",NA,NA,"",""
"1950","PE","07","PE07","Portage",1,"PE07-01",46.66426,64.05667,"MAG",2021,6,3,1,"PE07-01-01-MAG","6:31",4,14,0,"1",NA,"3","Y","AMRO","American Robin",NA,NA,NA,NA,NA,NA,NA,NA,NA,NA,NA,NA,NA,NA,NA,"PE07-01-01-MAG-AMRO",2,1,1,2,"",NA,NA,"",""
"1951","PE","07","PE07","Portage",1,"PE07-01",46.66426,64.05667,"MAG",2021,6,3,1,"PE07-01-01-MAG","6:31",4,14,0,"1",NA,"3","Y","RWBL","Red-winged Blackbird",NA,NA,NA,NA,NA,NA,NA,NA,NA,NA,NA,NA,NA,NA,NA,"PE07-01-01-MAG-RWBL",2,3,2,3,"",NA,NA,"",""
"1952","PE","07","PE07","Portage",1,"PE07-01",46.66426,64.05667,"MAG",2021,6,3,1,"PE07-01-01-MAG","6:31",4,14,0,"1",NA,"3","Y","YEWA","Northern Yellow Warbler",NA,NA,NA,NA,NA,NA,NA,NA,NA,NA,NA,NA,NA,NA,NA,"PE07-01-01-MAG-YEWA",0,1,1,1,"",NA,NA,"","Written YEWR, assumed YEWA"
"1953","PE","07","PE07","Portage",1,"PE07-01",46.66426,64.05667,"MAG",2021,6,3,1,"PE07-01-01-MAG","6:31",4,14,0,"1",NA,"3","Y","ALFL","Alder Flycatcher",NA,NA,NA,NA,NA,NA,NA,NA,NA,NA,NA,NA,NA,NA,NA,"PE07-01-01-MAG-ALFL",0,0,1,1,"",NA,NA,"",""
"1954","PE","07","PE07","Portage",1,"PE07-01",46.66426,64.05667,"MAG",2021,6,3,1,"PE07-01-01-MAG","6:31",4,14,0,"1",NA,"3","Y","COGR","Common Grackle",NA,NA,NA,NA,NA,NA,NA,NA,NA,NA,NA,NA,NA,NA,NA,"PE07-01-01-MAG-COGR",0,0,0,0,"OF",NA,NA,"","Written as GRAC, assumed COGR; 3 written in FT column"
"1955","PE","07","PE07","Portage",1,"PE07-01",46.66426,64.05667,"MAG",2021,6,3,1,"PE07-01-01-MAG","6:31",4,14,0,"1",NA,"3","Y","CORA","Common Raven",NA,NA,NA,NA,NA,NA,NA,NA,NA,NA,NA,NA,NA,NA,NA,"PE07-01-01-MAG-CORA",0,0,0,0,"OF",NA,NA,"","1 written in FT column"
"1956","PE","07","PE07","Portage",2,"PE07-02",46.66413,64.05292,"MAG",2021,6,3,1,"PE07-02-01-MAG","6:54",3,15,0,"0",NA,"3","N","AMRE","American Redstart",NA,NA,NA,NA,NA,NA,NA,NA,NA,NA,NA,NA,NA,NA,NA,"PE07-02-01-MAG-AMRE",3,3,3,3,"",NA,NA,"",""
"1957","PE","07","PE07","Portage",2,"PE07-02",46.66413,64.05292,"MAG",2021,6,3,1,"PE07-02-01-MAG","6:54",3,15,0,"0",NA,"3","N","BWWA","Blue-winged Warbler",NA,NA,NA,NA,NA,NA,NA,NA,NA,NA,NA,NA,NA,NA,NA,"PE07-02-01-MAG-BWWA",2,3,2,3,"",NA,NA,"",""
"1958","PE","07","PE07","Portage",2,"PE07-02",46.66413,64.05292,"MAG",2021,6,3,1,"PE07-02-01-MAG","6:54",3,15,0,"0",NA,"3","N","NOPA","Northern Parula",NA,NA,NA,NA,NA,NA,NA,NA,NA,NA,NA,NA,NA,NA,NA,"PE07-02-01-MAG-NOPA",1,2,1,2,"",NA,NA,"",""
"1959","PE","07","PE07","Portage",2,"PE07-02",46.66413,64.05292,"MAG",2021,6,3,1,"PE07-02-01-MAG","6:54",3,15,0,"0",NA,"3","N","DEJU","Dark-eyed Junco",NA,NA,NA,NA,NA,NA,NA,NA,NA,NA,NA,NA,NA,NA,NA,"PE07-02-01-MAG-DEJU",1,0,0,1,"",NA,NA,"",""
"1960","PE","07","PE07","Portage",2,"PE07-02",46.66413,64.05292,"MAG",2021,6,3,1,"PE07-02-01-MAG","6:54",3,15,0,"0",NA,"3","N","MAWA","Magnolia Warbler",NA,NA,NA,NA,NA,NA,NA,NA,NA,NA,NA,NA,NA,NA,NA,"PE07-02-01-MAG-MAWA",2,1,0,2,"",NA,NA,"",""
"1961","PE","07","PE07","Portage",2,"PE07-02",46.66413,64.05292,"MAG",2021,6,3,1,"PE07-02-01-MAG","6:54",3,15,0,"0",NA,"3","N","ALFL","Alder Flycatcher",NA,NA,NA,NA,NA,NA,NA,NA,NA,NA,NA,NA,NA,NA,NA,"PE07-02-01-MAG-ALFL",3,4,4,4,"",NA,NA,"",""
"1962","PE","07","PE07","Portage",2,"PE07-02",46.66413,64.05292,"MAG",2021,6,3,1,"PE07-02-01-MAG","6:54",3,15,0,"0",NA,"3","N","YEWA","Northern Yellow Warbler",NA,NA,NA,NA,NA,NA,NA,NA,NA,NA,NA,NA,NA,NA,NA,"PE07-02-01-MAG-YEWA",3,3,3,3,"",NA,NA,"",""
"1963","PE","07","PE07","Portage",2,"PE07-02",46.66413,64.05292,"MAG",2021,6,3,1,"PE07-02-01-MAG","6:54",3,15,0,"0",NA,"3","N","SWSP","Swamp Sparrow",NA,NA,NA,NA,NA,NA,NA,NA,NA,NA,NA,NA,NA,NA,NA,"PE07-02-01-MAG-SWSP",1,2,1,2,"",NA,NA,"",""
"1964","PE","07","PE07","Portage",2,"PE07-02",46.66413,64.05292,"MAG",2021,6,3,1,"PE07-02-01-MAG","6:54",3,15,0,"0",NA,"3","N","RNDU","Ring-necked Duck",NA,NA,NA,NA,NA,NA,NA,NA,NA,NA,NA,NA,NA,NA,NA,"PE07-02-01-MAG-RNDU",2,2,2,2,"",NA,NA,"","pair"
"1965","PE","07","PE07","Portage",2,"PE07-02",46.66413,64.05292,"MAG",2021,6,3,1,"PE07-02-01-MAG","6:54",3,15,0,"0",NA,"3","N","YRWA","Yellow-rumped Warbler",NA,NA,NA,NA,NA,NA,NA,NA,NA,NA,NA,NA,NA,NA,NA,"PE07-02-01-MAG-YRWA",1,1,1,1,"",NA,NA,"",""
"1966","PE","07","PE07","Portage",2,"PE07-02",46.66413,64.05292,"MAG",2021,6,3,1,"PE07-02-01-MAG","6:54",3,15,0,"0",NA,"3","N","WTSP","White-throated Sparrow",NA,NA,NA,NA,NA,NA,NA,NA,NA,NA,NA,NA,NA,NA,NA,"PE07-02-01-MAG-WTSP",0,1,0,1,"",NA,NA,"",""
"1967","PE","07","PE07","Portage",2,"PE07-02",46.66413,64.05292,"MAG",2021,6,3,1,"PE07-02-01-MAG","6:54",3,15,0,"0",NA,"3","N","RWBL","Red-winged Blackbird",NA,NA,NA,NA,NA,NA,NA,NA,NA,NA,NA,NA,NA,NA,NA,"PE07-02-01-MAG-RWBL",0,1,0,1,"",NA,NA,"",""
"1968","PE","07","PE07","Portage",2,"PE07-02",46.66413,64.05292,"MAG",2021,6,3,1,"PE07-02-01-MAG","6:54",3,15,0,"0",NA,"3","N","COYE","Common Yellowthroat",NA,NA,NA,NA,NA,NA,NA,NA,NA,NA,NA,NA,NA,NA,NA,"PE07-02-01-MAG-COYE",0,3,3,3,"",NA,NA,"",""
"1969","PE","07","PE07","Portage",2,"PE07-02",46.66413,64.05292,"MAG",2021,6,3,1,"PE07-02-01-MAG","6:54",3,15,0,"0",NA,"3","N","LEYE","Lesser Yellowlegs",NA,NA,NA,NA,NA,NA,NA,NA,NA,NA,NA,NA,NA,NA,NA,"PE07-02-01-MAG-LEYE",0,1,0,1,"",NA,NA,"",""
"1970","PE","07","PE07","Portage",2,"PE07-02",46.66413,64.05292,"MAG",2021,6,3,1,"PE07-02-01-MAG","6:54",3,15,0,"0",NA,"3","N","WISN","Wilson's Snipe",NA,NA,NA,NA,NA,NA,NA,NA,NA,NA,NA,NA,NA,NA,NA,"PE07-02-01-MAG-WISN",0,1,0,1,"",NA,NA,"",""
"1971","PE","07","PE07","Portage",2,"PE07-02",46.66413,64.05292,"MAG",2021,6,3,1,"PE07-02-01-MAG","6:54",3,15,0,"0",NA,"3","N","AGOL","American Goldfinch",NA,NA,NA,NA,NA,NA,NA,NA,NA,NA,NA,NA,NA,NA,NA,"PE07-02-01-MAG-AMGO",0,0,0,0,"OF",NA,NA,"","3 marked in FT column"
"1972","PE","07","PE07","Portage",2,"PE07-02",46.66413,64.05292,"MAG",2021,6,3,1,"PE07-02-01-MAG","6:54",3,15,0,"0",NA,"3","N","AMRO","American Robin",NA,NA,NA,NA,NA,NA,NA,NA,NA,NA,NA,NA,NA,NA,NA,"PE07-02-01-MAG-AMRO",0,1,1,1,"",NA,NA,"",""
"1973","PE","07","PE07","Portage",2,"PE07-02",46.66413,64.05292,"MAG",2021,6,3,1,"PE07-02-01-MAG","6:54",3,15,0,"0",NA,"3","N","BLJA","Blue Jay",NA,NA,NA,NA,NA,NA,NA,NA,NA,NA,NA,NA,NA,NA,NA,"PE07-02-01-MAG-BLJA",0,0,1,1,"",NA,NA,"",""
"1974","PE","07","PE07","Portage",1,"PE07-01",46.66426,64.05667,"MAG",2021,7,13,2,"PE07-01-02-MAG","6:11",0,10,0,"0",NA,"3","N","REVI","Red-eyed Vireo",NA,NA,NA,NA,NA,NA,NA,NA,NA,NA,NA,NA,NA,NA,NA,"PE07-01-02-MAG-REVI",2,2,2,2,"",NA,NA,"",""
"1975","PE","07","PE07","Portage",1,"PE07-01",46.66426,64.05667,"MAG",2021,7,13,2,"PE07-01-02-MAG","6:11",0,10,0,"0",NA,"3","N","SWSP","Swamp Sparrow",NA,NA,NA,NA,NA,NA,NA,NA,NA,NA,NA,NA,NA,NA,NA,"PE07-01-02-MAG-SWSP",3,3,3,3,"",NA,NA,"",""
"1976","PE","07","PE07","Portage",1,"PE07-01",46.66426,64.05667,"MAG",2021,7,13,2,"PE07-01-02-MAG","6:11",0,10,0,"0",NA,"3","N","AMRO","American Robin",NA,NA,NA,NA,NA,NA,NA,NA,NA,NA,NA,NA,NA,NA,NA,"PE07-01-02-MAG-AMRO",1,1,1,1,"",NA,NA,"",""
"1977","PE","07","PE07","Portage",1,"PE07-01",46.66426,64.05667,"MAG",2021,7,13,2,"PE07-01-02-MAG","6:11",0,10,0,"0",NA,"3","N","YEWA","Northern Yellow Warbler",NA,NA,NA,NA,NA,NA,NA,NA,NA,NA,NA,NA,NA,NA,NA,"PE07-01-02-MAG-YEWA",2,1,2,2,"",NA,NA,"",""
"1978","PE","07","PE07","Portage",1,"PE07-01",46.66426,64.05667,"MAG",2021,7,13,2,"PE07-01-02-MAG","6:11",0,10,0,"0",NA,"3","N","CEDW","Cedar Waxwing",NA,NA,NA,NA,NA,NA,NA,NA,NA,NA,NA,NA,NA,NA,NA,"PE07-01-02-MAG-CEDW",1,2,2,2,"",NA,NA,"",""
"1979","PE","07","PE07","Portage",2,"PE07-02",46.66413,64.05292,"MAG",2021,7,13,2,"PE07-02-02-MAG","6:30",0,10,0,"0",NA,"3","N","AMRO","American Robin",NA,NA,NA,NA,NA,NA,NA,NA,NA,NA,NA,NA,NA,NA,NA,"PE07-02-02-MAG-AMRO",2,1,1,2,"",NA,NA,"",""
"1980","PE","07","PE07","Portage",2,"PE07-02",46.66413,64.05292,"MAG",2021,7,13,2,"PE07-02-02-MAG","6:30",0,10,0,"0",NA,"3","N","SWSP","Swamp Sparrow",NA,NA,NA,NA,NA,NA,NA,NA,NA,NA,NA,NA,NA,NA,NA,"PE07-02-02-MAG-SWSP",2,2,2,2,"",NA,NA,"",""
"1981","PE","07","PE07","Portage",2,"PE07-02",46.66413,64.05292,"MAG",2021,7,13,2,"PE07-02-02-MAG","6:30",0,10,0,"0",NA,"3","N","YEWA","Northern Yellow Warbler",NA,NA,NA,NA,NA,NA,NA,NA,NA,NA,NA,NA,NA,NA,NA,"PE07-02-02-MAG-YEWA",2,2,2,2,"",NA,NA,"",""
"1982","PE","07","PE07","Portage",2,"PE07-02",46.66413,64.05292,"MAG",2021,7,13,2,"PE07-02-02-MAG","6:30",0,10,0,"0",NA,"3","N","REVI","Red-eyed Vireo",NA,NA,NA,NA,NA,NA,NA,NA,NA,NA,NA,NA,NA,NA,NA,"PE07-02-02-MAG-REVI",1,0,0,1,"",NA,NA,"",""
"1983","PE","07","PE07","Portage",2,"PE07-02",46.66413,64.05292,"MAG",2021,7,13,2,"PE07-02-02-MAG","6:30",0,10,0,"0",NA,"3","N","BWWA","Blue-winged Warbler",NA,NA,NA,NA,NA,NA,NA,NA,NA,NA,NA,NA,NA,NA,NA,"PE07-02-02-MAG-BWWA",1,0,0,1,"",NA,NA,"",""
"1984","PE","07","PE07","Portage",2,"PE07-02",46.66413,64.05292,"MAG",2021,7,13,2,"PE07-02-02-MAG","6:30",0,10,0,"0",NA,"3","N","ALFL","Alder Flycatcher",NA,NA,NA,NA,NA,NA,NA,NA,NA,NA,NA,NA,NA,NA,NA,"PE07-02-02-MAG-ALFL",2,2,0,2,"",NA,NA,"",""
"1985","PE","07","PE07","Portage",2,"PE07-02",46.66413,64.05292,"MAG",2021,7,13,2,"PE07-02-02-MAG","6:30",0,10,0,"0",NA,"3","N","CSWA","Chestnut-sided Warbler",NA,NA,NA,NA,NA,NA,NA,NA,NA,NA,NA,NA,NA,NA,NA,"PE07-02-02-MAG-CSWA",2,2,1,2,"",NA,NA,"",""
"1986","PE","07","PE07","Portage",2,"PE07-02",46.66413,64.05292,"MAG",2021,7,13,2,"PE07-02-02-MAG","6:30",0,10,0,"0",NA,"3","N","COYE","Common Yellowthroat",NA,NA,NA,NA,NA,NA,NA,NA,NA,NA,NA,NA,NA,NA,NA,"PE07-02-02-MAG-COYE",0,0,1,1,"",NA,NA,"",""
"1987","PE","07","PE07","Portage",2,"PE07-02",46.66413,64.05292,"MAG",2021,7,13,2,"PE07-02-02-MAG","6:30",0,10,0,"0",NA,"3","N","RNDU","Ring-necked Duck",NA,NA,NA,NA,NA,NA,NA,NA,NA,NA,NA,NA,NA,NA,NA,"PE07-02-02-MAG-RNDU",0,0,3,3,"",1,NA,"2",""
"1988","NB","36","NB36","Ward Marsh",3,"NB36-03",45.9701,64.34698,"KAP",2021,6,11,1,"NB36-03-01-KAP","6:22",0,8,0,"0",NA,"0","Y","RWBL","Red-winged Blackbird",NA,NA,NA,NA,NA,NA,NA,NA,NA,NA,NA,NA,NA,NA,NA,"NB36-03-01-KAP-RWBL",6,0,0,6,"",NA,NA,"",""
"1989","NB","36","NB36","Ward Marsh",3,"NB36-03",45.9701,64.34698,"KAP",2021,6,11,1,"NB36-03-01-KAP","6:22",0,8,0,"0",NA,"0","Y","CANG","Canada Goose",NA,NA,NA,NA,NA,NA,NA,NA,NA,NA,NA,NA,NA,NA,NA,"NB36-03-01-KAP-CANG",1,0,0,1,"",NA,NA,"",""
"1990","NB","36","NB36","Ward Marsh",3,"NB36-03",45.9701,64.34698,"KAP",2021,6,11,1,"NB36-03-01-KAP","6:22",0,8,0,"0",NA,"0","Y","SWSP","Swamp Sparrow",NA,NA,NA,NA,NA,NA,NA,NA,NA,NA,NA,NA,NA,NA,NA,"NB36-03-01-KAP-SWSP",0,1,0,1,"",NA,NA,"",""
"1991","NB","36","NB36","Ward Marsh",3,"NB36-03",45.9701,64.34698,"KAP",2021,6,11,1,"NB36-03-01-KAP","6:22",0,8,0,"0",NA,"0","Y","TRES","Tree Swallow",NA,NA,NA,NA,NA,NA,NA,NA,NA,NA,NA,NA,NA,NA,NA,"NB36-03-01-KAP-TRES",0,0,20,20,"",NA,NA,"","Written as TRSW, in distance"
"1992","NB","36","NB36","Ward Marsh",3,"NB36-03",45.9701,64.34698,"KAP",2021,6,11,1,"NB36-03-01-KAP","6:22",0,8,0,"0",NA,"0","Y","COLO","Common Loon",NA,NA,NA,NA,NA,NA,NA,NA,NA,NA,NA,NA,NA,NA,NA,"NB36-03-01-KAP-COLO",0,0,1,1,"",NA,NA,"",""
"1993","NB","36","NB36","Ward Marsh",4,"NB36-04",45.9721,64.34375,"KAP",2021,6,11,1,"NB36-04-01-KAP","6:47",0,8,0,"0",NA,"0","Y","COLO","Common Loon",NA,NA,NA,NA,NA,NA,NA,NA,NA,NA,NA,NA,NA,NA,NA,"NB36-04-01-KAP-COLO",1,0,0,1,"",NA,NA,"",""
"1994","NB","36","NB36","Ward Marsh",4,"NB36-04",45.9721,64.34375,"KAP",2021,6,11,1,"NB36-04-01-KAP","6:47",0,8,0,"0",NA,"0","Y","CANG","Canada Goose",NA,NA,NA,NA,NA,NA,NA,NA,NA,NA,NA,NA,NA,NA,NA,"NB36-04-01-KAP-CANG",1,0,2,2,"",NA,NA,"",""
"1995","NB","36","NB36","Ward Marsh",4,"NB36-04",45.9721,64.34375,"KAP",2021,6,11,1,"NB36-04-01-KAP","6:47",0,8,0,"0",NA,"0","Y","RWBL","Red-winged Blackbird",NA,NA,NA,NA,NA,NA,NA,NA,NA,NA,NA,NA,NA,NA,NA,"NB36-04-01-KAP-RWBL",2,3,0,3,"",NA,NA,"",""
"1996","NB","36","NB36","Ward Marsh",4,"NB36-04",45.9721,64.34375,"KAP",2021,6,11,1,"NB36-04-01-KAP","6:47",0,8,0,"0",NA,"0","Y","BWTE","Blue-winged Teal",NA,NA,NA,NA,NA,NA,NA,NA,NA,NA,NA,NA,NA,NA,NA,"NB36-04-01-KAP-BWTE",0,2,0,2,"",NA,NA,"","Written as BWTL, assumed BWTE"
"1997","NB","36","NB36","Ward Marsh",4,"NB36-04",45.9721,64.34375,"KAP",2021,6,11,1,"NB36-04-01-KAP","6:47",0,8,0,"0",NA,"0","Y","TRES","Tree Swallow",NA,NA,NA,NA,NA,NA,NA,NA,NA,NA,NA,NA,NA,NA,NA,"NB36-04-01-KAP-TRES",0,2,0,2,"",NA,NA,"","Written as TRSW"
"1998","NB","36","NB36","Ward Marsh",4,"NB36-04",45.9721,64.34375,"KAP",2021,6,11,1,"NB36-04-01-KAP","6:47",0,8,0,"0",NA,"0","Y","YEWA","Northern Yellow Warbler",NA,NA,NA,NA,NA,NA,NA,NA,NA,NA,NA,NA,NA,NA,NA,"NB36-04-01-KAP-YEWA",0,1,0,1,"",NA,NA,"","Written as YEWB"
"1999","NB","36","NB36","Ward Marsh",4,"NB36-04",45.9721,64.34375,"KAP",2021,6,11,1,"NB36-04-01-KAP","6:47",0,8,0,"0",NA,"0","Y","SWSP","Swamp Sparrow",NA,NA,NA,NA,NA,NA,NA,NA,NA,NA,NA,NA,NA,NA,NA,"NB36-04-01-KAP-SWSP",0,1,0,1,"",NA,NA,"",""
"2000","NB","36","NB36","Ward Marsh",5,"NB36-05",45.97079,64.33791,"KAP",2021,6,11,1,"NB36-05-01-KAP","7:11",0,NA,0,"0",NA,"0","Y","TRES","Tree Swallow",NA,NA,NA,NA,NA,NA,NA,NA,NA,NA,NA,NA,NA,NA,NA,"NB36-05-01-KAP-TRES",1,0,0,1,"",NA,NA,"","Written as TRSW"
"2001","NB","36","NB36","Ward Marsh",5,"NB36-05",45.97079,64.33791,"KAP",2021,6,11,1,"NB36-05-01-KAP","7:11",0,NA,0,"0",NA,"0","Y","MALL","Mallard",NA,NA,NA,NA,NA,NA,NA,NA,NA,NA,NA,NA,NA,NA,NA,"NB36-05-01-KAP-MALL",1,0,30,30,"",NA,NA,"",""
"2002","NB","36","NB36","Ward Marsh",5,"NB36-05",45.97079,64.33791,"KAP",2021,6,11,1,"NB36-05-01-KAP","7:11",0,NA,0,"0",NA,"0","Y","ABDU","American Black Duck",NA,NA,NA,NA,NA,NA,NA,NA,NA,NA,NA,NA,NA,NA,NA,"NB36-05-01-KAP-ABDU",2,0,0,2,"",NA,NA,"",""
"2003","NB","36","NB36","Ward Marsh",5,"NB36-05",45.97079,64.33791,"KAP",2021,6,11,1,"NB36-05-01-KAP","7:11",0,NA,0,"0",NA,"0","Y","BAEA","Bald Eagle",NA,NA,NA,NA,NA,NA,NA,NA,NA,NA,NA,NA,NA,NA,NA,"NB36-05-01-KAP-BAEA",1,0,0,1,"",NA,NA,"",""
"2004","NB","36","NB36","Ward Marsh",5,"NB36-05",45.97079,64.33791,"KAP",2021,6,11,1,"NB36-05-01-KAP","7:11",0,NA,0,"0",NA,"0","Y","ALFL","Alder Flycatcher",NA,NA,NA,NA,NA,NA,NA,NA,NA,NA,NA,NA,NA,NA,NA,"NB36-05-01-KAP-ALFL",1,0,0,1,"",NA,NA,"",""
"2005","NB","36","NB36","Ward Marsh",5,"NB36-05",45.97079,64.33791,"KAP",2021,6,11,1,"NB36-05-01-KAP","7:11",0,NA,0,"0",NA,"0","Y","SWSP","Swamp Sparrow",NA,NA,NA,NA,NA,NA,NA,NA,NA,NA,NA,NA,NA,NA,NA,"NB36-05-01-KAP-SWSP",1,1,0,1,"",NA,NA,"",""
"2006","NB","36","NB36","Ward Marsh",5,"NB36-05",45.97079,64.33791,"KAP",2021,6,11,1,"NB36-05-01-KAP","7:11",0,NA,0,"0",NA,"0","Y","RNDU","Ring-necked Duck",NA,NA,NA,NA,NA,NA,NA,NA,NA,NA,NA,NA,NA,NA,NA,"NB36-05-01-KAP-RNDU",0,2,6,6,"",NA,NA,"",""
"2007","NB","36","NB36","Ward Marsh",5,"NB36-05",45.97079,64.33791,"KAP",2021,6,11,1,"NB36-05-01-KAP","7:11",0,NA,0,"0",NA,"0","Y","COLO","Common Loon",NA,NA,NA,NA,NA,NA,NA,NA,NA,NA,NA,NA,NA,NA,NA,"NB36-05-01-KAP-COLO",0,1,0,1,"",NA,NA,"",""
"2008","NB","36","NB36","Ward Marsh",5,"NB36-05",45.97079,64.33791,"KAP",2021,6,11,1,"NB36-05-01-KAP","7:11",0,NA,0,"0",NA,"0","Y","GWTE","Green-winged Teal",NA,NA,NA,NA,NA,NA,NA,NA,NA,NA,NA,NA,NA,NA,NA,"NB36-05-01-KAP-GWTE",0,0,1,1,"",NA,NA,"","Written as GWTL"
"2009","NB","36","NB36","Ward Marsh",5,"NB36-05",45.97079,64.33791,"KAP",2021,6,11,1,"NB36-05-01-KAP","7:11",0,NA,0,"0",NA,"0","Y","TRES","Tree Swallow",NA,NA,NA,NA,NA,NA,NA,NA,NA,NA,NA,NA,NA,NA,NA,"NB36-05-01-KAP-TRES",0,0,0,0,"OF",NA,NA,"","Written as TRSW, 40 written in FT column"
"2010","NB","36","NB36","Ward Marsh",5,"NB36-05",45.97079,64.33791,"KAP",2021,6,11,1,"NB36-05-01-KAP","7:11",0,NA,0,"0",NA,"0","Y","HETH","Hermit Thrush",NA,NA,NA,NA,NA,NA,NA,NA,NA,NA,NA,NA,NA,NA,NA,"NB36-05-01-KAP-HETH",0,0,1,1,"",NA,NA,"",""
"2011","NB","36","NB36","Ward Marsh",6,"NB36-06",45.96399,64.32997,"KAP",2021,6,11,1,"NB36-06-01-KAP","7:45",0,NA,0,"2","W",NA,"Y","CHSP","Chipping Sparrow",NA,NA,NA,NA,NA,NA,NA,NA,NA,NA,NA,NA,NA,NA,NA,"NB36-06-01-KAP-CHSP",1,1,0,1,"",NA,NA,"",""
"2012","NB","36","NB36","Ward Marsh",6,"NB36-06",45.96399,64.32997,"KAP",2021,6,11,1,"NB36-06-01-KAP","7:45",0,NA,0,"2","W",NA,"Y","ALFL","Alder Flycatcher",NA,NA,NA,NA,NA,NA,NA,NA,NA,NA,NA,NA,NA,NA,NA,"NB36-06-01-KAP-ALFL",1,1,0,1,"",NA,NA,"",""
"2013","NB","36","NB36","Ward Marsh",6,"NB36-06",45.96399,64.32997,"KAP",2021,6,11,1,"NB36-06-01-KAP","7:45",0,NA,0,"2","W",NA,"Y","SWSP","Swamp Sparrow",NA,NA,NA,NA,NA,NA,NA,NA,NA,NA,NA,NA,NA,NA,NA,"NB36-06-01-KAP-SWSP",1,0,0,1,"",NA,NA,"",""
"2014","NB","36","NB36","Ward Marsh",6,"NB36-06",45.96399,64.32997,"KAP",2021,6,11,1,"NB36-06-01-KAP","7:45",0,NA,0,"2","W",NA,"Y","COYE","Common Yellowthroat",NA,NA,NA,NA,NA,NA,NA,NA,NA,NA,NA,NA,NA,NA,NA,"NB36-06-01-KAP-COYE",2,0,0,2,"",NA,NA,"","nest material, written as COYT, assumed COYE"
"2015","NB","36","NB36","Ward Marsh",6,"NB36-06",45.96399,64.32997,"KAP",2021,6,11,1,"NB36-06-01-KAP","7:45",0,NA,0,"2","W",NA,"Y","REVI","Red-eyed Vireo",NA,NA,NA,NA,NA,NA,NA,NA,NA,NA,NA,NA,NA,NA,NA,"NB36-06-01-KAP-REVI",0,0,0,0,"",NA,NA,"","Written as REVE, assumed REVI, did not indicate when observed"
"2016","NB","36","NB36","Ward Marsh",6,"NB36-06",45.96399,64.32997,"KAP",2021,6,11,1,"NB36-06-01-KAP","7:45",0,NA,0,"2","W",NA,"Y","BOBO","Bobolink",NA,NA,NA,NA,NA,NA,NA,NA,NA,NA,NA,NA,NA,NA,NA,"NB36-06-01-KAP-BOBO",2,0,0,2,"",NA,NA,"",""
"2017","NB","36","NB36","Ward Marsh",6,"NB36-06",45.96399,64.32997,"KAP",2021,6,11,1,"NB36-06-01-KAP","7:45",0,NA,0,"2","W",NA,"Y","RWBL","Red-winged Blackbird",NA,NA,NA,NA,NA,NA,NA,NA,NA,NA,NA,NA,NA,NA,NA,"NB36-06-01-KAP-RWBL",2,0,0,2,"",NA,NA,"",""
"2018","NB","36","NB36","Ward Marsh",6,"NB36-06",45.96399,64.32997,"KAP",2021,6,11,1,"NB36-06-01-KAP","7:45",0,NA,0,"2","W",NA,"Y","WODU","Wood Duck",NA,NA,NA,NA,NA,NA,NA,NA,NA,NA,NA,NA,NA,NA,NA,"NB36-06-01-KAP-WODU",0,0,1,1,"",NA,NA,"",""
"2019","NB","36","NB36","Ward Marsh",6,"NB36-06",45.96399,64.32997,"KAP",2021,6,11,1,"NB36-06-01-KAP","7:45",0,NA,0,"2","W",NA,"Y","AGOL","American Goldfinch",NA,NA,NA,NA,NA,NA,NA,NA,NA,NA,NA,NA,NA,NA,NA,"NB36-06-01-KAP-AMGO",0,0,1,1,"",NA,NA,"","Written AMGF, assumed AMGO"
"2020","NB","36","NB36","Ward Marsh",6,"NB36-06",45.96399,64.32997,"KAP",2021,6,11,1,"NB36-06-01-KAP","7:45",0,NA,0,"2","W",NA,"Y","MODO","Mourning Dove",NA,NA,NA,NA,NA,NA,NA,NA,NA,NA,NA,NA,NA,NA,NA,"NB36-06-01-KAP-MODO",0,2,0,2,"",NA,NA,"",""
"2021","NB","36","NB36","Ward Marsh",6,"NB36-06",45.96399,64.32997,"KAP",2021,6,11,1,"NB36-06-01-KAP","7:45",0,NA,0,"2","W",NA,"Y","HETH","Hermit Thrush",NA,NA,NA,NA,NA,NA,NA,NA,NA,NA,NA,NA,NA,NA,NA,"NB36-06-01-KAP-HETH",0,0,0,0,"",NA,NA,"","Did not indicated when observed"
"2022","NB","36","NB36","Ward Marsh",7,"NB36-07",45.96666,64.3304,"KAP",2021,6,11,1,"NB36-07-01-KAP","8:04",0,14,0,"3","W","0","Y","CHSP","Chipping Sparrow",NA,NA,NA,NA,NA,NA,NA,NA,NA,NA,NA,NA,NA,NA,NA,"NB36-07-01-KAP-CHSP",0,1,0,1,"",NA,NA,"",""
"2023","NB","36","NB36","Ward Marsh",7,"NB36-07",45.96666,64.3304,"KAP",2021,6,11,1,"NB36-07-01-KAP","8:04",0,14,0,"3","W","0","Y","TRES","Tree Swallow",NA,NA,NA,NA,NA,NA,NA,NA,NA,NA,NA,NA,NA,NA,NA,"NB36-07-01-KAP-TRES",0,1,0,1,"",NA,NA,"","Written as TRSW"
"2024","NB","36","NB36","Ward Marsh",7,"NB36-07",45.96666,64.3304,"KAP",2021,6,11,1,"NB36-07-01-KAP","8:04",0,14,0,"3","W","0","Y","AMCR","American Crow",NA,NA,NA,NA,NA,NA,NA,NA,NA,NA,NA,NA,NA,NA,NA,"NB36-07-01-KAP-AMCR",0,1,0,1,"",NA,NA,"",""
"2025","NB","36","NB36","Ward Marsh",7,"NB36-07",45.96666,64.3304,"KAP",2021,6,11,1,"NB36-07-01-KAP","8:04",0,14,0,"3","W","0","Y","RWBL","Red-winged Blackbird",NA,NA,NA,NA,NA,NA,NA,NA,NA,NA,NA,NA,NA,NA,NA,"NB36-07-01-KAP-RWBL",0,4,4,4,"",NA,NA,"",""
"2026","NB","36","NB36","Ward Marsh",7,"NB36-07",45.96666,64.3304,"KAP",2021,6,11,1,"NB36-07-01-KAP","8:04",0,14,0,"3","W","0","Y","CORA","Common Raven",NA,NA,NA,NA,NA,NA,NA,NA,NA,NA,NA,NA,NA,NA,NA,"NB36-07-01-KAP-CORA",0,0,1,1,"",NA,NA,"",""
"2027","NB","36","NB36","Ward Marsh",8,"NB36-08",45.96292,64.3294,"KAP",2021,6,11,1,"NB36-08-01-KAP","8:22",0,15,0,"3","W","0","Y","AMCR","American Crow",NA,NA,NA,NA,NA,NA,NA,NA,NA,NA,NA,NA,NA,NA,NA,"NB36-08-01-KAP-AMCR",1,0,0,1,"",NA,NA,"",""
"2028","NB","36","NB36","Ward Marsh",8,"NB36-08",45.96292,64.3294,"KAP",2021,6,11,1,"NB36-08-01-KAP","8:22",0,15,0,"3","W","0","Y","COGR","Common Grackle",NA,NA,NA,NA,NA,NA,NA,NA,NA,NA,NA,NA,NA,NA,NA,"NB36-08-01-KAP-COGR",1,0,0,1,"",NA,NA,"",""
"2029","NB","36","NB36","Ward Marsh",8,"NB36-08",45.96292,64.3294,"KAP",2021,6,11,1,"NB36-08-01-KAP","8:22",0,15,0,"3","W","0","Y","SOSP","Song Sparrow",NA,NA,NA,NA,NA,NA,NA,NA,NA,NA,NA,NA,NA,NA,NA,"NB36-08-01-KAP-SOSP",1,0,0,1,"",NA,NA,"",""
"2030","NB","36","NB36","Ward Marsh",8,"NB36-08",45.96292,64.3294,"KAP",2021,6,11,1,"NB36-08-01-KAP","8:22",0,15,0,"3","W","0","Y","MALL","Mallard",NA,NA,NA,NA,NA,NA,NA,NA,NA,NA,NA,NA,NA,NA,NA,"NB36-08-01-KAP-MALL",0,0,2,2,"",NA,NA,"",""
"2031","NB","36","NB36","Ward Marsh",8,"NB36-08",45.96292,64.3294,"KAP",2021,6,11,1,"NB36-08-01-KAP","8:22",0,15,0,"3","W","0","Y","YEWA","Northern Yellow Warbler",NA,NA,NA,NA,NA,NA,NA,NA,NA,NA,NA,NA,NA,NA,NA,"NB36-08-01-KAP-YEWA",0,0,1,1,"",NA,NA,"","Written YEWB, assumed YEWA"
"2032","NB","36","NB36","Ward Marsh",8,"NB36-08",45.96292,64.3294,"KAP",2021,6,11,1,"NB36-08-01-KAP","8:22",0,15,0,"3","W","0","Y","CHSP","Chipping Sparrow",NA,NA,NA,NA,NA,NA,NA,NA,NA,NA,NA,NA,NA,NA,NA,"NB36-08-01-KAP-CHSP",0,0,1,1,"",NA,NA,"",""
"2033","NB","36","NB36","Ward Marsh",8,"NB36-08",45.96292,64.3294,"KAP",2021,6,11,1,"NB36-08-01-KAP","8:22",0,15,0,"3","W","0","Y","BWTE","Blue-winged Teal",NA,NA,NA,NA,NA,NA,NA,NA,NA,NA,NA,NA,NA,NA,NA,"NB36-08-01-KAP-BWTE",0,0,1,1,"",NA,NA,"","Written as BWTL, assumed BWTE"
"2034","NB","36","NB36","Ward Marsh",8,"NB36-08",45.96292,64.3294,"KAP",2021,6,11,1,"NB36-08-01-KAP","8:22",0,15,0,"3","W","0","Y","COYE","Common Yellowthroat",NA,NA,NA,NA,NA,NA,NA,NA,NA,NA,NA,NA,NA,NA,NA,"NB36-08-01-KAP-COYE",0,1,0,1,"",NA,NA,"","Written as COYT, assumed COYE"
"2035","NB","SE","NBSE","Salisbury East",1,"NBSE-01",46.03389,65.01414,"BIW",2021,6,5,1,"NBSE-01-01-BIW","6:50",0,11,0,"1","W","1","Y","TRES","Tree Swallow",NA,NA,NA,NA,NA,NA,NA,NA,NA,NA,NA,NA,NA,NA,NA,"NBSE-01-01-BIW-TRES",7,1,1,7,"",NA,NA,"",""
"2036","NB","SE","NBSE","Salisbury East",1,"NBSE-01",46.03389,65.01414,"BIW",2021,6,5,1,"NBSE-01-01-BIW","6:50",0,11,0,"1","W","1","Y","BANS","Bank Swallow",NA,NA,NA,NA,NA,NA,NA,NA,NA,NA,NA,NA,NA,NA,NA,"NBSE-01-01-BIW-BANS",2,0,0,2,"",NA,NA,"",""
"2037","NB","SE","NBSE","Salisbury East",1,"NBSE-01",46.03389,65.01414,"BIW",2021,6,5,1,"NBSE-01-01-BIW","6:50",0,11,0,"1","W","1","Y","COYE","Common Yellowthroat",NA,NA,NA,NA,NA,NA,NA,NA,NA,NA,NA,NA,NA,NA,NA,"NBSE-01-01-BIW-COYE",1,1,1,1,"",NA,NA,"",""
"2038","NB","SE","NBSE","Salisbury East",1,"NBSE-01",46.03389,65.01414,"BIW",2021,6,5,1,"NBSE-01-01-BIW","6:50",0,11,0,"1","W","1","Y","RWBL","Red-winged Blackbird",NA,NA,NA,NA,NA,NA,NA,NA,NA,NA,NA,NA,NA,NA,NA,"NBSE-01-01-BIW-RWBL",1,5,1,5,"",NA,NA,"",""
"2039","NB","SE","NBSE","Salisbury East",1,"NBSE-01",46.03389,65.01414,"BIW",2021,6,5,1,"NBSE-01-01-BIW","6:50",0,11,0,"1","W","1","Y","RNEP","Ring-necked Pheasant",NA,NA,NA,NA,NA,NA,NA,NA,NA,NA,NA,NA,NA,NA,NA,"NBSE-01-01-BIW-RIPH",0,1,1,1,"",NA,NA,"","Written RINP"
"2040","NB","SE","NBSE","Salisbury East",1,"NBSE-01",46.03389,65.01414,"BIW",2021,6,5,1,"NBSE-01-01-BIW","6:50",0,11,0,"1","W","1","Y","WODU","Wood Duck",NA,NA,NA,NA,NA,NA,NA,NA,NA,NA,NA,NA,NA,NA,NA,"NBSE-01-01-BIW-WODU",12,2,2,12,"OF",NA,NA,"",""
"2041","NB","SE","NBSE","Salisbury East",1,"NBSE-01",46.03389,65.01414,"BIW",2021,6,5,1,"NBSE-01-01-BIW","6:50",0,11,0,"1","W","1","Y","YEWA","Northern Yellow Warbler",NA,NA,NA,NA,NA,NA,NA,NA,NA,NA,NA,NA,NA,NA,NA,"NBSE-01-01-BIW-YEWA",0,0,2,2,"",NA,NA,"",""
"2042","NB","SE","NBSE","Salisbury East",1,"NBSE-01",46.03389,65.01414,"BIW",2021,6,5,1,"NBSE-01-01-BIW","6:50",0,11,0,"1","W","1","Y","MALL","Mallard",NA,NA,NA,NA,NA,NA,NA,NA,NA,NA,NA,NA,NA,NA,NA,"NBSE-01-01-BIW-MALL",6,0,0,6,"",NA,NA,"",""
"2043","NB","SE","NBSE","Salisbury East",1,"NBSE-01",46.03389,65.01414,"BIW",2021,6,5,1,"NBSE-01-01-BIW","6:50",0,11,0,"1","W","1","Y","RNDU","Ring-necked Duck",NA,NA,NA,NA,NA,NA,NA,NA,NA,NA,NA,NA,NA,NA,NA,"NBSE-01-01-BIW-RNDU",6,0,0,6,"",NA,NA,"",""
"2044","NB","SE","NBSE","Salisbury East",1,"NBSE-01",46.03375,65.01394,"BIW",2021,6,29,2,"NBSE-01-02-BIW","7:04",10,22,0,"0",NA,"2","Y","WODU","Wood Duck",NA,NA,NA,NA,NA,NA,NA,NA,NA,NA,NA,NA,NA,NA,NA,"NBSE-01-02-BIW-WODU",17,1,NA,17,"OF",NA,NA,"",""
"2045","NB","SE","NBSE","Salisbury East",1,"NBSE-01",46.03375,65.01394,"BIW",2021,6,29,2,"NBSE-01-02-BIW","7:04",10,22,0,"0",NA,"2","Y","AMWI","American Wigeon",NA,NA,NA,NA,NA,NA,NA,NA,NA,NA,NA,NA,NA,NA,NA,"NBSE-01-02-BIW-AMWI",2,0,0,2,"",NA,NA,"",""
"2046","NB","SE","NBSE","Salisbury East",1,"NBSE-01",46.03375,65.01394,"BIW",2021,6,29,2,"NBSE-01-02-BIW","7:04",10,22,0,"0",NA,"2","Y","MALL","Mallard",NA,NA,NA,NA,NA,NA,NA,NA,NA,NA,NA,NA,NA,NA,NA,"NBSE-01-02-BIW-MALL",5,0,0,5,"",NA,NA,"",""
"2047","NB","SE","NBSE","Salisbury East",1,"NBSE-01",46.03375,65.01394,"BIW",2021,6,29,2,"NBSE-01-02-BIW","7:04",10,22,0,"0",NA,"2","Y","NSHO","Northern Shoveler",NA,NA,NA,NA,NA,NA,NA,NA,NA,NA,NA,NA,NA,NA,NA,"NBSE-01-02-BIW-NSHO",1,0,0,1,"",NA,NA,"",""
"2048","NB","SE","NBSE","Salisbury East",1,"NBSE-01",46.03375,65.01394,"BIW",2021,6,29,2,"NBSE-01-02-BIW","7:04",10,22,0,"0",NA,"2","Y","COGR","Common Grackle",NA,NA,NA,NA,NA,NA,NA,NA,NA,NA,NA,NA,NA,NA,NA,"NBSE-01-02-BIW-COGR",3,0,0,3,"",NA,NA,"",""
"2049","NB","SE","NBSE","Salisbury East",1,"NBSE-01",46.03375,65.01394,"BIW",2021,6,29,2,"NBSE-01-02-BIW","7:04",10,22,0,"0",NA,"2","Y","TRES","Tree Swallow",NA,NA,NA,NA,NA,NA,NA,NA,NA,NA,NA,NA,NA,NA,NA,"NBSE-01-02-BIW-TRES",13,0,14,14,"",NA,NA,"",""
"2050","NB","SE","NBSE","Salisbury East",1,"NBSE-01",46.03375,65.01394,"BIW",2021,6,29,2,"NBSE-01-02-BIW","7:04",10,22,0,"0",NA,"2","Y","COYE","Common Yellowthroat",NA,NA,NA,NA,NA,NA,NA,NA,NA,NA,NA,NA,NA,NA,NA,"NBSE-01-02-BIW-COYE",0,0,0,0,"OF",NA,NA,"",""
"2051","NB","SE","NBSE","Salisbury East",1,"NBSE-01",46.03375,65.01394,"BIW",2021,6,29,2,"NBSE-01-02-BIW","7:04",10,22,0,"0",NA,"2","Y","RWBL","Red-winged Blackbird",NA,NA,NA,NA,NA,NA,NA,NA,NA,NA,NA,NA,NA,NA,NA,"NBSE-01-02-BIW-RWBL",1,1,2,2,"",NA,NA,"",""
"2052","NB","SE","NBSE","Salisbury East",2,"NBSE-02",46.03523,65.01151,"BIW",2021,6,5,1,"NBSE-02-01-BIW","7:15",0,14,0,"1","W","1","Y","CANG","Canada Goose",NA,NA,NA,NA,NA,NA,NA,NA,NA,NA,NA,NA,NA,NA,NA,"NBSE-02-01-BIW-CANG",4,0,0,4,"",NA,NA,"",""
"2053","NB","SE","NBSE","Salisbury East",2,"NBSE-02",46.03523,65.01151,"BIW",2021,6,5,1,"NBSE-02-01-BIW","7:15",0,14,0,"1","W","1","Y","SOSP","Song Sparrow",NA,NA,NA,NA,NA,NA,NA,NA,NA,NA,NA,NA,NA,NA,NA,"NBSE-02-01-BIW-SOSP",1,0,0,1,"",NA,NA,"",""
"2054","NB","SE","NBSE","Salisbury East",2,"NBSE-02",46.03523,65.01151,"BIW",2021,6,5,1,"NBSE-02-01-BIW","7:15",0,14,0,"1","W","1","Y","RWBL","Red-winged Blackbird",NA,NA,NA,NA,NA,NA,NA,NA,NA,NA,NA,NA,NA,NA,NA,"NBSE-02-01-BIW-RWBL",2,2,2,2,"",NA,NA,"",""
"2055","NB","SE","NBSE","Salisbury East",2,"NBSE-02",46.03523,65.01151,"BIW",2021,6,5,1,"NBSE-02-01-BIW","7:15",0,14,0,"1","W","1","Y","REVI","Red-eyed Vireo",NA,NA,NA,NA,NA,NA,NA,NA,NA,NA,NA,NA,NA,NA,NA,"NBSE-02-01-BIW-REVI",0,0,1,1,"",NA,NA,"",""
"2056","NB","SE","NBSE","Salisbury East",2,"NBSE-02",46.03523,65.01151,"BIW",2021,6,5,1,"NBSE-02-01-BIW","7:15",0,14,0,"1","W","1","Y","AMCR","American Crow",NA,NA,NA,NA,NA,NA,NA,NA,NA,NA,NA,NA,NA,NA,NA,"NBSE-02-01-BIW-AMCR",0,0,1,1,"",NA,NA,"",""
"2057","NB","SE","NBSE","Salisbury East",2,"NBSE-02",46.03523,65.01151,"BIW",2021,6,5,1,"NBSE-02-01-BIW","7:15",0,14,0,"1","W","1","Y","SPSA","Spotted Sandpiper",NA,NA,NA,NA,NA,NA,NA,NA,NA,NA,NA,NA,NA,NA,NA,"NBSE-02-01-BIW-SPSA",0,0,1,1,"",NA,NA,"",""
"2058","NB","SE","NBSE","Salisbury East",2,"NBSE-02",46.03523,65.01151,"BIW",2021,6,29,2,"NBSE-02-02-BIW","7:36",8,24,0,"0",NA,"2","Y","WODU","Wood Duck",NA,NA,NA,NA,NA,NA,NA,NA,NA,NA,NA,NA,NA,NA,NA,"NBSE-02-02-BIW-WODU",5,3,0,5,"",NA,NA,"",""
"2059","NB","SE","NBSE","Salisbury East",2,"NBSE-02",46.03523,65.01151,"BIW",2021,6,29,2,"NBSE-02-02-BIW","7:36",8,24,0,"0",NA,"2","Y","MALL","Mallard",NA,NA,NA,NA,NA,NA,NA,NA,NA,NA,NA,NA,NA,NA,NA,"NBSE-02-02-BIW-MALL",1,0,0,1,"",NA,NA,"",""
"2060","NB","SE","NBSE","Salisbury East",2,"NBSE-02",46.03523,65.01151,"BIW",2021,6,29,2,"NBSE-02-02-BIW","7:36",8,24,0,"0",NA,"2","Y","BAEA","Bald Eagle",NA,NA,NA,NA,NA,NA,NA,NA,NA,NA,NA,NA,NA,NA,NA,"NBSE-02-02-BIW-BAEA",1,1,0,1,"",NA,NA,"","adult"
"2061","NB","SE","NBSE","Salisbury East",2,"NBSE-02",46.03523,65.01151,"BIW",2021,6,29,2,"NBSE-02-02-BIW","7:36",8,24,0,"0",NA,"2","Y","SWSP","Swamp Sparrow",NA,NA,NA,NA,NA,NA,NA,NA,NA,NA,NA,NA,NA,NA,NA,"NBSE-02-02-BIW-SWSP",2,1,1,2,"",NA,NA,"","singing"
"2062","NB","SE","NBSE","Salisbury East",2,"NBSE-02",46.03523,65.01151,"BIW",2021,6,29,2,"NBSE-02-02-BIW","7:36",8,24,0,"0",NA,"2","Y","RWBL","Red-winged Blackbird",NA,NA,NA,NA,NA,NA,NA,NA,NA,NA,NA,NA,NA,NA,NA,"NBSE-02-02-BIW-RWBL",2,1,2,2,"OF",NA,NA,"",""
"2063","NB","SE","NBSE","Salisbury East",2,"NBSE-02",46.03523,65.01151,"BIW",2021,6,29,2,"NBSE-02-02-BIW","7:36",8,24,0,"0",NA,"2","Y","BLJA","Blue Jay",NA,NA,NA,NA,NA,NA,NA,NA,NA,NA,NA,NA,NA,NA,NA,"NBSE-02-02-BIW-BLJA",1,1,0,1,"",NA,NA,"","aural"
"2064","NB","SE","NBSE","Salisbury East",2,"NBSE-02",46.03523,65.01151,"BIW",2021,6,29,2,"NBSE-02-02-BIW","7:36",8,24,0,"0",NA,"2","Y","COYE","Common Yellowthroat",NA,NA,NA,NA,NA,NA,NA,NA,NA,NA,NA,NA,NA,NA,NA,"NBSE-02-02-BIW-COYE",1,1,1,1,"",NA,NA,"","aural"
"2065","NB","SE","NBSE","Salisbury East",2,"NBSE-02",46.03523,65.01151,"BIW",2021,6,29,2,"NBSE-02-02-BIW","7:36",8,24,0,"0",NA,"2","Y","BEKI","Belted Kingfisher",NA,NA,NA,NA,NA,NA,NA,NA,NA,NA,NA,NA,NA,NA,NA,"NBSE-02-02-BIW-BEKI",1,0,0,1,"",NA,NA,"","aural"
"2066","NB","SE","NBSE","Salisbury East",2,"NBSE-02",46.03523,65.01151,"BIW",2021,6,29,2,"NBSE-02-02-BIW","7:36",8,24,0,"0",NA,"2","Y","COGR","Common Grackle",NA,NA,NA,NA,NA,NA,NA,NA,NA,NA,NA,NA,NA,NA,NA,"NBSE-02-02-BIW-COGR",0,1,0,1,"",NA,NA,"",""
"2067","NB","SE","NBSE","Salisbury East",3,"NBSE-03",46.03226,NA,"BIW",2021,6,5,1,"NBSE-03-01-BIW","7:42",0,16,0,"2","W","1","Y","YEWA","Northern Yellow Warbler",NA,NA,NA,NA,NA,NA,NA,NA,NA,NA,NA,NA,NA,NA,NA,"NBSE-03-01-BIW-YEWA",1,2,2,2,"",NA,NA,"",""
"2068","NB","SE","NBSE","Salisbury East",3,"NBSE-03",46.03226,NA,"BIW",2021,6,5,1,"NBSE-03-01-BIW","7:42",0,16,0,"2","W","1","Y","RWBL","Red-winged Blackbird",NA,NA,NA,NA,NA,NA,NA,NA,NA,NA,NA,NA,NA,NA,NA,"NBSE-03-01-BIW-RWBL",2,2,1,2,"",NA,NA,"",""
"2069","NB","SE","NBSE","Salisbury East",3,"NBSE-03",46.03226,NA,"BIW",2021,6,5,1,"NBSE-03-01-BIW","7:42",0,16,0,"2","W","1","Y","RBGR","Rose-breasted Grosbeak",NA,NA,NA,NA,NA,NA,NA,NA,NA,NA,NA,NA,NA,NA,NA,"NBSE-03-01-BIW-RBGR",1,0,0,1,"",NA,NA,"",""
"2070","NB","SE","NBSE","Salisbury East",3,"NBSE-03",46.03226,NA,"BIW",2021,6,5,1,"NBSE-03-01-BIW","7:42",0,16,0,"2","W","1","Y","COGR","Common Grackle",NA,NA,NA,NA,NA,NA,NA,NA,NA,NA,NA,NA,NA,NA,NA,"NBSE-03-01-BIW-COGR",1,1,1,1,"",NA,NA,"",""
"2071","NB","SE","NBSE","Salisbury East",3,"NBSE-03",46.03226,NA,"BIW",2021,6,5,1,"NBSE-03-01-BIW","7:42",0,16,0,"2","W","1","Y","CANG","Canada Goose",NA,NA,NA,NA,NA,NA,NA,NA,NA,NA,NA,NA,NA,NA,NA,"NBSE-03-01-BIW-CANG",6,0,1,6,"",NA,NA,"",""
"2072","NB","SE","NBSE","Salisbury East",3,"NBSE-03",46.03226,NA,"BIW",2021,6,5,1,"NBSE-03-01-BIW","7:42",0,16,0,"2","W","1","Y","AMRO","American Robin",NA,NA,NA,NA,NA,NA,NA,NA,NA,NA,NA,NA,NA,NA,NA,"NBSE-03-01-BIW-AMRO",0,1,0,1,"OF",NA,NA,"",""
"2073","NB","SE","NBSE","Salisbury East",3,"NBSE-03",46.03226,NA,"BIW",2021,6,5,1,"NBSE-03-01-BIW","7:42",0,16,0,"2","W","1","Y","COYE","Common Yellowthroat",NA,NA,NA,NA,NA,NA,NA,NA,NA,NA,NA,NA,NA,NA,NA,"NBSE-03-01-BIW-COYE",0,1,1,1,"",NA,NA,"",""
"2074","NB","SE","NBSE","Salisbury East",3,"NBSE-03",46.03226,NA,"BIW",2021,6,5,1,"NBSE-03-01-BIW","7:42",0,16,0,"2","W","1","Y","ALFL","Alder Flycatcher",NA,NA,NA,NA,NA,NA,NA,NA,NA,NA,NA,NA,NA,NA,NA,"NBSE-03-01-BIW-ALFL",0,1,2,2,"",NA,NA,"",""
"2075","NB","SE","NBSE","Salisbury East",3,"NBSE-03",46.03226,NA,"BIW",2021,6,5,1,"NBSE-03-01-BIW","7:42",0,16,0,"2","W","1","Y","BEKI","Belted Kingfisher",NA,NA,NA,NA,NA,NA,NA,NA,NA,NA,NA,NA,NA,NA,NA,"NBSE-03-01-BIW-BEKI",0,0,1,1,"OF",NA,NA,"",""
"2076","NB","SE","NBSE","Salisbury East",4,"NBSE-04",46.03087,65.01461,"BIW",2021,6,5,1,"NBSE-04-01-BIW","5:39",0,10,0,"0",NA,"1","Y","YEWA","Northern Yellow Warbler",NA,NA,NA,NA,NA,NA,NA,NA,NA,NA,NA,NA,NA,NA,NA,"NBSE-04-01-BIW-YEWA",1,1,1,1,"",NA,NA,"",""
"2077","NB","SE","NBSE","Salisbury East",4,"NBSE-04",46.03087,65.01461,"BIW",2021,6,5,1,"NBSE-04-01-BIW","5:39",0,10,0,"0",NA,"1","Y","RWBL","Red-winged Blackbird",NA,NA,NA,NA,NA,NA,NA,NA,NA,NA,NA,NA,NA,NA,NA,"NBSE-04-01-BIW-RWBL",2,0,0,2,"OF",NA,NA,"",""
"2078","NB","SE","NBSE","Salisbury East",4,"NBSE-04",46.03087,65.01461,"BIW",2021,6,5,1,"NBSE-04-01-BIW","5:39",0,10,0,"0",NA,"1","Y","ALFL","Alder Flycatcher",NA,NA,NA,NA,NA,NA,NA,NA,NA,NA,NA,NA,NA,NA,NA,"NBSE-04-01-BIW-ALFL",1,1,1,1,"",NA,NA,"",""
"2079","NB","SE","NBSE","Salisbury East",4,"NBSE-04",46.03087,65.01461,"BIW",2021,6,5,1,"NBSE-04-01-BIW","5:39",0,10,0,"0",NA,"1","Y","AMCR","American Crow",NA,NA,NA,NA,NA,NA,NA,NA,NA,NA,NA,NA,NA,NA,NA,"NBSE-04-01-BIW-AMCR",0,1,1,1,"",NA,NA,"",""
"2080","NB","SE","NBSE","Salisbury East",4,"NBSE-04",46.03087,65.01461,"BIW",2021,6,5,1,"NBSE-04-01-BIW","5:39",0,10,0,"0",NA,"1","Y","GRCA","Gray Catbird",NA,NA,NA,NA,NA,NA,NA,NA,NA,NA,NA,NA,NA,NA,NA,"NBSE-04-01-BIW-GRCA",0,0,1,1,"",NA,NA,"",""
"2081","NB","SE","NBSE","Salisbury East",4,"NBSE-04",46.03087,65.01461,"BIW",2021,6,5,1,"NBSE-04-01-BIW","5:39",0,10,0,"0",NA,"1","Y","WODU","Wood Duck",NA,NA,NA,NA,NA,NA,NA,NA,NA,NA,NA,NA,NA,NA,NA,"NBSE-04-01-BIW-WODU",18,0,0,18,"",18,NA,"","all males"
"2082","NB","SE","NBSE","Salisbury East",4,"NBSE-04",46.03087,65.01461,"BIW",2021,6,5,1,"NBSE-04-01-BIW","5:39",0,10,0,"0",NA,"1","Y","AMWI","American Wigeon",NA,NA,NA,NA,NA,NA,NA,NA,NA,NA,NA,NA,NA,NA,NA,"NBSE-04-01-BIW-AMWI",5,0,0,5,"",NA,NA,"",""
"2083","NB","SE","NBSE","Salisbury East",4,"NBSE-04",46.03087,65.01461,"BIW",2021,6,5,1,"NBSE-04-01-BIW","5:39",0,10,0,"0",NA,"1","Y","MALL","Mallard",NA,NA,NA,NA,NA,NA,NA,NA,NA,NA,NA,NA,NA,NA,NA,"NBSE-04-01-BIW-MALL",8,0,0,8,"",NA,NA,"",""
"2084","NB","SE","NBSE","Salisbury East",4,"NBSE-04",46.03087,65.01461,"BIW",2021,6,5,1,"NBSE-04-01-BIW","5:39",0,10,0,"0",NA,"1","Y","BWTE","Blue-winged Teal",NA,NA,NA,NA,NA,NA,NA,NA,NA,NA,NA,NA,NA,NA,NA,"NBSE-04-01-BIW-BWTE",3,0,0,3,"",NA,NA,"",""
"2085","NB","SE","NBSE","Salisbury East",4,"NBSE-04",46.03087,65.01461,"BIW",2021,6,5,1,"NBSE-04-01-BIW","5:39",0,10,0,"0",NA,"1","Y","NSHO","Northern Shoveler",NA,NA,NA,NA,NA,NA,NA,NA,NA,NA,NA,NA,NA,NA,NA,"NBSE-04-01-BIW-NSHO",1,0,0,1,"",NA,NA,"",""
"2086","NB","SE","NBSE","Salisbury East",4,"NBSE-04",46.03077,65.01455,"BIW",2021,6,29,2,"NBSE-04-02-BIW","6:03",10,16,0,"0",NA,"1","Y","MALL","Mallard",NA,NA,NA,NA,NA,NA,NA,NA,NA,NA,NA,NA,NA,NA,NA,"NBSE-04-02-BIW-MALL",4,0,0,4,"",NA,NA,"",""
"2087","NB","SE","NBSE","Salisbury East",4,"NBSE-04",46.03077,65.01455,"BIW",2021,6,29,2,"NBSE-04-02-BIW","6:03",10,16,0,"0",NA,"1","Y","GWTE","Green-winged Teal",NA,NA,NA,NA,NA,NA,NA,NA,NA,NA,NA,NA,NA,NA,NA,"NBSE-04-02-BIW-GWTE",1,0,0,1,"",NA,NA,"",""
"2088","NB","SE","NBSE","Salisbury East",4,"NBSE-04",46.03077,65.01455,"BIW",2021,6,29,2,"NBSE-04-02-BIW","6:03",10,16,0,"0",NA,"1","Y","RWBL","Red-winged Blackbird",NA,NA,NA,NA,NA,NA,NA,NA,NA,NA,NA,NA,NA,NA,NA,"NBSE-04-02-BIW-RWBL",3,3,1,3,"",NA,NA,"",""
"2089","NB","SE","NBSE","Salisbury East",4,"NBSE-04",46.03077,65.01455,"BIW",2021,6,29,2,"NBSE-04-02-BIW","6:03",10,16,0,"0",NA,"1","Y","BEKI","Belted Kingfisher",NA,NA,NA,NA,NA,NA,NA,NA,NA,NA,NA,NA,NA,NA,NA,"NBSE-04-02-BIW-BEKI",1,0,0,1,"",NA,NA,"","AURAL"
"2090","NB","SE","NBSE","Salisbury East",4,"NBSE-04",46.03077,65.01455,"BIW",2021,6,29,2,"NBSE-04-02-BIW","6:03",10,16,0,"0",NA,"1","Y","BLJA","Blue Jay",NA,NA,NA,NA,NA,NA,NA,NA,NA,NA,NA,NA,NA,NA,NA,"NBSE-04-02-BIW-BLJA",0,1,0,1,"",NA,NA,"","AURAL"
"2091","NB","SE","NBSE","Salisbury East",4,"NBSE-04",46.03077,65.01455,"BIW",2021,6,29,2,"NBSE-04-02-BIW","6:03",10,16,0,"0",NA,"1","Y","SWSP","Swamp Sparrow",NA,NA,NA,NA,NA,NA,NA,NA,NA,NA,NA,NA,NA,NA,NA,"NBSE-04-02-BIW-SWSP",0,1,0,1,"",NA,NA,"",""
"2092","NB","SE","NBSE","Salisbury East",4,"NBSE-04",46.03077,65.01455,"BIW",2021,6,29,2,"NBSE-04-02-BIW","6:03",10,16,0,"0",NA,"1","Y","COYE","Common Yellowthroat",NA,NA,NA,NA,NA,NA,NA,NA,NA,NA,NA,NA,NA,NA,NA,"NBSE-04-02-BIW-COYE",0,1,0,1,"",NA,NA,"","AURAL"
"2093","NB","SE","NBSE","Salisbury East",4,"NBSE-04",46.03077,65.01455,"BIW",2021,6,29,2,"NBSE-04-02-BIW","6:03",10,16,0,"0",NA,"1","Y","SOSP","Song Sparrow",NA,NA,NA,NA,NA,NA,NA,NA,NA,NA,NA,NA,NA,NA,NA,"NBSE-04-02-BIW-SOSP",0,0,1,1,"",NA,NA,"",""
"2094","NB","SE","NBSE","Salisbury East",5,"NBSE-05",46.03084,65.01767,"BIW",2021,6,5,1,"NBSE-05-01-BIW","6:11",0,9,0,"0",NA,"2","Y","COYE","Common Yellowthroat",NA,NA,NA,NA,NA,NA,NA,NA,NA,NA,NA,NA,NA,NA,NA,"NBSE-05-01-BIW-COYE",1,1,1,1,"",NA,NA,"",""
"2095","NB","SE","NBSE","Salisbury East",5,"NBSE-05",46.03084,65.01767,"BIW",2021,6,5,1,"NBSE-05-01-BIW","6:11",0,9,0,"0",NA,"2","Y","RWBL","Red-winged Blackbird",NA,NA,NA,NA,NA,NA,NA,NA,NA,NA,NA,NA,NA,NA,NA,"NBSE-05-01-BIW-RWBL",2,1,0,2,"OF",NA,NA,"",""
"2096","NB","SE","NBSE","Salisbury East",5,"NBSE-05",46.03084,65.01767,"BIW",2021,6,5,1,"NBSE-05-01-BIW","6:11",0,9,0,"0",NA,"2","Y","TRES","Tree Swallow",NA,NA,NA,NA,NA,NA,NA,NA,NA,NA,NA,NA,NA,NA,NA,"NBSE-05-01-BIW-TRES",1,2,1,2,"AF",NA,NA,"",""
"2097","NB","SE","NBSE","Salisbury East",5,"NBSE-05",46.03084,65.01767,"BIW",2021,6,5,1,"NBSE-05-01-BIW","6:11",0,9,0,"0",NA,"2","Y","COGR","Common Grackle",NA,NA,NA,NA,NA,NA,NA,NA,NA,NA,NA,NA,NA,NA,NA,"NBSE-05-01-BIW-COGR",1,0,0,1,"",NA,NA,"",""
"2098","NB","SE","NBSE","Salisbury East",5,"NBSE-05",46.03084,65.01767,"BIW",2021,6,5,1,"NBSE-05-01-BIW","6:11",0,9,0,"0",NA,"2","Y","AMCR","American Crow",NA,NA,NA,NA,NA,NA,NA,NA,NA,NA,NA,NA,NA,NA,NA,"NBSE-05-01-BIW-AMCR",1,0,1,1,"",NA,NA,"",""
"2099","NB","SE","NBSE","Salisbury East",5,"NBSE-05",46.03084,65.01767,"BIW",2021,6,5,1,"NBSE-05-01-BIW","6:11",0,9,0,"0",NA,"2","Y","NOPA","Northern Parula",NA,NA,NA,NA,NA,NA,NA,NA,NA,NA,NA,NA,NA,NA,NA,"NBSE-05-01-BIW-NOPA",0,1,1,1,"",NA,NA,"",""
"2100","NB","SE","NBSE","Salisbury East",5,"NBSE-05",46.03084,65.01767,"BIW",2021,6,5,1,"NBSE-05-01-BIW","6:11",0,9,0,"0",NA,"2","Y","YEWA","Northern Yellow Warbler",NA,NA,NA,NA,NA,NA,NA,NA,NA,NA,NA,NA,NA,NA,NA,"NBSE-05-01-BIW-YEWA",0,0,1,1,"",NA,NA,"",""
"2101","NB","SE","NBSE","Salisbury East",5,"NBSE-05",46.03084,65.01767,"BIW",2021,6,5,1,"NBSE-05-01-BIW","6:11",0,9,0,"0",NA,"2","Y","MALL","Mallard",NA,NA,NA,NA,NA,NA,NA,NA,NA,NA,NA,NA,NA,NA,NA,"NBSE-05-01-BIW-MALL",19,0,5,19,"",NA,NA,"",""
"2102","NB","SE","NBSE","Salisbury East",5,"NBSE-05",46.03084,65.01767,"BIW",2021,6,5,1,"NBSE-05-01-BIW","6:11",0,9,0,"0",NA,"2","Y","AMWI","American Wigeon",NA,NA,NA,NA,NA,NA,NA,NA,NA,NA,NA,NA,NA,NA,NA,"NBSE-05-01-BIW-AMWI",2,0,1,2,"",NA,NA,"",""
"2103","NB","SE","NBSE","Salisbury East",5,"NBSE-05",46.03084,65.01767,"BIW",2021,6,5,1,"NBSE-05-01-BIW","6:11",0,9,0,"0",NA,"2","Y","BAEA","Bald Eagle",NA,NA,NA,NA,NA,NA,NA,NA,NA,NA,NA,NA,NA,NA,NA,"NBSE-05-01-BIW-BAEA",0,0,1,1,"OF",NA,NA,"","adult"
"2104","NB","SE","NBSE","Salisbury East",5,"NBSE-05",46.03084,65.01767,"BIW",2021,6,5,1,"NBSE-05-01-BIW","6:11",0,9,0,"0",NA,"2","Y","CEDW","Cedar Waxwing",NA,NA,NA,NA,NA,NA,NA,NA,NA,NA,NA,NA,NA,NA,NA,"NBSE-05-01-BIW-CEDW",0,0,1,1,"",NA,NA,"",""
"2105","NB","SE","NBSE","Salisbury East",5,"NBSE-05",46.03084,65.01767,"BIW",2021,6,5,1,"NBSE-05-01-BIW","6:11",0,9,0,"0",NA,"2","Y","WODU","Wood Duck",NA,NA,NA,NA,NA,NA,NA,NA,NA,NA,NA,NA,NA,NA,NA,"NBSE-05-01-BIW-WODU",2,0,0,2,"",NA,NA,"",""
"2106","NB","SE","NBSE","Salisbury East",5,"NBSE-05",46.03084,65.01767,"BIW",2021,6,5,1,"NBSE-05-01-BIW","6:11",0,9,0,"0",NA,"2","Y","RNDU","Ring-necked Duck",NA,NA,NA,NA,NA,NA,NA,NA,NA,NA,NA,NA,NA,NA,NA,"NBSE-05-01-BIW-RNDU",6,0,0,6,"",NA,NA,"",""
"2107","NB","SE","NBSE","Salisbury East",5,"NBSE-05",46.03084,65.01767,"BIW",2021,6,5,1,"NBSE-05-01-BIW","6:11",0,9,0,"0",NA,"2","Y","NSHO","Northern Shoveler",NA,NA,NA,NA,NA,NA,NA,NA,NA,NA,NA,NA,NA,NA,NA,"NBSE-05-01-BIW-NSHO",5,0,0,5,"",NA,NA,"",""
"2108","NB","SE","NBSE","Salisbury East",5,"NBSE-05",46.03083,65.0177,"BIW",2021,6,29,2,"NBSE-05-02-BIW","6:30",8,18,0,"0",NA,"1","Y","MALL","Mallard",NA,NA,NA,NA,NA,NA,NA,NA,NA,NA,NA,NA,NA,NA,NA,"NBSE-05-02-BIW-MALL",20,0,0,20,"",NA,NA,"",""
"2109","NB","SE","NBSE","Salisbury East",5,"NBSE-05",46.03083,65.0177,"BIW",2021,6,29,2,"NBSE-05-02-BIW","6:30",8,18,0,"0",NA,"1","Y","AMWI","American Wigeon",NA,NA,NA,NA,NA,NA,NA,NA,NA,NA,NA,NA,NA,NA,NA,"NBSE-05-02-BIW-AMWI",2,0,0,2,"",NA,NA,"",""
"2110","NB","SE","NBSE","Salisbury East",5,"NBSE-05",46.03083,65.0177,"BIW",2021,6,29,2,"NBSE-05-02-BIW","6:30",8,18,0,"0",NA,"1","Y","COGO","Common Goldeneye",NA,NA,NA,NA,NA,NA,NA,NA,NA,NA,NA,NA,NA,NA,NA,"NBSE-05-02-BIW-COGO",1,0,0,1,"",NA,NA,"",""
"2111","NB","SE","NBSE","Salisbury East",5,"NBSE-05",46.03083,65.0177,"BIW",2021,6,29,2,"NBSE-05-02-BIW","6:30",8,18,0,"0",NA,"1","Y","RNDU","Ring-necked Duck",NA,NA,NA,NA,NA,NA,NA,NA,NA,NA,NA,NA,NA,NA,NA,"NBSE-05-02-BIW-RNDU",3,0,0,3,"",NA,NA,"",""
"2112","NB","SE","NBSE","Salisbury East",5,"NBSE-05",46.03083,65.0177,"BIW",2021,6,29,2,"NBSE-05-02-BIW","6:30",8,18,0,"0",NA,"1","Y","WODU","Wood Duck",NA,NA,NA,NA,NA,NA,NA,NA,NA,NA,NA,NA,NA,NA,NA,"NBSE-05-02-BIW-WODU",1,0,0,1,"",NA,NA,"",""
"2113","NB","SE","NBSE","Salisbury East",5,"NBSE-05",46.03083,65.0177,"BIW",2021,6,29,2,"NBSE-05-02-BIW","6:30",8,18,0,"0",NA,"1","Y","NSHO","Northern Shoveler",NA,NA,NA,NA,NA,NA,NA,NA,NA,NA,NA,NA,NA,NA,NA,"NBSE-05-02-BIW-NSHO",1,0,0,1,"",NA,NA,"",""
"2114","NB","SE","NBSE","Salisbury East",5,"NBSE-05",46.03083,65.0177,"BIW",2021,6,29,2,"NBSE-05-02-BIW","6:30",8,18,0,"0",NA,"1","Y","BEKI","Belted Kingfisher",NA,NA,NA,NA,NA,NA,NA,NA,NA,NA,NA,NA,NA,NA,NA,"NBSE-05-02-BIW-BEKI",1,0,0,1,"",NA,NA,"","aural"
"2115","NB","SE","NBSE","Salisbury East",5,"NBSE-05",46.03083,65.0177,"BIW",2021,6,29,2,"NBSE-05-02-BIW","6:30",8,18,0,"0",NA,"1","Y","BAEA","Bald Eagle",NA,NA,NA,NA,NA,NA,NA,NA,NA,NA,NA,NA,NA,NA,NA,"NBSE-05-02-BIW-BAEA",1,0,0,1,"",NA,NA,"","adult"
"2116","NB","SE","NBSE","Salisbury East",5,"NBSE-05",46.03083,65.0177,"BIW",2021,6,29,2,"NBSE-05-02-BIW","6:30",8,18,0,"0",NA,"1","Y","AMRO","American Robin",NA,NA,NA,NA,NA,NA,NA,NA,NA,NA,NA,NA,NA,NA,NA,"NBSE-05-02-BIW-AMRO",1,0,0,1,"",NA,NA,"",""
"2117","NB","SE","NBSE","Salisbury East",5,"NBSE-05",46.03083,65.0177,"BIW",2021,6,29,2,"NBSE-05-02-BIW","6:30",8,18,0,"0",NA,"1","Y","REVI","Red-eyed Vireo",NA,NA,NA,NA,NA,NA,NA,NA,NA,NA,NA,NA,NA,NA,NA,"NBSE-05-02-BIW-REVI",1,1,1,1,"",NA,NA,"",""
"2118","NB","SE","NBSE","Salisbury East",5,"NBSE-05",46.03083,65.0177,"BIW",2021,6,29,2,"NBSE-05-02-BIW","6:30",8,18,0,"0",NA,"1","Y","COYE","Common Yellowthroat",NA,NA,NA,NA,NA,NA,NA,NA,NA,NA,NA,NA,NA,NA,NA,"NBSE-05-02-BIW-COYE",1,2,1,2,"",NA,NA,"","aural"
"2119","NB","SE","NBSE","Salisbury East",5,"NBSE-05",46.03083,65.0177,"BIW",2021,6,29,2,"NBSE-05-02-BIW","6:30",8,18,0,"0",NA,"1","Y","YEWA","Northern Yellow Warbler",NA,NA,NA,NA,NA,NA,NA,NA,NA,NA,NA,NA,NA,NA,NA,"NBSE-05-02-BIW-YEWA",0,1,0,1,"",NA,NA,"","aural"
"2120","NB","SE","NBSE","Salisbury East",5,"NBSE-05",46.03083,65.0177,"BIW",2021,6,29,2,"NBSE-05-02-BIW","6:30",8,18,0,"0",NA,"1","Y","CEDW","Cedar Waxwing",NA,NA,NA,NA,NA,NA,NA,NA,NA,NA,NA,NA,NA,NA,NA,"NBSE-05-02-BIW-CEDW",0,0,2,2,"OF",NA,NA,"",""
"2121","NB","SE","NBSE","Salisbury East",5,"NBSE-05",46.03083,65.0177,"BIW",2021,6,29,2,"NBSE-05-02-BIW","6:30",8,18,0,"0",NA,"1","Y","MODO","Mourning Dove",NA,NA,NA,NA,NA,NA,NA,NA,NA,NA,NA,NA,NA,NA,NA,"NBSE-05-02-BIW-MODO",0,0,1,1,"OF",NA,NA,"",""
"2122","NB","SE","NBSE","Salisbury East",5,"NBSE-05",46.03083,65.0177,"BIW",2021,6,29,2,"NBSE-05-02-BIW","6:30",8,18,0,"0",NA,"1","Y","GRCA","Gray Catbird",NA,NA,NA,NA,NA,NA,NA,NA,NA,NA,NA,NA,NA,NA,NA,"NBSE-05-02-BIW-GRCA",0,0,1,1,"OF",NA,NA,"",""
"2123","NB","SW","NBSW","Salisbury West",1,"NBSW-01",46.02093,65.04518,"BIW",2021,6,9,1,"NBSW-01-01-BIW","6:05",10,12,0,"0",NA,"2","Y","COYE","Common Yellowthroat",NA,NA,NA,NA,NA,NA,NA,NA,NA,NA,NA,NA,NA,NA,NA,"NBSW-01-01-BIW-COYE",1,0,0,1,"",NA,NA,"",""
"2124","NB","SW","NBSW","Salisbury West",1,"NBSW-01",46.02093,65.04518,"BIW",2021,6,9,1,"NBSW-01-01-BIW","6:05",10,12,0,"0",NA,"2","Y","RWBL","Red-winged Blackbird",NA,NA,NA,NA,NA,NA,NA,NA,NA,NA,NA,NA,NA,NA,NA,"NBSW-01-01-BIW-RWBL",3,5,4,5,"",NA,NA,"",""
"2125","NB","SW","NBSW","Salisbury West",1,"NBSW-01",46.02093,65.04518,"BIW",2021,6,9,1,"NBSW-01-01-BIW","6:05",10,12,0,"0",NA,"2","Y","RNEP","Ring-necked Pheasant",NA,NA,NA,NA,NA,NA,NA,NA,NA,NA,NA,NA,NA,NA,NA,"NBSW-01-01-BIW-RIPH",1,0,1,1,"",NA,NA,"","Written RINP; aural"
"2126","NB","SW","NBSW","Salisbury West",1,"NBSW-01",46.02093,65.04518,"BIW",2021,6,9,1,"NBSW-01-01-BIW","6:05",10,12,0,"0",NA,"2","Y","BLJA","Blue Jay",NA,NA,NA,NA,NA,NA,NA,NA,NA,NA,NA,NA,NA,NA,NA,"NBSW-01-01-BIW-BLJA",1,0,0,1,"",NA,NA,"",""
"2127","NB","SW","NBSW","Salisbury West",1,"NBSW-01",46.02093,65.04518,"BIW",2021,6,9,1,"NBSW-01-01-BIW","6:05",10,12,0,"0",NA,"2","Y","CEDW","Cedar Waxwing",NA,NA,NA,NA,NA,NA,NA,NA,NA,NA,NA,NA,NA,NA,NA,"NBSW-01-01-BIW-CEDW",0,1,0,1,"",NA,NA,"",""
"2128","NB","SW","NBSW","Salisbury West",1,"NBSW-01",46.02093,65.04518,"BIW",2021,6,9,1,"NBSW-01-01-BIW","6:05",10,12,0,"0",NA,"2","Y","MODO","Mourning Dove",NA,NA,NA,NA,NA,NA,NA,NA,NA,NA,NA,NA,NA,NA,NA,"NBSW-01-01-BIW-MODO",0,1,0,1,"",NA,NA,"",""
"2129","NB","SW","NBSW","Salisbury West",1,"NBSW-01",46.02093,65.04518,"BIW",2021,6,9,1,"NBSW-01-01-BIW","6:05",10,12,0,"0",NA,"2","Y","MALL","Mallard",NA,NA,NA,NA,NA,NA,NA,NA,NA,NA,NA,NA,NA,NA,NA,"NBSW-01-01-BIW-MALL",0,0,2,2,"",NA,NA,"",""
"2130","NB","SW","NBSW","Salisbury West",1,"NBSW-01",46.02093,65.04518,"BIW",2021,6,9,1,"NBSW-01-01-BIW","6:05",10,12,0,"0",NA,"2","Y","COGR","Common Grackle",NA,NA,NA,NA,NA,NA,NA,NA,NA,NA,NA,NA,NA,NA,NA,"NBSW-01-01-BIW-COGR",0,0,3,3,"",NA,NA,"",""
"2131","NB","SW","NBSW","Salisbury West",1,"NBSW-01",46.02093,65.04518,"BIW",2021,6,9,1,"NBSW-01-01-BIW","6:05",10,12,0,"0",NA,"2","Y","AMCR","American Crow",NA,NA,NA,NA,NA,NA,NA,NA,NA,NA,NA,NA,NA,NA,NA,"NBSW-01-01-BIW-AMCR",0,0,1,1,"",NA,NA,"",""
"2132","NB","SW","NBSW","Salisbury West",1,"NBSW-01",46.02093,65.04518,"BIW",2021,7,6,2,"NBSW-01-02-BIW","6:20",1,NA,0,"1","W","2","Y","AMWI","American Wigeon",NA,NA,NA,NA,NA,NA,NA,NA,NA,NA,NA,NA,NA,NA,NA,"NBSW-01-02-BIW-AMWI",3,0,0,3,"",NA,NA,"",""
"2133","NB","SW","NBSW","Salisbury West",1,"NBSW-01",46.02093,65.04518,"BIW",2021,7,6,2,"NBSW-01-02-BIW","6:20",1,NA,0,"1","W","2","Y","GWTE","Green-winged Teal",NA,NA,NA,NA,NA,NA,NA,NA,NA,NA,NA,NA,NA,NA,NA,"NBSW-01-02-BIW-GWTE",1,0,0,1,"",NA,NA,"",""
"2134","NB","SW","NBSW","Salisbury West",1,"NBSW-01",46.02093,65.04518,"BIW",2021,7,6,2,"NBSW-01-02-BIW","6:20",1,NA,0,"1","W","2","Y","MALL","Mallard",NA,NA,NA,NA,NA,NA,NA,NA,NA,NA,NA,NA,NA,NA,NA,"NBSW-01-02-BIW-MALL",40,0,0,40,"",NA,NA,"",""
"2135","NB","SW","NBSW","Salisbury West",1,"NBSW-01",46.02093,65.04518,"BIW",2021,7,6,2,"NBSW-01-02-BIW","6:20",1,NA,0,"1","W","2","Y","RWBL","Red-winged Blackbird",NA,NA,NA,NA,NA,NA,NA,NA,NA,NA,NA,NA,NA,NA,NA,"NBSW-01-02-BIW-RWBL",2,1,0,2,"",NA,NA,"",""
"2136","NB","SW","NBSW","Salisbury West",1,"NBSW-01",46.02093,65.04518,"BIW",2021,7,6,2,"NBSW-01-02-BIW","6:20",1,NA,0,"1","W","2","Y","MODO","Mourning Dove",NA,NA,NA,NA,NA,NA,NA,NA,NA,NA,NA,NA,NA,NA,NA,"NBSW-01-02-BIW-MODO",1,0,0,1,"",NA,NA,"",""
"2137","NB","SW","NBSW","Salisbury West",1,"NBSW-01",46.02093,65.04518,"BIW",2021,7,6,2,"NBSW-01-02-BIW","6:20",1,NA,0,"1","W","2","Y","COGR","Common Grackle",NA,NA,NA,NA,NA,NA,NA,NA,NA,NA,NA,NA,NA,NA,NA,"NBSW-01-02-BIW-COGR",0,4,3,4,"",NA,NA,"",""
"2138","NB","SW","NBSW","Salisbury West",1,"NBSW-01",46.02093,65.04518,"BIW",2021,7,6,2,"NBSW-01-02-BIW","6:20",1,NA,0,"1","W","2","Y","BLJA","Blue Jay",NA,NA,NA,NA,NA,NA,NA,NA,NA,NA,NA,NA,NA,NA,NA,"NBSW-01-02-BIW-BLJA",0,0,1,1,"",NA,NA,"",""
"2139","NB","SW","NBSW","Salisbury West",1,"NBSW-01",46.02093,65.04518,"BIW",2021,7,6,2,"NBSW-01-02-BIW","6:20",1,NA,0,"1","W","2","Y","BAEA","Bald Eagle",NA,NA,NA,NA,NA,NA,NA,NA,NA,NA,NA,NA,NA,NA,NA,"NBSW-01-02-BIW-BAEA",0,0,1,1,"OF",NA,NA,"","adult"
"2140","NB","SW","NBSW","Salisbury West",1,"NBSW-01",46.02093,65.04518,"BIW",2021,7,6,2,"NBSW-01-02-BIW","6:20",1,NA,0,"1","W","2","Y","YEWA","Northern Yellow Warbler",NA,NA,NA,NA,NA,NA,NA,NA,NA,NA,NA,NA,NA,NA,NA,"NBSW-01-02-BIW-YEWA",0,0,3,3,"",NA,NA,"",""
"2141","NB","SW","NBSW","Salisbury West",1,"NBSW-01",46.02093,65.04518,"BIW",2021,7,6,2,"NBSW-01-02-BIW","6:20",1,NA,0,"1","W","2","Y","AMCR","American Crow",NA,NA,NA,NA,NA,NA,NA,NA,NA,NA,NA,NA,NA,NA,NA,"NBSW-01-02-BIW-AMCR",0,0,0,0,"",NA,NA,"","did not indicate when observed"
"2142","NB","SW","NBSW","Salisbury West",2,"NBSW-02",46.01916,65.04296,"BIW",2021,6,9,1,"NBSW-02-01-BIW","5:40",10,14,0,"0",NA,"1","Y","RWBL","Red-winged Blackbird",NA,NA,NA,NA,NA,NA,NA,NA,NA,NA,NA,NA,NA,NA,NA,"NBSW-02-01-BIW-RWBL",3,0,0,3,"",NA,NA,"",""
"2143","NB","SW","NBSW","Salisbury West",2,"NBSW-02",46.01916,65.04296,"BIW",2021,6,9,1,"NBSW-02-01-BIW","5:40",10,14,0,"0",NA,"1","Y","AMRO","American Robin",NA,NA,NA,NA,NA,NA,NA,NA,NA,NA,NA,NA,NA,NA,NA,"NBSW-02-01-BIW-AMRO",0,0,0,0,"",NA,NA,"","did not indicate when observed"
"2144","NB","SW","NBSW","Salisbury West",2,"NBSW-02",46.01916,65.04296,"BIW",2021,6,9,1,"NBSW-02-01-BIW","5:40",10,14,0,"0",NA,"1","Y","YEWA","Northern Yellow Warbler",NA,NA,NA,NA,NA,NA,NA,NA,NA,NA,NA,NA,NA,NA,NA,"NBSW-02-01-BIW-YEWA",0,0,1,1,"",NA,NA,"",""
"2145","NB","SW","NBSW","Salisbury West",2,"NBSW-02",46.01916,65.04296,"BIW",2021,6,9,1,"NBSW-02-01-BIW","5:40",10,14,0,"0",NA,"1","Y","AMWI","American Wigeon",NA,NA,NA,NA,NA,NA,NA,NA,NA,NA,NA,NA,NA,NA,NA,"NBSW-02-01-BIW-AMWI",0,0,1,1,"",NA,NA,"",""
"2146","NB","SW","NBSW","Salisbury West",2,"NBSW-02",46.01916,65.04296,"BIW",2021,7,6,2,"NBSW-02-02-BIW","5:52",0,NA,0,"0",NA,"2","Y","RWBL","Red-winged Blackbird",NA,NA,NA,NA,NA,NA,NA,NA,NA,NA,NA,NA,NA,NA,NA,"NBSW-02-02-BIW-RWBL",3,3,1,3,"",NA,NA,"",""
"2147","NB","SW","NBSW","Salisbury West",2,"NBSW-02",46.01916,65.04296,"BIW",2021,7,6,2,"NBSW-02-02-BIW","5:52",0,NA,0,"0",NA,"2","Y","MALL","Mallard",NA,NA,NA,NA,NA,NA,NA,NA,NA,NA,NA,NA,NA,NA,NA,"NBSW-02-02-BIW-MALL",3,15,0,15,"",NA,NA,"",""
"2148","NB","SW","NBSW","Salisbury West",2,"NBSW-02",46.01916,65.04296,"BIW",2021,7,6,2,"NBSW-02-02-BIW","5:52",0,NA,0,"0",NA,"2","Y","BWTE","Blue-winged Teal",NA,NA,NA,NA,NA,NA,NA,NA,NA,NA,NA,NA,NA,NA,NA,"NBSW-02-02-BIW-BWTE",0,1,0,1,"",NA,NA,"",""
"2149","NB","SW","NBSW","Salisbury West",2,"NBSW-02",46.01916,65.04296,"BIW",2021,7,6,2,"NBSW-02-02-BIW","5:52",0,NA,0,"0",NA,"2","Y","HOME","Hooded Merganser",NA,NA,NA,NA,NA,NA,NA,NA,NA,NA,NA,NA,NA,NA,NA,"NBSW-02-02-BIW-HOME",0,4,0,4,"",NA,NA,"",""
"2150","NB","SW","NBSW","Salisbury West",2,"NBSW-02",46.01916,65.04296,"BIW",2021,7,6,2,"NBSW-02-02-BIW","5:52",0,NA,0,"0",NA,"2","Y","BLJA","Blue Jay",NA,NA,NA,NA,NA,NA,NA,NA,NA,NA,NA,NA,NA,NA,NA,"NBSW-02-02-BIW-BLJA",0,0,1,1,"",NA,NA,"","aural"
"2151","NB","SW","NBSW","Salisbury West",2,"NBSW-02",46.01916,65.04296,"BIW",2021,7,6,2,"NBSW-02-02-BIW","5:52",0,NA,0,"0",NA,"2","Y","AMCR","American Crow",NA,NA,NA,NA,NA,NA,NA,NA,NA,NA,NA,NA,NA,NA,NA,"NBSW-02-02-BIW-AMCR",0,0,1,1,"OF",NA,NA,"",""
"2152","NB","SW","NBSW","Salisbury West",3,"NBSW-03",46.02023,65.04033,"BIW",2021,6,9,1,"NBSW-03-01-BIW","5:13",10,19,0,"0",NA,"1","Y","RWBL","Red-winged Blackbird",NA,NA,NA,NA,NA,NA,NA,NA,NA,NA,NA,NA,NA,NA,NA,"NBSW-03-01-BIW-RWBL",2,1,0,2,"",NA,NA,"",""
"2153","NB","SW","NBSW","Salisbury West",3,"NBSW-03",46.02023,65.04033,"BIW",2021,6,9,1,"NBSW-03-01-BIW","5:13",10,19,0,"0",NA,"1","Y","MALL","Mallard",NA,NA,NA,NA,NA,NA,NA,NA,NA,NA,NA,NA,NA,NA,NA,"NBSW-03-01-BIW-MALL",8,0,0,8,"OF",NA,NA,"",""
"2154","NB","SW","NBSW","Salisbury West",3,"NBSW-03",46.02023,65.04033,"BIW",2021,6,9,1,"NBSW-03-01-BIW","5:13",10,19,0,"0",NA,"1","Y","COYE","Common Yellowthroat",NA,NA,NA,NA,NA,NA,NA,NA,NA,NA,NA,NA,NA,NA,NA,"NBSW-03-01-BIW-COYE",0,0,1,1,"",NA,NA,"",""
"2155","NB","SW","NBSW","Salisbury West",3,"NBSW-03",46.02023,65.04033,"BIW",2021,7,6,2,"NBSW-03-02-BIW","5:27",0,8,0,"1","W","2","Y","MALL","Mallard",NA,NA,NA,NA,NA,NA,NA,NA,NA,NA,NA,NA,NA,NA,NA,"NBSW-03-02-BIW-MALL",39,0,0,39,"",NA,NA,"",""
"2156","NB","SW","NBSW","Salisbury West",3,"NBSW-03",46.02023,65.04033,"BIW",2021,7,6,2,"NBSW-03-02-BIW","5:27",0,8,0,"1","W","2","Y","BWTE","Blue-winged Teal",NA,NA,NA,NA,NA,NA,NA,NA,NA,NA,NA,NA,NA,NA,NA,"NBSW-03-02-BIW-BWTE",1,0,0,1,"",NA,NA,"",""
"2157","NB","SW","NBSW","Salisbury West",3,"NBSW-03",46.02023,65.04033,"BIW",2021,7,6,2,"NBSW-03-02-BIW","5:27",0,8,0,"1","W","2","Y","RWBL","Red-winged Blackbird",NA,NA,NA,NA,NA,NA,NA,NA,NA,NA,NA,NA,NA,NA,NA,"NBSW-03-02-BIW-RWBL",2,1,0,2,"",NA,NA,"",""
"2158","NB","SW","NBSW","Salisbury West",3,"NBSW-03",46.02023,65.04033,"BIW",2021,7,6,2,"NBSW-03-02-BIW","5:27",0,8,0,"1","W","2","Y","BEKI","Belted Kingfisher",NA,NA,NA,NA,NA,NA,NA,NA,NA,NA,NA,NA,NA,NA,NA,"NBSW-03-02-BIW-BEKI",0,2,1,2,"",NA,NA,"",""
"2159","NB","SW","NBSW","Salisbury West",3,"NBSW-03",46.02023,65.04033,"BIW",2021,7,6,2,"NBSW-03-02-BIW","5:27",0,8,0,"1","W","2","Y","SOSP","Song Sparrow",NA,NA,NA,NA,NA,NA,NA,NA,NA,NA,NA,NA,NA,NA,NA,"NBSW-03-02-BIW-SOSP",0,0,1,1,"",NA,NA,"",""
"2160","NB","38","NB38","Midgic",1,"NB38-01",45.95944,64.31806,"ADC",2021,6,30,1,"NB38-01-01-ADC","5:15",9,19,1,"3","SW","0","N","RWBL","Red-winged Blackbird",NA,NA,NA,NA,NA,NA,NA,NA,NA,NA,NA,NA,NA,NA,NA,"NB38-01-01-ADC-RWBL",2,0,0,2,"",NA,NA,"",""
"2161","NB","38","NB38","Midgic",1,"NB38-01",45.95944,64.31806,"ADC",2021,6,30,1,"NB38-01-01-ADC","5:15",9,19,1,"3","SW","0","N","GADW","Gadwall",NA,NA,NA,NA,NA,NA,NA,NA,NA,NA,NA,NA,NA,NA,NA,"NB38-01-01-ADC-GADW",0,1,0,1,"",NA,NA,"",""
"2162","NB","38","NB38","Midgic",1,"NB38-01",45.95944,64.31806,"ADC",2021,6,30,1,"NB38-01-01-ADC","5:15",9,19,1,"3","SW","0","N","MALL","Mallard",NA,NA,NA,NA,NA,NA,NA,NA,NA,NA,NA,NA,NA,NA,NA,"NB38-01-01-ADC-MALL",0,0,1,1,"",NA,NA,"",""
"2163","NB","38","NB38","Midgic",2,"NB38-02",45.9575,64.31806,"ADC",2021,6,30,1,"NB38-02-01-ADC","5:45",9,19,1,"3","SW","0","N","YEWA","Northern Yellow Warbler",NA,NA,NA,NA,NA,NA,NA,NA,NA,NA,NA,NA,NA,NA,NA,"NB38-02-01-ADC-YEWA",1,0,1,1,"",NA,NA,"",""
"2164","NB","38","NB38","Midgic",2,"NB38-02",45.9575,64.31806,"ADC",2021,6,30,1,"NB38-02-01-ADC","5:45",9,19,1,"3","SW","0","N","COGR","Common Grackle",NA,NA,NA,NA,NA,NA,NA,NA,NA,NA,NA,NA,NA,NA,NA,"NB38-02-01-ADC-COGR",0,0,1,1,"",NA,NA,"",""
"2165","NB","38","NB38","Midgic",2,"NB38-02",45.9575,64.31806,"ADC",2021,6,30,1,"NB38-02-01-ADC","5:45",9,19,1,"3","SW","0","N","RWBL","Red-winged Blackbird",NA,NA,NA,NA,NA,NA,NA,NA,NA,NA,NA,NA,NA,NA,NA,"NB38-02-01-ADC-RWBL",1,0,0,1,"",NA,NA,"",""
"2166","NB","38","NB38","Midgic",2,"NB38-02",45.9575,64.31806,"ADC",2021,6,30,1,"NB38-02-01-ADC","5:45",9,19,1,"3","SW","0","N","RWBL","Red-winged Blackbird",NA,NA,NA,NA,NA,NA,NA,NA,NA,NA,NA,NA,NA,NA,NA,"NB38-02-01-ADC-RWBL",0,2,0,2,"OF",NA,NA,"",""
"2167","NB","38","NB38","Midgic",3,"NB38-03",45.95583,64.31583,"ADC",2021,6,30,1,"NB38-03-01-ADC","6:05",9,19,1,"3","SW","0","N","YEWA","Northern Yellow Warbler",NA,NA,NA,NA,NA,NA,NA,NA,NA,NA,NA,NA,NA,NA,NA,"NB38-03-01-ADC-YEWA",2,0,0,2,"",NA,NA,"",""
"2168","NB","38","NB38","Midgic",3,"NB38-03",45.95583,64.31583,"ADC",2021,6,30,1,"NB38-03-01-ADC","6:05",9,19,1,"3","SW","0","N","RWBL","Red-winged Blackbird",NA,NA,NA,NA,NA,NA,NA,NA,NA,NA,NA,NA,NA,NA,NA,"NB38-03-01-ADC-RWBL",0,1,0,1,"",NA,NA,"",""
"2169","NB","38","NB38","Midgic",4,"NB38-04",45.95639,64.31278,"ADC",2021,6,30,1,"NB38-04-01-ADC","7:15",10,20,1,"3","SW","0","N","MALL","Mallard",NA,NA,NA,NA,NA,NA,NA,NA,NA,NA,NA,NA,NA,NA,NA,"NB38-04-01-ADC-MALL",0,0,1,1,"OF",NA,NA,"","flew in circles"
"2170","NB","38","NB38","Midgic",4,"NB38-04",45.95639,64.31278,"ADC",2021,6,30,1,"NB38-04-01-ADC","7:15",10,20,1,"3","SW","0","N","YEWA","Northern Yellow Warbler",NA,NA,NA,NA,NA,NA,NA,NA,NA,NA,NA,NA,NA,NA,NA,"NB38-04-01-ADC-YEWA",0,1,0,1,"",NA,NA,"",""
"2171","NB","38","NB38","Midgic",4,"NB38-04",45.95639,64.31278,"ADC",2021,6,30,1,"NB38-04-01-ADC","7:15",10,20,1,"3","SW","0","N","RWBL","Red-winged Blackbird",NA,NA,NA,NA,NA,NA,NA,NA,NA,NA,NA,NA,NA,NA,NA,"NB38-04-01-ADC-RWBL",3,0,0,3,"",NA,NA,"",""
"2172","NB","38","NB38","Midgic",5,"NB38-05",45.95778,64.31028,"ADC",2021,6,30,1,"NB38-05-01-ADC","6:45",9,20,1,"3","SW","0","N","RWBL","Red-winged Blackbird",NA,NA,NA,NA,NA,NA,NA,NA,NA,NA,NA,NA,NA,NA,NA,"NB38-05-01-ADC-RWBL",0,1,0,1,"",NA,NA,"",""
"2173","NB","38","NB38","Midgic",5,"NB38-05",45.95778,64.31028,"ADC",2021,6,30,1,"NB38-05-01-ADC","6:45",9,20,1,"3","SW","0","N","TRES","Tree Swallow",NA,NA,NA,NA,NA,NA,NA,NA,NA,NA,NA,NA,NA,NA,NA,"NB38-05-01-ADC-TRES",1,1,0,1,"OF",NA,NA,"",""
"2174","NB","38","NB38","Midgic",5,"NB38-05",45.95778,64.31028,"ADC",2021,6,30,1,"NB38-05-01-ADC","6:45",9,20,1,"3","SW","0","N","CHSP","Chipping Sparrow",NA,NA,NA,NA,NA,NA,NA,NA,NA,NA,NA,NA,NA,NA,NA,"NB38-05-01-ADC-CHSP",0,0,2,2,"",NA,NA,"",""
"2175","NB","38","NB38","Midgic",5,"NB38-05",45.95778,64.31028,"ADC",2021,6,30,1,"NB38-05-01-ADC","6:45",9,20,1,"3","SW","0","N","YEWA","Northern Yellow Warbler",NA,NA,NA,NA,NA,NA,NA,NA,NA,NA,NA,NA,NA,NA,NA,"NB38-05-01-ADC-YEWA",0,1,0,1,"",NA,NA,"",""
"2176","NB","38","NB38","Midgic",6,"NB38-06",45.95361,64.31472,"ADC",2021,6,30,1,"NB38-06-01-ADC","7:30",8,19,1,"3","SW","1","N","MALL","Mallard",NA,NA,NA,NA,NA,NA,NA,NA,NA,NA,NA,NA,NA,NA,NA,"NB38-06-01-ADC-MALL",0,1,1,1,"OF",NA,NA,"",""
"2177","NB","38","NB38","Midgic",6,"NB38-06",45.95361,64.31472,"ADC",2021,6,30,1,"NB38-06-01-ADC","7:30",8,19,1,"3","SW","1","N","COYE","Common Yellowthroat",NA,NA,NA,NA,NA,NA,NA,NA,NA,NA,NA,NA,NA,NA,NA,"NB38-06-01-ADC-COYE",0,1,1,1,"",NA,NA,"",""
"2178","NB","38","NB38","Midgic",6,"NB38-06",45.95361,64.31472,"ADC",2021,6,30,1,"NB38-06-01-ADC","7:30",8,19,1,"3","SW","1","N","RWBL","Red-winged Blackbird",NA,NA,NA,NA,NA,NA,NA,NA,NA,NA,NA,NA,NA,NA,NA,"NB38-06-01-ADC-RWBL",1,0,0,1,"",NA,NA,"",""
"2179","NB","38","NB38","Midgic",7,"NB38-07",45.95278,64.31167,"ADC",2021,6,30,1,"NB38-07-01-ADC","7:50",8,19,1,"3","SW","1","N","MALL","Mallard",NA,NA,NA,NA,NA,NA,NA,NA,NA,NA,NA,NA,NA,NA,NA,"NB38-07-01-ADC-MALL",0,1,0,1,"",NA,NA,"",""
"2180","NB","38","NB38","Midgic",7,"NB38-07",45.95278,64.31167,"ADC",2021,6,30,1,"NB38-07-01-ADC","7:50",8,19,1,"3","SW","1","N","CHSP","Chipping Sparrow",NA,NA,NA,NA,NA,NA,NA,NA,NA,NA,NA,NA,NA,NA,NA,"NB38-07-01-ADC-CHSP",0,2,0,2,"",NA,NA,"",""
"2181","NB","SV","NBSV","Sunset Valley",1,"NBSV-01",45.386855,-66.276566,"AP",2021,6,16,1,"NBSV-01-01-AP","5:29",10,16,0,"4","S","0","Y","ALFL","Alder Flycatcher",NA,NA,NA,NA,NA,NA,NA,NA,NA,NA,NA,NA,NA,NA,NA,"NBSV-01-01-AP-ALFL",1,1,1,1,"",NA,NA,"",""
"2182","NB","SV","NBSV","Sunset Valley",1,"NBSV-01",45.386855,-66.276566,"AP",2021,6,16,1,"NBSV-01-01-AP","5:29",10,16,0,"4","S","0","Y","SWSP","Swamp Sparrow",NA,NA,NA,NA,NA,NA,NA,NA,NA,NA,NA,NA,NA,NA,NA,"NBSV-01-01-AP-SWSP",1,NA,1,1,"",NA,NA,"",""
"2183","NB","SV","NBSV","Sunset Valley",1,"NBSV-01",45.386855,-66.276566,"AP",2021,6,16,1,"NBSV-01-01-AP","5:29",10,16,0,"4","S","0","Y","RWBL","Red-winged Blackbird",NA,NA,NA,NA,NA,NA,NA,NA,NA,NA,NA,NA,NA,NA,NA,"NBSV-01-01-AP-RWBL",2,2,1,2,"",NA,NA,"",""
"2184","NB","SV","NBSV","Sunset Valley",1,"NBSV-01",45.386855,-66.276566,"AP",2021,6,16,1,"NBSV-01-01-AP","5:29",10,16,0,"4","S","0","Y","ABDU","American Black Duck",NA,NA,NA,NA,NA,NA,NA,NA,NA,NA,NA,NA,NA,NA,NA,"NBSV-01-01-AP-ABDU",8,6,1,8,"",NA,NA,"5",""
"2185","NB","SV","NBSV","Sunset Valley",1,"NBSV-01",45.386855,-66.276566,"AP",2021,6,16,1,"NBSV-01-01-AP","5:29",10,16,0,"4","S","0","Y","YEWA","Northern Yellow Warbler",NA,NA,NA,NA,NA,NA,NA,NA,NA,NA,NA,NA,NA,NA,NA,"NBSV-01-01-AP-YEWA",1,1,1,1,"",NA,NA,"",""
"2186","NB","SV","NBSV","Sunset Valley",1,"NBSV-01",45.386855,-66.276566,"AP",2021,6,16,1,"NBSV-01-01-AP","5:29",10,16,0,"4","S","0","Y","COYE","Common Yellowthroat",NA,NA,NA,NA,NA,NA,NA,NA,NA,NA,NA,NA,NA,NA,NA,"NBSV-01-01-AP-COYE",0,1,1,1,"",NA,NA,"",""
"2187","NB","SV","NBSV","Sunset Valley",1,"NBSV-01",45.386855,-66.276566,"AP",2021,6,16,1,"NBSV-01-01-AP","5:29",10,16,0,"4","S","0","Y","COGR","Common Grackle",NA,NA,NA,NA,NA,NA,NA,NA,NA,NA,NA,NA,NA,NA,NA,"NBSV-01-01-AP-COGR",0,1,0,1,"",NA,NA,"",""
"2188","NB","SV","NBSV","Sunset Valley",1,"NBSV-01",45.386855,-66.276566,"AP",2021,6,16,1,"NBSV-01-01-AP","5:29",10,16,0,"4","S","0","Y","duck sp",NA,NA,NA,NA,NA,NA,NA,NA,NA,NA,NA,NA,NA,NA,NA,NA,"NBSV-01-01-AP-duck sp",0,8,1,8,"",NA,NA,"",""
"2189","NB","SV","NBSV","Sunset Valley",1,"NBSV-01",45.386855,-66.276566,"AP",2021,6,16,1,"NBSV-01-01-AP","5:29",10,16,0,"4","S","0","Y","NOWA","Northern Waterthrush",NA,NA,NA,NA,NA,NA,NA,NA,NA,NA,NA,NA,NA,NA,NA,"NBSV-01-01-AP-NOWA",0,1,0,1,"",NA,NA,"",""
"2190","NB","SV","NBSV","Sunset Valley",1,"NBSV-01",45.386855,-66.276566,"AP",2021,6,16,1,"NBSV-01-01-AP","5:29",10,16,0,"4","S","0","Y","WODU","Wood Duck",NA,NA,NA,NA,NA,NA,NA,NA,NA,NA,NA,NA,NA,NA,NA,"NBSV-01-01-AP-WODU",0,6,1,6,"",NA,NA,"",""
"2191","NB","SV","NBSV","Sunset Valley",3,"NBSV-03",45.38678,-66.272944,"AP",2021,6,16,1,"NBSV-03-01-AP","6:15",10,14,0,"0","N/A","2","Y","RWBL","Red-winged Blackbird",NA,NA,NA,NA,NA,NA,NA,NA,NA,NA,NA,NA,NA,NA,NA,"NBSV-03-01-AP-RWBL",1,3,1,3,"",NA,NA,"",""
"2192","NB","SV","NBSV","Sunset Valley",3,"NBSV-03",45.38678,-66.272944,"AP",2021,6,16,1,"NBSV-03-01-AP","6:15",10,14,0,"0","N/A","2","Y","WODU","Wood Duck",NA,NA,NA,NA,NA,NA,NA,NA,NA,NA,NA,NA,NA,NA,NA,"NBSV-03-01-AP-WODU",1,1,0,1,"",NA,NA,"",""
"2193","NB","SV","NBSV","Sunset Valley",4,"NBSV-04",45.384467,-66.265489,"AP",2021,6,16,1,"NBSV-04-01-AP","8:03",10,17,0,"0","N/A","2","Y","TRES","Tree Swallow",NA,NA,NA,NA,NA,NA,NA,NA,NA,NA,NA,NA,NA,NA,NA,"NBSV-04-01-AP-TRES",0,1,0,1,"AF",NA,NA,"",""
"2194","NB","SV","NBSV","Sunset Valley",4,"NBSV-04",45.384467,-66.265489,"AP",2021,6,16,1,"NBSV-04-01-AP","8:03",10,17,0,"0","N/A","2","Y","WODU","Wood Duck",NA,NA,NA,NA,NA,NA,NA,NA,NA,NA,NA,NA,NA,NA,NA,"NBSV-04-01-AP-WODU",0,1,1,1,"",NA,NA,"",""
"2195","NB","SV","NBSV","Sunset Valley",4,"NBSV-04",45.384467,-66.265489,"AP",2021,6,16,1,"NBSV-04-01-AP","8:03",10,17,0,"0","N/A","2","Y","BOBO","Bobolink",NA,NA,NA,NA,NA,NA,NA,NA,NA,NA,NA,NA,NA,NA,NA,"NBSV-04-01-AP-BOBO",0,0,3,3,"",NA,NA,"",""
"2196","NB","SV","NBSV","Sunset Valley",4,"NBSV-04",45.384467,-66.265489,"AP",2021,6,16,1,"NBSV-04-01-AP","8:03",10,17,0,"0","N/A","2","Y","MALL","Mallard",NA,NA,NA,NA,NA,NA,NA,NA,NA,NA,NA,NA,NA,NA,NA,"NBSV-04-01-AP-MALL",0,0,1,1,"",NA,NA,"",""
"2197","NB","SV","NBSV","Sunset Valley",5,"NBSV-05",45.387882,-66.263798,"AP",2021,6,16,1,"NBSV-05-01-AP","8:48",10,16,0,"0","N/A","2","Y","RWBL","Red-winged Blackbird",NA,NA,NA,NA,NA,NA,NA,NA,NA,NA,NA,NA,NA,NA,NA,"NBSV-05-01-AP-RWBL",2,1,2,2,"",NA,NA,"",""
"2198","NB","SV","NBSV","Sunset Valley",5,"NBSV-05",45.387882,-66.263798,"AP",2021,6,16,1,"NBSV-05-01-AP","8:48",10,16,0,"0","N/A","2","Y","WISN","Wilson's Snipe",NA,NA,NA,NA,NA,NA,NA,NA,NA,NA,NA,NA,NA,NA,NA,"NBSV-05-01-AP-WISN",3,2,2,3,"",NA,NA,"",""
"2199","NB","SV","NBSV","Sunset Valley",5,"NBSV-05",45.387882,-66.263798,"AP",2021,6,16,1,"NBSV-05-01-AP","8:48",10,16,0,"0","N/A","2","Y","BOBO","Bobolink",NA,NA,NA,NA,NA,NA,NA,NA,NA,NA,NA,NA,NA,NA,NA,"NBSV-05-01-AP-BOBO",0,0,1,1,"",NA,NA,"",""
"2200","NB","SV","NBSV","Sunset Valley",6,"NBSV-06",45.390661,-66.263809,"AP",2021,6,16,1,"NBSV-06-01-AP","9:32",10,16,0,"2","NW","1","Y","RWBL","Red-winged Blackbird",NA,NA,NA,NA,NA,NA,NA,NA,NA,NA,NA,NA,NA,NA,NA,"NBSV-06-01-AP-RWBL",3,2,2,3,"",NA,NA,"",""
"2201","NB","SV","NBSV","Sunset Valley",6,"NBSV-06",45.390661,-66.263809,"AP",2021,6,16,1,"NBSV-06-01-AP","9:32",10,16,0,"2","NW","1","Y","WISN","Wilson's Snipe",NA,NA,NA,NA,NA,NA,NA,NA,NA,NA,NA,NA,NA,NA,NA,"NBSV-06-01-AP-WISN",0,0,1,1,"",NA,NA,"",""
"2202","NB","SV","NBSV","Sunset Valley",6,"NBSV-06",45.390661,-66.263809,"AP",2021,6,16,1,"NBSV-06-01-AP","9:32",10,16,0,"2","NW","1","Y","ALFL","Alder Flycatcher",NA,NA,NA,NA,NA,NA,NA,NA,NA,NA,NA,NA,NA,NA,NA,"NBSV-06-01-AP-ALFL",1,1,0,1,"",NA,NA,"",""
"2203","NB","SV","NBSV","Sunset Valley",6,"NBSV-06",45.390661,-66.263809,"AP",2021,6,16,1,"NBSV-06-01-AP","9:32",10,16,0,"2","NW","1","Y","SWSP","Swamp Sparrow",NA,NA,NA,NA,NA,NA,NA,NA,NA,NA,NA,NA,NA,NA,NA,"NBSV-06-01-AP-SWSP",1,1,0,1,"",NA,NA,"",""
"2204","NB","SV","NBSV","Sunset Valley",7,"NBSV-07",45.390608,-66.263817,"AP",2021,6,16,1,"NBSV-07-01-AP","10:13",10,18,0,"1","SW","1","Y","WISN","Wilson's Snipe",NA,NA,NA,NA,NA,NA,NA,NA,NA,NA,NA,NA,NA,NA,NA,"NBSV-07-01-AP-WISN",1,0,1,1,"",NA,NA,"",""
"2205","NB","SV","NBSV","Sunset Valley",7,"NBSV-07",45.390608,-66.263817,"AP",2021,6,16,1,"NBSV-07-01-AP","10:13",10,18,0,"1","SW","1","Y","RWBL","Red-winged Blackbird",NA,NA,NA,NA,NA,NA,NA,NA,NA,NA,NA,NA,NA,NA,NA,"NBSV-07-01-AP-RWBL",1,2,0,2,"",NA,NA,"",""
"2206","NB","SV","NBSV","Sunset Valley",7,"NBSV-07",45.390608,-66.263817,"AP",2021,6,16,1,"NBSV-07-01-AP","10:13",10,18,0,"1","SW","1","Y","SWSP","Swamp Sparrow",NA,NA,NA,NA,NA,NA,NA,NA,NA,NA,NA,NA,NA,NA,NA,"NBSV-07-01-AP-SWSP",2,1,4,4,"",NA,NA,"",""
"2207","NB","SV","NBSV","Sunset Valley",7,"NBSV-07",45.390608,-66.263817,"AP",2021,6,16,1,"NBSV-07-01-AP","10:13",10,18,0,"1","SW","1","Y","COYE","Common Yellowthroat",NA,NA,NA,NA,NA,NA,NA,NA,NA,NA,NA,NA,NA,NA,NA,"NBSV-07-01-AP-COYE",0,1,1,1,"",NA,NA,"",""
"2208","NB","SV","NBSV","Sunset Valley",1,"NBSV-01",45.386855,-66.276566,"AP",2021,6,30,2,"NBSV-01-02-AP","5:15",10,22,0,"0","N/A","1","Y","VEER","Veery",NA,NA,NA,NA,NA,NA,NA,NA,NA,NA,NA,NA,NA,NA,NA,"NBSV-01-02-AP-VEER",2,0,0,2,"",NA,NA,"",""
"2209","NB","SV","NBSV","Sunset Valley",1,"NBSV-01",45.386855,-66.276566,"AP",2021,6,30,2,"NBSV-01-02-AP","5:15",10,22,0,"0","N/A","1","Y","SWSP","Swamp Sparrow",NA,NA,NA,NA,NA,NA,NA,NA,NA,NA,NA,NA,NA,NA,NA,"NBSV-01-02-AP-SWSP",4,4,3,4,"",NA,NA,"",""
"2210","NB","SV","NBSV","Sunset Valley",1,"NBSV-01",45.386855,-66.276566,"AP",2021,6,30,2,"NBSV-01-02-AP","5:15",10,22,0,"0","N/A","1","Y","SOSP","Song Sparrow",NA,NA,NA,NA,NA,NA,NA,NA,NA,NA,NA,NA,NA,NA,NA,"NBSV-01-02-AP-SOSP",1,0,0,1,"",NA,NA,"",""
"2211","NB","SV","NBSV","Sunset Valley",1,"NBSV-01",45.386855,-66.276566,"AP",2021,6,30,2,"NBSV-01-02-AP","5:15",10,22,0,"0","N/A","1","Y","YEWA","Northern Yellow Warbler",NA,NA,NA,NA,NA,NA,NA,NA,NA,NA,NA,NA,NA,NA,NA,"NBSV-01-02-AP-YEWA",1,1,1,1,"",NA,NA,"",""
"2212","NB","SV","NBSV","Sunset Valley",1,"NBSV-01",45.386855,-66.276566,"AP",2021,6,30,2,"NBSV-01-02-AP","5:15",10,22,0,"0","N/A","1","Y","RWBL","Red-winged Blackbird",NA,NA,NA,NA,NA,NA,NA,NA,NA,NA,NA,NA,NA,NA,NA,"NBSV-01-02-AP-RWBL",1,1,1,1,"",NA,NA,"",""
"2213","NB","SV","NBSV","Sunset Valley",1,"NBSV-01",45.386855,-66.276566,"AP",2021,6,30,2,"NBSV-01-02-AP","5:15",10,22,0,"0","N/A","1","Y","duck sp",NA,NA,NA,NA,NA,NA,NA,NA,NA,NA,NA,NA,NA,NA,NA,NA,"NBSV-01-02-AP-duck sp",1,0,1,1,"",NA,NA,"",""
"2214","NB","SV","NBSV","Sunset Valley",1,"NBSV-01",45.386855,-66.276566,"AP",2021,6,30,2,"NBSV-01-02-AP","5:15",10,22,0,"0","N/A","1","Y","COYE","Common Yellowthroat",NA,NA,NA,NA,NA,NA,NA,NA,NA,NA,NA,NA,NA,NA,NA,"NBSV-01-02-AP-COYE",0,1,1,1,"",NA,NA,"",""
"2215","NB","SV","NBSV","Sunset Valley",1,"NBSV-01",45.386855,-66.276566,"AP",2021,6,30,2,"NBSV-01-02-AP","5:15",10,22,0,"0","N/A","1","Y","COGR","Common Grackle",NA,NA,NA,NA,NA,NA,NA,NA,NA,NA,NA,NA,NA,NA,NA,"NBSV-01-02-AP-COGR",0,0,4,4,"",NA,NA,"",""
"2216","NB","SV","NBSV","Sunset Valley",1,"NBSV-01",45.386855,-66.276566,"AP",2021,6,30,2,"NBSV-01-02-AP","5:15",10,22,0,"0","N/A","1","Y","AGOL","American Goldfinch",NA,NA,NA,NA,NA,NA,NA,NA,NA,NA,NA,NA,NA,NA,NA,"NBSV-01-02-AP-AMGO",0,0,1,1,"",NA,NA,"",""
"2217","NB","SV","NBSV","Sunset Valley",3,"NBSV-03",45.38678,-66.272944,"AP",2021,6,30,2,"NBSV-03-02-AP","5:57",10,22,0,"0","N/A","1","Y","COYE","Common Yellowthroat",NA,NA,NA,NA,NA,NA,NA,NA,NA,NA,NA,NA,NA,NA,NA,"NBSV-03-02-AP-COYE",1,0,0,1,"",NA,NA,"",""
"2218","NB","SV","NBSV","Sunset Valley",3,"NBSV-03",45.38678,-66.272944,"AP",2021,6,30,2,"NBSV-03-02-AP","5:57",10,22,0,"0","N/A","1","Y","RWBL","Red-winged Blackbird",NA,NA,NA,NA,NA,NA,NA,NA,NA,NA,NA,NA,NA,NA,NA,"NBSV-03-02-AP-RWBL",2,1,1,2,"",NA,NA,"",""
"2219","NB","SV","NBSV","Sunset Valley",3,"NBSV-03",45.38678,-66.272944,"AP",2021,6,30,2,"NBSV-03-02-AP","5:57",10,22,0,"0","N/A","1","Y","WODU","Wood Duck",NA,NA,NA,NA,NA,NA,NA,NA,NA,NA,NA,NA,NA,NA,NA,"NBSV-03-02-AP-WODU",1,0,0,1,"",NA,NA,"",""
"2220","NB","SV","NBSV","Sunset Valley",3,"NBSV-03",45.38678,-66.272944,"AP",2021,6,30,2,"NBSV-03-02-AP","5:57",10,22,0,"0","N/A","1","Y","PIWO","Pileated Woodpecker",NA,NA,NA,NA,NA,NA,NA,NA,NA,NA,NA,NA,NA,NA,NA,"NBSV-03-02-AP-PIWO",0,0,1,1,"",NA,NA,"",""
"2221","NB","SV","NBSV","Sunset Valley",3,"NBSV-03",45.38678,-66.272944,"AP",2021,6,30,2,"NBSV-03-02-AP","5:57",10,22,0,"0","N/A","1","Y","OVEN","Ovenbird",NA,NA,NA,NA,NA,NA,NA,NA,NA,NA,NA,NA,NA,NA,NA,"NBSV-03-02-AP-OVEN",0,0,1,1,"",NA,NA,"",""
"2222","NB","SV","NBSV","Sunset Valley",4,"NBSV-04",45.384467,-66.265489,"AP",2021,6,30,2,"NBSV-04-02-AP","7:39",6,21,0,"1","N","2","Y","RWBL","Red-winged Blackbird",NA,NA,NA,NA,NA,NA,NA,NA,NA,NA,NA,NA,NA,NA,NA,"NBSV-04-02-AP-RWBL",1,2,0,2,"",NA,NA,"",""
"2223","NB","SV","NBSV","Sunset Valley",4,"NBSV-04",45.384467,-66.265489,"AP",2021,6,30,2,"NBSV-04-02-AP","7:39",6,21,0,"1","N","2","Y","WISN","Wilson's Snipe",NA,NA,NA,NA,NA,NA,NA,NA,NA,NA,NA,NA,NA,NA,NA,"NBSV-04-02-AP-WISN",1,0,0,1,"",NA,NA,"",""
"2224","NB","SV","NBSV","Sunset Valley",4,"NBSV-04",45.384467,-66.265489,"AP",2021,6,30,2,"NBSV-04-02-AP","7:39",6,21,0,"1","N","2","Y","SWSP","Swamp Sparrow",NA,NA,NA,NA,NA,NA,NA,NA,NA,NA,NA,NA,NA,NA,NA,"NBSV-04-02-AP-SWSP",0,1,0,1,"",NA,NA,"",""
"2225","NB","SV","NBSV","Sunset Valley",5,"NBSV-05",45.387882,-66.263798,"AP",2021,6,30,2,"NBSV-05-02-AP","8:22",9,22,0,"2","NE","2","Y","RWBL","Red-winged Blackbird",NA,NA,NA,NA,NA,NA,NA,NA,NA,NA,NA,NA,NA,NA,NA,"NBSV-05-02-AP-RWBL",2,2,3,3,"",NA,NA,"",""
"2226","NB","SV","NBSV","Sunset Valley",6,"NBSV-06",45.390661,-66.263809,"AP",2021,6,30,2,"NBSV-06-02-AP","8:54",9,22,0,"1","S","1","Y","RWBL","Red-winged Blackbird",NA,NA,NA,NA,NA,NA,NA,NA,NA,NA,NA,NA,NA,NA,NA,"NBSV-06-02-AP-RWBL",2,2,5,5,"",NA,NA,"",""
"2227","NB","SV","NBSV","Sunset Valley",6,"NBSV-06",45.390661,-66.263809,"AP",2021,6,30,2,"NBSV-06-02-AP","8:54",9,22,0,"1","S","1","Y","SWSP","Swamp Sparrow",NA,NA,NA,NA,NA,NA,NA,NA,NA,NA,NA,NA,NA,NA,NA,"NBSV-06-02-AP-SWSP",0,1,0,1,"",NA,NA,"",""
"2228","NB","SV","NBSV","Sunset Valley",6,"NBSV-06",45.390661,-66.263809,"AP",2021,6,30,2,"NBSV-06-02-AP","8:54",9,22,0,"1","S","1","Y","WISN","Wilson's Snipe",NA,NA,NA,NA,NA,NA,NA,NA,NA,NA,NA,NA,NA,NA,NA,"NBSV-06-02-AP-WISN",0,0,1,1,"",NA,NA,"",""
"2229","NB","SV","NBSV","Sunset Valley",7,"NBSV-07",45.39324,-66.26321,"AP",2021,6,30,2,"NBSV-07-02-AP","9:55",10,24,2,"2","N","0","Y","RWBL","Red-winged Blackbird",NA,NA,NA,NA,NA,NA,NA,NA,NA,NA,NA,NA,NA,NA,NA,"NBSV-07-02-AP-RWBL",2,1,2,2,"",NA,NA,"",""
"2230","NB","SV","NBSV","Sunset Valley",7,"NBSV-07",45.39324,-66.26321,"AP",2021,6,30,2,"NBSV-07-02-AP","9:55",10,24,2,"2","N","0","Y","SWSP","Swamp Sparrow",NA,NA,NA,NA,NA,NA,NA,NA,NA,NA,NA,NA,NA,NA,NA,"NBSV-07-02-AP-SWSP",1,0,0,1,"",NA,NA,"",""
"2231","NB","SV","NBSV","Sunset Valley",7,"NBSV-07",45.39324,-66.26321,"AP",2021,6,30,2,"NBSV-07-02-AP","9:55",10,24,2,"2","N","0","Y","WISN","Wilson's Snipe",NA,NA,NA,NA,NA,NA,NA,NA,NA,NA,NA,NA,NA,NA,NA,"NBSV-07-02-AP-WISN",0,0,1,1,"",NA,NA,"",""
"2232","NB","SV","NBSV","Sunset Valley",7,"NBSV-07",45.39324,-66.26321,"AP",2021,6,30,2,"NBSV-07-02-AP","9:55",10,24,2,"2","N","0","Y","TRES","Tree Swallow",NA,NA,NA,NA,NA,NA,NA,NA,NA,NA,NA,NA,NA,NA,NA,"NBSV-07-02-AP-TRES",1,2,1,2,"AF",NA,NA,"",""
"2233","NB","36","NB36","Ward Marsh",1,"NB36-01",45.96358,64.34468,"KAP",2021,6,11,1,"NB36-01-01-KAP","5:45",1,0,0,"0",NA,"0","Y","ALFL","Alder Flycatcher",NA,NA,NA,NA,NA,NA,NA,NA,NA,NA,NA,NA,NA,NA,NA,"NB36-01-01-KAP-ALFL",1,0,0,1,"",NA,NA,"",""
"2234","NB","36","NB36","Ward Marsh",1,"NB36-01",45.96358,64.34468,"KAP",2021,6,11,1,"NB36-01-01-KAP","5:45",1,0,0,"0",NA,"0","Y","YEWA","Northern Yellow Warbler",NA,NA,NA,NA,NA,NA,NA,NA,NA,NA,NA,NA,NA,NA,NA,"NB36-01-01-KAP-YEWA",1,0,0,1,"",NA,NA,"",""
"2235","NB","36","NB36","Ward Marsh",1,"NB36-01",45.96358,64.34468,"KAP",2021,6,11,1,"NB36-01-01-KAP","5:45",1,0,0,"0",NA,"0","Y","NOPA","Northern Parula",NA,NA,NA,NA,NA,NA,NA,NA,NA,NA,NA,NA,NA,NA,NA,"NB36-01-01-KAP-NOPA",1,0,0,1,"",NA,NA,"",""
"2236","NB","36","NB36","Ward Marsh",1,"NB36-01",45.96358,64.34468,"KAP",2021,6,11,1,"NB36-01-01-KAP","5:45",1,0,0,"0",NA,"0","Y","SOSP","Song Sparrow",NA,NA,NA,NA,NA,NA,NA,NA,NA,NA,NA,NA,NA,NA,NA,"NB36-01-01-KAP-SOSP",1,0,0,1,"",NA,NA,"",""
"2237","NB","36","NB36","Ward Marsh",1,"NB36-01",45.96358,64.34468,"KAP",2021,6,11,1,"NB36-01-01-KAP","5:45",1,0,0,"0",NA,"0","Y","BOBO","Bobolink",NA,NA,NA,NA,NA,NA,NA,NA,NA,NA,NA,NA,NA,NA,NA,"NB36-01-01-KAP-BOBO",4,0,0,4,"",NA,NA,"",""
"2238","NB","36","NB36","Ward Marsh",1,"NB36-01",45.96358,64.34468,"KAP",2021,6,11,1,"NB36-01-01-KAP","5:45",1,0,0,"0",NA,"0","Y","YETH",NA,NA,NA,NA,NA,NA,NA,NA,NA,NA,NA,NA,NA,NA,NA,NA,"NB36-01-01-KAP-YETH",1,0,0,1,"",NA,NA,"","unknown species code"
"2239","NB","36","NB36","Ward Marsh",1,"NB36-01",45.96358,64.34468,"KAP",2021,6,11,1,"NB36-01-01-KAP","5:45",1,0,0,"0",NA,"0","Y","COYE","Common Yellowthroat",NA,NA,NA,NA,NA,NA,NA,NA,NA,NA,NA,NA,NA,NA,NA,"NB36-01-01-KAP-COYE",2,0,0,2,"",NA,NA,"",""
"2240","NB","36","NB36","Ward Marsh",1,"NB36-01",45.96358,64.34468,"KAP",2021,6,11,1,"NB36-01-01-KAP","5:45",1,0,0,"0",NA,"0","Y","COGR","Common Grackle",NA,NA,NA,NA,NA,NA,NA,NA,NA,NA,NA,NA,NA,NA,NA,"NB36-01-01-KAP-COGR",2,0,0,2,"",NA,NA,"",""
"2241","NB","36","NB36","Ward Marsh",1,"NB36-01",45.96358,64.34468,"KAP",2021,6,11,1,"NB36-01-01-KAP","5:45",1,0,0,"0",NA,"0","Y","RWBL","Red-winged Blackbird",NA,NA,NA,NA,NA,NA,NA,NA,NA,NA,NA,NA,NA,NA,NA,"NB36-01-01-KAP-RWBL",7,0,0,7,"",NA,NA,"","written as RWBB"
"2242","NB","36","NB36","Ward Marsh",1,"NB36-01",45.96358,64.34468,"KAP",2021,6,11,1,"NB36-01-01-KAP","5:45",1,0,0,"0",NA,"0","Y","AMRO","American Robin",NA,NA,NA,NA,NA,NA,NA,NA,NA,NA,NA,NA,NA,NA,NA,"NB36-01-01-KAP-AMRO",2,0,0,2,"",NA,NA,"",""
"2243","NB","36","NB36","Ward Marsh",1,"NB36-01",45.96358,64.34468,"KAP",2021,6,11,1,"NB36-01-01-KAP","5:45",1,0,0,"0",NA,"0","Y","ABDU","American Black Duck",NA,NA,NA,NA,NA,NA,NA,NA,NA,NA,NA,NA,NA,NA,NA,"NB36-01-01-KAP-ABDU",0,0,0,0,"OF",NA,NA,"",""
"2244","NB","36","NB36","Ward Marsh",1,"NB36-01",45.96358,64.34468,"KAP",2021,6,11,1,"NB36-01-01-KAP","5:45",1,0,0,"0",NA,"0","Y","OVEN","Ovenbird",NA,NA,NA,NA,NA,NA,NA,NA,NA,NA,NA,NA,NA,NA,NA,"NB36-01-01-KAP-OVEN",1,0,0,1,"",NA,NA,"",""
"2245","NB","36","NB36","Ward Marsh",1,"NB36-01",45.96358,64.34468,"KAP",2021,6,30,2,"NB36-01-02-KAP","5:09",10,19,0,"0",NA,"0","Y","SOSP","Song Sparrow",NA,NA,NA,NA,NA,NA,NA,NA,NA,NA,NA,NA,NA,NA,NA,"NB36-01-02-KAP-SOSP",1,0,0,1,"",NA,NA,"",""
"2246","NB","36","NB36","Ward Marsh",1,"NB36-01",45.96358,64.34468,"KAP",2021,6,30,2,"NB36-01-02-KAP","5:09",10,19,0,"0",NA,"0","Y","COYE","Common Yellowthroat",NA,NA,NA,NA,NA,NA,NA,NA,NA,NA,NA,NA,NA,NA,NA,"NB36-01-02-KAP-COYE",1,0,0,1,"",NA,NA,"",""
"2247","NB","36","NB36","Ward Marsh",1,"NB36-01",45.96358,64.34468,"KAP",2021,6,30,2,"NB36-01-02-KAP","5:09",10,19,0,"0",NA,"0","Y","CANG","Canada Goose",NA,NA,NA,NA,NA,NA,NA,NA,NA,NA,NA,NA,NA,NA,NA,"NB36-01-02-KAP-CANG",2,0,0,2,"",NA,NA,"","6 juvenile"
"2248","NB","36","NB36","Ward Marsh",1,"NB36-01",45.96358,64.34468,"KAP",2021,6,30,2,"NB36-01-02-KAP","5:09",10,19,0,"0",NA,"0","Y","COLO","Common Loon",NA,NA,NA,NA,NA,NA,NA,NA,NA,NA,NA,NA,NA,NA,NA,"NB36-01-02-KAP-COLO",1,0,0,1,"",NA,NA,"","flying"
"2249","NB","36","NB36","Ward Marsh",1,"NB36-01",45.96358,64.34468,"KAP",2021,6,30,2,"NB36-01-02-KAP","5:09",10,19,0,"0",NA,"0","Y","BOBO","Bobolink",NA,NA,NA,NA,NA,NA,NA,NA,NA,NA,NA,NA,NA,NA,NA,"NB36-01-02-KAP-BOBO",1,0,0,1,"",NA,NA,"",""
"2250","NB","36","NB36","Ward Marsh",1,"NB36-01",45.96358,64.34468,"KAP",2021,6,30,2,"NB36-01-02-KAP","5:09",10,19,0,"0",NA,"0","Y","RWBL","Red-winged Blackbird",NA,NA,NA,NA,NA,NA,NA,NA,NA,NA,NA,NA,NA,NA,NA,"NB36-01-02-KAP-RWBL",7,0,0,7,"",NA,NA,"",""
"2251","NB","36","NB36","Ward Marsh",1,"NB36-01",45.96358,64.34468,"KAP",2021,6,30,2,"NB36-01-02-KAP","5:09",10,19,0,"0",NA,"0","Y","SWSP","Swamp Sparrow",NA,NA,NA,NA,NA,NA,NA,NA,NA,NA,NA,NA,NA,NA,NA,"NB36-01-02-KAP-SWSP",1,0,0,1,"",NA,NA,"",""
"2252","NB","36","NB36","Ward Marsh",1,"NB36-01",45.96358,64.34468,"KAP",2021,6,30,2,"NB36-01-02-KAP","5:09",10,19,0,"0",NA,"0","Y","AMCR","American Crow",NA,NA,NA,NA,NA,NA,NA,NA,NA,NA,NA,NA,NA,NA,NA,"NB36-01-02-KAP-AMCR",1,0,0,1,"",NA,NA,"",""
"2253","NB","36","NB36","Ward Marsh",1,"NB36-01",45.96358,64.34468,"KAP",2021,6,30,2,"NB36-01-02-KAP","5:09",10,19,0,"0",NA,"0","Y","duck sp",NA,NA,NA,NA,NA,NA,NA,NA,NA,NA,NA,NA,NA,NA,NA,NA,"NB36-01-02-KAP-duck sp",0,0,0,0,"OF",NA,NA,"","fly"
"2254","NB","36","NB36","Ward Marsh",2,"NB36-02",45.96731,64.34583,"KAP",2021,6,11,1,"NB36-02-01-KAP","6:06",0,0,0,"0",NA,"0","Y","SOSP","Song Sparrow",NA,NA,NA,NA,NA,NA,NA,NA,NA,NA,NA,NA,NA,NA,NA,"NB36-02-01-KAP-SOSP",1,0,0,1,"",NA,NA,"",""
"2255","NB","36","NB36","Ward Marsh",2,"NB36-02",45.96731,64.34583,"KAP",2021,6,11,1,"NB36-02-01-KAP","6:06",0,0,0,"0",NA,"0","Y","YEWA","Northern Yellow Warbler",NA,NA,NA,NA,NA,NA,NA,NA,NA,NA,NA,NA,NA,NA,NA,"NB36-02-01-KAP-YEWA",1,0,0,1,"",NA,NA,"",""
"2256","NB","36","NB36","Ward Marsh",2,"NB36-02",45.96731,64.34583,"KAP",2021,6,11,1,"NB36-02-01-KAP","6:06",0,0,0,"0",NA,"0","Y","REVI","Red-eyed Vireo",NA,NA,NA,NA,NA,NA,NA,NA,NA,NA,NA,NA,NA,NA,NA,"NB36-02-01-KAP-REVI",1,0,0,1,"",NA,NA,"","written as REVE, assumed to be REVI"
"2257","NB","36","NB36","Ward Marsh",2,"NB36-02",45.96731,64.34583,"KAP",2021,6,11,1,"NB36-02-01-KAP","6:06",0,0,0,"0",NA,"0","Y","CANG","Canada Goose",NA,NA,NA,NA,NA,NA,NA,NA,NA,NA,NA,NA,NA,NA,NA,"NB36-02-01-KAP-CANG",4,0,0,4,"",NA,NA,"","Written as CAGO"
"2258","NB","36","NB36","Ward Marsh",2,"NB36-02",45.96731,64.34583,"KAP",2021,6,11,1,"NB36-02-01-KAP","6:06",0,0,0,"0",NA,"0","Y","ALFL","Alder Flycatcher",NA,NA,NA,NA,NA,NA,NA,NA,NA,NA,NA,NA,NA,NA,NA,"NB36-02-01-KAP-ALFL",1,0,0,1,"",NA,NA,"",""
"2259","NB","36","NB36","Ward Marsh",2,"NB36-02",45.96731,64.34583,"KAP",2021,6,11,1,"NB36-02-01-KAP","6:06",0,0,0,"0",NA,"0","Y","RWBL","Red-winged Blackbird",NA,NA,NA,NA,NA,NA,NA,NA,NA,NA,NA,NA,NA,NA,NA,"NB36-02-01-KAP-RWBL",3,0,0,3,"",NA,NA,"",""
"2260","NB","36","NB36","Ward Marsh",2,"NB36-02",45.96731,64.34583,"KAP",2021,6,11,1,"NB36-02-01-KAP","6:06",0,0,0,"0",NA,"0","Y","TRES","Tree Swallow",NA,NA,NA,NA,NA,NA,NA,NA,NA,NA,NA,NA,NA,NA,NA,"NB36-02-01-KAP-TRES",20,0,0,20,"AF",NA,NA,"","written as TRSW, ""outside circle"""
"2261","NB","36","NB36","Ward Marsh",2,"NB36-02",45.96731,64.34583,"KAP",2021,6,30,2,"NB36-02-02-KAP","5:29",10,19,0,"0",NA,"0","Y","SOSP","Song Sparrow",NA,NA,NA,NA,NA,NA,NA,NA,NA,NA,NA,NA,NA,NA,NA,"NB36-02-02-KAP-SOSP",1,0,0,1,"",NA,NA,"",""
"2262","NB","36","NB36","Ward Marsh",2,"NB36-02",45.96731,64.34583,"KAP",2021,6,30,2,"NB36-02-02-KAP","5:29",10,19,0,"0",NA,"0","Y","SWSP","Swamp Sparrow",NA,NA,NA,NA,NA,NA,NA,NA,NA,NA,NA,NA,NA,NA,NA,"NB36-02-02-KAP-SWSP",0,1,0,1,"",NA,NA,"",""
"2263","NB","36","NB36","Ward Marsh",2,"NB36-02",45.96731,64.34583,"KAP",2021,6,30,2,"NB36-02-02-KAP","5:29",10,19,0,"0",NA,"0","Y","WTSP","White-throated Sparrow",NA,NA,NA,NA,NA,NA,NA,NA,NA,NA,NA,NA,NA,NA,NA,"NB36-02-02-KAP-WTSP",0,1,0,1,"",NA,NA,"",""
"2264","NB","36","NB36","Ward Marsh",2,"NB36-02",45.96731,64.34583,"KAP",2021,6,30,2,"NB36-02-02-KAP","5:29",10,19,0,"0",NA,"0","Y","COYE","Common Yellowthroat",NA,NA,NA,NA,NA,NA,NA,NA,NA,NA,NA,NA,NA,NA,NA,"NB36-02-02-KAP-COYE",0,1,0,1,"",NA,NA,"",""
"2265","NB","36","NB36","Ward Marsh",2,"NB36-02",45.96731,64.34583,"KAP",2021,6,30,2,"NB36-02-02-KAP","5:29",10,19,0,"0",NA,"0","Y","RWBL","Red-winged Blackbird",NA,NA,NA,NA,NA,NA,NA,NA,NA,NA,NA,NA,NA,NA,NA,"NB36-02-02-KAP-RWBL",0,2,0,2,"",NA,NA,"",""
"2266","NB","36","NB36","Ward Marsh",2,"NB36-02",45.96731,64.34583,"KAP",2021,6,30,2,"NB36-02-02-KAP","5:29",10,19,0,"0",NA,"0","Y","AMRO","American Robin",NA,NA,NA,NA,NA,NA,NA,NA,NA,NA,NA,NA,NA,NA,NA,"NB36-02-02-KAP-AMRO",0,0,1,1,"",NA,NA,"",""
"2267","NB","36","NB36","Ward Marsh",3,"NB36-03",45.9701,64.34698,"KAP",2021,6,30,2,"NB36-03-02-KAP","5:54",10,10,0,"0",NA,"0","Y","BAEA","Bald Eagle",NA,NA,NA,NA,NA,NA,NA,NA,NA,NA,NA,NA,NA,NA,NA,"NB36-03-02-KAP-BAEA",1,0,0,1,"OF",NA,NA,"",""
"2268","NB","36","NB36","Ward Marsh",3,"NB36-03",45.9701,64.34698,"KAP",2021,6,30,2,"NB36-03-02-KAP","5:54",10,10,0,"0",NA,"0","Y","COYE","Common Yellowthroat",NA,NA,NA,NA,NA,NA,NA,NA,NA,NA,NA,NA,NA,NA,NA,"NB36-03-02-KAP-COYE",0,1,0,1,"",NA,NA,"",""
"2269","NB","36","NB36","Ward Marsh",3,"NB36-03",45.9701,64.34698,"KAP",2021,6,30,2,"NB36-03-02-KAP","5:54",10,10,0,"0",NA,"0","Y","COGR","Common Grackle",NA,NA,NA,NA,NA,NA,NA,NA,NA,NA,NA,NA,NA,NA,NA,"NB36-03-02-KAP-COGR",0,1,0,1,"",NA,NA,"",""
"2270","NB","36","NB36","Ward Marsh",3,"NB36-03",45.9701,64.34698,"KAP",2021,6,30,2,"NB36-03-02-KAP","5:54",10,10,0,"0",NA,"0","Y","SWSP","Swamp Sparrow",NA,NA,NA,NA,NA,NA,NA,NA,NA,NA,NA,NA,NA,NA,NA,"NB36-03-02-KAP-SWSP",0,1,0,1,"",NA,NA,"",""
"2271","NB","36","NB36","Ward Marsh",3,"NB36-03",45.9701,64.34698,"KAP",2021,6,30,2,"NB36-03-02-KAP","5:54",10,10,0,"0",NA,"0","Y","YEWA","Northern Yellow Warbler",NA,NA,NA,NA,NA,NA,NA,NA,NA,NA,NA,NA,NA,NA,NA,"NB36-03-02-KAP-YEWA",0,1,0,1,"",NA,NA,"",""
"2272","NB","36","NB36","Ward Marsh",3,"NB36-03",45.9701,64.34698,"KAP",2021,6,30,2,"NB36-03-02-KAP","5:54",10,10,0,"0",NA,"0","Y","RWBL","Red-winged Blackbird",NA,NA,NA,NA,NA,NA,NA,NA,NA,NA,NA,NA,NA,NA,NA,"NB36-03-02-KAP-RWBL",0,0,0,0,"",NA,NA,"","did not indicated when observed"
"2273","NB","36","NB36","Ward Marsh",3,"NB36-03",45.9701,64.34698,"KAP",2021,6,30,2,"NB36-03-02-KAP","5:54",10,10,0,"0",NA,"0","Y","TRES","Tree Swallow",NA,NA,NA,NA,NA,NA,NA,NA,NA,NA,NA,NA,NA,NA,NA,"NB36-03-02-KAP-TRES",0,0,2,2,"",NA,NA,"","written as TRSW"
"2274","NB","36","NB36","Ward Marsh",3,"NB36-03",45.9701,64.34698,"KAP",2021,6,30,2,"NB36-03-02-KAP","5:54",10,10,0,"0",NA,"0","Y","AMRE","American Redstart",NA,NA,NA,NA,NA,NA,NA,NA,NA,NA,NA,NA,NA,NA,NA,"NB36-03-02-KAP-AMRE",0,0,0,0,"",NA,NA,"","""extra"""
"2275","NB","36","NB36","Ward Marsh",3,"NB36-03",45.9701,64.34698,"KAP",2021,6,30,2,"NB36-03-02-KAP","5:54",10,10,0,"0",NA,"0","Y","BHVI","Blue-headed Vireo",NA,NA,NA,NA,NA,NA,NA,NA,NA,NA,NA,NA,NA,NA,NA,"NB36-03-02-KAP-BHVI",0,0,0,0,"",NA,NA,"","""extra"""
"2276","NB","36","NB36","Ward Marsh",4,"NB36-04",45.9721,64.34375,"KAP",2021,6,30,2,"NB36-04-02-KAP","6:14",10,22,0,"0",NA,"0","Y","MALL","Mallard",NA,NA,NA,NA,NA,NA,NA,NA,NA,NA,NA,NA,NA,NA,NA,"NB36-04-02-KAP-MALL",3,0,0,3,"",NA,NA,"",""
"2277","NB","36","NB36","Ward Marsh",4,"NB36-04",45.9721,64.34375,"KAP",2021,6,30,2,"NB36-04-02-KAP","6:14",10,22,0,"0",NA,"0","Y","RWBL","Red-winged Blackbird",NA,NA,NA,NA,NA,NA,NA,NA,NA,NA,NA,NA,NA,NA,NA,"NB36-04-02-KAP-RWBL",0,0,0,0,"",NA,NA,"","did not indicated when observed"
"2278","NB","36","NB36","Ward Marsh",4,"NB36-04",45.9721,64.34375,"KAP",2021,6,30,2,"NB36-04-02-KAP","6:14",10,22,0,"0",NA,"0","Y","SOSP","Song Sparrow",NA,NA,NA,NA,NA,NA,NA,NA,NA,NA,NA,NA,NA,NA,NA,"NB36-04-02-KAP-SOSP",0,0,0,0,"",NA,NA,"","did not indicated when observed"
"2279","NB","36","NB36","Ward Marsh",4,"NB36-04",45.9721,64.34375,"KAP",2021,6,30,2,"NB36-04-02-KAP","6:14",10,22,0,"0",NA,"0","Y","TRES","Tree Swallow",NA,NA,NA,NA,NA,NA,NA,NA,NA,NA,NA,NA,NA,NA,NA,"NB36-04-02-KAP-TRES",0,2,0,2,"OF",NA,NA,"",""
"2280","NB","36","NB36","Ward Marsh",4,"NB36-04",45.9721,64.34375,"KAP",2021,6,30,2,"NB36-04-02-KAP","6:14",10,22,0,"0",NA,"0","Y","BAEA","Bald Eagle",NA,NA,NA,NA,NA,NA,NA,NA,NA,NA,NA,NA,NA,NA,NA,"NB36-04-02-KAP-BAEA",0,0,0,0,"OF",NA,NA,"","may be same"
"2281","NB","36","NB36","Ward Marsh",4,"NB36-04",45.9721,64.34375,"KAP",2021,6,30,2,"NB36-04-02-KAP","6:14",10,22,0,"0",NA,"0","Y","WODU","Wood Duck",NA,NA,NA,NA,NA,NA,NA,NA,NA,NA,NA,NA,NA,NA,NA,"NB36-04-02-KAP-WODU",0,0,1,1,"",NA,NA,"",""
"2282","NB","36","NB36","Ward Marsh",5,"NB36-05",45.97079,64.33791,"KAP",2021,6,30,2,"NB36-05-02-KAP","6:37",10,20,0,"0",NA,"0","Y","WTSP","White-throated Sparrow",NA,NA,NA,NA,NA,NA,NA,NA,NA,NA,NA,NA,NA,NA,NA,"NB36-05-02-KAP-WTSP",1,0,0,1,"",NA,NA,"",""
"2283","NB","36","NB36","Ward Marsh",5,"NB36-05",45.97079,64.33791,"KAP",2021,6,30,2,"NB36-05-02-KAP","6:37",10,20,0,"0",NA,"0","Y","SOSP","Song Sparrow",NA,NA,NA,NA,NA,NA,NA,NA,NA,NA,NA,NA,NA,NA,NA,"NB36-05-02-KAP-SOSP",1,0,0,1,"",NA,NA,"",""
"2284","NB","36","NB36","Ward Marsh",5,"NB36-05",45.97079,64.33791,"KAP",2021,6,30,2,"NB36-05-02-KAP","6:37",10,20,0,"0",NA,"0","Y","ALFL","Alder Flycatcher",NA,NA,NA,NA,NA,NA,NA,NA,NA,NA,NA,NA,NA,NA,NA,"NB36-05-02-KAP-ALFL",1,0,0,1,"",NA,NA,"",""
"2285","NB","36","NB36","Ward Marsh",5,"NB36-05",45.97079,64.33791,"KAP",2021,6,30,2,"NB36-05-02-KAP","6:37",10,20,0,"0",NA,"0","Y","SWSP","Swamp Sparrow",NA,NA,NA,NA,NA,NA,NA,NA,NA,NA,NA,NA,NA,NA,NA,"NB36-05-02-KAP-SWSP",0,0,1,1,"",NA,NA,"",""
"2286","NB","36","NB36","Ward Marsh",5,"NB36-05",45.97079,64.33791,"KAP",2021,6,30,2,"NB36-05-02-KAP","6:37",10,20,0,"0",NA,"0","Y","COYE","Common Yellowthroat",NA,NA,NA,NA,NA,NA,NA,NA,NA,NA,NA,NA,NA,NA,NA,"NB36-05-02-KAP-COYE",1,0,0,1,"",NA,NA,"",""
"2287","NB","36","NB36","Ward Marsh",5,"NB36-05",45.97079,64.33791,"KAP",2021,6,30,2,"NB36-05-02-KAP","6:37",10,20,0,"0",NA,"0","Y","CORA","Common Raven",NA,NA,NA,NA,NA,NA,NA,NA,NA,NA,NA,NA,NA,NA,NA,"NB36-05-02-KAP-CORA",0,1,0,1,"",NA,NA,"",""
"2288","NB","36","NB36","Ward Marsh",5,"NB36-05",45.97079,64.33791,"KAP",2021,6,30,2,"NB36-05-02-KAP","6:37",10,20,0,"0",NA,"0","Y","LEFL","Least Flycatcher",NA,NA,NA,NA,NA,NA,NA,NA,NA,NA,NA,NA,NA,NA,NA,"NB36-05-02-KAP-LEFL",0,0,1,1,"",NA,NA,"",""
"2289","NB","36","NB36","Ward Marsh",5,"NB36-05",45.97079,64.33791,"KAP",2021,6,30,2,"NB36-05-02-KAP","6:37",10,20,0,"0",NA,"0","Y","RNDU","Ring-necked Duck",NA,NA,NA,NA,NA,NA,NA,NA,NA,NA,NA,NA,NA,NA,NA,"NB36-05-02-KAP-RNDU",0,0,1,1,"",NA,NA,"",""
"2290","NB","36","NB36","Ward Marsh",5,"NB36-05",45.97079,64.33791,"KAP",2021,6,30,2,"NB36-05-02-KAP","6:37",10,20,0,"0",NA,"0","Y","MALL","Mallard",NA,NA,NA,NA,NA,NA,NA,NA,NA,NA,NA,NA,NA,NA,NA,"NB36-05-02-KAP-MALL",0,0,1,1,"",NA,NA,"",""
"2291","NB","36","NB36","Ward Marsh",6,"NB36-06",45.96399,64.32997,"KAP",2021,6,30,2,"NB36-06-02-KAP","7:37",10,20,0,"0",NA,"0","Y","WISN","Wilson's Snipe",NA,NA,NA,NA,NA,NA,NA,NA,NA,NA,NA,NA,NA,NA,NA,"NB36-06-02-KAP-WISN",0,0,0,0,"",NA,NA,"","did not indicate when observed"
"2292","NB","36","NB36","Ward Marsh",6,"NB36-06",45.96399,64.32997,"KAP",2021,6,30,2,"NB36-06-02-KAP","7:37",10,20,0,"0",NA,"0","Y","BAEA","Bald Eagle",NA,NA,NA,NA,NA,NA,NA,NA,NA,NA,NA,NA,NA,NA,NA,"NB36-06-02-KAP-BAEA",0,0,0,0,"OF",NA,NA,"","did not indicate when observed"
"2293","NB","36","NB36","Ward Marsh",6,"NB36-06",45.96399,64.32997,"KAP",2021,6,30,2,"NB36-06-02-KAP","7:37",10,20,0,"0",NA,"0","Y","COYE","Common Yellowthroat",NA,NA,NA,NA,NA,NA,NA,NA,NA,NA,NA,NA,NA,NA,NA,"NB36-06-02-KAP-COYE",0,0,0,0,"",NA,NA,"","did not indicate when observed"
"2294","NB","36","NB36","Ward Marsh",6,"NB36-06",45.96399,64.32997,"KAP",2021,6,30,2,"NB36-06-02-KAP","7:37",10,20,0,"0",NA,"0","Y","RWBL","Red-winged Blackbird",NA,NA,NA,NA,NA,NA,NA,NA,NA,NA,NA,NA,NA,NA,NA,"NB36-06-02-KAP-RWBL",0,0,0,0,"",NA,NA,"","did not indicate when observed"
"2295","NB","36","NB36","Ward Marsh",6,"NB36-06",45.96399,64.32997,"KAP",2021,6,30,2,"NB36-06-02-KAP","7:37",10,20,0,"0",NA,"0","Y","CHSP","Chipping Sparrow",NA,NA,NA,NA,NA,NA,NA,NA,NA,NA,NA,NA,NA,NA,NA,"NB36-06-02-KAP-CHSP",0,0,0,0,"",NA,NA,"","did not indicate when observed"
"2296","NB","36","NB36","Ward Marsh",6,"NB36-06",45.96399,64.32997,"KAP",2021,6,30,2,"NB36-06-02-KAP","7:37",10,20,0,"0",NA,"0","Y","YEWA","Northern Yellow Warbler",NA,NA,NA,NA,NA,NA,NA,NA,NA,NA,NA,NA,NA,NA,NA,"NB36-06-02-KAP-YEWA",0,0,0,0,"",NA,NA,"","did not indicate when observed"
"2297","NB","36","NB36","Ward Marsh",6,"NB36-06",45.96399,64.32997,"KAP",2021,6,30,2,"NB36-06-02-KAP","7:37",10,20,0,"0",NA,"0","Y","UIDU",NA,NA,NA,NA,NA,NA,NA,NA,NA,NA,NA,NA,NA,NA,NA,NA,"NB36-06-02-KAP-UIDU",0,0,0,0,"",NA,NA,"","did not indicate when observed; unknown species code"
"2298","NB","36","NB36","Ward Marsh",6,"NB36-06",45.96399,64.32997,"KAP",2021,6,30,2,"NB36-06-02-KAP","7:37",10,20,0,"0",NA,"0","Y","BHVI","Blue-headed Vireo",NA,NA,NA,NA,NA,NA,NA,NA,NA,NA,NA,NA,NA,NA,NA,"NB36-06-02-KAP-BHVI",0,0,0,0,"",NA,NA,"","did not indicate when observed"
"2299","NB","36","NB36","Ward Marsh",6,"NB36-06",45.96399,64.32997,"KAP",2021,6,30,2,"NB36-06-02-KAP","7:37",10,20,0,"0",NA,"0","Y","LEFL","Least Flycatcher",NA,NA,NA,NA,NA,NA,NA,NA,NA,NA,NA,NA,NA,NA,NA,"NB36-06-02-KAP-LEFL",0,0,0,0,"",NA,NA,"","did not indicate when observed"
"2300","NB","36","NB36","Ward Marsh",6,"NB36-06",45.96399,64.32997,"KAP",2021,6,30,2,"NB36-06-02-KAP","7:37",10,20,0,"0",NA,"0","Y","ALFL","Alder Flycatcher",NA,NA,NA,NA,NA,NA,NA,NA,NA,NA,NA,NA,NA,NA,NA,"NB36-06-02-KAP-ALFL",0,0,0,0,"",NA,NA,"","did not indicate when observed"
"2301","NB","36","NB36","Ward Marsh",6,"NB36-06",45.96399,64.32997,"KAP",2021,6,30,2,"NB36-06-02-KAP","7:37",10,20,0,"0",NA,"0","Y","CEDW","Cedar Waxwing",NA,NA,NA,NA,NA,NA,NA,NA,NA,NA,NA,NA,NA,NA,NA,"NB36-06-02-KAP-CEDW",0,0,0,0,"",NA,NA,"","did not indicate when observed"
"2302","NB","36","NB36","Ward Marsh",6,"NB36-06",45.96399,64.32997,"KAP",2021,6,30,2,"NB36-06-02-KAP","7:37",10,20,0,"0",NA,"0","Y","AMRE","American Redstart",NA,NA,NA,NA,NA,NA,NA,NA,NA,NA,NA,NA,NA,NA,NA,"NB36-06-02-KAP-AMRE",0,0,0,0,"",NA,NA,"","did not indicate when observed"
"2303","NB","36","NB36","Ward Marsh",7,"NB36-07",45.96666,64.3304,"KAP",2021,6,30,2,"NB36-07-02-KAP","7:47",10,20,0,"0",NA,"0","Y","RWBL","Red-winged Blackbird",NA,NA,NA,NA,NA,NA,NA,NA,NA,NA,NA,NA,NA,NA,NA,"NB36-07-02-KAP-RWBL",1,0,0,1,"",NA,NA,"",""
"2304","NB","36","NB36","Ward Marsh",7,"NB36-07",45.96666,64.3304,"KAP",2021,6,30,2,"NB36-07-02-KAP","7:47",10,20,0,"0",NA,"0","Y","YEWA","Northern Yellow Warbler",NA,NA,NA,NA,NA,NA,NA,NA,NA,NA,NA,NA,NA,NA,NA,"NB36-07-02-KAP-YEWA",1,0,0,1,"",NA,NA,"",""
"2305","NB","36","NB36","Ward Marsh",7,"NB36-07",45.96666,64.3304,"KAP",2021,6,30,2,"NB36-07-02-KAP","7:47",10,20,0,"0",NA,"0","Y","SOSP","Song Sparrow",NA,NA,NA,NA,NA,NA,NA,NA,NA,NA,NA,NA,NA,NA,NA,"NB36-07-02-KAP-SOSP",0,0,0,0,"",NA,NA,"","did not indicate when observed"
"2306","NB","36","NB36","Ward Marsh",7,"NB36-07",45.96666,64.3304,"KAP",2021,6,30,2,"NB36-07-02-KAP","7:47",10,20,0,"0",NA,"0","Y","SWSP","Swamp Sparrow",NA,NA,NA,NA,NA,NA,NA,NA,NA,NA,NA,NA,NA,NA,NA,"NB36-07-02-KAP-SWSP",0,0,0,0,"",NA,NA,"","did not indicate when observed"
"2307","NB","36","NB36","Ward Marsh",7,"NB36-07",45.96666,64.3304,"KAP",2021,6,30,2,"NB36-07-02-KAP","7:47",10,20,0,"0",NA,"0","Y","WISN","Wilson's Snipe",NA,NA,NA,NA,NA,NA,NA,NA,NA,NA,NA,NA,NA,NA,NA,"NB36-07-02-KAP-WISN",0,0,0,0,"",NA,NA,"","did not indicate when observed"
"2308","NB","36","NB36","Ward Marsh",7,"NB36-07",45.96666,64.3304,"KAP",2021,6,30,2,"NB36-07-02-KAP","7:47",10,20,0,"0",NA,"0","Y","REVI","Red-eyed Vireo",NA,NA,NA,NA,NA,NA,NA,NA,NA,NA,NA,NA,NA,NA,NA,"NB36-07-02-KAP-REVI",0,0,0,0,"",NA,NA,"","did not indicate when observed"
"2309","NB","36","NB36","Ward Marsh",7,"NB36-07",45.96666,64.3304,"KAP",2021,6,30,2,"NB36-07-02-KAP","7:47",10,20,0,"0",NA,"0","Y","AMCR","American Crow",NA,NA,NA,NA,NA,NA,NA,NA,NA,NA,NA,NA,NA,NA,NA,"NB36-07-02-KAP-AMCR",0,0,0,0,"",NA,NA,"","did not indicate when observed"
"2310","NB","36","NB36","Ward Marsh",7,"NB36-07",45.96666,64.3304,"KAP",2021,6,30,2,"NB36-07-02-KAP","7:47",10,20,0,"0",NA,"0","Y","CORA","Common Raven",NA,NA,NA,NA,NA,NA,NA,NA,NA,NA,NA,NA,NA,NA,NA,"NB36-07-02-KAP-CORA",0,0,0,0,"",NA,NA,"","did not indicate when observed"
"2311","NB","36","NB36","Ward Marsh",8,"NB36-08",45.96292,64.3294,"KAP",2021,6,30,2,"NB36-08-02-KAP","8:06",10,20,0,"1","SE","0","Y","RWBL","Red-winged Blackbird",NA,NA,NA,NA,NA,NA,NA,NA,NA,NA,NA,NA,NA,NA,NA,"NB36-08-02-KAP-RWBL",1,0,0,1,"",NA,NA,"",""
"2312","NB","36","NB36","Ward Marsh",8,"NB36-08",45.96292,64.3294,"KAP",2021,6,30,2,"NB36-08-02-KAP","8:06",10,20,0,"1","SE","0","Y","SWSP","Swamp Sparrow",NA,NA,NA,NA,NA,NA,NA,NA,NA,NA,NA,NA,NA,NA,NA,"NB36-08-02-KAP-SWSP",1,0,0,1,"",NA,NA,"",""
"2313","NB","36","NB36","Ward Marsh",8,"NB36-08",45.96292,64.3294,"KAP",2021,6,30,2,"NB36-08-02-KAP","8:06",10,20,0,"1","SE","0","Y","AMCR","American Crow",NA,NA,NA,NA,NA,NA,NA,NA,NA,NA,NA,NA,NA,NA,NA,"NB36-08-02-KAP-AMCR",1,0,0,1,"",NA,NA,"",""
"2314","NB","36","NB36","Ward Marsh",8,"NB36-08",45.96292,64.3294,"KAP",2021,6,30,2,"NB36-08-02-KAP","8:06",10,20,0,"1","SE","0","Y","AMRE","American Redstart",NA,NA,NA,NA,NA,NA,NA,NA,NA,NA,NA,NA,NA,NA,NA,"NB36-08-02-KAP-AMRE",1,0,0,1,"",NA,NA,"",""
"2315","NB","36","NB36","Ward Marsh",8,"NB36-08",45.96292,64.3294,"KAP",2021,6,30,2,"NB36-08-02-KAP","8:06",10,20,0,"1","SE","0","Y","SOSP","Song Sparrow",NA,NA,NA,NA,NA,NA,NA,NA,NA,NA,NA,NA,NA,NA,NA,"NB36-08-02-KAP-SOSP",0,1,0,1,"",NA,NA,"",""
"2316","NB","36","NB36","Ward Marsh",8,"NB36-08",45.96292,64.3294,"KAP",2021,6,30,2,"NB36-08-02-KAP","8:06",10,20,0,"1","SE","0","Y","COYE","Common Yellowthroat",NA,NA,NA,NA,NA,NA,NA,NA,NA,NA,NA,NA,NA,NA,NA,"NB36-08-02-KAP-COYE",0,1,0,1,"",NA,NA,"",""
"2317","NB","36","NB36","Ward Marsh",8,"NB36-08",45.96292,64.3294,"KAP",2021,6,30,2,"NB36-08-02-KAP","8:06",10,20,0,"1","SE","0","Y","WISN","Wilson's Snipe",NA,NA,NA,NA,NA,NA,NA,NA,NA,NA,NA,NA,NA,NA,NA,"NB36-08-02-KAP-WISN",0,0,0,0,"",NA,NA,"","did not indicate when observed"
"2318","PE","13","PE13","Johnstons River",1,"PE13-01",46.43118,62.42059,"DAJ",2021,6,3,1,"PE13-01-01-DAJ","8:52",1,15,0,"0","SW","0","Y","RWBL","Red-winged Blackbird",NA,NA,NA,NA,NA,NA,NA,NA,NA,NA,NA,NA,NA,NA,NA,"PE13-01-01-DAJ-RWBL",2,2,4,4,"OF",NA,NA,"",""
"2319","PE","13","PE13","Johnstons River",1,"PE13-01",46.43118,62.42059,"DAJ",2021,6,3,1,"PE13-01-01-DAJ","8:52",1,15,0,"0","SW","0","Y","COYE","Common Yellowthroat",NA,NA,NA,NA,NA,NA,NA,NA,NA,NA,NA,NA,NA,NA,NA,"PE13-01-01-DAJ-COYE",2,2,1,2,"",NA,NA,"",""
"2320","PE","13","PE13","Johnstons River",1,"PE13-01",46.43118,62.42059,"DAJ",2021,6,3,1,"PE13-01-01-DAJ","8:52",1,15,0,"0","SW","0","Y","ALFL","Alder Flycatcher",NA,NA,NA,NA,NA,NA,NA,NA,NA,NA,NA,NA,NA,NA,NA,"PE13-01-01-DAJ-ALFL",2,2,0,2,"",NA,NA,"",""
"2321","PE","13","PE13","Johnstons River",1,"PE13-01",46.43118,62.42059,"DAJ",2021,6,3,1,"PE13-01-01-DAJ","8:52",1,15,0,"0","SW","0","Y","GBHE","Great Blue Heron",NA,NA,NA,NA,NA,NA,NA,NA,NA,NA,NA,NA,NA,NA,NA,"PE13-01-01-DAJ-GBHE",0,0,0,0,"OF",NA,NA,"",""
"2322","PE","13","PE13","Johnstons River",1,"PE13-01",46.43118,62.42059,"DAJ",2021,6,3,1,"PE13-01-01-DAJ","8:52",1,15,0,"0","SW","0","Y","GWTE","Green-winged Teal",NA,NA,NA,NA,NA,NA,NA,NA,NA,NA,NA,NA,NA,NA,NA,"PE13-01-01-DAJ-GWTE",0,0,0,0,"OF",NA,NA,"",""
"2323","PE","13","PE13","Johnstons River",1,"PE13-01",46.43118,62.42059,"DAJ",2021,6,3,1,"PE13-01-01-DAJ","8:52",1,15,0,"0","SW","0","Y","AMCR","American Crow",NA,NA,NA,NA,NA,NA,NA,NA,NA,NA,NA,NA,NA,NA,NA,"PE13-01-01-DAJ-AMCR",0,0,0,0,"OF",NA,NA,"",""
"2324","PE","13","PE13","Johnstons River",1,"PE13-01",46.43118,62.42059,"DAJ",2021,6,3,1,"PE13-01-01-DAJ","8:52",1,15,0,"0","SW","0","Y","SWSP","Swamp Sparrow",NA,NA,NA,NA,NA,NA,NA,NA,NA,NA,NA,NA,NA,NA,NA,"PE13-01-01-DAJ-SWSP",0,1,0,1,"",NA,NA,"",""
"2325","PE","13","PE13","Johnstons River",1,"PE13-01",46.43118,62.42059,"DAJ",2021,6,3,1,"PE13-01-01-DAJ","8:52",1,15,0,"0","SW","0","Y","COGR","Common Grackle",NA,NA,NA,NA,NA,NA,NA,NA,NA,NA,NA,NA,NA,NA,NA,"PE13-01-01-DAJ-COGR",0,0,0,0,"OF",NA,NA,"",""
"2326","PE","13","PE13","Johnstons River",2,"PE13-02",46.42938,62.41961,"DAJ",2021,6,3,1,"PE13-02-01-DAJ","7:31",1,14,0,"1","SW","1","Y","RWBL","Red-winged Blackbird",NA,NA,NA,NA,NA,NA,NA,NA,NA,NA,NA,NA,NA,NA,NA,"PE13-02-01-DAJ-RWBL",3,3,4,4,"",NA,NA,"",""
"2327","PE","13","PE13","Johnstons River",2,"PE13-02",46.42938,62.41961,"DAJ",2021,6,3,1,"PE13-02-01-DAJ","7:31",1,14,0,"1","SW","1","Y","COYE","Common Yellowthroat",NA,NA,NA,NA,NA,NA,NA,NA,NA,NA,NA,NA,NA,NA,NA,"PE13-02-01-DAJ-COYE",2,3,3,3,"",NA,NA,"",""
"2328","PE","13","PE13","Johnstons River",2,"PE13-02",46.42938,62.41961,"DAJ",2021,6,3,1,"PE13-02-01-DAJ","7:31",1,14,0,"1","SW","1","Y","ALFL","Alder Flycatcher",NA,NA,NA,NA,NA,NA,NA,NA,NA,NA,NA,NA,NA,NA,NA,"PE13-02-01-DAJ-ALFL",2,2,2,2,"",NA,NA,"",""
"2329","PE","13","PE13","Johnstons River",2,"PE13-02",46.42938,62.41961,"DAJ",2021,6,3,1,"PE13-02-01-DAJ","7:31",1,14,0,"1","SW","1","Y","SWSP","Swamp Sparrow",NA,NA,NA,NA,NA,NA,NA,NA,NA,NA,NA,NA,NA,NA,NA,"PE13-02-01-DAJ-SWSP",1,1,2,2,"",NA,NA,"",""
"2330","PE","13","PE13","Johnstons River",2,"PE13-02",46.42938,62.41961,"DAJ",2021,6,3,1,"PE13-02-01-DAJ","7:31",1,14,0,"1","SW","1","Y","YEWA","Northern Yellow Warbler",NA,NA,NA,NA,NA,NA,NA,NA,NA,NA,NA,NA,NA,NA,NA,"PE13-02-01-DAJ-YEWA",1,1,0,1,"",NA,NA,"",""
"2331","PE","13","PE13","Johnstons River",2,"PE13-02",46.42938,62.41961,"DAJ",2021,6,3,1,"PE13-02-01-DAJ","7:31",1,14,0,"1","SW","1","Y","SOSP","Song Sparrow",NA,NA,NA,NA,NA,NA,NA,NA,NA,NA,NA,NA,NA,NA,NA,"PE13-02-01-DAJ-SOSP",2,0,1,2,"",NA,NA,"",""
"2332","PE","13","PE13","Johnstons River",2,"PE13-02",46.42938,62.41961,"DAJ",2021,6,3,1,"PE13-02-01-DAJ","7:31",1,14,0,"1","SW","1","Y","WTSP","White-throated Sparrow",NA,NA,NA,NA,NA,NA,NA,NA,NA,NA,NA,NA,NA,NA,NA,"PE13-02-01-DAJ-WTSP",0,0,1,1,"",NA,NA,"",""
"2333","PE","13","PE13","Johnstons River",2,"PE13-02",46.42938,62.41961,"DAJ",2021,6,3,1,"PE13-02-01-DAJ","7:31",1,14,0,"1","SW","1","Y","OSPR","Osprey",NA,NA,NA,NA,NA,NA,NA,NA,NA,NA,NA,NA,NA,NA,NA,"PE13-02-01-DAJ-OSPR",0,0,0,0,"OF",NA,NA,"",""
"2334","PE","13","PE13","Johnstons River",3,"PE13-03",46.42709,62.4187,"DAJ",2021,6,3,1,"PE13-03-01-DAJ","7:13",1,14,0,"1","SW","1","Y","ALFL","Alder Flycatcher",NA,NA,NA,NA,NA,NA,NA,NA,NA,NA,NA,NA,NA,NA,NA,"PE13-03-01-DAJ-ALFL",2,2,2,2,"",NA,NA,"",""
"2335","PE","13","PE13","Johnstons River",3,"PE13-03",46.42709,62.4187,"DAJ",2021,6,3,1,"PE13-03-01-DAJ","7:13",1,14,0,"1","SW","1","Y","RWBL","Red-winged Blackbird",NA,NA,NA,NA,NA,NA,NA,NA,NA,NA,NA,NA,NA,NA,NA,"PE13-03-01-DAJ-RWBL",2,3,2,3,"",NA,NA,"",""
"2336","PE","13","PE13","Johnstons River",3,"PE13-03",46.42709,62.4187,"DAJ",2021,6,3,1,"PE13-03-01-DAJ","7:13",1,14,0,"1","SW","1","Y","GBHE","Great Blue Heron",NA,NA,NA,NA,NA,NA,NA,NA,NA,NA,NA,NA,NA,NA,NA,"PE13-03-01-DAJ-GBHE",0,0,0,0,"OF",NA,NA,"",""
"2337","PE","13","PE13","Johnstons River",3,"PE13-03",46.42709,62.4187,"DAJ",2021,6,3,1,"PE13-03-01-DAJ","7:13",1,14,0,"1","SW","1","Y","COYE","Common Yellowthroat",NA,NA,NA,NA,NA,NA,NA,NA,NA,NA,NA,NA,NA,NA,NA,"PE13-03-01-DAJ-COYE",1,1,2,2,"",NA,NA,"",""
"2338","PE","13","PE13","Johnstons River",3,"PE13-03",46.42709,62.4187,"DAJ",2021,6,3,1,"PE13-03-01-DAJ","7:13",1,14,0,"1","SW","1","Y","CANG","Canada Goose",NA,NA,NA,NA,NA,NA,NA,NA,NA,NA,NA,NA,NA,NA,NA,"PE13-03-01-DAJ-CANG",0,0,0,0,"OF",NA,NA,"",""
"2339","PE","13","PE13","Johnstons River",3,"PE13-03",46.42709,62.4187,"DAJ",2021,6,3,1,"PE13-03-01-DAJ","7:13",1,14,0,"1","SW","1","Y","SWSP","Swamp Sparrow",NA,NA,NA,NA,NA,NA,NA,NA,NA,NA,NA,NA,NA,NA,NA,"PE13-03-01-DAJ-SWSP",1,2,2,2,"",NA,NA,"",""
"2340","PE","13","PE13","Johnstons River",3,"PE13-03",46.42709,62.4187,"DAJ",2021,6,3,1,"PE13-03-01-DAJ","7:13",1,14,0,"1","SW","1","Y","TRES","Tree Swallow",NA,NA,NA,NA,NA,NA,NA,NA,NA,NA,NA,NA,NA,NA,NA,"PE13-03-01-DAJ-TRES",0,0,0,0,"OF",NA,NA,"","Written as TRSW"
"2341","PE","13","PE13","Johnstons River",3,"PE13-03",46.42709,62.4187,"DAJ",2021,6,3,1,"PE13-03-01-DAJ","7:13",1,14,0,"1","SW","1","Y","BCCH","Black-capped Chickadee",NA,NA,NA,NA,NA,NA,NA,NA,NA,NA,NA,NA,NA,NA,NA,"PE13-03-01-DAJ-BCCH",0,1,0,1,"",NA,NA,"",""
"2342","PE","13","PE13","Johnstons River",3,"PE13-03",46.42709,62.4187,"DAJ",2021,6,3,1,"PE13-03-01-DAJ","7:13",1,14,0,"1","SW","1","Y","AMRO","American Robin",NA,NA,NA,NA,NA,NA,NA,NA,NA,NA,NA,NA,NA,NA,NA,"PE13-03-01-DAJ-AMRO",0,1,2,2,"",NA,NA,"",""
"2343","PE","13","PE13","Johnstons River",3,"PE13-03",46.42709,62.4187,"DAJ",2021,6,3,1,"PE13-03-01-DAJ","7:13",1,14,0,"1","SW","1","Y","WODU","Wood Duck",NA,NA,NA,NA,NA,NA,NA,NA,NA,NA,NA,NA,NA,NA,NA,"PE13-03-01-DAJ-WODU",0,0,0,0,"OF",NA,NA,"",""
"2344","PE","13","PE13","Johnstons River",3,"PE13-03",46.42709,62.4187,"DAJ",2021,6,3,1,"PE13-03-01-DAJ","7:13",1,14,0,"1","SW","1","Y","YEWA","Northern Yellow Warbler",NA,NA,NA,NA,NA,NA,NA,NA,NA,NA,NA,NA,NA,NA,NA,"PE13-03-01-DAJ-YEWA",0,0,1,1,"",NA,NA,"",""
"2345","PE","13","PE13","Johnstons River",4,"PE13-04",46.42732,62.42189,"DAJ",2021,6,3,1,"PE13-04-01-DAJ","7:37",0,14,0,"0","SW","0","Y","AMRO","American Robin",NA,NA,NA,NA,NA,NA,NA,NA,NA,NA,NA,NA,NA,NA,NA,"PE13-04-01-DAJ-AMRO",1,2,1,2,"",NA,NA,"",""
"2346","PE","13","PE13","Johnstons River",4,"PE13-04",46.42732,62.42189,"DAJ",2021,6,3,1,"PE13-04-01-DAJ","7:37",0,14,0,"0","SW","0","Y","ALFL","Alder Flycatcher",NA,NA,NA,NA,NA,NA,NA,NA,NA,NA,NA,NA,NA,NA,NA,"PE13-04-01-DAJ-ALFL",2,1,2,2,"",NA,NA,"",""
"2347","PE","13","PE13","Johnstons River",4,"PE13-04",46.42732,62.42189,"DAJ",2021,6,3,1,"PE13-04-01-DAJ","7:37",0,14,0,"0","SW","0","Y","COYE","Common Yellowthroat",NA,NA,NA,NA,NA,NA,NA,NA,NA,NA,NA,NA,NA,NA,NA,"PE13-04-01-DAJ-COYE",1,1,1,1,"",NA,NA,"",""
"2348","PE","13","PE13","Johnstons River",4,"PE13-04",46.42732,62.42189,"DAJ",2021,6,3,1,"PE13-04-01-DAJ","7:37",0,14,0,"0","SW","0","Y","RWBL","Red-winged Blackbird",NA,NA,NA,NA,NA,NA,NA,NA,NA,NA,NA,NA,NA,NA,NA,"PE13-04-01-DAJ-RWBL",1,1,1,1,"OF",NA,NA,"",""
"2349","PE","13","PE13","Johnstons River",4,"PE13-04",46.42732,62.42189,"DAJ",2021,6,3,1,"PE13-04-01-DAJ","7:37",0,14,0,"0","SW","0","Y","BCCH","Black-capped Chickadee",NA,NA,NA,NA,NA,NA,NA,NA,NA,NA,NA,NA,NA,NA,NA,"PE13-04-01-DAJ-BCCH",1,1,1,1,"",NA,NA,"",""
"2350","PE","13","PE13","Johnstons River",4,"PE13-04",46.42732,62.42189,"DAJ",2021,6,3,1,"PE13-04-01-DAJ","7:37",0,14,0,"0","SW","0","Y","SWSP","Swamp Sparrow",NA,NA,NA,NA,NA,NA,NA,NA,NA,NA,NA,NA,NA,NA,NA,"PE13-04-01-DAJ-SWSP",2,1,0,2,"",NA,NA,"",""
"2351","PE","13","PE13","Johnstons River",4,"PE13-04",46.42732,62.42189,"DAJ",2021,6,3,1,"PE13-04-01-DAJ","7:37",0,14,0,"0","SW","0","Y","REVI","Red-eyed Vireo",NA,NA,NA,NA,NA,NA,NA,NA,NA,NA,NA,NA,NA,NA,NA,"PE13-04-01-DAJ-REVI",0,0,1,1,"",NA,NA,"",""
"2352","PE","13","PE13","Johnstons River",4,"PE13-04",46.42732,62.42189,"DAJ",2021,6,3,1,"PE13-04-01-DAJ","7:37",0,14,0,"0","SW","0","Y","SOSP","Song Sparrow",NA,NA,NA,NA,NA,NA,NA,NA,NA,NA,NA,NA,NA,NA,NA,"PE13-04-01-DAJ-SOSP",1,1,1,1,"",NA,NA,"",""
"2353","PE","13","PE13","Johnstons River",5,"PE13-05",46.42963,62.42347,"DAJ",2021,6,3,1,"PE13-05-01-DAJ","7:59",1,15,0,"0","SW","0","Y","BCCH","Black-capped Chickadee",NA,NA,NA,NA,NA,NA,NA,NA,NA,NA,NA,NA,NA,NA,NA,"PE13-05-01-DAJ-BCCH",2,1,1,2,"",NA,NA,"",""
"2354","PE","13","PE13","Johnstons River",5,"PE13-05",46.42963,62.42347,"DAJ",2021,6,3,1,"PE13-05-01-DAJ","7:59",1,15,0,"0","SW","0","Y","SWSP","Swamp Sparrow",NA,NA,NA,NA,NA,NA,NA,NA,NA,NA,NA,NA,NA,NA,NA,"PE13-05-01-DAJ-SWSP",1,1,1,1,"",NA,NA,"",""
"2355","PE","13","PE13","Johnstons River",5,"PE13-05",46.42963,62.42347,"DAJ",2021,6,3,1,"PE13-05-01-DAJ","7:59",1,15,0,"0","SW","0","Y","AMRO","American Robin",NA,NA,NA,NA,NA,NA,NA,NA,NA,NA,NA,NA,NA,NA,NA,"PE13-05-01-DAJ-AMRO",1,1,1,1,"",NA,NA,"",""
"2356","PE","13","PE13","Johnstons River",5,"PE13-05",46.42963,62.42347,"DAJ",2021,6,3,1,"PE13-05-01-DAJ","7:59",1,15,0,"0","SW","0","Y","REVI","Red-eyed Vireo",NA,NA,NA,NA,NA,NA,NA,NA,NA,NA,NA,NA,NA,NA,NA,"PE13-05-01-DAJ-REVI",1,0,1,1,"",NA,NA,"",""
"2357","PE","13","PE13","Johnstons River",5,"PE13-05",46.42963,62.42347,"DAJ",2021,6,3,1,"PE13-05-01-DAJ","7:59",1,15,0,"0","SW","0","Y","COYE","Common Yellowthroat",NA,NA,NA,NA,NA,NA,NA,NA,NA,NA,NA,NA,NA,NA,NA,"PE13-05-01-DAJ-COYE",2,1,1,2,"",NA,NA,"",""
"2358","PE","13","PE13","Johnstons River",5,"PE13-05",46.42963,62.42347,"DAJ",2021,6,3,1,"PE13-05-01-DAJ","7:59",1,15,0,"0","SW","0","Y","MODO","Mourning Dove",NA,NA,NA,NA,NA,NA,NA,NA,NA,NA,NA,NA,NA,NA,NA,"PE13-05-01-DAJ-MODO",1,0,0,1,"",NA,NA,"",""
"2359","PE","13","PE13","Johnstons River",5,"PE13-05",46.42963,62.42347,"DAJ",2021,6,3,1,"PE13-05-01-DAJ","7:59",1,15,0,"0","SW","0","Y","YEWA","Northern Yellow Warbler",NA,NA,NA,NA,NA,NA,NA,NA,NA,NA,NA,NA,NA,NA,NA,"PE13-05-01-DAJ-YEWA",0,2,2,2,"",NA,NA,"",""
"2360","PE","13","PE13","Johnstons River",5,"PE13-05",46.42963,62.42347,"DAJ",2021,6,3,1,"PE13-05-01-DAJ","7:59",1,15,0,"0","SW","0","Y","EUST","European Starling",NA,NA,NA,NA,NA,NA,NA,NA,NA,NA,NA,NA,NA,NA,NA,"PE13-05-01-DAJ-EUST",0,2,0,2,"",NA,NA,"",""
"2361","PE","13","PE13","Johnstons River",5,"PE13-05",46.42963,62.42347,"DAJ",2021,6,3,1,"PE13-05-01-DAJ","7:59",1,15,0,"0","SW","0","Y","TRES","Tree Swallow",NA,NA,NA,NA,NA,NA,NA,NA,NA,NA,NA,NA,NA,NA,NA,"PE13-05-01-DAJ-TRES",0,0,0,0,"OF",NA,NA,"","Written as TRSW"
"2362","PE","13","PE13","Johnstons River",6,"PE13-06",46.42793,62.42643,"DAJ",2021,6,3,1,"PE13-06-01-DAJ","6:56",1,14,0,"0","SW","1","Y","ALFL","Alder Flycatcher",NA,NA,NA,NA,NA,NA,NA,NA,NA,NA,NA,NA,NA,NA,NA,"PE13-06-01-DAJ-ALFL",3,2,4,4,"",NA,NA,"",""
"2363","PE","13","PE13","Johnstons River",6,"PE13-06",46.42793,62.42643,"DAJ",2021,6,3,1,"PE13-06-01-DAJ","6:56",1,14,0,"0","SW","1","Y","COYE","Common Yellowthroat",NA,NA,NA,NA,NA,NA,NA,NA,NA,NA,NA,NA,NA,NA,NA,"PE13-06-01-DAJ-COYE",2,2,2,2,"",NA,NA,"",""
"2364","PE","13","PE13","Johnstons River",6,"PE13-06",46.42793,62.42643,"DAJ",2021,6,3,1,"PE13-06-01-DAJ","6:56",1,14,0,"0","SW","1","Y","RWBL","Red-winged Blackbird",NA,NA,NA,NA,NA,NA,NA,NA,NA,NA,NA,NA,NA,NA,NA,"PE13-06-01-DAJ-RWBL",2,2,2,2,"",NA,NA,"",""
"2365","PE","13","PE13","Johnstons River",6,"PE13-06",46.42793,62.42643,"DAJ",2021,6,3,1,"PE13-06-01-DAJ","6:56",1,14,0,"0","SW","1","Y","AMRO","American Robin",NA,NA,NA,NA,NA,NA,NA,NA,NA,NA,NA,NA,NA,NA,NA,"PE13-06-01-DAJ-AMRO",1,1,1,1,"",NA,NA,"",""
"2366","PE","13","PE13","Johnstons River",6,"PE13-06",46.42793,62.42643,"DAJ",2021,6,3,1,"PE13-06-01-DAJ","6:56",1,14,0,"0","SW","1","Y","SWSP","Swamp Sparrow",NA,NA,NA,NA,NA,NA,NA,NA,NA,NA,NA,NA,NA,NA,NA,"PE13-06-01-DAJ-SWSP",2,3,2,3,"",NA,NA,"",""
"2367","PE","13","PE13","Johnstons River",6,"PE13-06",46.42793,62.42643,"DAJ",2021,6,3,1,"PE13-06-01-DAJ","6:56",1,14,0,"0","SW","1","Y","GBHE","Great Blue Heron",NA,NA,NA,NA,NA,NA,NA,NA,NA,NA,NA,NA,NA,NA,NA,"PE13-06-01-DAJ-GBHE",0,0,0,0,"OF",NA,NA,"",""
"2368","PE","13","PE13","Johnstons River",6,"PE13-06",46.42793,62.42643,"DAJ",2021,6,3,1,"PE13-06-01-DAJ","6:56",1,14,0,"0","SW","1","Y","SOSP","Song Sparrow",NA,NA,NA,NA,NA,NA,NA,NA,NA,NA,NA,NA,NA,NA,NA,"PE13-06-01-DAJ-SOSP",0,1,0,1,"",NA,NA,"",""
"2369","PE","13","PE13","Johnstons River",6,"PE13-06",46.42793,62.42643,"DAJ",2021,6,3,1,"PE13-06-01-DAJ","6:56",1,14,0,"0","SW","1","Y","OSPR","Osprey",NA,NA,NA,NA,NA,NA,NA,NA,NA,NA,NA,NA,NA,NA,NA,"PE13-06-01-DAJ-OSPR",0,0,0,0,"OF",NA,NA,"",""
"2370","PE","13","PE13","Johnstons River",6,"PE13-06",46.42793,62.42643,"DAJ",2021,6,3,1,"PE13-06-01-DAJ","6:56",1,14,0,"0","SW","1","Y","NOPA","Northern Parula",NA,NA,NA,NA,NA,NA,NA,NA,NA,NA,NA,NA,NA,NA,NA,"PE13-06-01-DAJ-NOPA",0,1,1,1,"",NA,NA,"",""
"2371","PE","13","PE13","Johnstons River",6,"PE13-06",46.42793,62.42643,"DAJ",2021,6,3,1,"PE13-06-01-DAJ","6:56",1,14,0,"0","SW","1","Y","BTNW","Black-throated Green Warbler",NA,NA,NA,NA,NA,NA,NA,NA,NA,NA,NA,NA,NA,NA,NA,"PE13-06-01-DAJ-BTNW",0,0,1,1,"",NA,NA,"","Written as BTGW"
"2372","PE","13","PE13","Johnstons River",7,"PE13-07",46.42397,62.42865,"DAJ",2021,6,3,1,"PE13-07-01-DAJ","5:15",1,1,0,"0","SW","1","Y","ALFL","Alder Flycatcher",NA,NA,NA,NA,NA,NA,NA,NA,NA,NA,NA,NA,NA,NA,NA,"PE13-07-01-DAJ-ALFL",1,1,1,1,"",NA,NA,"",""
"2373","PE","13","PE13","Johnstons River",7,"PE13-07",46.42397,62.42865,"DAJ",2021,6,3,1,"PE13-07-01-DAJ","5:15",1,1,0,"0","SW","1","Y","RWBL","Red-winged Blackbird",NA,NA,NA,NA,NA,NA,NA,NA,NA,NA,NA,NA,NA,NA,NA,"PE13-07-01-DAJ-RWBL",3,3,2,3,"OF",NA,NA,"",""
"2374","PE","13","PE13","Johnstons River",7,"PE13-07",46.42397,62.42865,"DAJ",2021,6,3,1,"PE13-07-01-DAJ","5:15",1,1,0,"0","SW","1","Y","CANG","Canada Goose",NA,NA,NA,NA,NA,NA,NA,NA,NA,NA,NA,NA,NA,NA,NA,"PE13-07-01-DAJ-CANG",0,0,0,0,"OF",NA,NA,"",""
"2375","PE","13","PE13","Johnstons River",7,"PE13-07",46.42397,62.42865,"DAJ",2021,6,3,1,"PE13-07-01-DAJ","5:15",1,1,0,"0","SW","1","Y","AMRO","American Robin",NA,NA,NA,NA,NA,NA,NA,NA,NA,NA,NA,NA,NA,NA,NA,"PE13-07-01-DAJ-AMRO",0,1,2,2,"OF",NA,NA,"",""
"2376","PE","13","PE13","Johnstons River",7,"PE13-07",46.42397,62.42865,"DAJ",2021,6,3,1,"PE13-07-01-DAJ","5:15",1,1,0,"0","SW","1","Y","REVI","Red-eyed Vireo",NA,NA,NA,NA,NA,NA,NA,NA,NA,NA,NA,NA,NA,NA,NA,"PE13-07-01-DAJ-REVI",0,1,0,1,"",NA,NA,"",""
"2377","PE","13","PE13","Johnstons River",7,"PE13-07",46.42397,62.42865,"DAJ",2021,6,3,1,"PE13-07-01-DAJ","5:15",1,1,0,"0","SW","1","Y","SWSP","Swamp Sparrow",NA,NA,NA,NA,NA,NA,NA,NA,NA,NA,NA,NA,NA,NA,NA,"PE13-07-01-DAJ-SWSP",0,1,0,1,"",NA,NA,"",""
"2378","PE","13","PE13","Johnstons River",7,"PE13-07",46.42397,62.42865,"DAJ",2021,6,3,1,"PE13-07-01-DAJ","5:15",1,1,0,"0","SW","1","Y","COYE","Common Yellowthroat",NA,NA,NA,NA,NA,NA,NA,NA,NA,NA,NA,NA,NA,NA,NA,"PE13-07-01-DAJ-COYE",2,2,1,2,"OF",NA,NA,"",""
"2379","PE","13","PE13","Johnstons River",7,"PE13-07",46.42397,62.42865,"DAJ",2021,6,3,1,"PE13-07-01-DAJ","5:15",1,1,0,"0","SW","1","Y","DEJU","Dark-eyed Junco",NA,NA,NA,NA,NA,NA,NA,NA,NA,NA,NA,NA,NA,NA,NA,"PE13-07-01-DAJ-DEJU",0,1,1,1,"",NA,NA,"",""
"2380","PE","13","PE13","Johnstons River",8,"PE13-08",46.42105,62.43096,"DAJ",2021,6,3,1,"PE13-08-01-DAJ","5:37",1,14,0,"0","SW","0","Y","COYE","Common Yellowthroat",NA,NA,NA,NA,NA,NA,NA,NA,NA,NA,NA,NA,NA,NA,NA,"PE13-08-01-DAJ-COYE",3,2,2,3,"",NA,NA,"",""
"2381","PE","13","PE13","Johnstons River",8,"PE13-08",46.42105,62.43096,"DAJ",2021,6,3,1,"PE13-08-01-DAJ","5:37",1,14,0,"0","SW","0","Y","AMRO","American Robin",NA,NA,NA,NA,NA,NA,NA,NA,NA,NA,NA,NA,NA,NA,NA,"PE13-08-01-DAJ-AMRO",1,2,0,2,"",NA,NA,"",""
"2382","PE","13","PE13","Johnstons River",8,"PE13-08",46.42105,62.43096,"DAJ",2021,6,3,1,"PE13-08-01-DAJ","5:37",1,14,0,"0","SW","0","Y","RWBL","Red-winged Blackbird",NA,NA,NA,NA,NA,NA,NA,NA,NA,NA,NA,NA,NA,NA,NA,"PE13-08-01-DAJ-RWBL",1,1,0,1,"",NA,NA,"",""
"2383","PE","13","PE13","Johnstons River",8,"PE13-08",46.42105,62.43096,"DAJ",2021,6,3,1,"PE13-08-01-DAJ","5:37",1,14,0,"0","SW","0","Y","AGOS","American Goshawk",NA,NA,NA,NA,NA,NA,NA,NA,NA,NA,NA,NA,NA,NA,NA,"PE13-08-01-DAJ-NOGO",0,0,0,0,"OF",NA,NA,"",""
"2384","PE","13","PE13","Johnstons River",8,"PE13-08",46.42105,62.43096,"DAJ",2021,6,3,1,"PE13-08-01-DAJ","5:37",1,14,0,"0","SW","0","Y","SWSP","Swamp Sparrow",NA,NA,NA,NA,NA,NA,NA,NA,NA,NA,NA,NA,NA,NA,NA,"PE13-08-01-DAJ-SWSP",1,1,2,2,"",NA,NA,"seen/heard",""
"2385","PE","13","PE13","Johnstons River",8,"PE13-08",46.42105,62.43096,"DAJ",2021,6,3,1,"PE13-08-01-DAJ","5:37",1,14,0,"0","SW","0","Y","DEJU","Dark-eyed Junco",NA,NA,NA,NA,NA,NA,NA,NA,NA,NA,NA,NA,NA,NA,NA,"PE13-08-01-DAJ-DEJU",1,1,1,1,"",NA,NA,"",""
"2386","PE","13","PE13","Johnstons River",8,"PE13-08",46.42105,62.43096,"DAJ",2021,6,3,1,"PE13-08-01-DAJ","5:37",1,14,0,"0","SW","0","Y","TRES","Tree Swallow",NA,NA,NA,NA,NA,NA,NA,NA,NA,NA,NA,NA,NA,NA,NA,"PE13-08-01-DAJ-TRES",0,0,0,0,"OF",NA,NA,"","Written as TRSW"
"2387","PE","13","PE13","Johnstons River",8,"PE13-08",46.42105,62.43096,"DAJ",2021,6,3,1,"PE13-08-01-DAJ","5:37",1,14,0,"0","SW","0","Y","BWWA","Blue-winged Warbler",NA,NA,NA,NA,NA,NA,NA,NA,NA,NA,NA,NA,NA,NA,NA,"PE13-08-01-DAJ-BWWA",0,1,1,1,"",NA,NA,"",""
"2388","PE","13","PE13","Johnstons River",8,"PE13-08",46.42105,62.43096,"DAJ",2021,6,3,1,"PE13-08-01-DAJ","5:37",1,14,0,"0","SW","0","Y","EUST","European Starling",NA,NA,NA,NA,NA,NA,NA,NA,NA,NA,NA,NA,NA,NA,NA,"PE13-08-01-DAJ-EUST",1,1,0,1,"OF",NA,NA,"",""
"2389","PE","13","PE13","Johnstons River",8,"PE13-08",46.42105,62.43096,"DAJ",2021,6,3,1,"PE13-08-01-DAJ","5:37",1,14,0,"0","SW","0","Y","AMCR","American Crow",NA,NA,NA,NA,NA,NA,NA,NA,NA,NA,NA,NA,NA,NA,NA,"PE13-08-01-DAJ-AMCR",0,0,0,0,"OF",NA,NA,"",""
"2390","PE","13","PE13","Johnstons River",8,"PE13-08",46.42105,62.43096,"DAJ",2021,6,3,1,"PE13-08-01-DAJ","5:37",1,14,0,"0","SW","0","Y","ALFL","Alder Flycatcher",NA,NA,NA,NA,NA,NA,NA,NA,NA,NA,NA,NA,NA,NA,NA,"PE13-08-01-DAJ-ALFL",0,0,1,1,"",NA,NA,"",""
"2391","PE","13","PE13","Johnstons River",9,"PE13-09",46.41914,62.42758,"DAJ",2021,6,3,1,"PE13-09-01-DAJ","5:58",1,14,0,"0","SW","1","Y","RWBL","Red-winged Blackbird",NA,NA,NA,NA,NA,NA,NA,NA,NA,NA,NA,NA,NA,NA,NA,"PE13-09-01-DAJ-RWBL",4,5,4,5,"OF",NA,NA,"",""
"2392","PE","13","PE13","Johnstons River",9,"PE13-09",46.41914,62.42758,"DAJ",2021,6,3,1,"PE13-09-01-DAJ","5:58",1,14,0,"0","SW","1","Y","CANG","Canada Goose",NA,NA,NA,NA,NA,NA,NA,NA,NA,NA,NA,NA,NA,NA,NA,"PE13-09-01-DAJ-CANG",3,3,0,3,"",NA,NA,"",""
"2393","PE","13","PE13","Johnstons River",9,"PE13-09",46.41914,62.42758,"DAJ",2021,6,3,1,"PE13-09-01-DAJ","5:58",1,14,0,"0","SW","1","Y","DEJU","Dark-eyed Junco",NA,NA,NA,NA,NA,NA,NA,NA,NA,NA,NA,NA,NA,NA,NA,"PE13-09-01-DAJ-DEJU",1,1,0,1,"",NA,NA,"",""
"2394","PE","13","PE13","Johnstons River",9,"PE13-09",46.41914,62.42758,"DAJ",2021,6,3,1,"PE13-09-01-DAJ","5:58",1,14,0,"0","SW","1","Y","ALFL","Alder Flycatcher",NA,NA,NA,NA,NA,NA,NA,NA,NA,NA,NA,NA,NA,NA,NA,"PE13-09-01-DAJ-ALFL",3,1,1,3,"",NA,NA,"",""
"2395","PE","13","PE13","Johnstons River",9,"PE13-09",46.41914,62.42758,"DAJ",2021,6,3,1,"PE13-09-01-DAJ","5:58",1,14,0,"0","SW","1","Y","COYE","Common Yellowthroat",NA,NA,NA,NA,NA,NA,NA,NA,NA,NA,NA,NA,NA,NA,NA,"PE13-09-01-DAJ-COYE",2,1,2,2,"",NA,NA,"",""
"2396","PE","13","PE13","Johnstons River",9,"PE13-09",46.41914,62.42758,"DAJ",2021,6,3,1,"PE13-09-01-DAJ","5:58",1,14,0,"0","SW","1","Y","OVEN","Ovenbird",NA,NA,NA,NA,NA,NA,NA,NA,NA,NA,NA,NA,NA,NA,NA,"PE13-09-01-DAJ-OVEN",1,0,0,1,"",NA,NA,"",""
"2397","PE","13","PE13","Johnstons River",9,"PE13-09",46.41914,62.42758,"DAJ",2021,6,3,1,"PE13-09-01-DAJ","5:58",1,14,0,"0","SW","1","Y","AMRO","American Robin",NA,NA,NA,NA,NA,NA,NA,NA,NA,NA,NA,NA,NA,NA,NA,"PE13-09-01-DAJ-AMRO",0,1,2,2,"",NA,NA,"",""
"2398","PE","13","PE13","Johnstons River",9,"PE13-09",46.41914,62.42758,"DAJ",2021,6,3,1,"PE13-09-01-DAJ","5:58",1,14,0,"0","SW","1","Y","YEWA","Northern Yellow Warbler",NA,NA,NA,NA,NA,NA,NA,NA,NA,NA,NA,NA,NA,NA,NA,"PE13-09-01-DAJ-YEWA",0,1,1,1,"",NA,NA,"",""
"2399","PE","13","PE13","Johnstons River",9,"PE13-09",46.41914,62.42758,"DAJ",2021,6,3,1,"PE13-09-01-DAJ","5:58",1,14,0,"0","SW","1","Y","SWSP","Swamp Sparrow",NA,NA,NA,NA,NA,NA,NA,NA,NA,NA,NA,NA,NA,NA,NA,"PE13-09-01-DAJ-SWSP",1,1,2,2,"",NA,NA,"",""
"2400","PE","13","PE13","Johnstons River",9,"PE13-09",46.41914,62.42758,"DAJ",2021,6,3,1,"PE13-09-01-DAJ","5:58",1,14,0,"0","SW","1","Y","WODU","Wood Duck",NA,NA,NA,NA,NA,NA,NA,NA,NA,NA,NA,NA,NA,NA,NA,"PE13-09-01-DAJ-WODU",0,0,0,0,"OF",NA,NA,"",""
"2401","PE","13","PE13","Johnstons River",9,"PE13-09",46.41914,62.42758,"DAJ",2021,6,3,1,"PE13-09-01-DAJ","5:58",1,14,0,"0","SW","1","Y","AMWI","American Wigeon",NA,NA,NA,NA,NA,NA,NA,NA,NA,NA,NA,NA,NA,NA,NA,"PE13-09-01-DAJ-AMWI",0,0,2,2,"",NA,NA,"",""
"2402","PE","13","PE13","Johnstons River",10,"PE13-10",46.41708,62.42673,"DAJ",2021,6,3,1,"PE13-10-01-DAJ","6:23",1,14,0,"0","SW","0","Y","ALFL","Alder Flycatcher",NA,NA,NA,NA,NA,NA,NA,NA,NA,NA,NA,NA,NA,NA,NA,"PE13-10-01-DAJ-ALFL",1,1,2,2,"",NA,NA,"",""
"2403","PE","13","PE13","Johnstons River",10,"PE13-10",46.41708,62.42673,"DAJ",2021,6,3,1,"PE13-10-01-DAJ","6:23",1,14,0,"0","SW","0","Y","NOPA","Northern Parula",NA,NA,NA,NA,NA,NA,NA,NA,NA,NA,NA,NA,NA,NA,NA,"PE13-10-01-DAJ-NOPA",1,1,0,1,"",NA,NA,"",""
"2404","PE","13","PE13","Johnstons River",10,"PE13-10",46.41708,62.42673,"DAJ",2021,6,3,1,"PE13-10-01-DAJ","6:23",1,14,0,"0","SW","0","Y","MODO","Mourning Dove",NA,NA,NA,NA,NA,NA,NA,NA,NA,NA,NA,NA,NA,NA,NA,"PE13-10-01-DAJ-MODO",2,1,0,2,"",NA,NA,"",""
"2405","PE","13","PE13","Johnstons River",10,"PE13-10",46.41708,62.42673,"DAJ",2021,6,3,1,"PE13-10-01-DAJ","6:23",1,14,0,"0","SW","0","Y","RWBL","Red-winged Blackbird",NA,NA,NA,NA,NA,NA,NA,NA,NA,NA,NA,NA,NA,NA,NA,"PE13-10-01-DAJ-RWBL",1,1,2,2,"OF",NA,NA,"",""
"2406","PE","13","PE13","Johnstons River",10,"PE13-10",46.41708,62.42673,"DAJ",2021,6,3,1,"PE13-10-01-DAJ","6:23",1,14,0,"0","SW","0","Y","COGR","Common Grackle",NA,NA,NA,NA,NA,NA,NA,NA,NA,NA,NA,NA,NA,NA,NA,"PE13-10-01-DAJ-COGR",2,2,1,2,"OF",NA,NA,"",""
"2407","PE","13","PE13","Johnstons River",10,"PE13-10",46.41708,62.42673,"DAJ",2021,6,3,1,"PE13-10-01-DAJ","6:23",1,14,0,"0","SW","0","Y","EAPE",NA,NA,NA,NA,NA,NA,NA,NA,NA,NA,NA,NA,NA,NA,NA,NA,"PE13-10-01-DAJ-EAPE",1,1,0,1,"",NA,NA,"",""
"2408","PE","13","PE13","Johnstons River",10,"PE13-10",46.41708,62.42673,"DAJ",2021,6,3,1,"PE13-10-01-DAJ","6:23",1,14,0,"0","SW","0","Y","AMRO","American Robin",NA,NA,NA,NA,NA,NA,NA,NA,NA,NA,NA,NA,NA,NA,NA,"PE13-10-01-DAJ-AMRO",2,1,2,2,"OF",NA,NA,"",""
"2409","PE","13","PE13","Johnstons River",10,"PE13-10",46.41708,62.42673,"DAJ",2021,6,3,1,"PE13-10-01-DAJ","6:23",1,14,0,"0","SW","0","Y","COYE","Common Yellowthroat",NA,NA,NA,NA,NA,NA,NA,NA,NA,NA,NA,NA,NA,NA,NA,"PE13-10-01-DAJ-COYE",1,1,3,3,"",NA,NA,"",""
"2410","PE","13","PE13","Johnstons River",10,"PE13-10",46.41708,62.42673,"DAJ",2021,6,3,1,"PE13-10-01-DAJ","6:23",1,14,0,"0","SW","0","Y","YEWA","Northern Yellow Warbler",NA,NA,NA,NA,NA,NA,NA,NA,NA,NA,NA,NA,NA,NA,NA,"PE13-10-01-DAJ-YEWA",0,1,1,1,"OF",NA,NA,"",""
"2411","PE","13","PE13","Johnstons River",10,"PE13-10",46.41708,62.42673,"DAJ",2021,6,3,1,"PE13-10-01-DAJ","6:23",1,14,0,"0","SW","0","Y","DCCO","Double-crested Cormorant",NA,NA,NA,NA,NA,NA,NA,NA,NA,NA,NA,NA,NA,NA,NA,"PE13-10-01-DAJ-DCCO",0,0,0,0,"OF",NA,NA,"",""
"2412","PE","13","PE13","Johnstons River",10,"PE13-10",46.41708,62.42673,"DAJ",2021,6,3,1,"PE13-10-01-DAJ","6:23",1,14,0,"0","SW","0","Y","SWSP","Swamp Sparrow",NA,NA,NA,NA,NA,NA,NA,NA,NA,NA,NA,NA,NA,NA,NA,"PE13-10-01-DAJ-SWSP",0,1,1,1,"",NA,NA,"",""
"2413","PE","13","PE13","Johnstons River",10,"PE13-10",46.41708,62.42673,"DAJ",2021,6,3,1,"PE13-10-01-DAJ","6:23",1,14,0,"0","SW","0","Y","DEJU","Dark-eyed Junco",NA,NA,NA,NA,NA,NA,NA,NA,NA,NA,NA,NA,NA,NA,NA,"PE13-10-01-DAJ-DEJU",0,1,0,1,"",NA,NA,"",""
"2414","PE","13","PE13","Johnstons River",10,"PE13-10",46.41708,62.42673,"DAJ",2021,6,3,1,"PE13-10-01-DAJ","6:23",1,14,0,"0","SW","0","Y","BCCH","Black-capped Chickadee",NA,NA,NA,NA,NA,NA,NA,NA,NA,NA,NA,NA,NA,NA,NA,"PE13-10-01-DAJ-BCCH",0,0,1,1,"",NA,NA,"",""
"2415","PE","13","PE13","Johnstons River",1,"PE13-01",46.43118,62.42059,"DAJ",2021,7,13,2,"PE13-01-02-DAJ","9:15",0,14,0,"0/1","S","0","Y","RWBL","Red-winged Blackbird",NA,NA,NA,NA,NA,NA,NA,NA,NA,NA,NA,NA,NA,NA,NA,"PE13-01-02-DAJ-RWBL",3,3,2,3,"",NA,NA,"",""
"2416","PE","13","PE13","Johnstons River",1,"PE13-01",46.43118,62.42059,"DAJ",2021,7,13,2,"PE13-01-02-DAJ","9:15",0,14,0,"0/1","S","0","Y","SWSP","Swamp Sparrow",NA,NA,NA,NA,NA,NA,NA,NA,NA,NA,NA,NA,NA,NA,NA,"PE13-01-02-DAJ-SWSP",2,2,3,3,"",NA,NA,"",""
"2417","PE","13","PE13","Johnstons River",1,"PE13-01",46.43118,62.42059,"DAJ",2021,7,13,2,"PE13-01-02-DAJ","9:15",0,14,0,"0/1","S","0","Y","COYE","Common Yellowthroat",NA,NA,NA,NA,NA,NA,NA,NA,NA,NA,NA,NA,NA,NA,NA,"PE13-01-02-DAJ-COYE",2,2,1,2,"",NA,NA,"",""
"2418","PE","13","PE13","Johnstons River",1,"PE13-01",46.43118,62.42059,"DAJ",2021,7,13,2,"PE13-01-02-DAJ","9:15",0,14,0,"0/1","S","0","Y","YEWA","Northern Yellow Warbler",NA,NA,NA,NA,NA,NA,NA,NA,NA,NA,NA,NA,NA,NA,NA,"PE13-01-02-DAJ-YEWA",0,0,1,1,"",NA,NA,"",""
"2419","PE","13","PE13","Johnstons River",2,"PE13-02",46.42938,62.41961,"DAJ",2021,7,13,2,"PE13-02-02-DAJ","8:55",0,12,0,"0/1","S","0","Y","SWSP","Swamp Sparrow",NA,NA,NA,NA,NA,NA,NA,NA,NA,NA,NA,NA,NA,NA,NA,"PE13-02-02-DAJ-SWSP",3,3,3,3,"",NA,NA,"",""
"2420","PE","13","PE13","Johnstons River",2,"PE13-02",46.42938,62.41961,"DAJ",2021,7,13,2,"PE13-02-02-DAJ","8:55",0,12,0,"0/1","S","0","Y","COYE","Common Yellowthroat",NA,NA,NA,NA,NA,NA,NA,NA,NA,NA,NA,NA,NA,NA,NA,"PE13-02-02-DAJ-COYE",2,2,2,2,"",NA,NA,"",""
"2421","PE","13","PE13","Johnstons River",3,"PE13-03",46.42709,62.4187,"DAJ",2021,7,13,2,"PE13-03-02-DAJ","7:41",0,10,0,"0/1","S","0","Y","SWSP","Swamp Sparrow",NA,NA,NA,NA,NA,NA,NA,NA,NA,NA,NA,NA,NA,NA,NA,"PE13-03-02-DAJ-SWSP",2,3,3,3,"",NA,NA,"",""
"2422","PE","13","PE13","Johnstons River",3,"PE13-03",46.42709,62.4187,"DAJ",2021,7,13,2,"PE13-03-02-DAJ","7:41",0,10,0,"0/1","S","0","Y","COYE","Common Yellowthroat",NA,NA,NA,NA,NA,NA,NA,NA,NA,NA,NA,NA,NA,NA,NA,"PE13-03-02-DAJ-COYE",2,2,1,2,"",NA,NA,"",""
"2423","PE","13","PE13","Johnstons River",3,"PE13-03",46.42709,62.4187,"DAJ",2021,7,13,2,"PE13-03-02-DAJ","7:41",0,10,0,"0/1","S","0","Y","YEWA","Northern Yellow Warbler",NA,NA,NA,NA,NA,NA,NA,NA,NA,NA,NA,NA,NA,NA,NA,"PE13-03-02-DAJ-YEWA",2,0,0,2,"",NA,NA,"",""
"2424","PE","13","PE13","Johnstons River",3,"PE13-03",46.42709,62.4187,"DAJ",2021,7,13,2,"PE13-03-02-DAJ","7:41",0,10,0,"0/1","S","0","Y","NOHA","Northern Harrier",NA,NA,NA,NA,NA,NA,NA,NA,NA,NA,NA,NA,NA,NA,NA,"PE13-03-02-DAJ-NOHA",0,0,0,0,"OF",NA,NA,"",""
"2425","PE","13","PE13","Johnstons River",3,"PE13-03",46.42709,62.4187,"DAJ",2021,7,13,2,"PE13-03-02-DAJ","7:41",0,10,0,"0/1","S","0","Y","RWBL","Red-winged Blackbird",NA,NA,NA,NA,NA,NA,NA,NA,NA,NA,NA,NA,NA,NA,NA,"PE13-03-02-DAJ-RWBL",0,0,0,0,"OF",NA,NA,"",""
"2426","PE","13","PE13","Johnstons River",4,"PE13-04",46.42732,62.42189,"DAJ",2021,7,13,2,"PE13-04-02-DAJ","8:00",0,11,0,"0/1","S","0","Y","SWSP","Swamp Sparrow",NA,NA,NA,NA,NA,NA,NA,NA,NA,NA,NA,NA,NA,NA,NA,"PE13-04-02-DAJ-SWSP",2,2,1,2,"",NA,NA,"",""
"2427","PE","13","PE13","Johnstons River",4,"PE13-04",46.42732,62.42189,"DAJ",2021,7,13,2,"PE13-04-02-DAJ","8:00",0,11,0,"0/1","S","0","Y","RWBL","Red-winged Blackbird",NA,NA,NA,NA,NA,NA,NA,NA,NA,NA,NA,NA,NA,NA,NA,"PE13-04-02-DAJ-RWBL",1,1,1,1,"",NA,NA,"",""
"2428","PE","13","PE13","Johnstons River",4,"PE13-04",46.42732,62.42189,"DAJ",2021,7,13,2,"PE13-04-02-DAJ","8:00",0,11,0,"0/1","S","0","Y","AMRO","American Robin",NA,NA,NA,NA,NA,NA,NA,NA,NA,NA,NA,NA,NA,NA,NA,"PE13-04-02-DAJ-AMRO",1,1,1,1,"",NA,NA,"",""
"2429","PE","13","PE13","Johnstons River",4,"PE13-04",46.42732,62.42189,"DAJ",2021,7,13,2,"PE13-04-02-DAJ","8:00",0,11,0,"0/1","S","0","Y","SOSP","Song Sparrow",NA,NA,NA,NA,NA,NA,NA,NA,NA,NA,NA,NA,NA,NA,NA,"PE13-04-02-DAJ-SOSP",1,1,1,1,"",NA,NA,"",""
"2430","PE","13","PE13","Johnstons River",4,"PE13-04",46.42732,62.42189,"DAJ",2021,7,13,2,"PE13-04-02-DAJ","8:00",0,11,0,"0/1","S","0","Y","NOHA","Northern Harrier",NA,NA,NA,NA,NA,NA,NA,NA,NA,NA,NA,NA,NA,NA,NA,"PE13-04-02-DAJ-NOHA",0,0,0,0,"OF",NA,NA,"",""
"2431","PE","13","PE13","Johnstons River",5,"PE13-05",46.42963,62.42347,"DAJ",2021,7,13,2,"PE13-05-02-DAJ","8:30",0,11,0,"0","S","0","Y","BWTE","Blue-winged Teal",NA,NA,NA,NA,NA,NA,NA,NA,NA,NA,NA,NA,NA,NA,NA,"PE13-05-02-DAJ-BWTE",4,0,0,4,"",NA,NA,"",""
"2432","PE","13","PE13","Johnstons River",5,"PE13-05",46.42963,62.42347,"DAJ",2021,7,13,2,"PE13-05-02-DAJ","8:30",0,11,0,"0","S","0","Y","SWSP","Swamp Sparrow",NA,NA,NA,NA,NA,NA,NA,NA,NA,NA,NA,NA,NA,NA,NA,"PE13-05-02-DAJ-SWSP",2,2,2,2,"",NA,NA,"",""
"2433","PE","13","PE13","Johnstons River",5,"PE13-05",46.42963,62.42347,"DAJ",2021,7,13,2,"PE13-05-02-DAJ","8:30",0,11,0,"0","S","0","Y","COYE","Common Yellowthroat",NA,NA,NA,NA,NA,NA,NA,NA,NA,NA,NA,NA,NA,NA,NA,"PE13-05-02-DAJ-COYE",1,2,3,3,"",NA,NA,"",""
"2434","PE","13","PE13","Johnstons River",5,"PE13-05",46.42963,62.42347,"DAJ",2021,7,13,2,"PE13-05-02-DAJ","8:30",0,11,0,"0","S","0","Y","AMRO","American Robin",NA,NA,NA,NA,NA,NA,NA,NA,NA,NA,NA,NA,NA,NA,NA,"PE13-05-02-DAJ-AMRO",1,1,0,1,"",NA,NA,"",""
"2435","PE","13","PE13","Johnstons River",5,"PE13-05",46.42963,62.42347,"DAJ",2021,7,13,2,"PE13-05-02-DAJ","8:30",0,11,0,"0","S","0","Y","RWBL","Red-winged Blackbird",NA,NA,NA,NA,NA,NA,NA,NA,NA,NA,NA,NA,NA,NA,NA,"PE13-05-02-DAJ-RWBL",1,1,1,1,"",NA,NA,"",""
"2436","PE","13","PE13","Johnstons River",6,"PE13-06",46.42793,62.42643,"DAJ",2021,7,13,2,"PE13-06-02-DAJ","7:20",1,10,0,"0/1","S","1","Y","COYE","Common Yellowthroat",NA,NA,NA,NA,NA,NA,NA,NA,NA,NA,NA,NA,NA,NA,NA,"PE13-06-02-DAJ-COYE",3,2,2,3,"",NA,NA,"",""
"2437","PE","13","PE13","Johnstons River",6,"PE13-06",46.42793,62.42643,"DAJ",2021,7,13,2,"PE13-06-02-DAJ","7:20",1,10,0,"0/1","S","1","Y","WODU","Wood Duck",NA,NA,NA,NA,NA,NA,NA,NA,NA,NA,NA,NA,NA,NA,NA,"PE13-06-02-DAJ-WODU",0,0,0,0,"OF",NA,NA,"",""
"2438","PE","13","PE13","Johnstons River",6,"PE13-06",46.42793,62.42643,"DAJ",2021,7,13,2,"PE13-06-02-DAJ","7:20",1,10,0,"0/1","S","1","Y","SWSP","Swamp Sparrow",NA,NA,NA,NA,NA,NA,NA,NA,NA,NA,NA,NA,NA,NA,NA,"PE13-06-02-DAJ-SWSP",2,2,2,2,"",NA,NA,"",""
"2439","PE","13","PE13","Johnstons River",6,"PE13-06",46.42793,62.42643,"DAJ",2021,7,13,2,"PE13-06-02-DAJ","7:20",1,10,0,"0/1","S","1","Y","YEWA","Northern Yellow Warbler",NA,NA,NA,NA,NA,NA,NA,NA,NA,NA,NA,NA,NA,NA,NA,"PE13-06-02-DAJ-YEWA",0,1,1,1,"",NA,NA,"",""
"2440","PE","13","PE13","Johnstons River",7,"PE13-07",46.42397,62.42865,"DAJ",2021,7,13,2,"PE13-07-02-DAJ","5:37",0,8,0,"1","S","0","Y","AMRO","American Robin",NA,NA,NA,NA,NA,NA,NA,NA,NA,NA,NA,NA,NA,NA,NA,"PE13-07-02-DAJ-AMRO",2,2,2,2,"",NA,NA,"",""
"2441","PE","13","PE13","Johnstons River",7,"PE13-07",46.42397,62.42865,"DAJ",2021,7,13,2,"PE13-07-02-DAJ","5:37",0,8,0,"1","S","0","Y","COYE","Common Yellowthroat",NA,NA,NA,NA,NA,NA,NA,NA,NA,NA,NA,NA,NA,NA,NA,"PE13-07-02-DAJ-COYE",3,3,2,3,"",NA,NA,"",""
"2442","PE","13","PE13","Johnstons River",7,"PE13-07",46.42397,62.42865,"DAJ",2021,7,13,2,"PE13-07-02-DAJ","5:37",0,8,0,"1","S","0","Y","SWSP","Swamp Sparrow",NA,NA,NA,NA,NA,NA,NA,NA,NA,NA,NA,NA,NA,NA,NA,"PE13-07-02-DAJ-SWSP",2,3,4,4,"",NA,NA,"",""
"2443","PE","13","PE13","Johnstons River",8,"PE13-08",46.42105,62.43096,"DAJ",2021,7,13,2,"PE13-08-02-DAJ","6:00",0,0,0,"0/1","S","0","Y","SWSP","Swamp Sparrow",NA,NA,NA,NA,NA,NA,NA,NA,NA,NA,NA,NA,NA,NA,NA,"PE13-08-02-DAJ-SWSP",3,3,4,4,"",NA,NA,"",""
"2444","PE","13","PE13","Johnstons River",8,"PE13-08",46.42105,62.43096,"DAJ",2021,7,13,2,"PE13-08-02-DAJ","6:00",0,0,0,"0/1","S","0","Y","COYE","Common Yellowthroat",NA,NA,NA,NA,NA,NA,NA,NA,NA,NA,NA,NA,NA,NA,NA,"PE13-08-02-DAJ-COYE",4,3,3,4,"",NA,NA,"",""
"2445","PE","13","PE13","Johnstons River",8,"PE13-08",46.42105,62.43096,"DAJ",2021,7,13,2,"PE13-08-02-DAJ","6:00",0,0,0,"0/1","S","0","Y","RWBL","Red-winged Blackbird",NA,NA,NA,NA,NA,NA,NA,NA,NA,NA,NA,NA,NA,NA,NA,"PE13-08-02-DAJ-RWBL",2,3,2,3,"",NA,NA,"",""
"2446","PE","13","PE13","Johnstons River",8,"PE13-08",46.42105,62.43096,"DAJ",2021,7,13,2,"PE13-08-02-DAJ","6:00",0,0,0,"0/1","S","0","Y","AMRO","American Robin",NA,NA,NA,NA,NA,NA,NA,NA,NA,NA,NA,NA,NA,NA,NA,"PE13-08-02-DAJ-AMRO",0,1,1,1,"",NA,NA,"",""
"2447","PE","13","PE13","Johnstons River",8,"PE13-08",46.42105,62.43096,"DAJ",2021,7,13,2,"PE13-08-02-DAJ","6:00",0,0,0,"0/1","S","0","Y","GBHE","Great Blue Heron",NA,NA,NA,NA,NA,NA,NA,NA,NA,NA,NA,NA,NA,NA,NA,"PE13-08-02-DAJ-GBHE",0,0,0,0,"OF",NA,NA,"",""
"2448","PE","13","PE13","Johnstons River",9,"PE13-09",46.41914,62.42758,"DAJ",2021,7,13,2,"PE13-09-02-DAJ","6:20",0,8,0,"0/1","S","0","Y","COYE","Common Yellowthroat",NA,NA,NA,NA,NA,NA,NA,NA,NA,NA,NA,NA,NA,NA,NA,"PE13-09-02-DAJ-COYE",1,1,1,1,"",NA,NA,"",""
"2449","PE","13","PE13","Johnstons River",9,"PE13-09",46.41914,62.42758,"DAJ",2021,7,13,2,"PE13-09-02-DAJ","6:20",0,8,0,"0/1","S","0","Y","SWSP","Swamp Sparrow",NA,NA,NA,NA,NA,NA,NA,NA,NA,NA,NA,NA,NA,NA,NA,"PE13-09-02-DAJ-SWSP",2,2,3,3,"",NA,NA,"",""
"2450","PE","13","PE13","Johnstons River",9,"PE13-09",46.41914,62.42758,"DAJ",2021,7,13,2,"PE13-09-02-DAJ","6:20",0,8,0,"0/1","S","0","Y","TRES","Tree Swallow",NA,NA,NA,NA,NA,NA,NA,NA,NA,NA,NA,NA,NA,NA,NA,"PE13-09-02-DAJ-TRES",0,0,0,0,"AF",NA,NA,"","Written as TRSW"
"2451","PE","13","PE13","Johnstons River",9,"PE13-09",46.41914,62.42758,"DAJ",2021,7,13,2,"PE13-09-02-DAJ","6:20",0,8,0,"0/1","S","0","Y","CEDW","Cedar Waxwing",NA,NA,NA,NA,NA,NA,NA,NA,NA,NA,NA,NA,NA,NA,NA,"PE13-09-02-DAJ-CEDW",0,0,0,0,"AF",NA,NA,"","Written as CEWA"
"2452","PE","13","PE13","Johnstons River",10,"PE13-10",46.41708,62.42673,"DAJ",2021,7,13,2,"PE13-10-02-DAJ","6:45",1,9,0,"0/1","S","0","Y","CEDW","Cedar Waxwing",NA,NA,NA,NA,NA,NA,NA,NA,NA,NA,NA,NA,NA,NA,NA,"PE13-10-02-DAJ-CEDW",2,2,2,2,"",NA,NA,"","Written as CEWA"
"2453","PE","13","PE13","Johnstons River",10,"PE13-10",46.41708,62.42673,"DAJ",2021,7,13,2,"PE13-10-02-DAJ","6:45",1,9,0,"0/1","S","0","Y","SWSP","Swamp Sparrow",NA,NA,NA,NA,NA,NA,NA,NA,NA,NA,NA,NA,NA,NA,NA,"PE13-10-02-DAJ-SWSP",3,3,3,3,"",NA,NA,"",""
"2454","PE","13","PE13","Johnstons River",10,"PE13-10",46.41708,62.42673,"DAJ",2021,7,13,2,"PE13-10-02-DAJ","6:45",1,9,0,"0/1","S","0","Y","COYE","Common Yellowthroat",NA,NA,NA,NA,NA,NA,NA,NA,NA,NA,NA,NA,NA,NA,NA,"PE13-10-02-DAJ-COYE",2,2,1,2,"",NA,NA,"",""
"2455","PE","13","PE13","Johnstons River",10,"PE13-10",46.41708,62.42673,"DAJ",2021,7,13,2,"PE13-10-02-DAJ","6:45",1,9,0,"0/1","S","0","Y","NOPA","Northern Parula",NA,NA,NA,NA,NA,NA,NA,NA,NA,NA,NA,NA,NA,NA,NA,"PE13-10-02-DAJ-NOPA",1,1,0,1,"",NA,NA,"",""
"2456","PE","13","PE13","Johnstons River",10,"PE13-10",46.41708,62.42673,"DAJ",2021,7,13,2,"PE13-10-02-DAJ","6:45",1,9,0,"0/1","S","0","Y","YEWA","Northern Yellow Warbler",NA,NA,NA,NA,NA,NA,NA,NA,NA,NA,NA,NA,NA,NA,NA,"PE13-10-02-DAJ-YEWA",1,2,1,2,"",NA,NA,"",""
"2457","PE","13","PE13","Johnstons River",10,"PE13-10",46.41708,62.42673,"DAJ",2021,7,13,2,"PE13-10-02-DAJ","6:45",1,9,0,"0/1","S","0","Y","AMRO","American Robin",NA,NA,NA,NA,NA,NA,NA,NA,NA,NA,NA,NA,NA,NA,NA,"PE13-10-02-DAJ-AMRO",1,1,1,1,"",NA,NA,"",""
"2458","PE","13","PE13","Johnstons River",10,"PE13-10",46.41708,62.42673,"DAJ",2021,7,13,2,"PE13-10-02-DAJ","6:45",1,9,0,"0/1","S","0","Y","RWBL","Red-winged Blackbird",NA,NA,NA,NA,NA,NA,NA,NA,NA,NA,NA,NA,NA,NA,NA,"PE13-10-02-DAJ-RWBL",1,1,2,2,"",NA,NA,"",""
"2459","PE","13","PE13","Johnstons River",10,"PE13-10",46.41708,62.42673,"DAJ",2021,7,13,2,"PE13-10-02-DAJ","6:45",1,9,0,"0/1","S","0","Y","BCCH","Black-capped Chickadee",NA,NA,NA,NA,NA,NA,NA,NA,NA,NA,NA,NA,NA,NA,NA,"PE13-10-02-DAJ-BCCH",0,1,1,1,"",NA,NA,"",""
"2460","PE","13","PE13","Johnstons River",10,"PE13-10",46.41708,62.42673,"DAJ",2021,7,13,2,"PE13-10-02-DAJ","6:45",1,9,0,"0/1","S","0","Y","ALFL","Alder Flycatcher",NA,NA,NA,NA,NA,NA,NA,NA,NA,NA,NA,NA,NA,NA,NA,"PE13-10-02-DAJ-ALFL",0,0,1,1,"",NA,NA,"",""
"2461","PE","03","PE03","Des Gros Marsh",1,"PE03-01",46.25218,62.50419,"DAJ",2021,6,2,1,"PE03-01-01-DAJ","6:03",0,12,0,"3","SW","0","Y","COYE","Common Yellowthroat",NA,NA,NA,NA,NA,NA,NA,NA,NA,NA,NA,NA,NA,NA,NA,"PE03-01-01-DAJ-COYE",1,0,0,1,"",NA,NA,"",""
"2462","PE","03","PE03","Des Gros Marsh",1,"PE03-01",46.25218,62.50419,"DAJ",2021,6,2,1,"PE03-01-01-DAJ","6:03",0,12,0,"3","SW","0","Y","RWBL","Red-winged Blackbird",NA,NA,NA,NA,NA,NA,NA,NA,NA,NA,NA,NA,NA,NA,NA,"PE03-01-01-DAJ-RWBL",4,4,4,4,"OF",NA,NA,"",""
"2463","PE","03","PE03","Des Gros Marsh",1,"PE03-01",46.25218,62.50419,"DAJ",2021,6,2,1,"PE03-01-01-DAJ","6:03",0,12,0,"3","SW","0","Y","WTSP","White-throated Sparrow",NA,NA,NA,NA,NA,NA,NA,NA,NA,NA,NA,NA,NA,NA,NA,"PE03-01-01-DAJ-WTSP",1,0,1,1,"",NA,NA,"",""
"2464","PE","03","PE03","Des Gros Marsh",1,"PE03-01",46.25218,62.50419,"DAJ",2021,6,2,1,"PE03-01-01-DAJ","6:03",0,12,0,"3","SW","0","Y","MODO","Mourning Dove",NA,NA,NA,NA,NA,NA,NA,NA,NA,NA,NA,NA,NA,NA,NA,"PE03-01-01-DAJ-MODO",1,0,0,1,"",NA,NA,"",""
"2465","PE","03","PE03","Des Gros Marsh",1,"PE03-01",46.25218,62.50419,"DAJ",2021,6,2,1,"PE03-01-01-DAJ","6:03",0,12,0,"3","SW","0","Y","CANG","Canada Goose",NA,NA,NA,NA,NA,NA,NA,NA,NA,NA,NA,NA,NA,NA,NA,"PE03-01-01-DAJ-CANG",1,1,0,1,"",NA,NA,"",""
"2466","PE","03","PE03","Des Gros Marsh",1,"PE03-01",46.25218,62.50419,"DAJ",2021,6,2,1,"PE03-01-01-DAJ","6:03",0,12,0,"3","SW","0","Y","DCCO","Double-crested Cormorant",NA,NA,NA,NA,NA,NA,NA,NA,NA,NA,NA,NA,NA,NA,NA,"PE03-01-01-DAJ-DCCO",1,1,0,1,"",NA,NA,"",""
"2467","PE","03","PE03","Des Gros Marsh",1,"PE03-01",46.25218,62.50419,"DAJ",2021,6,2,1,"PE03-01-01-DAJ","6:03",0,12,0,"3","SW","0","Y","YBSA","Yellow-bellied Sapsucker",NA,NA,NA,NA,NA,NA,NA,NA,NA,NA,NA,NA,NA,NA,NA,"PE03-01-01-DAJ-YBSA",0,0,0,0,"OF",NA,NA,"",""
"2468","PE","03","PE03","Des Gros Marsh",1,"PE03-01",46.25218,62.50419,"DAJ",2021,6,2,1,"PE03-01-01-DAJ","6:03",0,12,0,"3","SW","0","Y","DEJU","Dark-eyed Junco",NA,NA,NA,NA,NA,NA,NA,NA,NA,NA,NA,NA,NA,NA,NA,"PE03-01-01-DAJ-DEJU",0,0,0,0,"OF",NA,NA,"",""
"2469","PE","03","PE03","Des Gros Marsh",1,"PE03-01",46.25218,62.50419,"DAJ",2021,6,2,1,"PE03-01-01-DAJ","6:03",0,12,0,"3","SW","0","Y","TRES","Tree Swallow",NA,NA,NA,NA,NA,NA,NA,NA,NA,NA,NA,NA,NA,NA,NA,"PE03-01-01-DAJ-TRES",0,0,0,0,"AF",NA,NA,"","Written as TRSW"
"2470","PE","03","PE03","Des Gros Marsh",1,"PE03-01",46.25218,62.50419,"DAJ",2021,6,2,1,"PE03-01-01-DAJ","6:03",0,12,0,"3","SW","0","Y","AMRO","American Robin",NA,NA,NA,NA,NA,NA,NA,NA,NA,NA,NA,NA,NA,NA,NA,"PE03-01-01-DAJ-AMRO",0,1,0,1,"",NA,NA,"",""
"2471","PE","03","PE03","Des Gros Marsh",1,"PE03-01",46.25218,62.50419,"DAJ",2021,6,2,1,"PE03-01-01-DAJ","6:03",0,12,0,"3","SW","0","Y","GCKI","Golden-crowned Kinglet",NA,NA,NA,NA,NA,NA,NA,NA,NA,NA,NA,NA,NA,NA,NA,"PE03-01-01-DAJ-YCKI",0,0,0,0,"OF",NA,NA,"",""
"2472","PE","03","PE03","Des Gros Marsh",2,"PE03-02",46.25203,62.50784,"DAJ",2021,6,2,1,"PE03-02-01-DAJ","6:28",0,13,0,"2","SW","0","Y","RWBL","Red-winged Blackbird",NA,NA,NA,NA,NA,NA,NA,NA,NA,NA,NA,NA,NA,NA,NA,"PE03-02-01-DAJ-RWBL",5,4,6,6,"OF",NA,NA,"",""
"2473","PE","03","PE03","Des Gros Marsh",2,"PE03-02",46.25203,62.50784,"DAJ",2021,6,2,1,"PE03-02-01-DAJ","6:28",0,13,0,"2","SW","0","Y","ALFL","Alder Flycatcher",NA,NA,NA,NA,NA,NA,NA,NA,NA,NA,NA,NA,NA,NA,NA,"PE03-02-01-DAJ-ALFL",1,1,2,2,"",NA,NA,"",""
"2474","PE","03","PE03","Des Gros Marsh",2,"PE03-02",46.25203,62.50784,"DAJ",2021,6,2,1,"PE03-02-01-DAJ","6:28",0,13,0,"2","SW","0","Y","REVI","Red-eyed Vireo",NA,NA,NA,NA,NA,NA,NA,NA,NA,NA,NA,NA,NA,NA,NA,"PE03-02-01-DAJ-REVI",1,0,0,1,"",NA,NA,"",""
"2475","PE","03","PE03","Des Gros Marsh",2,"PE03-02",46.25203,62.50784,"DAJ",2021,6,2,1,"PE03-02-01-DAJ","6:28",0,13,0,"2","SW","0","Y","EAKI","Eastern Kingbird",NA,NA,NA,NA,NA,NA,NA,NA,NA,NA,NA,NA,NA,NA,NA,"PE03-02-01-DAJ-EAKI",1,1,2,2,"",NA,NA,"",""
"2476","PE","03","PE03","Des Gros Marsh",2,"PE03-02",46.25203,62.50784,"DAJ",2021,6,2,1,"PE03-02-01-DAJ","6:28",0,13,0,"2","SW","0","Y","GCKI","Golden-crowned Kinglet",NA,NA,NA,NA,NA,NA,NA,NA,NA,NA,NA,NA,NA,NA,NA,"PE03-02-01-DAJ-GCKI",1,1,1,1,"",NA,NA,"",""
"2477","PE","03","PE03","Des Gros Marsh",2,"PE03-02",46.25203,62.50784,"DAJ",2021,6,2,1,"PE03-02-01-DAJ","6:28",0,13,0,"2","SW","0","Y","COYE","Common Yellowthroat",NA,NA,NA,NA,NA,NA,NA,NA,NA,NA,NA,NA,NA,NA,NA,"PE03-02-01-DAJ-COYE",1,1,2,2,"",NA,NA,"",""
"2478","PE","03","PE03","Des Gros Marsh",2,"PE03-02",46.25203,62.50784,"DAJ",2021,6,2,1,"PE03-02-01-DAJ","6:28",0,13,0,"2","SW","0","Y","MODO","Mourning Dove",NA,NA,NA,NA,NA,NA,NA,NA,NA,NA,NA,NA,NA,NA,NA,"PE03-02-01-DAJ-MODO",2,0,0,2,"",NA,NA,"",""
"2479","PE","03","PE03","Des Gros Marsh",2,"PE03-02",46.25203,62.50784,"DAJ",2021,6,2,1,"PE03-02-01-DAJ","6:28",0,13,0,"2","SW","0","Y","CANG","Canada Goose",NA,NA,NA,NA,NA,NA,NA,NA,NA,NA,NA,NA,NA,NA,NA,"PE03-02-01-DAJ-CANG",0,0,0,0,"OF",NA,NA,"",""
"2480","PE","03","PE03","Des Gros Marsh",2,"PE03-02",46.25203,62.50784,"DAJ",2021,6,2,1,"PE03-02-01-DAJ","6:28",0,13,0,"2","SW","0","Y","TRES","Tree Swallow",NA,NA,NA,NA,NA,NA,NA,NA,NA,NA,NA,NA,NA,NA,NA,"PE03-02-01-DAJ-TRES",0,0,0,0,"AF",NA,NA,"","Written as TRSW"
"2481","PE","03","PE03","Des Gros Marsh",2,"PE03-02",46.25203,62.50784,"DAJ",2021,6,2,1,"PE03-02-01-DAJ","6:28",0,13,0,"2","SW","0","Y","WISN","Wilson's Snipe",NA,NA,NA,NA,NA,NA,NA,NA,NA,NA,NA,NA,NA,NA,NA,"PE03-02-01-DAJ-WISN",0,2,3,3,"",NA,NA,"",""
"2482","PE","03","PE03","Des Gros Marsh",2,"PE03-02",46.25203,62.50784,"DAJ",2021,6,2,1,"PE03-02-01-DAJ","6:28",0,13,0,"2","SW","0","Y","AMRO","American Robin",NA,NA,NA,NA,NA,NA,NA,NA,NA,NA,NA,NA,NA,NA,NA,"PE03-02-01-DAJ-AMRO",0,0,0,0,"OF",NA,NA,"",""
"2483","PE","03","PE03","Des Gros Marsh",3,"PE03-03",46.25209,62.5111,"DAJ",2021,6,2,1,"PE03-03-01-DAJ","6:58",0,13,0,"2","SW","0","Y","WISN","Wilson's Snipe",NA,NA,NA,NA,NA,NA,NA,NA,NA,NA,NA,NA,NA,NA,NA,"PE03-03-01-DAJ-WISN",1,1,2,2,"OF",NA,NA,"",""
"2484","PE","03","PE03","Des Gros Marsh",3,"PE03-03",46.25209,62.5111,"DAJ",2021,6,2,1,"PE03-03-01-DAJ","6:58",0,13,0,"2","SW","0","Y","ALFL","Alder Flycatcher",NA,NA,NA,NA,NA,NA,NA,NA,NA,NA,NA,NA,NA,NA,NA,"PE03-03-01-DAJ-ALFL",2,2,2,2,"",NA,NA,"",""
"2485","PE","03","PE03","Des Gros Marsh",3,"PE03-03",46.25209,62.5111,"DAJ",2021,6,2,1,"PE03-03-01-DAJ","6:58",0,13,0,"2","SW","0","Y","RWBL","Red-winged Blackbird",NA,NA,NA,NA,NA,NA,NA,NA,NA,NA,NA,NA,NA,NA,NA,"PE03-03-01-DAJ-RWBL",6,4,5,6,"OF",NA,NA,"",""
"2486","PE","03","PE03","Des Gros Marsh",3,"PE03-03",46.25209,62.5111,"DAJ",2021,6,2,1,"PE03-03-01-DAJ","6:58",0,13,0,"2","SW","0","Y","SOSP","Song Sparrow",NA,NA,NA,NA,NA,NA,NA,NA,NA,NA,NA,NA,NA,NA,NA,"PE03-03-01-DAJ-SOSP",1,0,0,1,"",NA,NA,"",""
"2487","PE","03","PE03","Des Gros Marsh",3,"PE03-03",46.25209,62.5111,"DAJ",2021,6,2,1,"PE03-03-01-DAJ","6:58",0,13,0,"2","SW","0","Y","YEWA","Northern Yellow Warbler",NA,NA,NA,NA,NA,NA,NA,NA,NA,NA,NA,NA,NA,NA,NA,"PE03-03-01-DAJ-YEWA",2,1,1,2,"OF",NA,NA,"",""
"2488","PE","03","PE03","Des Gros Marsh",3,"PE03-03",46.25209,62.5111,"DAJ",2021,6,2,1,"PE03-03-01-DAJ","6:58",0,13,0,"2","SW","0","Y","BCCH","Black-capped Chickadee",NA,NA,NA,NA,NA,NA,NA,NA,NA,NA,NA,NA,NA,NA,NA,"PE03-03-01-DAJ-BCCH",1,1,0,1,"",NA,NA,"",""
"2489","PE","03","PE03","Des Gros Marsh",3,"PE03-03",46.25209,62.5111,"DAJ",2021,6,2,1,"PE03-03-01-DAJ","6:58",0,13,0,"2","SW","0","Y","BOCH","Boreal Chickadee",NA,NA,NA,NA,NA,NA,NA,NA,NA,NA,NA,NA,NA,NA,NA,"PE03-03-01-DAJ-BOCH",1,1,0,1,"",NA,NA,"",""
"2490","PE","03","PE03","Des Gros Marsh",3,"PE03-03",46.25209,62.5111,"DAJ",2021,6,2,1,"PE03-03-01-DAJ","6:58",0,13,0,"2","SW","0","Y","EUST","European Starling",NA,NA,NA,NA,NA,NA,NA,NA,NA,NA,NA,NA,NA,NA,NA,"PE03-03-01-DAJ-EUST",0,0,0,0,"OF",NA,NA,"",""
"2491","PE","03","PE03","Des Gros Marsh",3,"PE03-03",46.25209,62.5111,"DAJ",2021,6,2,1,"PE03-03-01-DAJ","6:58",0,13,0,"2","SW","0","Y","COYE","Common Yellowthroat",NA,NA,NA,NA,NA,NA,NA,NA,NA,NA,NA,NA,NA,NA,NA,"PE03-03-01-DAJ-COYE",0,0,0,0,"OF",NA,NA,"",""
"2492","PE","03","PE03","Des Gros Marsh",4,"PE03-04",46.25417,62.50877,"DAJ",2021,6,2,1,"PE03-04-01-DAJ","7:39",0,14,0,"1","SW","1","Y","WISN","Wilson's Snipe",NA,NA,NA,NA,NA,NA,NA,NA,NA,NA,NA,NA,NA,NA,NA,"PE03-04-01-DAJ-WISN",1,1,0,1,"",NA,NA,"",""
"2493","PE","03","PE03","Des Gros Marsh",4,"PE03-04",46.25417,62.50877,"DAJ",2021,6,2,1,"PE03-04-01-DAJ","7:39",0,14,0,"1","SW","1","Y","RWBL","Red-winged Blackbird",NA,NA,NA,NA,NA,NA,NA,NA,NA,NA,NA,NA,NA,NA,NA,"PE03-04-01-DAJ-RWBL",5,6,4,6,"OF",NA,NA,"",""
"2494","PE","03","PE03","Des Gros Marsh",4,"PE03-04",46.25417,62.50877,"DAJ",2021,6,2,1,"PE03-04-01-DAJ","7:39",0,14,0,"1","SW","1","Y","BLJA","Blue Jay",NA,NA,NA,NA,NA,NA,NA,NA,NA,NA,NA,NA,NA,NA,NA,"PE03-04-01-DAJ-BLJA",0,0,0,0,"OF",NA,NA,"",""
"2495","PE","03","PE03","Des Gros Marsh",4,"PE03-04",46.25417,62.50877,"DAJ",2021,6,2,1,"PE03-04-01-DAJ","7:39",0,14,0,"1","SW","1","Y","WTSP","White-throated Sparrow",NA,NA,NA,NA,NA,NA,NA,NA,NA,NA,NA,NA,NA,NA,NA,"PE03-04-01-DAJ-WTSP",1,0,0,1,"",NA,NA,"",""
"2496","PE","03","PE03","Des Gros Marsh",4,"PE03-04",46.25417,62.50877,"DAJ",2021,6,2,1,"PE03-04-01-DAJ","7:39",0,14,0,"1","SW","1","Y","AMCR","American Crow",NA,NA,NA,NA,NA,NA,NA,NA,NA,NA,NA,NA,NA,NA,NA,"PE03-04-01-DAJ-AMCR",1,0,0,1,"",NA,NA,"",""
"2497","PE","03","PE03","Des Gros Marsh",4,"PE03-04",46.25417,62.50877,"DAJ",2021,6,2,1,"PE03-04-01-DAJ","7:39",0,14,0,"1","SW","1","Y","NOPA","Northern Parula",NA,NA,NA,NA,NA,NA,NA,NA,NA,NA,NA,NA,NA,NA,NA,"PE03-04-01-DAJ-NOPA",0,1,1,1,"",NA,NA,"",""
"2498","PE","03","PE03","Des Gros Marsh",4,"PE03-04",46.25417,62.50877,"DAJ",2021,6,2,1,"PE03-04-01-DAJ","7:39",0,14,0,"1","SW","1","Y","YEWA","Northern Yellow Warbler",NA,NA,NA,NA,NA,NA,NA,NA,NA,NA,NA,NA,NA,NA,NA,"PE03-04-01-DAJ-YEWA",0,1,1,1,"",NA,NA,"",""
"2499","PE","03","PE03","Des Gros Marsh",4,"PE03-04",46.25417,62.50877,"DAJ",2021,6,2,1,"PE03-04-01-DAJ","7:39",0,14,0,"1","SW","1","Y","COYE","Common Yellowthroat",NA,NA,NA,NA,NA,NA,NA,NA,NA,NA,NA,NA,NA,NA,NA,"PE03-04-01-DAJ-COYE",0,1,1,1,"",NA,NA,"",""
"2500","PE","03","PE03","Des Gros Marsh",4,"PE03-04",46.25417,62.50877,"DAJ",2021,6,2,1,"PE03-04-01-DAJ","7:39",0,14,0,"1","SW","1","Y","ALFL","Alder Flycatcher",NA,NA,NA,NA,NA,NA,NA,NA,NA,NA,NA,NA,NA,NA,NA,"PE03-04-01-DAJ-ALFL",0,0,1,1,"",NA,NA,"",""
"2501","PE","03","PE03","Des Gros Marsh",5,"PE03-05",46.23983,62.5091,"DAJ",2021,6,2,1,"PE03-05-01-DAJ","5:29",0,13,0,"2","SW","0","Y","DEJU","Dark-eyed Junco",NA,NA,NA,NA,NA,NA,NA,NA,NA,NA,NA,NA,NA,NA,NA,"PE03-05-01-DAJ-DEJU",2,2,1,2,"",NA,NA,"",""
"2502","PE","03","PE03","Des Gros Marsh",5,"PE03-05",46.23983,62.5091,"DAJ",2021,6,2,1,"PE03-05-01-DAJ","5:29",0,13,0,"2","SW","0","Y","ALFL","Alder Flycatcher",NA,NA,NA,NA,NA,NA,NA,NA,NA,NA,NA,NA,NA,NA,NA,"PE03-05-01-DAJ-ALFL",1,2,1,2,"",NA,NA,"",""
"2503","PE","03","PE03","Des Gros Marsh",5,"PE03-05",46.23983,62.5091,"DAJ",2021,6,2,1,"PE03-05-01-DAJ","5:29",0,13,0,"2","SW","0","Y","SOSP","Song Sparrow",NA,NA,NA,NA,NA,NA,NA,NA,NA,NA,NA,NA,NA,NA,NA,"PE03-05-01-DAJ-SOSP",2,1,0,2,"",NA,NA,"",""
"2504","PE","03","PE03","Des Gros Marsh",5,"PE03-05",46.23983,62.5091,"DAJ",2021,6,2,1,"PE03-05-01-DAJ","5:29",0,13,0,"2","SW","0","Y","AMRO","American Robin",NA,NA,NA,NA,NA,NA,NA,NA,NA,NA,NA,NA,NA,NA,NA,"PE03-05-01-DAJ-AMRO",1,1,1,1,"",NA,NA,"",""
"2505","PE","03","PE03","Des Gros Marsh",5,"PE03-05",46.23983,62.5091,"DAJ",2021,6,2,1,"PE03-05-01-DAJ","5:29",0,13,0,"2","SW","0","Y","AMCR","American Crow",NA,NA,NA,NA,NA,NA,NA,NA,NA,NA,NA,NA,NA,NA,NA,"PE03-05-01-DAJ-AMCR",0,0,0,0,"OF",NA,NA,"",""
"2506","PE","03","PE03","Des Gros Marsh",5,"PE03-05",46.23983,62.5091,"DAJ",2021,6,2,1,"PE03-05-01-DAJ","5:29",0,13,0,"2","SW","0","Y","RWBL","Red-winged Blackbird",NA,NA,NA,NA,NA,NA,NA,NA,NA,NA,NA,NA,NA,NA,NA,"PE03-05-01-DAJ-RWBL",1,1,0,1,"OF",NA,NA,"",""
"2507","PE","03","PE03","Des Gros Marsh",5,"PE03-05",46.23983,62.5091,"DAJ",2021,6,2,1,"PE03-05-01-DAJ","5:29",0,13,0,"2","SW","0","Y","CANG","Canada Goose",NA,NA,NA,NA,NA,NA,NA,NA,NA,NA,NA,NA,NA,NA,NA,"PE03-05-01-DAJ-CANG",1,2,1,2,"",NA,NA,"",""
"2508","PE","03","PE03","Des Gros Marsh",5,"PE03-05",46.23983,62.5091,"DAJ",2021,6,2,1,"PE03-05-01-DAJ","5:29",0,13,0,"2","SW","0","Y","COYE","Common Yellowthroat",NA,NA,NA,NA,NA,NA,NA,NA,NA,NA,NA,NA,NA,NA,NA,"PE03-05-01-DAJ-COYE",0,1,1,1,"",NA,NA,"",""
"2509","PE","03","PE03","Des Gros Marsh",5,"PE03-05",46.23983,62.5091,"DAJ",2021,6,2,1,"PE03-05-01-DAJ","5:29",0,13,0,"2","SW","0","Y","REVI","Red-eyed Vireo",NA,NA,NA,NA,NA,NA,NA,NA,NA,NA,NA,NA,NA,NA,NA,"PE03-05-01-DAJ-REVI",0,1,0,1,"",NA,NA,"",""
"2510","PE","03","PE03","Des Gros Marsh",5,"PE03-05",46.23983,62.5091,"DAJ",2021,6,2,1,"PE03-05-01-DAJ","5:29",0,13,0,"2","SW","0","Y","SWSP","Swamp Sparrow",NA,NA,NA,NA,NA,NA,NA,NA,NA,NA,NA,NA,NA,NA,NA,"PE03-05-01-DAJ-SWSP",0,1,0,1,"",NA,NA,"",""
"2511","PE","03","PE03","Des Gros Marsh",5,"PE03-05",46.23983,62.5091,"DAJ",2021,6,2,1,"PE03-05-01-DAJ","5:29",0,13,0,"2","SW","0","Y","NOPA","Northern Parula",NA,NA,NA,NA,NA,NA,NA,NA,NA,NA,NA,NA,NA,NA,NA,"PE03-05-01-DAJ-NOPA",0,0,1,1,"",NA,NA,"",""
"2512","PE","03","PE03","Des Gros Marsh",5,"PE03-05",46.23983,62.5091,"DAJ",2021,6,2,1,"PE03-05-01-DAJ","5:29",0,13,0,"2","SW","0","Y","WTSP","White-throated Sparrow",NA,NA,NA,NA,NA,NA,NA,NA,NA,NA,NA,NA,NA,NA,NA,"PE03-05-01-DAJ-WTSP",0,0,1,1,"",NA,NA,"",""
"2513","PE","03","PE03","Des Gros Marsh",5,"PE03-05",46.23983,62.5091,"DAJ",2021,6,2,1,"PE03-05-01-DAJ","5:29",0,13,0,"2","SW","0","Y","UNKN",NA,NA,NA,NA,NA,NA,NA,NA,NA,NA,NA,NA,NA,NA,NA,NA,"PE03-05-01-DAJ-UNKN",0,0,1,1,"",NA,NA,"",""
"2514","PE","03","PE03","Des Gros Marsh",6,"PE03-06",46.24004,62.51417,"DAJ",2021,6,2,1,"PE03-06-01-DAJ","4:58",0,13,0,"1","SW","1","Y","CANG","Canada Goose",NA,NA,NA,NA,NA,NA,NA,NA,NA,NA,NA,NA,NA,NA,NA,"PE03-06-01-DAJ-CANG",5,0,0,5,"",NA,NA,"",""
"2515","PE","03","PE03","Des Gros Marsh",6,"PE03-06",46.24004,62.51417,"DAJ",2021,6,2,1,"PE03-06-01-DAJ","4:58",0,13,0,"1","SW","1","Y","DEJU","Dark-eyed Junco",NA,NA,NA,NA,NA,NA,NA,NA,NA,NA,NA,NA,NA,NA,NA,"PE03-06-01-DAJ-DEJU",1,0,1,1,"",NA,NA,"",""
"2516","PE","03","PE03","Des Gros Marsh",6,"PE03-06",46.24004,62.51417,"DAJ",2021,6,2,1,"PE03-06-01-DAJ","4:58",0,13,0,"1","SW","1","Y","WTSP","White-throated Sparrow",NA,NA,NA,NA,NA,NA,NA,NA,NA,NA,NA,NA,NA,NA,NA,"PE03-06-01-DAJ-WTSP",1,1,0,1,"",NA,NA,"",""
"2517","PE","03","PE03","Des Gros Marsh",6,"PE03-06",46.24004,62.51417,"DAJ",2021,6,2,1,"PE03-06-01-DAJ","4:58",0,13,0,"1","SW","1","Y","SPSA","Spotted Sandpiper",NA,NA,NA,NA,NA,NA,NA,NA,NA,NA,NA,NA,NA,NA,NA,"PE03-06-01-DAJ-SPSA",1,0,0,1,"",NA,NA,"",""
"2518","PE","03","PE03","Des Gros Marsh",6,"PE03-06",46.24004,62.51417,"DAJ",2021,6,2,1,"PE03-06-01-DAJ","4:58",0,13,0,"1","SW","1","Y","AMRO","American Robin",NA,NA,NA,NA,NA,NA,NA,NA,NA,NA,NA,NA,NA,NA,NA,"PE03-06-01-DAJ-AMRO",1,0,0,1,"OF",NA,NA,"",""
"2519","PE","03","PE03","Des Gros Marsh",6,"PE03-06",46.24004,62.51417,"DAJ",2021,6,2,1,"PE03-06-01-DAJ","4:58",0,13,0,"1","SW","1","Y","BAEA","Bald Eagle",NA,NA,NA,NA,NA,NA,NA,NA,NA,NA,NA,NA,NA,NA,NA,"PE03-06-01-DAJ-BAEA",0,1,0,1,"",NA,NA,"",""
"2520","PE","03","PE03","Des Gros Marsh",6,"PE03-06",46.24004,62.51417,"DAJ",2021,6,2,1,"PE03-06-01-DAJ","4:58",0,13,0,"1","SW","1","Y","RWBL","Red-winged Blackbird",NA,NA,NA,NA,NA,NA,NA,NA,NA,NA,NA,NA,NA,NA,NA,"PE03-06-01-DAJ-RWBL",0,2,2,2,"OF",NA,NA,"",""
"2521","PE","03","PE03","Des Gros Marsh",6,"PE03-06",46.24004,62.51417,"DAJ",2021,6,2,1,"PE03-06-01-DAJ","4:58",0,13,0,"1","SW","1","Y","REVI","Red-eyed Vireo",NA,NA,NA,NA,NA,NA,NA,NA,NA,NA,NA,NA,NA,NA,NA,"PE03-06-01-DAJ-REVI",0,1,0,1,"",NA,NA,"",""
"2522","PE","03","PE03","Des Gros Marsh",6,"PE03-06",46.24004,62.51417,"DAJ",2021,6,2,1,"PE03-06-01-DAJ","4:58",0,13,0,"1","SW","1","Y","YEWA","Northern Yellow Warbler",NA,NA,NA,NA,NA,NA,NA,NA,NA,NA,NA,NA,NA,NA,NA,"PE03-06-01-DAJ-YEWA",0,0,1,1,"",NA,NA,"",""
"2523","PE","03","PE03","Des Gros Marsh",6,"PE03-06",46.24004,62.51417,"DAJ",2021,6,2,1,"PE03-06-01-DAJ","4:58",0,13,0,"1","SW","1","Y","SOSP","Song Sparrow",NA,NA,NA,NA,NA,NA,NA,NA,NA,NA,NA,NA,NA,NA,NA,"PE03-06-01-DAJ-SOSP",1,1,1,1,"",NA,NA,"",""
"2524","PE","03","PE03","Des Gros Marsh",1,"PE03-01",46.25218,62.50419,"DAJ",2021,7,8,2,"PE03-01-02-DAJ","6:12",1,13,0,"1","SW","2","Y","RWBL","Red-winged Blackbird",NA,NA,NA,NA,NA,NA,NA,NA,NA,NA,NA,NA,NA,NA,NA,"PE03-01-02-DAJ-RWBL",3,3,2,3,"",NA,NA,"",""
"2525","PE","03","PE03","Des Gros Marsh",1,"PE03-01",46.25218,62.50419,"DAJ",2021,7,8,2,"PE03-01-02-DAJ","6:12",1,13,0,"1","SW","2","Y","COYE","Common Yellowthroat",NA,NA,NA,NA,NA,NA,NA,NA,NA,NA,NA,NA,NA,NA,NA,"PE03-01-02-DAJ-COYE",1,1,1,1,"",NA,NA,"",""
"2526","PE","03","PE03","Des Gros Marsh",1,"PE03-01",46.25218,62.50419,"DAJ",2021,7,8,2,"PE03-01-02-DAJ","6:12",1,13,0,"1","SW","2","Y","AMRO","American Robin",NA,NA,NA,NA,NA,NA,NA,NA,NA,NA,NA,NA,NA,NA,NA,"PE03-01-02-DAJ-AMRO",1,0,0,1,"",NA,NA,"",""
"2527","PE","03","PE03","Des Gros Marsh",1,"PE03-01",46.25218,62.50419,"DAJ",2021,7,8,2,"PE03-01-02-DAJ","6:12",1,13,0,"1","SW","2","Y","DUCKLINGS",NA,NA,NA,NA,NA,NA,NA,NA,NA,NA,NA,NA,NA,NA,NA,NA,"PE03-01-02-DAJ-DUCKLINGS",3,0,0,3,"",NA,NA,"",""
"2528","PE","03","PE03","Des Gros Marsh",1,"PE03-01",46.25218,62.50419,"DAJ",2021,7,8,2,"PE03-01-02-DAJ","6:12",1,13,0,"1","SW","2","Y","EAKI","Eastern Kingbird",NA,NA,NA,NA,NA,NA,NA,NA,NA,NA,NA,NA,NA,NA,NA,"PE03-01-02-DAJ-EAKI",1,0,0,1,"",NA,NA,"",""
"2529","PE","03","PE03","Des Gros Marsh",1,"PE03-01",46.25218,62.50419,"DAJ",2021,7,8,2,"PE03-01-02-DAJ","6:12",1,13,0,"1","SW","2","Y","ALFL","Alder Flycatcher",NA,NA,NA,NA,NA,NA,NA,NA,NA,NA,NA,NA,NA,NA,NA,"PE03-01-02-DAJ-ALFL",0,1,1,1,"",NA,NA,"",""
"2530","PE","03","PE03","Des Gros Marsh",1,"PE03-01",46.25218,62.50419,"DAJ",2021,7,8,2,"PE03-01-02-DAJ","6:12",1,13,0,"1","SW","2","Y","DEJU","Dark-eyed Junco",NA,NA,NA,NA,NA,NA,NA,NA,NA,NA,NA,NA,NA,NA,NA,"PE03-01-02-DAJ-DEJU",0,2,1,2,"",NA,NA,"",""
"2531","PE","03","PE03","Des Gros Marsh",2,"PE03-02",46.25203,62.50784,"DAJ",2021,7,8,2,"PE03-02-02-DAJ","6:40",1,14,0,"1","SW","0","Y","RWBL","Red-winged Blackbird",NA,NA,NA,NA,NA,NA,NA,NA,NA,NA,NA,NA,NA,NA,NA,"PE03-02-02-DAJ-RWBL",7,7,7,7,"",NA,NA,"",""
"2532","PE","03","PE03","Des Gros Marsh",2,"PE03-02",46.25203,62.50784,"DAJ",2021,7,8,2,"PE03-02-02-DAJ","6:40",1,14,0,"1","SW","0","Y","SWSP","Swamp Sparrow",NA,NA,NA,NA,NA,NA,NA,NA,NA,NA,NA,NA,NA,NA,NA,"PE03-02-02-DAJ-SWSP",1,1,1,1,"",NA,NA,"",""
"2533","PE","03","PE03","Des Gros Marsh",2,"PE03-02",46.25203,62.50784,"DAJ",2021,7,8,2,"PE03-02-02-DAJ","6:40",1,14,0,"1","SW","0","Y","EAKI","Eastern Kingbird",NA,NA,NA,NA,NA,NA,NA,NA,NA,NA,NA,NA,NA,NA,NA,"PE03-02-02-DAJ-EAKI",1,1,2,2,"",NA,NA,"",""
"2534","PE","03","PE03","Des Gros Marsh",2,"PE03-02",46.25203,62.50784,"DAJ",2021,7,8,2,"PE03-02-02-DAJ","6:40",1,14,0,"1","SW","0","Y","CEDW","Cedar Waxwing",NA,NA,NA,NA,NA,NA,NA,NA,NA,NA,NA,NA,NA,NA,NA,"PE03-02-02-DAJ-CEDW",0,1,1,1,"",NA,NA,"","Written as CEWA"
"2535","PE","03","PE03","Des Gros Marsh",2,"PE03-02",46.25203,62.50784,"DAJ",2021,7,8,2,"PE03-02-02-DAJ","6:40",1,14,0,"1","SW","0","Y","MALL","Mallard",NA,NA,NA,NA,NA,NA,NA,NA,NA,NA,NA,NA,NA,NA,NA,"PE03-02-02-DAJ-MALL",0,1,0,1,"",NA,NA,"",""
"2536","PE","03","PE03","Des Gros Marsh",2,"PE03-02",46.25203,62.50784,"DAJ",2021,7,8,2,"PE03-02-02-DAJ","6:40",1,14,0,"1","SW","0","Y","WISN","Wilson's Snipe",NA,NA,NA,NA,NA,NA,NA,NA,NA,NA,NA,NA,NA,NA,NA,"PE03-02-02-DAJ-WISN",0,1,1,1,"",NA,NA,"",""
"2537","PE","03","PE03","Des Gros Marsh",3,"PE03-03",46.25209,62.5111,"DAJ",2021,7,8,2,"PE03-03-02-DAJ","7:09",1,14,0,"1","SW","0","Y","COYE","Common Yellowthroat",NA,NA,NA,NA,NA,NA,NA,NA,NA,NA,NA,NA,NA,NA,NA,"PE03-03-02-DAJ-COYE",2,1,2,2,"",NA,NA,"",""
"2538","PE","03","PE03","Des Gros Marsh",3,"PE03-03",46.25209,62.5111,"DAJ",2021,7,8,2,"PE03-03-02-DAJ","7:09",1,14,0,"1","SW","0","Y","RWBL","Red-winged Blackbird",NA,NA,NA,NA,NA,NA,NA,NA,NA,NA,NA,NA,NA,NA,NA,"PE03-03-02-DAJ-RWBL",3,3,3,3,"OF",NA,NA,"",""
"2539","PE","03","PE03","Des Gros Marsh",3,"PE03-03",46.25209,62.5111,"DAJ",2021,7,8,2,"PE03-03-02-DAJ","7:09",1,14,0,"1","SW","0","Y","WISN","Wilson's Snipe",NA,NA,NA,NA,NA,NA,NA,NA,NA,NA,NA,NA,NA,NA,NA,"PE03-03-02-DAJ-WISN",2,2,2,2,"",NA,NA,"",""
"2540","PE","03","PE03","Des Gros Marsh",3,"PE03-03",46.25209,62.5111,"DAJ",2021,7,8,2,"PE03-03-02-DAJ","7:09",1,14,0,"1","SW","0","Y","ALFL","Alder Flycatcher",NA,NA,NA,NA,NA,NA,NA,NA,NA,NA,NA,NA,NA,NA,NA,"PE03-03-02-DAJ-ALFL",1,0,0,1,"",NA,NA,"",""
"2541","PE","03","PE03","Des Gros Marsh",3,"PE03-03",46.25209,62.5111,"DAJ",2021,7,8,2,"PE03-03-02-DAJ","7:09",1,14,0,"1","SW","0","Y","SWSP","Swamp Sparrow",NA,NA,NA,NA,NA,NA,NA,NA,NA,NA,NA,NA,NA,NA,NA,"PE03-03-02-DAJ-SWSP",1,2,2,2,"",NA,NA,"",""
"2542","PE","03","PE03","Des Gros Marsh",3,"PE03-03",46.25209,62.5111,"DAJ",2021,7,8,2,"PE03-03-02-DAJ","7:09",1,14,0,"1","SW","0","Y","DEJU","Dark-eyed Junco",NA,NA,NA,NA,NA,NA,NA,NA,NA,NA,NA,NA,NA,NA,NA,"PE03-03-02-DAJ-DEJU",1,0,0,1,"",NA,NA,"",""
"2543","PE","03","PE03","Des Gros Marsh",3,"PE03-03",46.25209,62.5111,"DAJ",2021,7,8,2,"PE03-03-02-DAJ","7:09",1,14,0,"1","SW","0","Y","YEWA","Northern Yellow Warbler",NA,NA,NA,NA,NA,NA,NA,NA,NA,NA,NA,NA,NA,NA,NA,"PE03-03-02-DAJ-YEWA",0,1,1,1,"",NA,NA,"",""
"2544","PE","03","PE03","Des Gros Marsh",3,"PE03-03",46.25209,62.5111,"DAJ",2021,7,8,2,"PE03-03-02-DAJ","7:09",1,14,0,"1","SW","0","Y","SOSP","Song Sparrow",NA,NA,NA,NA,NA,NA,NA,NA,NA,NA,NA,NA,NA,NA,NA,"PE03-03-02-DAJ-SOSP",0,1,1,1,"",NA,NA,"",""
"2545","PE","03","PE03","Des Gros Marsh",3,"PE03-03",46.25209,62.5111,"DAJ",2021,7,8,2,"PE03-03-02-DAJ","7:09",1,14,0,"1","SW","0","Y","REVI","Red-eyed Vireo",NA,NA,NA,NA,NA,NA,NA,NA,NA,NA,NA,NA,NA,NA,NA,"PE03-03-02-DAJ-REVI",0,1,1,1,"",NA,NA,"",""
"2546","PE","03","PE03","Des Gros Marsh",3,"PE03-03",46.25209,62.5111,"DAJ",2021,7,8,2,"PE03-03-02-DAJ","7:09",1,14,0,"1","SW","0","Y","BCCH","Black-capped Chickadee",NA,NA,NA,NA,NA,NA,NA,NA,NA,NA,NA,NA,NA,NA,NA,"PE03-03-02-DAJ-BCCH",0,0,1,1,"",NA,NA,"",""
"2547","PE","03","PE03","Des Gros Marsh",4,"PE03-04",46.25417,62.50877,"DAJ",2021,7,8,2,"PE03-04-02-DAJ","7:49",0,14,0,"1","SW","0","Y","SWSP","Swamp Sparrow",NA,NA,NA,NA,NA,NA,NA,NA,NA,NA,NA,NA,NA,NA,NA,"PE03-04-02-DAJ-SWSP",1,2,1,2,"",NA,NA,"",""
"2548","PE","03","PE03","Des Gros Marsh",4,"PE03-04",46.25417,62.50877,"DAJ",2021,7,8,2,"PE03-04-02-DAJ","7:49",0,14,0,"1","SW","0","Y","COYE","Common Yellowthroat",NA,NA,NA,NA,NA,NA,NA,NA,NA,NA,NA,NA,NA,NA,NA,"PE03-04-02-DAJ-COYE",1,1,1,1,"",NA,NA,"",""
"2549","PE","03","PE03","Des Gros Marsh",4,"PE03-04",46.25417,62.50877,"DAJ",2021,7,8,2,"PE03-04-02-DAJ","7:49",0,14,0,"1","SW","0","Y","RWBL","Red-winged Blackbird",NA,NA,NA,NA,NA,NA,NA,NA,NA,NA,NA,NA,NA,NA,NA,"PE03-04-02-DAJ-RWBL",3,3,3,3,"",NA,NA,"",""
"2550","PE","03","PE03","Des Gros Marsh",4,"PE03-04",46.25417,62.50877,"DAJ",2021,7,8,2,"PE03-04-02-DAJ","7:49",0,14,0,"1","SW","0","Y","WISN","Wilson's Snipe",NA,NA,NA,NA,NA,NA,NA,NA,NA,NA,NA,NA,NA,NA,NA,"PE03-04-02-DAJ-WISN",2,2,1,2,"",NA,NA,"",""
"2551","PE","03","PE03","Des Gros Marsh",4,"PE03-04",46.25417,62.50877,"DAJ",2021,7,8,2,"PE03-04-02-DAJ","7:49",0,14,0,"1","SW","0","Y","DEJU","Dark-eyed Junco",NA,NA,NA,NA,NA,NA,NA,NA,NA,NA,NA,NA,NA,NA,NA,"PE03-04-02-DAJ-DEJU",1,1,0,1,"",NA,NA,"",""
"2552","PE","03","PE03","Des Gros Marsh",4,"PE03-04",46.25417,62.50877,"DAJ",2021,7,8,2,"PE03-04-02-DAJ","7:49",0,14,0,"1","SW","0","Y","NOPA","Northern Parula",NA,NA,NA,NA,NA,NA,NA,NA,NA,NA,NA,NA,NA,NA,NA,"PE03-04-02-DAJ-NOPA",1,1,0,1,"",NA,NA,"",""
"2553","PE","03","PE03","Des Gros Marsh",4,"PE03-04",46.25417,62.50877,"DAJ",2021,7,8,2,"PE03-04-02-DAJ","7:49",0,14,0,"1","SW","0","Y","TRES","Tree Swallow",NA,NA,NA,NA,NA,NA,NA,NA,NA,NA,NA,NA,NA,NA,NA,"PE03-04-02-DAJ-TRES",0,0,0,0,"OF",NA,NA,"","Written as TRSW"
"2554","PE","03","PE03","Des Gros Marsh",5,"PE03-05",46.23983,62.5091,"DAJ",2021,7,8,2,"PE03-05-02-DAJ","5:40",1,13,0,"1","SW","1","Y","DEJU","Dark-eyed Junco",NA,NA,NA,NA,NA,NA,NA,NA,NA,NA,NA,NA,NA,NA,NA,"PE03-05-02-DAJ-DEJU",1,1,1,1,"",NA,NA,"",""
"2555","PE","03","PE03","Des Gros Marsh",5,"PE03-05",46.23983,62.5091,"DAJ",2021,7,8,2,"PE03-05-02-DAJ","5:40",1,13,0,"1","SW","1","Y","RWBL","Red-winged Blackbird",NA,NA,NA,NA,NA,NA,NA,NA,NA,NA,NA,NA,NA,NA,NA,"PE03-05-02-DAJ-RWBL",4,3,2,4,"",NA,NA,"",""
"2556","PE","03","PE03","Des Gros Marsh",5,"PE03-05",46.23983,62.5091,"DAJ",2021,7,8,2,"PE03-05-02-DAJ","5:40",1,13,0,"1","SW","1","Y","AMRO","American Robin",NA,NA,NA,NA,NA,NA,NA,NA,NA,NA,NA,NA,NA,NA,NA,"PE03-05-02-DAJ-AMRO",1,0,1,1,"",NA,NA,"",""
"2557","PE","03","PE03","Des Gros Marsh",5,"PE03-05",46.23983,62.5091,"DAJ",2021,7,8,2,"PE03-05-02-DAJ","5:40",1,13,0,"1","SW","1","Y","WTSP","White-throated Sparrow",NA,NA,NA,NA,NA,NA,NA,NA,NA,NA,NA,NA,NA,NA,NA,"PE03-05-02-DAJ-WTSP",1,1,2,2,"",NA,NA,"",""
"2558","PE","03","PE03","Des Gros Marsh",5,"PE03-05",46.23983,62.5091,"DAJ",2021,7,8,2,"PE03-05-02-DAJ","5:40",1,13,0,"1","SW","1","Y","SOSP","Song Sparrow",NA,NA,NA,NA,NA,NA,NA,NA,NA,NA,NA,NA,NA,NA,NA,"PE03-05-02-DAJ-SOSP",2,2,2,2,"",NA,NA,"",""
"2559","PE","03","PE03","Des Gros Marsh",5,"PE03-05",46.23983,62.5091,"DAJ",2021,7,8,2,"PE03-05-02-DAJ","5:40",1,13,0,"1","SW","1","Y","MALL","Mallard",NA,NA,NA,NA,NA,NA,NA,NA,NA,NA,NA,NA,NA,NA,NA,"PE03-05-02-DAJ-MALL",1,0,0,1,"",NA,NA,"",""
"2560","PE","03","PE03","Des Gros Marsh",5,"PE03-05",46.23983,62.5091,"DAJ",2021,7,8,2,"PE03-05-02-DAJ","5:40",1,13,0,"1","SW","1","Y","GBHE","Great Blue Heron",NA,NA,NA,NA,NA,NA,NA,NA,NA,NA,NA,NA,NA,NA,NA,"PE03-05-02-DAJ-GBHE",0,0,0,0,"OF",NA,NA,"",""
"2561","PE","03","PE03","Des Gros Marsh",5,"PE03-05",46.23983,62.5091,"DAJ",2021,7,8,2,"PE03-05-02-DAJ","5:40",1,13,0,"1","SW","1","Y","SWSP","Swamp Sparrow",NA,NA,NA,NA,NA,NA,NA,NA,NA,NA,NA,NA,NA,NA,NA,"PE03-05-02-DAJ-SWSP",0,2,1,2,"",NA,NA,"","Written as SWPA"
"2562","PE","03","PE03","Des Gros Marsh",5,"PE03-05",46.23983,62.5091,"DAJ",2021,7,8,2,"PE03-05-02-DAJ","5:40",1,13,0,"1","SW","1","Y","NOPA","Northern Parula",NA,NA,NA,NA,NA,NA,NA,NA,NA,NA,NA,NA,NA,NA,NA,"PE03-05-02-DAJ-NOPA",0,1,1,1,"",NA,NA,"",""
"2563","PE","03","PE03","Des Gros Marsh",6,"PE03-06",46.24004,62.51417,"DAJ",2021,7,8,2,"PE03-06-02-DAJ","5:20",1,13,0,"1","SW","1","Y","DEJU","Dark-eyed Junco",NA,NA,NA,NA,NA,NA,NA,NA,NA,NA,NA,NA,NA,NA,NA,"PE03-06-02-DAJ-DEJU",1,1,0,1,"",NA,NA,"",""
"2564","PE","03","PE03","Des Gros Marsh",6,"PE03-06",46.24004,62.51417,"DAJ",2021,7,8,2,"PE03-06-02-DAJ","5:20",1,13,0,"1","SW","1","Y","SOSP","Song Sparrow",NA,NA,NA,NA,NA,NA,NA,NA,NA,NA,NA,NA,NA,NA,NA,"PE03-06-02-DAJ-SOSP",1,2,1,2,"",NA,NA,"",""
"2565","PE","03","PE03","Des Gros Marsh",6,"PE03-06",46.24004,62.51417,"DAJ",2021,7,8,2,"PE03-06-02-DAJ","5:20",1,13,0,"1","SW","1","Y","RWBL","Red-winged Blackbird",NA,NA,NA,NA,NA,NA,NA,NA,NA,NA,NA,NA,NA,NA,NA,"PE03-06-02-DAJ-RWBL",1,1,1,1,"",NA,NA,"",""
"2566","PE","03","PE03","Des Gros Marsh",6,"PE03-06",46.24004,62.51417,"DAJ",2021,7,8,2,"PE03-06-02-DAJ","5:20",1,13,0,"1","SW","1","Y","YEWA","Northern Yellow Warbler",NA,NA,NA,NA,NA,NA,NA,NA,NA,NA,NA,NA,NA,NA,NA,"PE03-06-02-DAJ-YEWA",1,1,1,1,"",NA,NA,"",""
"2567","PE","03","PE03","Des Gros Marsh",6,"PE03-06",46.24004,62.51417,"DAJ",2021,7,8,2,"PE03-06-02-DAJ","5:20",1,13,0,"1","SW","1","Y","COYE","Common Yellowthroat",NA,NA,NA,NA,NA,NA,NA,NA,NA,NA,NA,NA,NA,NA,NA,"PE03-06-02-DAJ-COYE",1,1,1,1,"",NA,NA,"",""
"2568","PE","03","PE03","Des Gros Marsh",6,"PE03-06",46.24004,62.51417,"DAJ",2021,7,8,2,"PE03-06-02-DAJ","5:20",1,13,0,"1","SW","1","Y","NOPA","Northern Parula",NA,NA,NA,NA,NA,NA,NA,NA,NA,NA,NA,NA,NA,NA,NA,"PE03-06-02-DAJ-NOPA",1,0,0,1,"",NA,NA,"",""
"2569","PE","03","PE03","Des Gros Marsh",6,"PE03-06",46.24004,62.51417,"DAJ",2021,7,8,2,"PE03-06-02-DAJ","5:20",1,13,0,"1","SW","1","Y","ALFL","Alder Flycatcher",NA,NA,NA,NA,NA,NA,NA,NA,NA,NA,NA,NA,NA,NA,NA,"PE03-06-02-DAJ-ALFL",1,1,0,1,"",NA,NA,"","seen/no call"
"2570","PE","03","PE03","Des Gros Marsh",6,"PE03-06",46.24004,62.51417,"DAJ",2021,7,8,2,"PE03-06-02-DAJ","5:20",1,13,0,"1","SW","1","Y","AMRO","American Robin",NA,NA,NA,NA,NA,NA,NA,NA,NA,NA,NA,NA,NA,NA,NA,"PE03-06-02-DAJ-AMRO",2,1,2,2,"",NA,NA,"",""
"2571","PE","03","PE03","Des Gros Marsh",6,"PE03-06",46.24004,62.51417,"DAJ",2021,7,8,2,"PE03-06-02-DAJ","5:20",1,13,0,"1","SW","1","Y","WTSP","White-throated Sparrow",NA,NA,NA,NA,NA,NA,NA,NA,NA,NA,NA,NA,NA,NA,NA,"PE03-06-02-DAJ-WTSP",1,1,1,1,"",NA,NA,"",""
"2572","PE","03","PE03","Des Gros Marsh",6,"PE03-06",46.24004,62.51417,"DAJ",2021,7,8,2,"PE03-06-02-DAJ","5:20",1,13,0,"1","SW","1","Y","GBHE","Great Blue Heron",NA,NA,NA,NA,NA,NA,NA,NA,NA,NA,NA,NA,NA,NA,NA,"PE03-06-02-DAJ-GBHE",0,0,0,0,"OF",NA,NA,"",""
"2573","PE","03","PE03","Des Gros Marsh",6,"PE03-06",46.24004,62.51417,"DAJ",2021,7,8,2,"PE03-06-02-DAJ","5:20",1,13,0,"1","SW","1","Y","BAEA","Bald Eagle",NA,NA,NA,NA,NA,NA,NA,NA,NA,NA,NA,NA,NA,NA,NA,"PE03-06-02-DAJ-BAEA",0,0,0,0,"OF",NA,NA,"",""
"2574","PE","11","PE11","Larkins Pond",1,"PE11-01",46.43118,62.42059,"DAJ",2021,6,10,1,"PE11-01-01-DAJ","5:06",8,7,0,"1","sw","0","y","ALFL","Alder Flycatcher",NA,NA,NA,NA,NA,NA,NA,NA,NA,NA,NA,NA,NA,NA,NA,"PE11-01-01-DAJ-ALFL",1,1,0,1,"",NA,NA,"",""
"2575","PE","11","PE11","Larkins Pond",1,"PE11-01",46.43118,62.42059,"DAJ",2021,6,10,1,"PE11-01-01-DAJ","5:06",8,7,0,"1","sw","0","y","BTNW","Black-throated Green Warbler",NA,NA,NA,NA,NA,NA,NA,NA,NA,NA,NA,NA,NA,NA,NA,"PE11-01-01-DAJ-BTNW",2,1,1,2,"",NA,NA,"","Written as BTGW"
"2576","PE","11","PE11","Larkins Pond",1,"PE11-01",46.43118,62.42059,"DAJ",2021,6,10,1,"PE11-01-01-DAJ","5:06",8,7,0,"1","sw","0","y","AMRO","American Robin",NA,NA,NA,NA,NA,NA,NA,NA,NA,NA,NA,NA,NA,NA,NA,"PE11-01-01-DAJ-AMRO",2,2,2,2,"",NA,NA,"",""
"2577","PE","11","PE11","Larkins Pond",1,"PE11-01",46.43118,62.42059,"DAJ",2021,6,10,1,"PE11-01-01-DAJ","5:06",8,7,0,"1","sw","0","y","WTSP","White-throated Sparrow",NA,NA,NA,NA,NA,NA,NA,NA,NA,NA,NA,NA,NA,NA,NA,"PE11-01-01-DAJ-WTSP",1,1,0,1,"",NA,NA,"",""
"2578","PE","11","PE11","Larkins Pond",1,"PE11-01",46.43118,62.42059,"DAJ",2021,6,10,1,"PE11-01-01-DAJ","5:06",8,7,0,"1","sw","0","y","RCKI","Ruby-crowned Kinglet",NA,NA,NA,NA,NA,NA,NA,NA,NA,NA,NA,NA,NA,NA,NA,"PE11-01-01-DAJ-RCKI",1,1,1,1,"",NA,NA,"",""
"2579","PE","11","PE11","Larkins Pond",1,"PE11-01",46.43118,62.42059,"DAJ",2021,6,10,1,"PE11-01-01-DAJ","5:06",8,7,0,"1","sw","0","y","BLJA","Blue Jay",NA,NA,NA,NA,NA,NA,NA,NA,NA,NA,NA,NA,NA,NA,NA,"PE11-01-01-DAJ-BLJA",0,1,0,1,"",NA,NA,"",""
"2580","PE","11","PE11","Larkins Pond",1,"PE11-01",46.43118,62.42059,"DAJ",2021,6,10,1,"PE11-01-01-DAJ","5:06",8,7,0,"1","sw","0","y","HETH","Hermit Thrush",NA,NA,NA,NA,NA,NA,NA,NA,NA,NA,NA,NA,NA,NA,NA,"PE11-01-01-DAJ-HETH",0,1,1,1,"",NA,NA,"",""
"2581","PE","11","PE11","Larkins Pond",1,"PE11-01",46.43118,62.42059,"DAJ",2021,6,10,1,"PE11-01-01-DAJ","5:06",8,7,0,"1","sw","0","y","COYE","Common Yellowthroat",NA,NA,NA,NA,NA,NA,NA,NA,NA,NA,NA,NA,NA,NA,NA,"PE11-01-01-DAJ-COYE",0,0,1,1,"",NA,NA,"",""
"2582","PE","11","PE11","Larkins Pond",2,"PE11-02",46.42938,62.41961,"DAJ",2021,6,10,1,"PE11-02-01-DAJ","5:29",8,7,0,"1","SW","0","Y","SWSP","Swamp Sparrow",NA,NA,NA,NA,NA,NA,NA,NA,NA,NA,NA,NA,NA,NA,NA,"PE11-02-01-DAJ-SWSP",1,1,1,1,"",NA,NA,"",""
"2583","PE","11","PE11","Larkins Pond",2,"PE11-02",46.42938,62.41961,"DAJ",2021,6,10,1,"PE11-02-01-DAJ","5:29",8,7,0,"1","SW","0","Y","ALFL","Alder Flycatcher",NA,NA,NA,NA,NA,NA,NA,NA,NA,NA,NA,NA,NA,NA,NA,"PE11-02-01-DAJ-ALFL",2,2,1,2,"",NA,NA,"",""
"2584","PE","11","PE11","Larkins Pond",2,"PE11-02",46.42938,62.41961,"DAJ",2021,6,10,1,"PE11-02-01-DAJ","5:29",8,7,0,"1","SW","0","Y","RWBL","Red-winged Blackbird",NA,NA,NA,NA,NA,NA,NA,NA,NA,NA,NA,NA,NA,NA,NA,"PE11-02-01-DAJ-RWBL",1,1,2,2,"OF",NA,NA,"",""
"2585","PE","11","PE11","Larkins Pond",2,"PE11-02",46.42938,62.41961,"DAJ",2021,6,10,1,"PE11-02-01-DAJ","5:29",8,7,0,"1","SW","0","Y","GBHE","Great Blue Heron",NA,NA,NA,NA,NA,NA,NA,NA,NA,NA,NA,NA,NA,NA,NA,"PE11-02-01-DAJ-GBHE",1,0,0,1,"",NA,NA,"",""
"2586","PE","11","PE11","Larkins Pond",2,"PE11-02",46.42938,62.41961,"DAJ",2021,6,10,1,"PE11-02-01-DAJ","5:29",8,7,0,"1","SW","0","Y","COYE","Common Yellowthroat",NA,NA,NA,NA,NA,NA,NA,NA,NA,NA,NA,NA,NA,NA,NA,"PE11-02-01-DAJ-COYE",1,1,1,1,"",NA,NA,"",""
"2587","PE","11","PE11","Larkins Pond",2,"PE11-02",46.42938,62.41961,"DAJ",2021,6,10,1,"PE11-02-01-DAJ","5:29",8,7,0,"1","SW","0","Y","COGR","Common Grackle",NA,NA,NA,NA,NA,NA,NA,NA,NA,NA,NA,NA,NA,NA,NA,"PE11-02-01-DAJ-COGR",0,2,0,2,"",NA,NA,"",""
"2588","PE","11","PE11","Larkins Pond",3,"PE11-03",46.42709,62.4187,"DAJ",2021,6,10,1,"PE11-03-01-DAJ","5:48",8,8,0,"1","SW","0","Y","ALFL","Alder Flycatcher",NA,NA,NA,NA,NA,NA,NA,NA,NA,NA,NA,NA,NA,NA,NA,"PE11-03-01-DAJ-ALFL",2,2,2,2,"",NA,NA,"",""
"2589","PE","11","PE11","Larkins Pond",3,"PE11-03",46.42709,62.4187,"DAJ",2021,6,10,1,"PE11-03-01-DAJ","5:48",8,8,0,"1","SW","0","Y","OVEN","Ovenbird",NA,NA,NA,NA,NA,NA,NA,NA,NA,NA,NA,NA,NA,NA,NA,"PE11-03-01-DAJ-OVEN",1,0,0,1,"",NA,NA,"",""
"2590","PE","11","PE11","Larkins Pond",3,"PE11-03",46.42709,62.4187,"DAJ",2021,6,10,1,"PE11-03-01-DAJ","5:48",8,8,0,"1","SW","0","Y","REVI","Red-eyed Vireo",NA,NA,NA,NA,NA,NA,NA,NA,NA,NA,NA,NA,NA,NA,NA,"PE11-03-01-DAJ-REVI",1,0,1,1,"",NA,NA,"",""
"2591","PE","11","PE11","Larkins Pond",3,"PE11-03",46.42709,62.4187,"DAJ",2021,6,10,1,"PE11-03-01-DAJ","5:48",8,8,0,"1","SW","0","Y","RWBL","Red-winged Blackbird",NA,NA,NA,NA,NA,NA,NA,NA,NA,NA,NA,NA,NA,NA,NA,"PE11-03-01-DAJ-RWBL",2,2,4,4,"OF",NA,NA,"",""
"2592","PE","11","PE11","Larkins Pond",3,"PE11-03",46.42709,62.4187,"DAJ",2021,6,10,1,"PE11-03-01-DAJ","5:48",8,8,0,"1","SW","0","Y","AMRO","American Robin",NA,NA,NA,NA,NA,NA,NA,NA,NA,NA,NA,NA,NA,NA,NA,"PE11-03-01-DAJ-AMRO",1,1,0,1,"",NA,NA,"",""
"2593","PE","11","PE11","Larkins Pond",3,"PE11-03",46.42709,62.4187,"DAJ",2021,6,10,1,"PE11-03-01-DAJ","5:48",8,8,0,"1","SW","0","Y","DEJU","Dark-eyed Junco",NA,NA,NA,NA,NA,NA,NA,NA,NA,NA,NA,NA,NA,NA,NA,"PE11-03-01-DAJ-DEJU",1,1,0,1,"",NA,NA,"",""
"2594","PE","11","PE11","Larkins Pond",3,"PE11-03",46.42709,62.4187,"DAJ",2021,6,10,1,"PE11-03-01-DAJ","5:48",8,8,0,"1","SW","0","Y","RCKI","Ruby-crowned Kinglet",NA,NA,NA,NA,NA,NA,NA,NA,NA,NA,NA,NA,NA,NA,NA,"PE11-03-01-DAJ-RCKI",0,0,1,1,"OF",NA,NA,"",""
"2595","PE","11","PE11","Larkins Pond",3,"PE11-03",46.42709,62.4187,"DAJ",2021,6,10,1,"PE11-03-01-DAJ","5:48",8,8,0,"1","SW","0","Y","BWWA","Blue-winged Warbler",NA,NA,NA,NA,NA,NA,NA,NA,NA,NA,NA,NA,NA,NA,NA,"PE11-03-01-DAJ-BWWA",0,0,1,1,"",NA,NA,"",""
"2596","PE","11","PE11","Larkins Pond",3,"PE11-03",46.42709,62.4187,"DAJ",2021,6,10,1,"PE11-03-01-DAJ","5:48",8,8,0,"1","SW","0","Y","BLJA","Blue Jay",NA,NA,NA,NA,NA,NA,NA,NA,NA,NA,NA,NA,NA,NA,NA,"PE11-03-01-DAJ-BLJA",0,0,1,1,"",NA,NA,"",""
"2597","PE","11","PE11","Larkins Pond",3,"PE11-03",46.42709,62.4187,"DAJ",2021,6,10,1,"PE11-03-01-DAJ","5:48",8,8,0,"1","SW","0","Y","RTHU","Ruby-throated Hummingbird",NA,NA,NA,NA,NA,NA,NA,NA,NA,NA,NA,NA,NA,NA,NA,"PE11-03-01-DAJ-RTHU",0,0,1,1,"",NA,NA,"",""
"2598","PE","11","PE11","Larkins Pond",4,"PE11-04",46.42732,62.42189,"DAJ",2021,6,10,1,"PE11-04-01-DAJ","6:09",8,8,0,"1","SW","0","Y","ALFL","Alder Flycatcher",NA,NA,NA,NA,NA,NA,NA,NA,NA,NA,NA,NA,NA,NA,NA,"PE11-04-01-DAJ-ALFL",2,1,2,2,"",NA,NA,"",""
"2599","PE","11","PE11","Larkins Pond",4,"PE11-04",46.42732,62.42189,"DAJ",2021,6,10,1,"PE11-04-01-DAJ","6:09",8,8,0,"1","SW","0","Y","DEJU","Dark-eyed Junco",NA,NA,NA,NA,NA,NA,NA,NA,NA,NA,NA,NA,NA,NA,NA,"PE11-04-01-DAJ-DEJU",1,1,0,1,"",NA,NA,"",""
"2600","PE","11","PE11","Larkins Pond",4,"PE11-04",46.42732,62.42189,"DAJ",2021,6,10,1,"PE11-04-01-DAJ","6:09",8,8,0,"1","SW","0","Y","AMWI","American Wigeon",NA,NA,NA,NA,NA,NA,NA,NA,NA,NA,NA,NA,NA,NA,NA,"PE11-04-01-DAJ-AMWI",2,2,0,2,"",NA,NA,"",""
"2601","PE","11","PE11","Larkins Pond",4,"PE11-04",46.42732,62.42189,"DAJ",2021,6,10,1,"PE11-04-01-DAJ","6:09",8,8,0,"1","SW","0","Y","GCKI","Golden-crowned Kinglet",NA,NA,NA,NA,NA,NA,NA,NA,NA,NA,NA,NA,NA,NA,NA,"PE11-04-01-DAJ-GCKI",1,1,1,1,"",NA,NA,"",""
"2602","PE","11","PE11","Larkins Pond",4,"PE11-04",46.42732,62.42189,"DAJ",2021,6,10,1,"PE11-04-01-DAJ","6:09",8,8,0,"1","SW","0","Y","RWBL","Red-winged Blackbird",NA,NA,NA,NA,NA,NA,NA,NA,NA,NA,NA,NA,NA,NA,NA,"PE11-04-01-DAJ-RWBL",1,1,1,1,"",NA,NA,"",""
"2603","PE","11","PE11","Larkins Pond",4,"PE11-04",46.42732,62.42189,"DAJ",2021,6,10,1,"PE11-04-01-DAJ","6:09",8,8,0,"1","SW","0","Y","GBHE","Great Blue Heron",NA,NA,NA,NA,NA,NA,NA,NA,NA,NA,NA,NA,NA,NA,NA,"PE11-04-01-DAJ-GBHE",0,0,0,0,"OF",NA,NA,"",""
"2604","PE","11","PE11","Larkins Pond",4,"PE11-04",46.42732,62.42189,"DAJ",2021,6,10,1,"PE11-04-01-DAJ","6:09",8,8,0,"1","SW","0","Y","RNDU","Ring-necked Duck",NA,NA,NA,NA,NA,NA,NA,NA,NA,NA,NA,NA,NA,NA,NA,"PE11-04-01-DAJ-RNDU",2,2,2,2,"",NA,NA,"",""
"2605","PE","11","PE11","Larkins Pond",4,"PE11-04",46.42732,62.42189,"DAJ",2021,6,10,1,"PE11-04-01-DAJ","6:09",8,8,0,"1","SW","0","Y","NOPA","Northern Parula",NA,NA,NA,NA,NA,NA,NA,NA,NA,NA,NA,NA,NA,NA,NA,"PE11-04-01-DAJ-NOPA",1,0,2,2,"",NA,NA,"",""
"2606","PE","11","PE11","Larkins Pond",4,"PE11-04",46.42732,62.42189,"DAJ",2021,6,10,1,"PE11-04-01-DAJ","6:09",8,8,0,"1","SW","0","Y","RBNU","Red-breasted Nuthatch",NA,NA,NA,NA,NA,NA,NA,NA,NA,NA,NA,NA,NA,NA,NA,"PE11-04-01-DAJ-RBNU",0,0,1,1,"",NA,NA,"",""
"2607","PE","11","PE11","Larkins Pond",4,"PE11-04",46.42732,62.42189,"DAJ",2021,6,10,1,"PE11-04-01-DAJ","6:09",8,8,0,"1","SW","0","Y","WTSP","White-throated Sparrow",NA,NA,NA,NA,NA,NA,NA,NA,NA,NA,NA,NA,NA,NA,NA,"PE11-04-01-DAJ-WTSP",0,0,1,1,"",NA,NA,"",""
"2608","PE","11","PE11","Larkins Pond",5,"PE11-05",46.42963,62.42347,"DAJ",2021,6,10,1,"PE11-05-01-DAJ","6:30",9,8,0,"1","SW","0","Y","WTSP","White-throated Sparrow",NA,NA,NA,NA,NA,NA,NA,NA,NA,NA,NA,NA,NA,NA,NA,"PE11-05-01-DAJ-WTSP",1,1,0,1,"",NA,NA,"",""
"2609","PE","11","PE11","Larkins Pond",5,"PE11-05",46.42963,62.42347,"DAJ",2021,6,10,1,"PE11-05-01-DAJ","6:30",9,8,0,"1","SW","0","Y","RWBL","Red-winged Blackbird",NA,NA,NA,NA,NA,NA,NA,NA,NA,NA,NA,NA,NA,NA,NA,"PE11-05-01-DAJ-RWBL",3,2,2,3,"OF",NA,NA,"",""
"2610","PE","11","PE11","Larkins Pond",5,"PE11-05",46.42963,62.42347,"DAJ",2021,6,10,1,"PE11-05-01-DAJ","6:30",9,8,0,"1","SW","0","Y","AMRO","American Robin",NA,NA,NA,NA,NA,NA,NA,NA,NA,NA,NA,NA,NA,NA,NA,"PE11-05-01-DAJ-AMRO",1,1,1,1,"",NA,NA,"",""
"2611","PE","11","PE11","Larkins Pond",5,"PE11-05",46.42963,62.42347,"DAJ",2021,6,10,1,"PE11-05-01-DAJ","6:30",9,8,0,"1","SW","0","Y","DEJU","Dark-eyed Junco",NA,NA,NA,NA,NA,NA,NA,NA,NA,NA,NA,NA,NA,NA,NA,"PE11-05-01-DAJ-DEJU",1,1,0,1,"",NA,NA,"",""
"2612","PE","11","PE11","Larkins Pond",5,"PE11-05",46.42963,62.42347,"DAJ",2021,6,10,1,"PE11-05-01-DAJ","6:30",9,8,0,"1","SW","0","Y","REVI","Red-eyed Vireo",NA,NA,NA,NA,NA,NA,NA,NA,NA,NA,NA,NA,NA,NA,NA,"PE11-05-01-DAJ-REVI",0,1,1,1,"",NA,NA,"",""
"2613","PE","11","PE11","Larkins Pond",5,"PE11-05",46.42963,62.42347,"DAJ",2021,6,10,1,"PE11-05-01-DAJ","6:30",9,8,0,"1","SW","0","Y","BAEA","Bald Eagle",NA,NA,NA,NA,NA,NA,NA,NA,NA,NA,NA,NA,NA,NA,NA,"PE11-05-01-DAJ-BAEA",0,0,0,0,"OF",NA,NA,"",""
"2614","PE","11","PE11","Larkins Pond",5,"PE11-05",46.42963,62.42347,"DAJ",2021,6,10,1,"PE11-05-01-DAJ","6:30",9,8,0,"1","SW","0","Y","ALFL","Alder Flycatcher",NA,NA,NA,NA,NA,NA,NA,NA,NA,NA,NA,NA,NA,NA,NA,"PE11-05-01-DAJ-ALFL",0,0,1,1,"",NA,NA,"",""
"2615","PE","11","PE11","Larkins Pond",5,"PE11-05",46.42963,62.42347,"DAJ",2021,6,10,1,"PE11-05-01-DAJ","6:30",9,8,0,"1","SW","0","Y","YEWA","Northern Yellow Warbler",NA,NA,NA,NA,NA,NA,NA,NA,NA,NA,NA,NA,NA,NA,NA,"PE11-05-01-DAJ-YEWA",0,0,1,1,"",NA,NA,"",""
"2616","PE","11","PE11","Larkins Pond",5,"PE11-05",46.42963,62.42347,"DAJ",2021,6,10,1,"PE11-05-01-DAJ","6:30",9,8,0,"1","SW","0","Y","SWSP","Swamp Sparrow",NA,NA,NA,NA,NA,NA,NA,NA,NA,NA,NA,NA,NA,NA,NA,"PE11-05-01-DAJ-SWSP",0,1,1,1,"",NA,NA,"",""
"2617","PE","11","PE11","Larkins Pond",6,"PE11-06",46.42793,62.42643,"DAJ",2021,6,17,1,"PE11-06-01-DAJ","6:35",0,12,0,"1","SW","1","Y","YEWA","Northern Yellow Warbler",NA,NA,NA,NA,NA,NA,NA,NA,NA,NA,NA,NA,NA,NA,NA,"PE11-06-01-DAJ-YEWA",3,3,3,3,"",NA,NA,"",""
"2618","PE","11","PE11","Larkins Pond",6,"PE11-06",46.42793,62.42643,"DAJ",2021,6,17,1,"PE11-06-01-DAJ","6:35",0,12,0,"1","SW","1","Y","RWBL","Red-winged Blackbird",NA,NA,NA,NA,NA,NA,NA,NA,NA,NA,NA,NA,NA,NA,NA,"PE11-06-01-DAJ-RWBL",2,1,1,2,"OF",NA,NA,"",""
"2619","PE","11","PE11","Larkins Pond",6,"PE11-06",46.42793,62.42643,"DAJ",2021,6,17,1,"PE11-06-01-DAJ","6:35",0,12,0,"1","SW","1","Y","REVI","Red-eyed Vireo",NA,NA,NA,NA,NA,NA,NA,NA,NA,NA,NA,NA,NA,NA,NA,"PE11-06-01-DAJ-REVI",1,1,0,1,"",NA,NA,"",""
"2620","PE","11","PE11","Larkins Pond",6,"PE11-06",46.42793,62.42643,"DAJ",2021,6,17,1,"PE11-06-01-DAJ","6:35",0,12,0,"1","SW","1","Y","BTNW","Black-throated Green Warbler",NA,NA,NA,NA,NA,NA,NA,NA,NA,NA,NA,NA,NA,NA,NA,"PE11-06-01-DAJ-BTNW",1,1,0,1,"",NA,NA,"","Written as BTGW"
"2621","PE","11","PE11","Larkins Pond",6,"PE11-06",46.42793,62.42643,"DAJ",2021,6,17,1,"PE11-06-01-DAJ","6:35",0,12,0,"1","SW","1","Y","OSFL","Olive-sided Flycatcher",NA,NA,NA,NA,NA,NA,NA,NA,NA,NA,NA,NA,NA,NA,NA,"PE11-06-01-DAJ-OSFL",1,0,0,1,"",NA,NA,"",""
"2622","PE","11","PE11","Larkins Pond",6,"PE11-06",46.42793,62.42643,"DAJ",2021,6,17,1,"PE11-06-01-DAJ","6:35",0,12,0,"1","SW","1","Y","DEJU","Dark-eyed Junco",NA,NA,NA,NA,NA,NA,NA,NA,NA,NA,NA,NA,NA,NA,NA,"PE11-06-01-DAJ-DEJU",0,1,0,1,"",NA,NA,"",""
"2623","PE","11","PE11","Larkins Pond",6,"PE11-06",46.42793,62.42643,"DAJ",2021,6,17,1,"PE11-06-01-DAJ","6:35",0,12,0,"1","SW","1","Y","NOPA","Northern Parula",NA,NA,NA,NA,NA,NA,NA,NA,NA,NA,NA,NA,NA,NA,NA,"PE11-06-01-DAJ-NOPA",0,1,0,1,"",NA,NA,"",""
"2624","PE","11","PE11","Larkins Pond",6,"PE11-06",46.42793,62.42643,"DAJ",2021,6,17,1,"PE11-06-01-DAJ","6:35",0,12,0,"1","SW","1","Y","ALFL","Alder Flycatcher",NA,NA,NA,NA,NA,NA,NA,NA,NA,NA,NA,NA,NA,NA,NA,"PE11-06-01-DAJ-ALFL",0,0,1,1,"",NA,NA,"",""
"2625","PE","11","PE11","Larkins Pond",6,"PE11-06",46.42793,62.42643,"DAJ",2021,6,17,1,"PE11-06-01-DAJ","6:35",0,12,0,"1","SW","1","Y","AMRO","American Robin",NA,NA,NA,NA,NA,NA,NA,NA,NA,NA,NA,NA,NA,NA,NA,"PE11-06-01-DAJ-AMRO",0,0,0,0,"OF",NA,NA,"",""
"2626","PE","11","PE11","Larkins Pond",7,"PE11-07",46.42397,62.42865,"DAJ",2021,6,17,1,"PE11-07-01-DAJ","6:58",0,12,2,"1","SW","0","Y","ALFL","Alder Flycatcher",NA,NA,NA,NA,NA,NA,NA,NA,NA,NA,NA,NA,NA,NA,NA,"PE11-07-01-DAJ-ALFL",1,1,1,1,"",NA,NA,"",""
"2627","PE","11","PE11","Larkins Pond",7,"PE11-07",46.42397,62.42865,"DAJ",2021,6,17,1,"PE11-07-01-DAJ","6:58",0,12,2,"1","SW","0","Y","RCKI","Ruby-crowned Kinglet",NA,NA,NA,NA,NA,NA,NA,NA,NA,NA,NA,NA,NA,NA,NA,"PE11-07-01-DAJ-RCKI",1,0,1,1,"",NA,NA,"",""
"2628","PE","11","PE11","Larkins Pond",7,"PE11-07",46.42397,62.42865,"DAJ",2021,6,17,1,"PE11-07-01-DAJ","6:58",0,12,2,"1","SW","0","Y","AMRO","American Robin",NA,NA,NA,NA,NA,NA,NA,NA,NA,NA,NA,NA,NA,NA,NA,"PE11-07-01-DAJ-AMRO",1,1,1,1,"",NA,NA,"",""
"2629","PE","11","PE11","Larkins Pond",7,"PE11-07",46.42397,62.42865,"DAJ",2021,6,17,1,"PE11-07-01-DAJ","6:58",0,12,2,"1","SW","0","Y","DEJU","Dark-eyed Junco",NA,NA,NA,NA,NA,NA,NA,NA,NA,NA,NA,NA,NA,NA,NA,"PE11-07-01-DAJ-DEJU",1,0,1,1,"",NA,NA,"",""
"2630","PE","11","PE11","Larkins Pond",7,"PE11-07",46.42397,62.42865,"DAJ",2021,6,17,1,"PE11-07-01-DAJ","6:58",0,12,2,"1","SW","0","Y","BLJA","Blue Jay",NA,NA,NA,NA,NA,NA,NA,NA,NA,NA,NA,NA,NA,NA,NA,"PE11-07-01-DAJ-BLJA",0,1,2,2,"OF",NA,NA,"",""
"2631","PE","11","PE11","Larkins Pond",7,"PE11-07",46.42397,62.42865,"DAJ",2021,6,17,1,"PE11-07-01-DAJ","6:58",0,12,2,"1","SW","0","Y","HETH","Hermit Thrush",NA,NA,NA,NA,NA,NA,NA,NA,NA,NA,NA,NA,NA,NA,NA,"PE11-07-01-DAJ-HETH",1,0,0,1,"",NA,NA,"",""
"2632","PE","11","PE11","Larkins Pond",7,"PE11-07",46.42397,62.42865,"DAJ",2021,6,17,1,"PE11-07-01-DAJ","6:58",0,12,2,"1","SW","0","Y","BWTE","Blue-winged Teal",NA,NA,NA,NA,NA,NA,NA,NA,NA,NA,NA,NA,NA,NA,NA,"PE11-07-01-DAJ-BWTE",0,0,0,0,"OF",NA,NA,"",""
"2633","PE","11","PE11","Larkins Pond",7,"PE11-07",46.42397,62.42865,"DAJ",2021,6,17,1,"PE11-07-01-DAJ","6:58",0,12,2,"1","SW","0","Y","REVI","Red-eyed Vireo",NA,NA,NA,NA,NA,NA,NA,NA,NA,NA,NA,NA,NA,NA,NA,"PE11-07-01-DAJ-REVI",1,1,1,1,"",NA,NA,"",""
"2634","PE","11","PE11","Larkins Pond",7,"PE11-07",46.42397,62.42865,"DAJ",2021,6,17,1,"PE11-07-01-DAJ","6:58",0,12,2,"1","SW","0","Y","RWBL","Red-winged Blackbird",NA,NA,NA,NA,NA,NA,NA,NA,NA,NA,NA,NA,NA,NA,NA,"PE11-07-01-DAJ-RWBL",1,1,3,3,"",NA,NA,"",""
"2635","PE","11","PE11","Larkins Pond",7,"PE11-07",46.42397,62.42865,"DAJ",2021,6,17,1,"PE11-07-01-DAJ","6:58",0,12,2,"1","SW","0","Y","SWSP","Swamp Sparrow",NA,NA,NA,NA,NA,NA,NA,NA,NA,NA,NA,NA,NA,NA,NA,"PE11-07-01-DAJ-SWSP",0,1,1,1,"",NA,NA,"",""
"2636","PE","11","PE11","Larkins Pond",7,"PE11-07",46.42397,62.42865,"DAJ",2021,6,17,1,"PE11-07-01-DAJ","6:58",0,12,2,"1","SW","0","Y","COGR","Common Grackle",NA,NA,NA,NA,NA,NA,NA,NA,NA,NA,NA,NA,NA,NA,NA,"PE11-07-01-DAJ-COGR",0,1,0,1,"OF",NA,NA,"",""
"2637","PE","11","PE11","Larkins Pond",7,"PE11-07",46.42397,62.42865,"DAJ",2021,6,17,1,"PE11-07-01-DAJ","6:58",0,12,2,"1","SW","0","Y","BTBW","Black-throated Blue Warbler",NA,NA,NA,NA,NA,NA,NA,NA,NA,NA,NA,NA,NA,NA,NA,"PE11-07-01-DAJ-BTBW",0,0,1,1,"",NA,NA,"","Written as BTBL"
"2638","PE","11","PE11","Larkins Pond",8,"PE11-08",46.42105,62.43096,"DAJ",2021,6,17,1,"PE11-08-01-DAJ","7:20",0,13,0,"1","SW","0","Y","RWBL","Red-winged Blackbird",NA,NA,NA,NA,NA,NA,NA,NA,NA,NA,NA,NA,NA,NA,NA,"PE11-08-01-DAJ-RWBL",2,3,3,3,"",NA,NA,"",""
"2639","PE","11","PE11","Larkins Pond",8,"PE11-08",46.42105,62.43096,"DAJ",2021,6,17,1,"PE11-08-01-DAJ","7:20",0,13,0,"1","SW","0","Y","AMRO","American Robin",NA,NA,NA,NA,NA,NA,NA,NA,NA,NA,NA,NA,NA,NA,NA,"PE11-08-01-DAJ-AMRO",1,1,1,1,"",NA,NA,"",""
"2640","PE","11","PE11","Larkins Pond",8,"PE11-08",46.42105,62.43096,"DAJ",2021,6,17,1,"PE11-08-01-DAJ","7:20",0,13,0,"1","SW","0","Y","WODU","Wood Duck",NA,NA,NA,NA,NA,NA,NA,NA,NA,NA,NA,NA,NA,NA,NA,"PE11-08-01-DAJ-WODU",0,0,0,0,"OF",NA,NA,"",""
"2641","PE","11","PE11","Larkins Pond",8,"PE11-08",46.42105,62.43096,"DAJ",2021,6,17,1,"PE11-08-01-DAJ","7:20",0,13,0,"1","SW","0","Y","YEWA","Northern Yellow Warbler",NA,NA,NA,NA,NA,NA,NA,NA,NA,NA,NA,NA,NA,NA,NA,"PE11-08-01-DAJ-YEWA",2,2,0,2,"",NA,NA,"",""
"2642","PE","11","PE11","Larkins Pond",8,"PE11-08",46.42105,62.43096,"DAJ",2021,6,17,1,"PE11-08-01-DAJ","7:20",0,13,0,"1","SW","0","Y","AMWI","American Wigeon",NA,NA,NA,NA,NA,NA,NA,NA,NA,NA,NA,NA,NA,NA,NA,"PE11-08-01-DAJ-AMWI",0,0,0,0,"OF",NA,NA,"",""
"2643","PE","11","PE11","Larkins Pond",8,"PE11-08",46.42105,62.43096,"DAJ",2021,6,17,1,"PE11-08-01-DAJ","7:20",0,13,0,"1","SW","0","Y","COGR","Common Grackle",NA,NA,NA,NA,NA,NA,NA,NA,NA,NA,NA,NA,NA,NA,NA,"PE11-08-01-DAJ-COGR",1,0,1,1,"",NA,NA,"",""
"2644","PE","11","PE11","Larkins Pond",8,"PE11-08",46.42105,62.43096,"DAJ",2021,6,17,1,"PE11-08-01-DAJ","7:20",0,13,0,"1","SW","0","Y","DEJU","Dark-eyed Junco",NA,NA,NA,NA,NA,NA,NA,NA,NA,NA,NA,NA,NA,NA,NA,"PE11-08-01-DAJ-DEJU",1,1,1,1,"",NA,NA,"",""
"2645","PE","11","PE11","Larkins Pond",8,"PE11-08",46.42105,62.43096,"DAJ",2021,6,17,1,"PE11-08-01-DAJ","7:20",0,13,0,"1","SW","0","Y","GCKI","Golden-crowned Kinglet",NA,NA,NA,NA,NA,NA,NA,NA,NA,NA,NA,NA,NA,NA,NA,"PE11-08-01-DAJ-GCKI",0,0,1,1,"",NA,NA,"",""
"2646","PE","11","PE11","Larkins Pond",8,"PE11-08",46.42105,62.43096,"DAJ",2021,6,17,1,"PE11-08-01-DAJ","7:20",0,13,0,"1","SW","0","Y","CEDW","Cedar Waxwing",NA,NA,NA,NA,NA,NA,NA,NA,NA,NA,NA,NA,NA,NA,NA,"PE11-08-01-DAJ-CEDW",0,0,1,1,"",NA,NA,"","Written as CEWA"
"2647","PE","11","PE11","Larkins Pond",8,"PE11-08",46.42105,62.43096,"DAJ",2021,6,17,1,"PE11-08-01-DAJ","7:20",0,13,0,"1","SW","0","Y","ALFL","Alder Flycatcher",NA,NA,NA,NA,NA,NA,NA,NA,NA,NA,NA,NA,NA,NA,NA,"PE11-08-01-DAJ-ALFL",0,0,1,1,"",NA,NA,"",""
"2648","PE","11","PE11","Larkins Pond",9,"PE11-09",46.41914,62.42758,"DAJ",2021,6,17,1,"PE11-09-01-DAJ","7:42",0,14,0,"1","SW","0","Y","RWBL","Red-winged Blackbird",NA,NA,NA,NA,NA,NA,NA,NA,NA,NA,NA,NA,NA,NA,NA,"PE11-09-01-DAJ-RWBL",2,2,3,3,"OF",NA,NA,"",""
"2649","PE","11","PE11","Larkins Pond",9,"PE11-09",46.41914,62.42758,"DAJ",2021,6,17,1,"PE11-09-01-DAJ","7:42",0,14,0,"1","SW","0","Y","SWSP","Swamp Sparrow",NA,NA,NA,NA,NA,NA,NA,NA,NA,NA,NA,NA,NA,NA,NA,"PE11-09-01-DAJ-SWSP",1,0,0,1,"",NA,NA,"",""
"2650","PE","11","PE11","Larkins Pond",9,"PE11-09",46.41914,62.42758,"DAJ",2021,6,17,1,"PE11-09-01-DAJ","7:42",0,14,0,"1","SW","0","Y","YEWA","Northern Yellow Warbler",NA,NA,NA,NA,NA,NA,NA,NA,NA,NA,NA,NA,NA,NA,NA,"PE11-09-01-DAJ-YEWA",1,1,1,1,"",NA,NA,"",""
"2651","PE","11","PE11","Larkins Pond",9,"PE11-09",46.41914,62.42758,"DAJ",2021,6,17,1,"PE11-09-01-DAJ","7:42",0,14,0,"1","SW","0","Y","WISN","Wilson's Snipe",NA,NA,NA,NA,NA,NA,NA,NA,NA,NA,NA,NA,NA,NA,NA,"PE11-09-01-DAJ-WISN",2,2,2,2,"",NA,NA,"",""
"2652","PE","11","PE11","Larkins Pond",9,"PE11-09",46.41914,62.42758,"DAJ",2021,6,17,1,"PE11-09-01-DAJ","7:42",0,14,0,"1","SW","0","Y","COYE","Common Yellowthroat",NA,NA,NA,NA,NA,NA,NA,NA,NA,NA,NA,NA,NA,NA,NA,"PE11-09-01-DAJ-COYE",0,0,1,1,"",NA,NA,"",""
"2653","PE","11","PE11","Larkins Pond",10,"PE11-10",46.41708,62.42673,"DAJ",2021,6,17,1,"PE11-10-01-DAJ","8:05",0,14,0,"3","SW","0","Y","RWBL","Red-winged Blackbird",NA,NA,NA,NA,NA,NA,NA,NA,NA,NA,NA,NA,NA,NA,NA,"PE11-10-01-DAJ-RWBL",1,1,1,1,"",NA,NA,"",""
"2654","PE","11","PE11","Larkins Pond",10,"PE11-10",46.41708,62.42673,"DAJ",2021,6,17,1,"PE11-10-01-DAJ","8:05",0,14,0,"3","SW","0","Y","COYE","Common Yellowthroat",NA,NA,NA,NA,NA,NA,NA,NA,NA,NA,NA,NA,NA,NA,NA,"PE11-10-01-DAJ-COYE",1,2,1,2,"",NA,NA,"",""
"2655","PE","11","PE11","Larkins Pond",10,"PE11-10",46.41708,62.42673,"DAJ",2021,6,17,1,"PE11-10-01-DAJ","8:05",0,14,0,"3","SW","0","Y","SWSP","Swamp Sparrow",NA,NA,NA,NA,NA,NA,NA,NA,NA,NA,NA,NA,NA,NA,NA,"PE11-10-01-DAJ-SWSP",1,2,0,2,"",NA,NA,"",""
"2656","PE","11","PE11","Larkins Pond",10,"PE11-10",46.41708,62.42673,"DAJ",2021,6,17,1,"PE11-10-01-DAJ","8:05",0,14,0,"3","SW","0","Y","WISN","Wilson's Snipe",NA,NA,NA,NA,NA,NA,NA,NA,NA,NA,NA,NA,NA,NA,NA,"PE11-10-01-DAJ-WISN",1,0,0,1,"",NA,NA,"",""
"2657","PE","11","PE11","Larkins Pond",10,"PE11-10",46.41708,62.42673,"DAJ",2021,6,17,1,"PE11-10-01-DAJ","8:05",0,14,0,"3","SW","0","Y","WTSP","White-throated Sparrow",NA,NA,NA,NA,NA,NA,NA,NA,NA,NA,NA,NA,NA,NA,NA,"PE11-10-01-DAJ-WTSP",1,1,1,1,"",NA,NA,"",""
"2658","PE","11","PE11","Larkins Pond",10,"PE11-10",46.41708,62.42673,"DAJ",2021,6,17,1,"PE11-10-01-DAJ","8:05",0,14,0,"3","SW","0","Y","BCCH","Black-capped Chickadee",NA,NA,NA,NA,NA,NA,NA,NA,NA,NA,NA,NA,NA,NA,NA,"PE11-10-01-DAJ-BCCH",1,0,0,1,"",NA,NA,"",""
"2659","PE","11","PE11","Larkins Pond",10,"PE11-10",46.41708,62.42673,"DAJ",2021,6,17,1,"PE11-10-01-DAJ","8:05",0,14,0,"3","SW","0","Y","ALFL","Alder Flycatcher",NA,NA,NA,NA,NA,NA,NA,NA,NA,NA,NA,NA,NA,NA,NA,"PE11-10-01-DAJ-ALFL",1,0,0,1,"",NA,NA,"",""
"2660","PE","11","PE11","Larkins Pond",10,"PE11-10",46.41708,62.42673,"DAJ",2021,6,17,1,"PE11-10-01-DAJ","8:05",0,14,0,"3","SW","0","Y","AMRO","American Robin",NA,NA,NA,NA,NA,NA,NA,NA,NA,NA,NA,NA,NA,NA,NA,"PE11-10-01-DAJ-AMRO",1,1,0,1,"",NA,NA,"",""
"2661","PE","11","PE11","Larkins Pond",10,"PE11-10",46.41708,62.42673,"DAJ",2021,6,17,1,"PE11-10-01-DAJ","8:05",0,14,0,"3","SW","0","Y","GBHE","Great Blue Heron",NA,NA,NA,NA,NA,NA,NA,NA,NA,NA,NA,NA,NA,NA,NA,"PE11-10-01-DAJ-GBHE",0,0,0,0,"OF",NA,NA,"",""
"2662","PE","11","PE11","Larkins Pond",1,"PE11-01",46.43118,62.42059,"DAJ",2021,7,14,2,"PE11-01-02-DAJ","5:15",6,15,0,"0/1","SW","0","Y","AMRO","American Robin",NA,NA,NA,NA,NA,NA,NA,NA,NA,NA,NA,NA,NA,NA,NA,"PE11-01-02-DAJ-AMRO",1,1,1,1,"",NA,NA,"",""
"2663","PE","11","PE11","Larkins Pond",1,"PE11-01",46.43118,62.42059,"DAJ",2021,7,14,2,"PE11-01-02-DAJ","5:15",6,15,0,"0/1","SW","0","Y","BCCH","Black-capped Chickadee",NA,NA,NA,NA,NA,NA,NA,NA,NA,NA,NA,NA,NA,NA,NA,"PE11-01-02-DAJ-BCCH",2,2,2,2,"",NA,NA,"",""
"2664","PE","11","PE11","Larkins Pond",1,"PE11-01",46.43118,62.42059,"DAJ",2021,7,14,2,"PE11-01-02-DAJ","5:15",6,15,0,"0/1","SW","0","Y","ALFL","Alder Flycatcher",NA,NA,NA,NA,NA,NA,NA,NA,NA,NA,NA,NA,NA,NA,NA,"PE11-01-02-DAJ-ALFL",1,1,2,2,"",NA,NA,"",""
"2665","PE","11","PE11","Larkins Pond",1,"PE11-01",46.43118,62.42059,"DAJ",2021,7,14,2,"PE11-01-02-DAJ","5:15",6,15,0,"0/1","SW","0","Y","SOSP","Song Sparrow",NA,NA,NA,NA,NA,NA,NA,NA,NA,NA,NA,NA,NA,NA,NA,"PE11-01-02-DAJ-SOSP",2,2,1,2,"",NA,NA,"",""
"2666","PE","11","PE11","Larkins Pond",1,"PE11-01",46.43118,62.42059,"DAJ",2021,7,14,2,"PE11-01-02-DAJ","5:15",6,15,0,"0/1","SW","0","Y","NOPA","Northern Parula",NA,NA,NA,NA,NA,NA,NA,NA,NA,NA,NA,NA,NA,NA,NA,"PE11-01-02-DAJ-NOPA",2,2,1,2,"",NA,NA,"",""
"2667","PE","11","PE11","Larkins Pond",2,"PE11-02",46.42938,62.41961,"DAJ",2021,7,14,2,"PE11-02-02-DAJ","5:33",6,15,0,"0/1","SW","0","Y","ALFL","Alder Flycatcher",NA,NA,NA,NA,NA,NA,NA,NA,NA,NA,NA,NA,NA,NA,NA,"PE11-02-02-DAJ-ALFL",1,1,1,1,"OF",NA,NA,"",""
"2668","PE","11","PE11","Larkins Pond",2,"PE11-02",46.42938,62.41961,"DAJ",2021,7,14,2,"PE11-02-02-DAJ","5:33",6,15,0,"0/1","SW","0","Y","AMRO","American Robin",NA,NA,NA,NA,NA,NA,NA,NA,NA,NA,NA,NA,NA,NA,NA,"PE11-02-02-DAJ-AMRO",1,1,1,1,"OF",NA,NA,"",""
"2669","PE","11","PE11","Larkins Pond",2,"PE11-02",46.42938,62.41961,"DAJ",2021,7,14,2,"PE11-02-02-DAJ","5:33",6,15,0,"0/1","SW","0","Y","CEDW","Cedar Waxwing",NA,NA,NA,NA,NA,NA,NA,NA,NA,NA,NA,NA,NA,NA,NA,"PE11-02-02-DAJ-CEDW",1,0,0,1,"",NA,NA,"","Written as CEWA"
"2670","PE","11","PE11","Larkins Pond",2,"PE11-02",46.42938,62.41961,"DAJ",2021,7,14,2,"PE11-02-02-DAJ","5:33",6,15,0,"0/1","SW","0","Y","RWBL","Red-winged Blackbird",NA,NA,NA,NA,NA,NA,NA,NA,NA,NA,NA,NA,NA,NA,NA,"PE11-02-02-DAJ-RWBL",0,1,2,2,"OF",NA,NA,"",""
"2671","PE","11","PE11","Larkins Pond",2,"PE11-02",46.42938,62.41961,"DAJ",2021,7,14,2,"PE11-02-02-DAJ","5:33",6,15,0,"0/1","SW","0","Y","SWSP","Swamp Sparrow",NA,NA,NA,NA,NA,NA,NA,NA,NA,NA,NA,NA,NA,NA,NA,"PE11-02-02-DAJ-SWSP",0,1,1,1,"OF",NA,NA,"",""
"2672","PE","11","PE11","Larkins Pond",3,"PE11-03",46.42709,62.4187,"DAJ",2021,7,14,2,"PE11-03-02-DAJ","5:55",5,16,0,"0/1","SW","0","Y","AMRO","American Robin",NA,NA,NA,NA,NA,NA,NA,NA,NA,NA,NA,NA,NA,NA,NA,"PE11-03-02-DAJ-AMRO",2,2,1,2,"OF",NA,NA,"",""
"2673","PE","11","PE11","Larkins Pond",3,"PE11-03",46.42709,62.4187,"DAJ",2021,7,14,2,"PE11-03-02-DAJ","5:55",5,16,0,"0/1","SW","0","Y","GCKI","Golden-crowned Kinglet",NA,NA,NA,NA,NA,NA,NA,NA,NA,NA,NA,NA,NA,NA,NA,"PE11-03-02-DAJ-GCKI",1,1,1,1,"",NA,NA,"",""
"2674","PE","11","PE11","Larkins Pond",3,"PE11-03",46.42709,62.4187,"DAJ",2021,7,14,2,"PE11-03-02-DAJ","5:55",5,16,0,"0/1","SW","0","Y","CEDW","Cedar Waxwing",NA,NA,NA,NA,NA,NA,NA,NA,NA,NA,NA,NA,NA,NA,NA,"PE11-03-02-DAJ-CEDW",1,1,2,2,"",NA,NA,"","Written as CEWA"
"2675","PE","11","PE11","Larkins Pond",3,"PE11-03",46.42709,62.4187,"DAJ",2021,7,14,2,"PE11-03-02-DAJ","5:55",5,16,0,"0/1","SW","0","Y","NOPA","Northern Parula",NA,NA,NA,NA,NA,NA,NA,NA,NA,NA,NA,NA,NA,NA,NA,"PE11-03-02-DAJ-NOPA",1,1,0,1,"",NA,NA,"",""
"2676","PE","11","PE11","Larkins Pond",3,"PE11-03",46.42709,62.4187,"DAJ",2021,7,14,2,"PE11-03-02-DAJ","5:55",5,16,0,"0/1","SW","0","Y","COGR","Common Grackle",NA,NA,NA,NA,NA,NA,NA,NA,NA,NA,NA,NA,NA,NA,NA,"PE11-03-02-DAJ-COGR",3,0,0,3,"",NA,NA,"",""
"2677","PE","11","PE11","Larkins Pond",3,"PE11-03",46.42709,62.4187,"DAJ",2021,7,14,2,"PE11-03-02-DAJ","5:55",5,16,0,"0/1","SW","0","Y","NOFL","Northern Flicker",NA,NA,NA,NA,NA,NA,NA,NA,NA,NA,NA,NA,NA,NA,NA,"PE11-03-02-DAJ-NOFL",1,0,1,1,"",NA,NA,"",""
"2678","PE","11","PE11","Larkins Pond",3,"PE11-03",46.42709,62.4187,"DAJ",2021,7,14,2,"PE11-03-02-DAJ","5:55",5,16,0,"0/1","SW","0","Y","RTHU","Ruby-throated Hummingbird",NA,NA,NA,NA,NA,NA,NA,NA,NA,NA,NA,NA,NA,NA,NA,"PE11-03-02-DAJ-RTHU",1,1,0,1,"",NA,NA,"",""
"2679","PE","11","PE11","Larkins Pond",3,"PE11-03",46.42709,62.4187,"DAJ",2021,7,14,2,"PE11-03-02-DAJ","5:55",5,16,0,"0/1","SW","0","Y","YEWA","Northern Yellow Warbler",NA,NA,NA,NA,NA,NA,NA,NA,NA,NA,NA,NA,NA,NA,NA,"PE11-03-02-DAJ-YEWA",0,1,1,1,"",NA,NA,"",""
"2680","PE","11","PE11","Larkins Pond",3,"PE11-03",46.42709,62.4187,"DAJ",2021,7,14,2,"PE11-03-02-DAJ","5:55",5,16,0,"0/1","SW","0","Y","REVI","Red-eyed Vireo",NA,NA,NA,NA,NA,NA,NA,NA,NA,NA,NA,NA,NA,NA,NA,"PE11-03-02-DAJ-REVI",0,0,1,1,"",NA,NA,"",""
"2681","PE","11","PE11","Larkins Pond",3,"PE11-03",46.42709,62.4187,"DAJ",2021,7,14,2,"PE11-03-02-DAJ","5:55",5,16,0,"0/1","SW","0","Y","RWBL","Red-winged Blackbird",NA,NA,NA,NA,NA,NA,NA,NA,NA,NA,NA,NA,NA,NA,NA,"PE11-03-02-DAJ-RWBL",0,0,1,1,"",NA,NA,"",""
"2682","PE","11","PE11","Larkins Pond",4,"PE11-04",46.42732,62.42189,"DAJ",2021,7,14,2,"PE11-04-02-DAJ","6:14",6,15,0,"0/1","SW","0","Y","COYE","Common Yellowthroat",NA,NA,NA,NA,NA,NA,NA,NA,NA,NA,NA,NA,NA,NA,NA,"PE11-04-02-DAJ-COYE",1,1,0,1,"",NA,NA,"",""
"2683","PE","11","PE11","Larkins Pond",4,"PE11-04",46.42732,62.42189,"DAJ",2021,7,14,2,"PE11-04-02-DAJ","6:14",6,15,0,"0/1","SW","0","Y","AMRO","American Robin",NA,NA,NA,NA,NA,NA,NA,NA,NA,NA,NA,NA,NA,NA,NA,"PE11-04-02-DAJ-AMRO",1,1,1,1,"OF",NA,NA,"",""
"2684","PE","11","PE11","Larkins Pond",4,"PE11-04",46.42732,62.42189,"DAJ",2021,7,14,2,"PE11-04-02-DAJ","6:14",6,15,0,"0/1","SW","0","Y","SOSP","Song Sparrow",NA,NA,NA,NA,NA,NA,NA,NA,NA,NA,NA,NA,NA,NA,NA,"PE11-04-02-DAJ-SOSP",1,0,0,1,"",NA,NA,"",""
"2685","PE","11","PE11","Larkins Pond",4,"PE11-04",46.42732,62.42189,"DAJ",2021,7,14,2,"PE11-04-02-DAJ","6:14",6,15,0,"0/1","SW","0","Y","SWSP","Swamp Sparrow",NA,NA,NA,NA,NA,NA,NA,NA,NA,NA,NA,NA,NA,NA,NA,"PE11-04-02-DAJ-SWSP",1,1,1,1,"",NA,NA,"",""
"2686","PE","11","PE11","Larkins Pond",4,"PE11-04",46.42732,62.42189,"DAJ",2021,7,14,2,"PE11-04-02-DAJ","6:14",6,15,0,"0/1","SW","0","Y","GCKI","Golden-crowned Kinglet",NA,NA,NA,NA,NA,NA,NA,NA,NA,NA,NA,NA,NA,NA,NA,"PE11-04-02-DAJ-GCKI",1,1,0,1,"",NA,NA,"",""
"2687","PE","11","PE11","Larkins Pond",4,"PE11-04",46.42732,62.42189,"DAJ",2021,7,14,2,"PE11-04-02-DAJ","6:14",6,15,0,"0/1","SW","0","Y","YEWA","Northern Yellow Warbler",NA,NA,NA,NA,NA,NA,NA,NA,NA,NA,NA,NA,NA,NA,NA,"PE11-04-02-DAJ-YEWA",1,1,0,1,"",NA,NA,"",""
"2688","PE","11","PE11","Larkins Pond",4,"PE11-04",46.42732,62.42189,"DAJ",2021,7,14,2,"PE11-04-02-DAJ","6:14",6,15,0,"0/1","SW","0","Y","NOPA","Northern Parula",NA,NA,NA,NA,NA,NA,NA,NA,NA,NA,NA,NA,NA,NA,NA,"PE11-04-02-DAJ-NOPA",0,2,0,2,"",NA,NA,"",""
"2689","PE","11","PE11","Larkins Pond",5,"PE11-05",46.42963,62.42347,"DAJ",2021,7,14,2,"PE11-05-02-DAJ","6:35",6,15,0,"1","SW","0","Y","SWSP","Swamp Sparrow",NA,NA,NA,NA,NA,NA,NA,NA,NA,NA,NA,NA,NA,NA,NA,"PE11-05-02-DAJ-SWSP",2,1,1,2,"",NA,NA,"",""
"2690","PE","11","PE11","Larkins Pond",5,"PE11-05",46.42963,62.42347,"DAJ",2021,7,14,2,"PE11-05-02-DAJ","6:35",6,15,0,"1","SW","0","Y","RWBL","Red-winged Blackbird",NA,NA,NA,NA,NA,NA,NA,NA,NA,NA,NA,NA,NA,NA,NA,"PE11-05-02-DAJ-RWBL",2,0,1,2,"",NA,NA,"",""
"2691","PE","11","PE11","Larkins Pond",5,"PE11-05",46.42963,62.42347,"DAJ",2021,7,14,2,"PE11-05-02-DAJ","6:35",6,15,0,"1","SW","0","Y","YEWA","Northern Yellow Warbler",NA,NA,NA,NA,NA,NA,NA,NA,NA,NA,NA,NA,NA,NA,NA,"PE11-05-02-DAJ-YEWA",3,2,1,3,"",NA,NA,"",""
"2692","PE","11","PE11","Larkins Pond",5,"PE11-05",46.42963,62.42347,"DAJ",2021,7,14,2,"PE11-05-02-DAJ","6:35",6,15,0,"1","SW","0","Y","ALFL","Alder Flycatcher",NA,NA,NA,NA,NA,NA,NA,NA,NA,NA,NA,NA,NA,NA,NA,"PE11-05-02-DAJ-ALFL",1,0,1,1,"",NA,NA,"",""
"2693","PE","11","PE11","Larkins Pond",5,"PE11-05",46.42963,62.42347,"DAJ",2021,7,14,2,"PE11-05-02-DAJ","6:35",6,15,0,"1","SW","0","Y","AMRO","American Robin",NA,NA,NA,NA,NA,NA,NA,NA,NA,NA,NA,NA,NA,NA,NA,"PE11-05-02-DAJ-AMRO",1,1,0,1,"",NA,NA,"",""
"2694","PE","11","PE11","Larkins Pond",5,"PE11-05",46.42963,62.42347,"DAJ",2021,7,14,2,"PE11-05-02-DAJ","6:35",6,15,0,"1","SW","0","Y","BWTE","Blue-winged Teal",NA,NA,NA,NA,NA,NA,NA,NA,NA,NA,NA,NA,NA,NA,NA,"PE11-05-02-DAJ-BWTE",0,0,0,0,"OF",NA,NA,"",""
"2695","PE","11","PE11","Larkins Pond",6,"PE11-06",46.42793,62.42643,"DAJ",2021,7,14,2,"PE11-06-02-DAJ","6:55",6,15,0,"1","SW","1","Y","YEWA","Northern Yellow Warbler",NA,NA,NA,NA,NA,NA,NA,NA,NA,NA,NA,NA,NA,NA,NA,"PE11-06-02-DAJ-YEWA",1,1,1,1,"",NA,NA,"",""
"2696","PE","11","PE11","Larkins Pond",6,"PE11-06",46.42793,62.42643,"DAJ",2021,7,14,2,"PE11-06-02-DAJ","6:55",6,15,0,"1","SW","1","Y","COYE","Common Yellowthroat",NA,NA,NA,NA,NA,NA,NA,NA,NA,NA,NA,NA,NA,NA,NA,"PE11-06-02-DAJ-COYE",1,1,1,1,"",NA,NA,"",""
"2697","PE","11","PE11","Larkins Pond",6,"PE11-06",46.42793,62.42643,"DAJ",2021,7,14,2,"PE11-06-02-DAJ","6:55",6,15,0,"1","SW","1","Y","AMRO","American Robin",NA,NA,NA,NA,NA,NA,NA,NA,NA,NA,NA,NA,NA,NA,NA,"PE11-06-02-DAJ-AMRO",1,1,0,1,"",NA,NA,"",""
"2698","PE","11","PE11","Larkins Pond",7,"PE11-07",46.42397,62.42865,"DAJ",2021,7,14,2,"PE11-07-02-DAJ","7:20",7,15,0,"1","SW","0","Y","SWSP","Swamp Sparrow",NA,NA,NA,NA,NA,NA,NA,NA,NA,NA,NA,NA,NA,NA,NA,"PE11-07-02-DAJ-SWSP",2,2,2,2,"",NA,NA,"",""
"2699","PE","11","PE11","Larkins Pond",7,"PE11-07",46.42397,62.42865,"DAJ",2021,7,14,2,"PE11-07-02-DAJ","7:20",7,15,0,"1","SW","0","Y","RWBL","Red-winged Blackbird",NA,NA,NA,NA,NA,NA,NA,NA,NA,NA,NA,NA,NA,NA,NA,"PE11-07-02-DAJ-RWBL",1,1,1,1,"",NA,NA,"",""
"2700","PE","11","PE11","Larkins Pond",7,"PE11-07",46.42397,62.42865,"DAJ",2021,7,14,2,"PE11-07-02-DAJ","7:20",7,15,0,"1","SW","0","Y","CEDW","Cedar Waxwing",NA,NA,NA,NA,NA,NA,NA,NA,NA,NA,NA,NA,NA,NA,NA,"PE11-07-02-DAJ-CEDW",1,1,1,1,"",NA,NA,"","Written as CEWA"
"2701","PE","11","PE11","Larkins Pond",7,"PE11-07",46.42397,62.42865,"DAJ",2021,7,14,2,"PE11-07-02-DAJ","7:20",7,15,0,"1","SW","0","Y","WODU","Wood Duck",NA,NA,NA,NA,NA,NA,NA,NA,NA,NA,NA,NA,NA,NA,NA,"PE11-07-02-DAJ-WODU",0,0,0,0,"OF",NA,NA,"",""
"2702","PE","11","PE11","Larkins Pond",7,"PE11-07",46.42397,62.42865,"DAJ",2021,7,14,2,"PE11-07-02-DAJ","7:20",7,15,0,"1","SW","0","Y","RCKI","Ruby-crowned Kinglet",NA,NA,NA,NA,NA,NA,NA,NA,NA,NA,NA,NA,NA,NA,NA,"PE11-07-02-DAJ-RCKI",1,1,1,1,"",NA,NA,"",""
"2703","PE","11","PE11","Larkins Pond",8,"PE11-08",46.42105,62.43096,"DAJ",2021,7,14,2,"PE11-08-02-DAJ","7:41",7,15,0,"1","SW","0","Y","YEWA","Northern Yellow Warbler",NA,NA,NA,NA,NA,NA,NA,NA,NA,NA,NA,NA,NA,NA,NA,"PE11-08-02-DAJ-YEWA",1,1,1,1,"",NA,NA,"",""
"2704","PE","11","PE11","Larkins Pond",8,"PE11-08",46.42105,62.43096,"DAJ",2021,7,14,2,"PE11-08-02-DAJ","7:41",7,15,0,"1","SW","0","Y","RWBL","Red-winged Blackbird",NA,NA,NA,NA,NA,NA,NA,NA,NA,NA,NA,NA,NA,NA,NA,"PE11-08-02-DAJ-RWBL",2,2,1,2,"OF",NA,NA,"",""
"2705","PE","11","PE11","Larkins Pond",8,"PE11-08",46.42105,62.43096,"DAJ",2021,7,14,2,"PE11-08-02-DAJ","7:41",7,15,0,"1","SW","0","Y","CEDW","Cedar Waxwing",NA,NA,NA,NA,NA,NA,NA,NA,NA,NA,NA,NA,NA,NA,NA,"PE11-08-02-DAJ-CEDW",1,1,1,1,"",NA,NA,"","Written as CEWA"
"2706","PE","11","PE11","Larkins Pond",8,"PE11-08",46.42105,62.43096,"DAJ",2021,7,14,2,"PE11-08-02-DAJ","7:41",7,15,0,"1","SW","0","Y","COYE","Common Yellowthroat",NA,NA,NA,NA,NA,NA,NA,NA,NA,NA,NA,NA,NA,NA,NA,"PE11-08-02-DAJ-COYE",0,1,1,1,"",NA,NA,"",""
"2707","PE","11","PE11","Larkins Pond",8,"PE11-08",46.42105,62.43096,"DAJ",2021,7,14,2,"PE11-08-02-DAJ","7:41",7,15,0,"1","SW","0","Y","SWSP","Swamp Sparrow",NA,NA,NA,NA,NA,NA,NA,NA,NA,NA,NA,NA,NA,NA,NA,"PE11-08-02-DAJ-SWSP",0,1,1,1,"",NA,NA,"",""
"2708","PE","11","PE11","Larkins Pond",9,"PE11-09",46.41914,62.42758,"DAJ",2021,7,14,2,"PE11-09-02-DAJ","8:00",7,15,0,"1","SW","0","Y","SWSP","Swamp Sparrow",NA,NA,NA,NA,NA,NA,NA,NA,NA,NA,NA,NA,NA,NA,NA,"PE11-09-02-DAJ-SWSP",3,3,4,4,"",NA,NA,"",""
"2709","PE","11","PE11","Larkins Pond",9,"PE11-09",46.41914,62.42758,"DAJ",2021,7,14,2,"PE11-09-02-DAJ","8:00",7,15,0,"1","SW","0","Y","WTSP","White-throated Sparrow",NA,NA,NA,NA,NA,NA,NA,NA,NA,NA,NA,NA,NA,NA,NA,"PE11-09-02-DAJ-WTSP",1,1,0,1,"",NA,NA,"",""
"2710","PE","11","PE11","Larkins Pond",9,"PE11-09",46.41914,62.42758,"DAJ",2021,7,14,2,"PE11-09-02-DAJ","8:00",7,15,0,"1","SW","0","Y","YEWA","Northern Yellow Warbler",NA,NA,NA,NA,NA,NA,NA,NA,NA,NA,NA,NA,NA,NA,NA,"PE11-09-02-DAJ-YEWA",1,1,1,1,"",NA,NA,"",""
"2711","PE","11","PE11","Larkins Pond",9,"PE11-09",46.41914,62.42758,"DAJ",2021,7,14,2,"PE11-09-02-DAJ","8:00",7,15,0,"1","SW","0","Y","AMRO","American Robin",NA,NA,NA,NA,NA,NA,NA,NA,NA,NA,NA,NA,NA,NA,NA,"PE11-09-02-DAJ-AMRO",0,1,1,1,"",NA,NA,"",""
"2712","PE","11","PE11","Larkins Pond",9,"PE11-09",46.41914,62.42758,"DAJ",2021,7,14,2,"PE11-09-02-DAJ","8:00",7,15,0,"1","SW","0","Y","RWBL","Red-winged Blackbird",NA,NA,NA,NA,NA,NA,NA,NA,NA,NA,NA,NA,NA,NA,NA,"PE11-09-02-DAJ-RWBL",0,0,0,0,"OF",NA,NA,"",""
"2713","PE","11","PE11","Larkins Pond",9,"PE11-09",46.41914,62.42758,"DAJ",2021,7,14,2,"PE11-09-02-DAJ","8:00",7,15,0,"1","SW","0","Y","NOPA","Northern Parula",NA,NA,NA,NA,NA,NA,NA,NA,NA,NA,NA,NA,NA,NA,NA,"PE11-09-02-DAJ-NOPA",0,0,1,1,"",NA,NA,"",""
"2714","PE","11","PE11","Larkins Pond",10,"PE11-10",46.41708,62.42673,"DAJ",2021,7,14,2,"PE11-10-02-DAJ","8:22",7,15,0,"1","SW","0","Y","RWBL","Red-winged Blackbird",NA,NA,NA,NA,NA,NA,NA,NA,NA,NA,NA,NA,NA,NA,NA,"PE11-10-02-DAJ-RWBL",1,1,1,1,"",NA,NA,"",""
"2715","PE","11","PE11","Larkins Pond",10,"PE11-10",46.41708,62.42673,"DAJ",2021,7,14,2,"PE11-10-02-DAJ","8:22",7,15,0,"1","SW","0","Y","SWSP","Swamp Sparrow",NA,NA,NA,NA,NA,NA,NA,NA,NA,NA,NA,NA,NA,NA,NA,"PE11-10-02-DAJ-SWSP",1,2,2,2,"",NA,NA,"",""
"2716","PE","11","PE11","Larkins Pond",10,"PE11-10",46.41708,62.42673,"DAJ",2021,7,14,2,"PE11-10-02-DAJ","8:22",7,15,0,"1","SW","0","Y","YEWA","Northern Yellow Warbler",NA,NA,NA,NA,NA,NA,NA,NA,NA,NA,NA,NA,NA,NA,NA,"PE11-10-02-DAJ-YEWA",0,1,1,1,"",NA,NA,"",""
"2717","PE","11","PE11","Larkins Pond",10,"PE11-10",46.41708,62.42673,"DAJ",2021,7,14,2,"PE11-10-02-DAJ","8:22",7,15,0,"1","SW","0","Y","BWTE","Blue-winged Teal",NA,NA,NA,NA,NA,NA,NA,NA,NA,NA,NA,NA,NA,NA,NA,"PE11-10-02-DAJ-BWTE",0,1,0,1,"",NA,NA,"",""
"2718","PE","11","PE11","Larkins Pond",10,"PE11-10",46.41708,62.42673,"DAJ",2021,7,14,2,"PE11-10-02-DAJ","8:22",7,15,0,"1","SW","0","Y","COYE","Common Yellowthroat",NA,NA,NA,NA,NA,NA,NA,NA,NA,NA,NA,NA,NA,NA,NA,"PE11-10-02-DAJ-COYE",0,0,1,1,"",NA,NA,"",""
"2719","PE","11","PE11","Larkins Pond",10,"PE11-10",46.41708,62.42673,"DAJ",2021,7,14,2,"PE11-10-02-DAJ","8:22",7,15,0,"1","SW","0","Y","WISN","Wilson's Snipe",NA,NA,NA,NA,NA,NA,NA,NA,NA,NA,NA,NA,NA,NA,NA,"PE11-10-02-DAJ-WISN",0,0,0,0,"OF",NA,NA,"",""
