prov,route,point,pointID,obs,year,visit,visitID,observationID,spcd,m0.5,m5.10,m10.15,max.count,af_of,duck_nM,duck_nF,n_young,notes
NB,28,10,NB28-10,LEB,2021,2,NB28-10-02-LEB,NB28-10-02-LEB-ABDU,ABDU,1,0,0,1,,,,,Flushed
NB,28,10,NB28-10,LEB,2021,2,NB28-10-02-LEB,NB28-10-02-LEB-YEWA,YEWA,2,3,2,3,,,,,
NB,28,10,NB28-10,LEB,2021,2,NB28-10-02-LEB,NB28-10-02-LEB-SWSP,SWSP,1,0,1,1,,,,,
NB,28,10,NB28-10,LEB,2021,2,NB28-10-02-LEB,NB28-10-02-LEB-ALFL,ALFL,1,1,0,1,,,,,
NB,28,10,NB28-10,LEB,2021,2,NB28-10-02-LEB,NB28-10-02-LEB-SAVS,SAVS,1,0,1,1,,,,,
NB,28,10,NB28-10,LEB,2021,2,NB28-10-02-LEB,NB28-10-02-LEB-BOBO,BOBO,0,4,0,4,OF,,,,
NB,28,10,NB28-10,LEB,2021,2,NB28-10-02-LEB,NB28-10-02-LEB-SOSP,SOSP,0,1,0,1,,,,,
NB,28,09,NB28-09,LEB,2021,2,NB28-09-02-LEB,NB28-09-02-LEB-COYE,COYE,1,1,0,1,,,,,
NB,28,09,NB28-09,LEB,2021,2,NB28-09-02-LEB,NB28-09-02-LEB-SWSP,SWSP,3,3,4,4,,,,,
NB,28,09,NB28-09,LEB,2021,2,NB28-09-02-LEB,NB28-09-02-LEB-YEWA,YEWA,1,1,1,1,,,,,
NB,28,09,NB28-09,LEB,2021,2,NB28-09-02-LEB,NB28-09-02-LEB-BOBO,BOBO,16,16,0,16,,,,,"10 female, 6 male"
NB,28,09,NB28-09,LEB,2021,2,NB28-09-02-LEB,NB28-09-02-LEB-SOSP,SOSP,2,2,2,2,,,,,
NB,28,09,NB28-09,LEB,2021,2,NB28-09-02-LEB,NB28-09-02-LEB-RWBL,RWBL,1,1,0,1,OF,,,,
NB,28,09,NB28-09,LEB,2021,2,NB28-09-02-LEB,NB28-09-02-LEB-WISN,WISN,0,1,1,1,OF,,,,Display
NB,28,09,NB28-09,LEB,2021,2,NB28-09-02-LEB,NB28-09-02-LEB-SAVS,SAVS,0,0,1,1,,,,,
NB,28,09,NB28-09,LEB,2021,2,NB28-09-02-LEB,NB28-09-02-LEB-ALFL,ALFL,0,0,1,1,,,,,
NB,28,08,NB28-08,LEB,2021,2,NB28-08-02-LEB,NB28-08-02-LEB-MALL,MALL,2,0,0,2,,2,,,Flushed
NB,28,08,NB28-08,LEB,2021,2,NB28-08-02-LEB,NB28-08-02-LEB-SWSP,SWSP,1,1,2,2,,,,,
NB,28,08,NB28-08,LEB,2021,2,NB28-08-02-LEB,NB28-08-02-LEB-WODU,WODU,1,0,0,1,,,1,,Flushed
NB,28,08,NB28-08,LEB,2021,2,NB28-08-02-LEB,NB28-08-02-LEB-COYE,COYE,2,1,1,2,,,,,
NB,28,08,NB28-08,LEB,2021,2,NB28-08-02-LEB,NB28-08-02-LEB-SOSP,SOSP,1,3,3,3,,,,,
NB,28,08,NB28-08,LEB,2021,2,NB28-08-02-LEB,NB28-08-02-LEB-TRES,TRES,0,1,0,1,OF,,,,
NB,28,08,NB28-08,LEB,2021,2,NB28-08-02-LEB,NB28-08-02-LEB-AMWI,AMWI,0,1,0,1,OF,,1,,
NB,28,08,NB28-08,LEB,2021,2,NB28-08-02-LEB,NB28-08-02-LEB-BOBO,BOBO,0,1,0,1,,,,,
NB,28,08,NB28-08,LEB,2021,2,NB28-08-02-LEB,NB28-08-02-LEB-RWBL,RWBL,0,1,1,1,,,,,
NB,28,08,NB28-08,LEB,2021,2,NB28-08-02-LEB,NB28-08-02-LEB-YEWA,YEWA,0,2,1,2,,,,,
NB,28,07,NB28-07,LEB,2021,2,NB28-07-02-LEB,NB28-07-02-LEB-SWSP,SWSP,4,4,4,4,,,,,
NB,28,07,NB28-07,LEB,2021,2,NB28-07-02-LEB,NB28-07-02-LEB-COYE,COYE,2,2,1,2,,,,,
NB,28,07,NB28-07,LEB,2021,2,NB28-07-02-LEB,NB28-07-02-LEB-YEWA,YEWA,2,2,1,2,,,,,
NB,28,07,NB28-07,LEB,2021,2,NB28-07-02-LEB,NB28-07-02-LEB-SOSP,SOSP,1,1,2,2,,,,,
NB,28,07,NB28-07,LEB,2021,2,NB28-07-02-LEB,NB28-07-02-LEB-WODU,WODU,1,0,0,1,,,,,Unsure
NB,28,07,NB28-07,LEB,2021,2,NB28-07-02-LEB,NB28-07-02-LEB-RWBL,RWBL,2,0,1,2,,,,,
NB,28,07,NB28-07,LEB,2021,2,NB28-07-02-LEB,NB28-07-02-LEB-ALFL,ALFL,2,2,1,2,,,,,
NB,28,07,NB28-07,LEB,2021,2,NB28-07-02-LEB,NB28-07-02-LEB-GWTE,GWTE,0,1,0,1,,,,,Unsure
NB,28,07,NB28-07,LEB,2021,2,NB28-07-02-LEB,NB28-07-02-LEB-COGO,COGO,0,0,5,5,,,,,Unsure
NB,28,07,NB28-07,LEB,2021,2,NB28-07-02-LEB,NB28-07-02-LEB-AMWI,AMWI,0,0,2,2,,1,1,,
NB,28,07,NB28-07,LEB,2021,2,NB28-07-02-LEB,NB28-07-02-LEB-CEDW,CEDW,0,0,1,1,,,,,
NB,28,06,NB28-06,LEB,2021,2,NB28-06-02-LEB,NB28-06-02-LEB-COYE,COYE,3,2,1,3,,,,,
NB,28,06,NB28-06,LEB,2021,2,NB28-06-02-LEB,NB28-06-02-LEB-ALFL,ALFL,2,0,0,2,,,,,
NB,28,06,NB28-06,LEB,2021,2,NB28-06-02-LEB,NB28-06-02-LEB-SWSP,SWSP,3,2,2,3,,,,,
NB,28,06,NB28-06,LEB,2021,2,NB28-06-02-LEB,NB28-06-02-LEB-TRES,TRES,1,0,0,1,AF,,,,
NB,28,06,NB28-06,LEB,2021,2,NB28-06-02-LEB,NB28-06-02-LEB-RTHU,RTHU,0,1,0,1,OF,,,,
NB,28,06,NB28-06,LEB,2021,2,NB28-06-02-LEB,NB28-06-02-LEB-SOSP,SOSP,0,1,0,1,,,,,
NB,28,06,NB28-06,LEB,2021,2,NB28-06-02-LEB,NB28-06-02-LEB-YEWA,YEWA,0,0,2,2,,,,,
NB,28,06,NB28-06,LEB,2021,2,NB28-06-02-LEB,NB28-06-02-LEB-CEDW,CEDW,0,0,3,3,OF,,,,
NB,28,06,NB28-06,LEB,2021,2,NB28-06-02-LEB,NB28-06-02-LEB-BWTE,BWTE,0,0,1,1,OF,1,,,
NB,28,05,NB28-05,LEB,2021,2,NB28-05-02-LEB,NB28-05-02-LEB-YEWA,YEWA,1,0,1,1,,,,,
NB,28,05,NB28-05,LEB,2021,2,NB28-05-02-LEB,NB28-05-02-LEB-SWSP,SWSP,3,2,2,3,,,,,
NB,28,05,NB28-05,LEB,2021,2,NB28-05-02-LEB,NB28-05-02-LEB-COYE,COYE,3,2,2,3,,,,,
NB,28,05,NB28-05,LEB,2021,2,NB28-05-02-LEB,NB28-05-02-LEB-BARS,BARS,6,3,2,6,AF,,,,
NB,28,05,NB28-05,LEB,2021,2,NB28-05-02-LEB,NB28-05-02-LEB-CEDW,CEDW,2,1,1,2,,,,,
NB,28,05,NB28-05,LEB,2021,2,NB28-05-02-LEB,NB28-05-02-LEB-SAVS,SAVS,1,1,0,1,,,,,
NB,28,05,NB28-05,LEB,2021,2,NB28-05-02-LEB,NB28-05-02-LEB-CEDW,CEDW,0,1,1,1,OF,,,,
NB,28,05,NB28-05,LEB,2021,2,NB28-05-02-LEB,NB28-05-02-LEB-SOSP,SOSP,0,1,1,1,,,,,
NB,28,05,NB28-05,LEB,2021,2,NB28-05-02-LEB,NB28-05-02-LEB-RTHU,RTHU,0,0,1,1,,,,,
NB,28,04,NB28-04,LEB,2021,2,NB28-04-02-LEB,NB28-04-02-LEB-COYE,COYE,4,3,3,4,,,,,
NB,28,04,NB28-04,LEB,2021,2,NB28-04-02-LEB,NB28-04-02-LEB-SWSP,SWSP,3,3,2,3,,,,,
NB,28,04,NB28-04,LEB,2021,2,NB28-04-02-LEB,NB28-04-02-LEB-GWTE,GWTE,2,0,0,2,,,,2,Flushed
NB,28,04,NB28-04,LEB,2021,2,NB28-04-02-LEB,NB28-04-02-LEB-MALL,MALL,6,0,0,6,,,1,5,Flushed
NB,28,04,NB28-04,LEB,2021,2,NB28-04-02-LEB,NB28-04-02-LEB-AMRE,AMRE,1,0,0,1,,,,,
NB,28,04,NB28-04,LEB,2021,2,NB28-04-02-LEB,NB28-04-02-LEB-BARS,BARS,1,0,0,1,OF,,,,
NB,28,04,NB28-04,LEB,2021,2,NB28-04-02-LEB,NB28-04-02-LEB-YEWA,YEWA,2,2,1,2,,,,,
NB,28,04,NB28-04,LEB,2021,2,NB28-04-02-LEB,NB28-04-02-LEB-ALFL,ALFL,0,2,1,2,,,,,
NB,28,04,NB28-04,LEB,2021,2,NB28-04-02-LEB,NB28-04-02-LEB-SOSP,SOSP,0,1,0,1,,,,,
NB,28,04,NB28-04,LEB,2021,2,NB28-04-02-LEB,NB28-04-02-LEB-CEDW,CEDW,0,2,0,2,,,,,
NB,28,04,NB28-04,LEB,2021,2,NB28-04-02-LEB,NB28-04-02-LEB-CEDW,CEDW,0,0,3,3,OF,,,,
NB,28,04,NB28-04,LEB,2021,2,NB28-04-02-LEB,NB28-04-02-LEB-PAWA,PAWA,0,0,1,1,,,,,
NB,28,03,NB28-03,LEB,2021,2,NB28-03-02-LEB,NB28-03-02-LEB-SWSP,SWSP,3,2,2,3,,,,,
NB,28,03,NB28-03,LEB,2021,2,NB28-03-02-LEB,NB28-03-02-LEB-SOSP,SOSP,1,0,0,1,,,,,
NB,28,03,NB28-03,LEB,2021,2,NB28-03-02-LEB,NB28-03-02-LEB-YEWA,YEWA,1,0,0,1,,,,,
NB,28,03,NB28-03,LEB,2021,2,NB28-03-02-LEB,NB28-03-02-LEB-COYE,COYE,1,0,0,1,,,,,
NB,28,03,NB28-03,LEB,2021,2,NB28-03-02-LEB,NB28-03-02-LEB-WODU,WODU,1,0,0,1,OF,,1,,
NB,28,03,NB28-03,LEB,2021,2,NB28-03-02-LEB,NB28-03-02-LEB-BARS,BARS,0,0,1,1,AF,,,,
NB,28,01,NB28-01,LEB,2021,2,NB28-01-02-LEB,NB28-01-02-LEB-SOSP,SOSP,1,2,2,2,,,,,
NB,28,01,NB28-01,LEB,2021,2,NB28-01-02-LEB,NB28-01-02-LEB-COYE,COYE,2,2,1,2,,,,,
NB,28,01,NB28-01,LEB,2021,2,NB28-01-02-LEB,NB28-01-02-LEB-SWSP,SWSP,3,2,2,3,,,,,
NB,28,01,NB28-01,LEB,2021,2,NB28-01-02-LEB,NB28-01-02-LEB-YEWA,YEWA,1,2,2,2,,,,,
NB,28,01,NB28-01,LEB,2021,2,NB28-01-02-LEB,NB28-01-02-LEB-BWTE,BWTE,0,2,0,2,,1,1,,
NB,28,01,NB28-01,LEB,2021,2,NB28-01-02-LEB,NB28-01-02-LEB-ALFL,ALFL,0,1,0,1,,,,,
NB,28,01,NB28-01,LEB,2021,2,NB28-01-02-LEB,NB28-01-02-LEB-MALL,MALL,0,0,1,1,,,1,,
NB,28,01,NB28-01,LEB,2021,2,NB28-01-02-LEB,NB28-01-02-LEB-WODU,WODU,0,0,1,1,,,,,Unsure
NB,28,01,NB28-01,LEB,2021,2,NB28-01-02-LEB,NB28-01-02-LEB-RWBL,RWBL,0,0,1,1,,,1,,
NB,37,01,NB37-01,KIO,2021,1,NB37-01-01-KIO,NB37-01-01-KIO-SOSP,SOSP,1,1,1,1,,,,,
NB,37,01,NB37-01,KIO,2021,1,NB37-01-01-KIO,NB37-01-01-KIO-AMCR,AMCR,1,2,3,3,,,,,
NB,37,01,NB37-01,KIO,2021,1,NB37-01-01-KIO,NB37-01-01-KIO-YEWA,YEWA,1,0,0,1,,,,,
NB,37,01,NB37-01,KIO,2021,1,NB37-01-01-KIO,NB37-01-01-KIO-NSHO,NSHO,2,2,2,2,,,,,
NB,37,01,NB37-01,KIO,2021,1,NB37-01-01-KIO,NB37-01-01-KIO-SAVS,SAVS,2,2,4,4,,,,,
NB,37,01,NB37-01,KIO,2021,1,NB37-01-01-KIO,NB37-01-01-KIO-ALFL,ALFL,1,0,0,1,,,,,
NB,37,01,NB37-01,KIO,2021,1,NB37-01-01-KIO,NB37-01-01-KIO-Gull sp.,Gull sp.,1,0,0,1,OF,,,,
NB,37,01,NB37-01,KIO,2021,1,NB37-01-01-KIO,NB37-01-01-KIO-GRYE,GRYE,0,1,0,1,,,,,
NB,37,02,NB37-02,KIO,2021,1,NB37-02-01-KIO,NB37-02-01-KIO-AMCR,AMCR,3,2,1,3,,,,,
NB,37,02,NB37-02,KIO,2021,1,NB37-02-01-KIO,NB37-02-01-KIO-BOBO,BOBO,2,1,1,2,,,,,
NB,37,02,NB37-02,KIO,2021,1,NB37-02-01-KIO,NB37-02-01-KIO-SAVS,SAVS,2,3,1,3,,,,,
NB,37,02,NB37-02,KIO,2021,1,NB37-02-01-KIO,NB37-02-01-KIO-AMRO,AMRO,1,1,0,1,,,,,
NB,37,02,NB37-02,KIO,2021,1,NB37-02-01-KIO,NB37-02-01-KIO-SOSP,SOSP,0,0,1,1,,,,,
NB,37,03,NB37-03,KIO,2021,1,NB37-03-01-KIO,NB37-03-01-KIO-BOBO,BOBO,1,1,1,1,,,,,
NB,37,03,NB37-03,KIO,2021,1,NB37-03-01-KIO,NB37-03-01-KIO-SAVS,SAVS,1,1,1,1,,,,,
NB,37,03,NB37-03,KIO,2021,1,NB37-03-01-KIO,NB37-03-01-KIO-AMCR,AMCR,2,2,1,2,,,,,
NB,37,03,NB37-03,KIO,2021,1,NB37-03-01-KIO,NB37-03-01-KIO-CANG,CANG,6,0,0,6,OF,,,,
NB,37,04,NB37-04,KIO,2021,1,NB37-04-01-KIO,NB37-04-01-KIO-BOBO,BOBO,1,2,2,2,,,,,
NB,37,04,NB37-04,KIO,2021,1,NB37-04-01-KIO,NB37-04-01-KIO-SAVS,SAVS,2,1,2,2,,,,,
NB,37,05,NB37-05,KIO,2021,1,NB37-05-01-KIO,NB37-05-01-KIO-SAVS,SAVS,3,2,2,3,,,,,
NB,37,05,NB37-05,KIO,2021,1,NB37-05-01-KIO,NB37-05-01-KIO-BOBO,BOBO,2,1,1,2,,,,,
NB,37,06,NB37-06,KIO,2021,1,NB37-06-01-KIO,NB37-06-01-KIO-SAVS,SAVS,3,4,4,4,,,,,
NB,37,06,NB37-06,KIO,2021,1,NB37-06-01-KIO,NB37-06-01-KIO-BOBO,BOBO,2,2,2,2,,,,,
NB,37,07,NB37-07,KIO,2021,1,NB37-07-01-KIO,NB37-07-01-KIO-SAVS,SAVS,3,3,3,3,,,,,
NB,37,07,NB37-07,KIO,2021,1,NB37-07-01-KIO,NB37-07-01-KIO-BOBO,BOBO,4,4,3,4,,,,,
NB,37,07,NB37-07,KIO,2021,1,NB37-07-01-KIO,NB37-07-01-KIO-ABDU,ABDU,0,0,1,1,,,,,
NB,37,07,NB37-07,KIO,2021,1,NB37-07-01-KIO,NB37-07-01-KIO-GADW,GADW,0,0,1,1,,,,,
NB,37,08,NB37-08,KIO,2021,1,NB37-08-01-KIO,NB37-08-01-KIO-BOBO,BOBO,2,2,3,3,,,,,
NB,37,08,NB37-08,KIO,2021,1,NB37-08-01-KIO,NB37-08-01-KIO-SAVS,SAVS,4,4,4,4,,,,,
NB,37,08,NB37-08,KIO,2021,1,NB37-08-01-KIO,NB37-08-01-KIO-GBBG,GBBG,1,0,0,1,OF,,,,
NB,37,08,NB37-08,KIO,2021,1,NB37-08-01-KIO,NB37-08-01-KIO-Unknown duck,Unknown duck,1,0,0,1,OF,,,,ABDU or MALL
NB,37,09,NB37-09,KIO,2021,1,NB37-09-01-KIO,NB37-09-01-KIO-BOBO,BOBO,2,2,2,2,,,,,
NB,37,09,NB37-09,KIO,2021,1,NB37-09-01-KIO,NB37-09-01-KIO-SAVS,SAVS,4,4,3,4,,,,,
NB,37,09,NB37-09,KIO,2021,1,NB37-09-01-KIO,NB37-09-01-KIO-SOSP,SOSP,1,0,1,1,,,,,
NB,37,09,NB37-09,KIO,2021,1,NB37-09-01-KIO,NB37-09-01-KIO-AMCR,AMCR,2,0,1,2,,,,,
NB,37,10,NB37-10,KIO,2021,1,NB37-10-01-KIO,NB37-10-01-KIO-BOBO,BOBO,1,1,1,1,,,,,
NB,37,10,NB37-10,KIO,2021,1,NB37-10-01-KIO,NB37-10-01-KIO-SAVS,SAVS,4,4,4,4,,,,,
NB,35,01,NB35-01,KIO,2021,1,NB35-01-01-KIO,NB35-01-01-KIO-COYE,COYE,2,2,2,2,,,,,
NB,35,01,NB35-01,KIO,2021,1,NB35-01-01-KIO,NB35-01-01-KIO-RWBL,RWBL,5,6,6,6,,,,,
NB,35,01,NB35-01,KIO,2021,1,NB35-01-01-KIO,NB35-01-01-KIO-TRES,TRES,2,4,4,4,,,,,
NB,35,01,NB35-01,KIO,2021,1,NB35-01-01-KIO,NB35-01-01-KIO-CANG,CANG,2,0,0,2,,,,,
NB,35,01,NB35-01,KIO,2021,1,NB35-01-01-KIO,NB35-01-01-KIO-AMRO,AMRO,1,1,1,1,,,,,
NB,35,01,NB35-01,KIO,2021,1,NB35-01-01-KIO,NB35-01-01-KIO-YEWA,YEWA,0,0,1,1,,,,,
NB,35,02,NB35-02,KIO,2021,1,NB35-02-01-KIO,NB35-02-01-KIO-RWBL,RWBL,6,4,3,6,,,,,
NB,35,02,NB35-02,KIO,2021,1,NB35-02-01-KIO,NB35-02-01-KIO-SWSP,SWSP,2,2,2,2,,,,,
NB,35,02,NB35-02,KIO,2021,1,NB35-02-01-KIO,NB35-02-01-KIO-AMCR,AMCR,1,0,0,1,,,,,
NB,35,02,NB35-02,KIO,2021,1,NB35-02-01-KIO,NB35-02-01-KIO-TRES,TRES,2,1,3,3,AF,,,,
NB,35,02,NB35-02,KIO,2021,1,NB35-02-01-KIO,NB35-02-01-KIO-YEWA,YEWA,2,1,2,2,,,,,
NB,35,02,NB35-02,KIO,2021,1,NB35-02-01-KIO,NB35-02-01-KIO-COYE,COYE,2,0,2,2,,,,,
NB,35,02,NB35-02,KIO,2021,1,NB35-02-01-KIO,NB35-02-01-KIO-WODU,WODU,0,1,0,1,,,,,
NB,35,02,NB35-02,KIO,2021,1,NB35-02-01-KIO,NB35-02-01-KIO-AMWI,AMWI,0,0,2,2,,,,,
NB,35,03,NB35-03,KIO,2021,1,NB35-03-01-KIO,NB35-03-01-KIO-AMWI,AMWI,1,0,0,1,,,,,
NB,35,03,NB35-03,KIO,2021,1,NB35-03-01-KIO,NB35-03-01-KIO-RNDU,RNDU,2,0,0,2,,,,,
NB,35,03,NB35-03,KIO,2021,1,NB35-03-01-KIO,NB35-03-01-KIO-RWBL,RWBL,5,5,5,5,,,,,
NB,35,03,NB35-03,KIO,2021,1,NB35-03-01-KIO,NB35-03-01-KIO-YEWA,YEWA,1,0,0,1,,,,,
NB,35,03,NB35-03,KIO,2021,1,NB35-03-01-KIO,NB35-03-01-KIO-COYE,COYE,1,1,0,1,,,,,
NB,35,03,NB35-03,KIO,2021,1,NB35-03-01-KIO,NB35-03-01-KIO-CANG,CANG,9,0,0,9,OF,,,,
NB,35,03,NB35-03,KIO,2021,1,NB35-03-01-KIO,NB35-03-01-KIO-SWSP,SWSP,1,1,2,2,,,,,
NB,35,03,NB35-03,KIO,2021,1,NB35-03-01-KIO,NB35-03-01-KIO-EUST,EUST,5,0,0,5,OF,,,,
NB,35,03,NB35-03,KIO,2021,1,NB35-03-01-KIO,NB35-03-01-KIO-WODU,WODU,3,1,0,3,OF,,,,
NB,35,03,NB35-03,KIO,2021,1,NB35-03-01-KIO,NB35-03-01-KIO-GADW,GADW,0,1,0,1,,,,,
NB,35,03,NB35-03,KIO,2021,1,NB35-03-01-KIO,NB35-03-01-KIO-COGR,COGR,0,0,1,1,OF,,,,
NB,35,03,NB35-03,KIO,2021,1,NB35-03-01-KIO,NB35-03-01-KIO-GWTE,GWTE,0,0,3,3,,,,,
NB,35,04,NB35-04,KIO,2021,1,NB35-04-01-KIO,NB35-04-01-KIO-MALL,MALL,1,1,0,1,OF,,,,
NB,35,04,NB35-04,KIO,2021,1,NB35-04-01-KIO,NB35-04-01-KIO-RWBL,RWBL,6,3,5,6,,,,,
NB,35,04,NB35-04,KIO,2021,1,NB35-04-01-KIO,NB35-04-01-KIO-SWSP,SWSP,1,1,1,1,,,,,
NB,35,04,NB35-04,KIO,2021,1,NB35-04-01-KIO,NB35-04-01-KIO-COYE,COYE,1,1,1,1,,,,,
NB,35,04,NB35-04,KIO,2021,1,NB35-04-01-KIO,NB35-04-01-KIO-CORA,CORA,1,0,0,1,OF,,,,
NB,35,04,NB35-04,KIO,2021,1,NB35-04-01-KIO,NB35-04-01-KIO-WISN,WISN,1,0,0,1,,,,,
NB,35,04,NB35-04,KIO,2021,1,NB35-04-01-KIO,NB35-04-01-KIO-TRES,TRES,0,1,1,1,AF,,,,
NB,35,04,NB35-04,KIO,2021,1,NB35-04-01-KIO,NB35-04-01-KIO-AMCR,AMCR,0,1,1,1,OF,,,,
NB,35,04,NB35-04,KIO,2021,1,NB35-04-01-KIO,NB35-04-01-KIO-COGR,COGR,0,0,1,1,,,,,
NB,35,05,NB35-05,KIO,2021,1,NB35-05-01-KIO,NB35-05-01-KIO-GADW,GADW,1,1,1,1,,,,,
NB,35,05,NB35-05,KIO,2021,1,NB35-05-01-KIO,NB35-05-01-KIO-AMWI,AMWI,2,0,0,2,OF,,,,
NB,35,05,NB35-05,KIO,2021,1,NB35-05-01-KIO,NB35-05-01-KIO-RWBL,RWBL,1,1,1,1,,,,,
NB,35,05,NB35-05,KIO,2021,1,NB35-05-01-KIO,NB35-05-01-KIO-NSHO,NSHO,2,0,0,2,,,,,
NB,35,05,NB35-05,KIO,2021,1,NB35-05-01-KIO,NB35-05-01-KIO-AMCR,AMCR,1,0,0,1,,,,,
NB,35,05,NB35-05,KIO,2021,1,NB35-05-01-KIO,NB35-05-01-KIO-COYE,COYE,1,1,1,1,,,,,
NB,35,05,NB35-05,KIO,2021,1,NB35-05-01-KIO,NB35-05-01-KIO-ALFL,ALFL,1,0,0,1,,,,,
NB,35,05,NB35-05,KIO,2021,1,NB35-05-01-KIO,NB35-05-01-KIO-BWTE,BWTE,3,3,3,3,,2,1,,
NB,35,05,NB35-05,KIO,2021,1,NB35-05-01-KIO,NB35-05-01-KIO-TRES,TRES,0,2,0,2,AF,,,,
NB,35,05,NB35-05,KIO,2021,1,NB35-05-01-KIO,NB35-05-01-KIO-SWSP,SWSP,0,1,1,1,,,,,
NB,35,05,NB35-05,KIO,2021,1,NB35-05-01-KIO,NB35-05-01-KIO-YEWA,YEWA,0,1,1,1,,,,,
NB,35,05,NB35-05,KIO,2021,1,NB35-05-01-KIO,NB35-05-01-KIO-SAVS,SAVS,0,0,1,1,,,,,
NB,35,06,NB35-06,KIO,2021,1,NB35-06-01-KIO,NB35-06-01-KIO-SAVS,SAVS,1,1,0,1,,,,,
NB,35,06,NB35-06,KIO,2021,1,NB35-06-01-KIO,NB35-06-01-KIO-GRYE,GRYE,2,2,2,2,,,,,
NB,35,06,NB35-06,KIO,2021,1,NB35-06-01-KIO,NB35-06-01-KIO-AMWI,AMWI,1,0,0,1,,,,,
NB,35,06,NB35-06,KIO,2021,1,NB35-06-01-KIO,NB35-06-01-KIO-RWBL,RWBL,1,1,1,1,,,,,
NB,35,06,NB35-06,KIO,2021,1,NB35-06-01-KIO,NB35-06-01-KIO-COYE,COYE,1,2,1,2,,,,,
NB,35,06,NB35-06,KIO,2021,1,NB35-06-01-KIO,NB35-06-01-KIO-MALL,MALL,0,2,0,2,OF,,,,
NB,35,06,NB35-06,KIO,2021,1,NB35-06-01-KIO,NB35-06-01-KIO-GADW,GADW,0,1,0,1,OF,,,,
NB,35,06,NB35-06,KIO,2021,1,NB35-06-01-KIO,NB35-06-01-KIO-BAEA,BAEA,0,1,0,1,OF,,,,
NB,35,06,NB35-06,KIO,2021,1,NB35-06-01-KIO,NB35-06-01-KIO-ALFL,ALFL,1,1,1,1,,,,,
NB,35,06,NB35-06,KIO,2021,1,NB35-06-01-KIO,NB35-06-01-KIO-PUFI,PUFI,0,0,1,1,,,,,
NB,35,06,NB35-06,KIO,2021,1,NB35-06-01-KIO,NB35-06-01-KIO-BOBO,BOBO,0,0,1,1,,,,,
NB,35,06,NB35-06,KIO,2021,1,NB35-06-01-KIO,NB35-06-01-KIO-YEWA,YEWA,0,0,1,1,,,,,
NB,35,07,NB35-07,KIO,2021,1,NB35-07-01-KIO,NB35-07-01-KIO-CANG,CANG,2,0,1,2,,,,,
NB,35,07,NB35-07,KIO,2021,1,NB35-07-01-KIO,NB35-07-01-KIO-RWBL,RWBL,4,5,3,5,,,,,
NB,35,07,NB35-07,KIO,2021,1,NB35-07-01-KIO,NB35-07-01-KIO-SAVS,SAVS,2,1,1,2,,,,,
NB,35,07,NB35-07,KIO,2021,1,NB35-07-01-KIO,NB35-07-01-KIO-SWSP,SWSP,1,0,0,1,,,,,
NB,35,07,NB35-07,KIO,2021,1,NB35-07-01-KIO,NB35-07-01-KIO-AMRO,AMRO,1,1,0,1,,,,,
NB,35,07,NB35-07,KIO,2021,1,NB35-07-01-KIO,NB35-07-01-KIO-SOSP,SOSP,1,1,1,1,,,,,
NB,35,07,NB35-07,KIO,2021,1,NB35-07-01-KIO,NB35-07-01-KIO-TRES,TRES,0,1,0,1,AF,,,,
NB,35,07,NB35-07,KIO,2021,1,NB35-07-01-KIO,NB35-07-01-KIO-WISN,WISN,0,1,1,1,,,,,
NB,35,07,NB35-07,KIO,2021,1,NB35-07-01-KIO,NB35-07-01-KIO-RNDU,RNDU,0,0,2,2,OF,,,,
NB,35,07,NB35-07,KIO,2021,1,NB35-07-01-KIO,NB35-07-01-KIO-MALL,MALL,0,0,2,2,,,2,,
NB,35,07,NB35-07,KIO,2021,1,NB35-07-01-KIO,NB35-07-01-KIO-NOHA,NOHA,0,0,1,1,OF,,,,
NB,35,07,NB35-07,KIO,2021,1,NB35-07-01-KIO,NB35-07-01-KIO-COGR,COGR,0,0,1,1,OF,,,,
NB,38,07,NB38-07,LMA,2021,2,NB38-07-02-LMA,NB38-07-02-LMA-RWBL,RWBL,3,3,2,3,,,,,
NB,38,07,NB38-07,LMA,2021,2,NB38-07-02-LMA,NB38-07-02-LMA-SWSP,SWSP,2,2,1,2,,,,,
NB,38,07,NB38-07,LMA,2021,2,NB38-07-02-LMA,NB38-07-02-LMA-CEDW,CEDW,2,0,0,2,,,,,
NB,38,07,NB38-07,LMA,2021,2,NB38-07-02-LMA,NB38-07-02-LMA-TRES,TRES,1,0,0,1,,,,,
NB,38,07,NB38-07,LMA,2021,2,NB38-07-02-LMA,NB38-07-02-LMA-WODU,WODU,2,0,0,2,,1,1,,
NB,38,06,NB38-06,LMA,2021,2,NB38-06-02-LMA,NB38-06-02-LMA-YEWA,YEWA,1,0,0,1,,,,,
NB,38,06,NB38-06,LMA,2021,2,NB38-06-02-LMA,NB38-06-02-LMA-RWBL,RWBL,3,4,2,4,,,,,
NB,38,06,NB38-06,LMA,2021,2,NB38-06-02-LMA,NB38-06-02-LMA-SWSP,SWSP,4,5,4,5,,,,,
NB,38,06,NB38-06,LMA,2021,2,NB38-06-02-LMA,NB38-06-02-LMA-BOBO,BOBO,3,8,0,8,,,,,
NB,38,06,NB38-06,LMA,2021,2,NB38-06-02-LMA,NB38-06-02-LMA-CORA,CORA,0,1,0,1,OF,,,,
NB,38,05,NB38-05,LMA,2021,2,NB38-05-02-LMA,NB38-05-02-LMA-COYE,COYE,2,1,1,2,,,,,
NB,38,05,NB38-05,LMA,2021,2,NB38-05-02-LMA,NB38-05-02-LMA-YEWA,YEWA,1,1,0,1,,,,,
NB,38,05,NB38-05,LMA,2021,2,NB38-05-02-LMA,NB38-05-02-LMA-SWSP,SWSP,2,2,3,3,,,,,
NB,38,05,NB38-05,LMA,2021,2,NB38-05-02-LMA,NB38-05-02-LMA-SOSP,SOSP,1,0,1,1,,,,,
NB,38,05,NB38-05,LMA,2021,2,NB38-05-02-LMA,NB38-05-02-LMA-MALL,MALL,0,6,5,6,,,,4,
NB,38,04,NB38-04,LMA,2021,2,NB38-04-02-LMA,NB38-04-02-LMA-SWSP,SWSP,2,4,2,4,,,,,
NB,38,04,NB38-04,LMA,2021,2,NB38-04-02-LMA,NB38-04-02-LMA-RWBL,RWBL,2,0,0,2,,,,,
NB,38,04,NB38-04,LMA,2021,2,NB38-04-02-LMA,NB38-04-02-LMA-COYE,COYE,1,0,0,1,,,,,
NB,38,04,NB38-04,LMA,2021,2,NB38-04-02-LMA,NB38-04-02-LMA-YEWA,YEWA,1,1,1,1,,,,,
NB,38,04,NB38-04,LMA,2021,2,NB38-04-02-LMA,NB38-04-02-LMA-AMCR,AMCR,0,8,0,8,OF,,,,
NB,38,04,NB38-04,LMA,2021,2,NB38-04-02-LMA,NB38-04-02-LMA-SOSP,SOSP,0,1,0,1,,,,,
NB,38,04,NB38-04,LMA,2021,2,NB38-04-02-LMA,NB38-04-02-LMA-CEDW,CEDW,0,4,0,4,,,,,
NB,38,03,NB38-03,LMA,2021,2,NB38-03-02-LMA,NB38-03-02-LMA-RWBL,RWBL,4,2,3,4,,,,,
NB,38,03,NB38-03,LMA,2021,2,NB38-03-02-LMA,NB38-03-02-LMA-YEWA,YEWA,1,0,1,1,,,,,
NB,38,03,NB38-03,LMA,2021,2,NB38-03-02-LMA,NB38-03-02-LMA-BOBO,BOBO,9,7,2,9,,,,,
NB,38,03,NB38-03,LMA,2021,2,NB38-03-02-LMA,NB38-03-02-LMA-SWSP,SWSP,1,4,3,4,,,,,
NB,38,03,NB38-03,LMA,2021,2,NB38-03-02-LMA,NB38-03-02-LMA-SOSP,SOSP,0,1,1,1,,,,,
NB,38,03,NB38-03,LMA,2021,2,NB38-03-02-LMA,NB38-03-02-LMA-COYE,COYE,0,1,0,1,,,,,
NB,38,02,NB38-02,LMA,2021,2,NB38-02-02-LMA,NB38-02-02-LMA-SWSP,SWSP,3,2,2,3,,,,,
NB,38,02,NB38-02,LMA,2021,2,NB38-02-02-LMA,NB38-02-02-LMA-ALFL,ALFL,1,1,1,1,,,,,
NB,38,02,NB38-02,LMA,2021,2,NB38-02-02-LMA,NB38-02-02-LMA-SOSP,SOSP,1,1,0,1,,,,,
NB,38,02,NB38-02,LMA,2021,2,NB38-02-02-LMA,NB38-02-02-LMA-COYE,COYE,1,1,1,1,,,,,
NB,38,02,NB38-02,LMA,2021,2,NB38-02-02-LMA,NB38-02-02-LMA-CEDW,CEDW,0,4,0,4,,,,,
NB,38,02,NB38-02,LMA,2021,2,NB38-02-02-LMA,NB38-02-02-LMA-YEWA,YEWA,0,0,1,1,,,,,
NB,38,01,NB38-01,LMA,2021,2,NB38-01-02-LMA,NB38-01-02-LMA-SWSP,SWSP,2,1,1,2,,,,,
NB,38,01,NB38-01,LMA,2021,2,NB38-01-02-LMA,NB38-01-02-LMA-SOSP,SOSP,1,3,2,3,,,,,
NB,38,01,NB38-01,LMA,2021,2,NB38-01-02-LMA,NB38-01-02-LMA-SAVS,SAVS,1,1,1,1,,,,,
NB,38,01,NB38-01,LMA,2021,2,NB38-01-02-LMA,NB38-01-02-LMA-ABDU,ABDU,0,2,0,2,,,,,
NB,35,01,NB35-01,LMA,2021,2,NB35-01-02-LMA,NB35-01-02-LMA-YEWA,YEWA,1,0,1,1,,,,,
NB,35,01,NB35-01,LMA,2021,2,NB35-01-02-LMA,NB35-01-02-LMA-COYE,COYE,2,3,3,3,,,,,
NB,35,01,NB35-01,LMA,2021,2,NB35-01-02-LMA,NB35-01-02-LMA-SWSP,SWSP,2,3,4,4,,,,,
NB,35,01,NB35-01,LMA,2021,2,NB35-01-02-LMA,NB35-01-02-LMA-RWBL,RWBL,4,2,3,4,,,,,
NB,35,01,NB35-01,LMA,2021,2,NB35-01-02-LMA,NB35-01-02-LMA-RWBL,RWBL,2,0,0,2,OF,,,,
NB,35,01,NB35-01,LMA,2021,2,NB35-01-02-LMA,NB35-01-02-LMA-ALFL,ALFL,2,0,0,2,,,,,
NB,35,01,NB35-01,LMA,2021,2,NB35-01-02-LMA,NB35-01-02-LMA-COGR,COGR,32,38,0,38,OF,,,,
NB,35,01,NB35-01,LMA,2021,2,NB35-01-02-LMA,NB35-01-02-LMA-SOSP,SOSP,1,1,0,1,,,,,
NB,35,01,NB35-01,LMA,2021,2,NB35-01-02-LMA,NB35-01-02-LMA-AMCR,AMCR,1,1,0,1,,,,,
NB,35,01,NB35-01,LMA,2021,2,NB35-01-02-LMA,NB35-01-02-LMA-AMCR,AMCR,0,2,0,2,OF,,,,
NB,35,01,NB35-01,LMA,2021,2,NB35-01-02-LMA,NB35-01-02-LMA-CORA,CORA,0,1,0,1,OF,,,,
NB,35,01,NB35-01,LMA,2021,2,NB35-01-02-LMA,NB35-01-02-LMA-COGR,COGR,0,5,0,5,,,,,
NB,35,01,NB35-01,LEB,2021,2,NB35-01-02-LEB,NB35-01-02-LEB-CORA,CORA,0,1,0,1,,,,,
NB,35,02,NB35-02,LEB,2021,2,NB35-02-02-LEB,NB35-02-02-LEB-SWSP,SWSP,4,3,4,4,,,,,
NB,35,02,NB35-02,LEB,2021,2,NB35-02-02-LEB,NB35-02-02-LEB-COYE,COYE,1,1,1,1,,,,,
NB,35,02,NB35-02,LEB,2021,2,NB35-02-02-LEB,NB35-02-02-LEB-RWBL,RWBL,4,3,3,4,,,,,
NB,35,02,NB35-02,LEB,2021,2,NB35-02-02-LEB,NB35-02-02-LEB-EUST,EUST,3,0,0,3,OF,,,,
NB,35,02,NB35-02,LEB,2021,2,NB35-02-02-LEB,NB35-02-02-LEB-YEWA,YEWA,1,2,1,2,,,,,
NB,35,02,NB35-02,LEB,2021,2,NB35-02-02-LEB,NB35-02-02-LEB-AMGO,AMGO,0,1,0,1,OF,,,,
NB,35,02,NB35-02,LEB,2021,2,NB35-02-02-LEB,NB35-02-02-LEB-TRES,TRES,0,1,0,1,AF,,,,
NB,35,02,NB35-02,LEB,2021,2,NB35-02-02-LEB,NB35-02-02-LEB-SOSP,SOSP,0,0,1,1,,,,,
NB,35,03,NB35-03,LEB,2021,2,NB35-03-02-LEB,NB35-03-02-LEB-WODU,WODU,1,0,0,1,,1,,,Flushed
NB,35,03,NB35-03,LEB,2021,2,NB35-03-02-LEB,NB35-03-02-LEB-RNDU,RNDU,3,2,0,3,,1,2,,Flushed
NB,35,03,NB35-03,LEB,2021,2,NB35-03-02-LEB,NB35-03-02-LEB-MALL,MALL,2,0,0,2,,2,,,Flushed
NB,35,03,NB35-03,LEB,2021,2,NB35-03-02-LEB,NB35-03-02-LEB-RWBL,RWBL,6,6,3,6,,,,,
NB,35,03,NB35-03,LEB,2021,2,NB35-03-02-LEB,NB35-03-02-LEB-SWSP,SWSP,2,3,2,3,,,,,
NB,35,03,NB35-03,LEB,2021,2,NB35-03-02-LEB,NB35-03-02-LEB-AMCR,AMCR,1,1,1,1,,,,,
NB,35,03,NB35-03,LEB,2021,2,NB35-03-02-LEB,NB35-03-02-LEB-SOSP,SOSP,1,0,0,1,,,,,
NB,35,03,NB35-03,LEB,2021,2,NB35-03-02-LEB,NB35-03-02-LEB-MALL,MALL,0,1,0,1,OF,,,,
NB,35,04,NB35-04,LEB,2021,2,NB35-04-02-LEB,NB35-04-02-LEB-SWSP,SWSP,3,2,2,3,,,,,
NB,35,04,NB35-04,LEB,2021,2,NB35-04-02-LEB,NB35-04-02-LEB-WODU,WODU,3,0,0,3,,,,,
NB,35,04,NB35-04,LEB,2021,2,NB35-04-02-LEB,NB35-04-02-LEB-MALL,MALL,5,0,0,5,,,,,
NB,35,04,NB35-04,LEB,2021,2,NB35-04-02-LEB,NB35-04-02-LEB-RWBL,RWBL,3,3,0,3,OF,,,,
NB,35,04,NB35-04,LEB,2021,2,NB35-04-02-LEB,NB35-04-02-LEB-AMGO,AMGO,1,0,0,1,OF,,,,
NB,35,04,NB35-04,LEB,2021,2,NB35-04-02-LEB,NB35-04-02-LEB-BAEA,BAEA,1,0,0,1,OF,,,,
NB,35,04,NB35-04,LEB,2021,2,NB35-04-02-LEB,NB35-04-02-LEB-SAVS,SAVS,1,0,0,1,,,,,
NB,35,04,NB35-04,LEB,2021,2,NB35-04-02-LEB,NB35-04-02-LEB-ABDU,ABDU,0,2,0,2,OF,,,,
NB,35,05,NB35-05,LEB,2021,2,NB35-05-02-LEB,NB35-05-02-LEB-SWSP,SWSP,1,1,1,1,,,,,
NB,35,05,NB35-05,LEB,2021,2,NB35-05-02-LEB,NB35-05-02-LEB-SAVS,SAVS,1,1,0,1,,,,,
NB,35,05,NB35-05,LEB,2021,2,NB35-05-02-LEB,NB35-05-02-LEB-LESA,LESA,1,0,0,1,,,,,
NB,35,05,NB35-05,LEB,2021,2,NB35-05-02-LEB,NB35-05-02-LEB-GRYE,GRYE,1,2,0,2,,,,,
NB,35,05,NB35-05,LEB,2021,2,NB35-05-02-LEB,NB35-05-02-LEB-ABDU,ABDU,0,2,2,2,,,,,
NB,35,06,NB35-06,LEB,2021,2,NB35-06-02-LEB,NB35-06-02-LEB-SWSP,SWSP,1,1,1,1,,,,,
NB,35,06,NB35-06,LEB,2021,2,NB35-06-02-LEB,NB35-06-02-LEB-SAVS,SAVS,3,3,3,3,,,,,
NB,35,06,NB35-06,LEB,2021,2,NB35-06-02-LEB,NB35-06-02-LEB-MALL,MALL,1,1,1,1,,,1,,
NB,35,06,NB35-06,LEB,2021,2,NB35-06-02-LEB,NB35-06-02-LEB-AMWI,AMWI,2,2,2,2,,,2,,
NB,35,06,NB35-06,LEB,2021,2,NB35-06-02-LEB,NB35-06-02-LEB-SOSP,SOSP,4,1,1,4,,,,,
NB,35,06,NB35-06,LEB,2021,2,NB35-06-02-LEB,NB35-06-02-LEB-RWBL,RWBL,1,1,0,1,OF,,,,
NB,35,06,NB35-06,LEB,2021,2,NB35-06-02-LEB,NB35-06-02-LEB-COYE,COYE,0,1,1,1,,,,,
NB,35,07,NB35-07,LEB,2021,2,NB35-07-02-LEB,NB35-07-02-LEB-BAEA,BAEA,1,0,0,1,,,,,
NB,35,07,NB35-07,LEB,2021,2,NB35-07-02-LEB,NB35-07-02-LEB-SWSP,SWSP,1,1,0,1,,,,,
NB,35,07,NB35-07,LEB,2021,2,NB35-07-02-LEB,NB35-07-02-LEB-SAVS,SAVS,1,0,0,1,,,,,
NB,35,07,NB35-07,LEB,2021,2,NB35-07-02-LEB,NB35-07-02-LEB-SWSP,SWSP,1,1,0,1,,,,,
NB,35,07,NB35-07,LEB,2021,2,NB35-07-02-LEB,NB35-07-02-LEB-RWBL,RWBL,0,1,1,1,,,,,
NB,37,01,NB37-01,LMA,2021,2,NB37-01-02-LMA,NB37-01-02-LMA-SOSP,SOSP,1,1,2,2,,,,,
NB,37,01,NB37-01,LMA,2021,2,NB37-01-02-LMA,NB37-01-02-LMA-SAVS,SAVS,1,2,1,2,,,,,
NB,37,01,NB37-01,LMA,2021,2,NB37-01-02-LMA,NB37-01-02-LMA-GBHE,GBHE,1,0,0,1,,,,,Flushed
NB,37,01,NB37-01,LMA,2021,2,NB37-01-02-LMA,NB37-01-02-LMA-AMCR,AMCR,0,2,0,2,,,,,
NB,37,01,NB37-01,LMA,2021,2,NB37-01-02-LMA,NB37-01-02-LMA-SWSP,SWSP,0,1,0,1,,,,,
NB,37,02,NB37-02,LMA,2021,2,NB37-02-02-LMA,NB37-02-02-LMA-SAVS,SAVS,3,2,2,3,,,,,
NB,37,02,NB37-02,LMA,2021,2,NB37-02-02-LMA,NB37-02-02-LMA-BOBO,BOBO,1,0,2,2,,,,,
NB,37,02,NB37-02,LMA,2021,2,NB37-02-02-LMA,NB37-02-02-LMA-AMCR,AMCR,0,1,0,1,,,,,
NB,37,02,NB37-02,LMA,2021,2,NB37-02-02-LMA,NB37-02-02-LMA-SOSP,SOSP,0,0,1,1,,,,,
NB,37,03,NB37-03,LMA,2021,2,NB37-03-02-LMA,NB37-03-02-LMA-SAVS,SAVS,5,4,4,5,,,,,
NB,37,03,NB37-03,LMA,2021,2,NB37-03-02-LMA,NB37-03-02-LMA-SOSP,SOSP,1,0,0,1,,,,,
NB,37,03,NB37-03,LMA,2021,2,NB37-03-02-LMA,NB37-03-02-LMA-ABDU,ABDU,0,1,0,1,OF,,,,
NB,37,04,NB37-04,LMA,2021,2,NB37-04-02-LMA,NB37-04-02-LMA-SAVS,SAVS,3,2,3,3,,,,,
NB,37,04,NB37-04,LMA,2021,2,NB37-04-02-LMA,NB37-04-02-LMA-SOSP,SOSP,0,0,1,1,,,,,
NB,37,05,NB37-05,LMA,2021,2,NB37-05-02-LMA,NB37-05-02-LMA-SAVS,SAVS,4,3,3,4,,,,,
NB,37,05,NB37-05,LMA,2021,2,NB37-05-02-LMA,NB37-05-02-LMA-BOBO,BOBO,1,0,1,1,,,,,
NB,37,05,NB37-05,LMA,2021,2,NB37-05-02-LMA,NB37-05-02-LMA-SOSP,SOSP,1,0,1,1,,,,,
NB,37,06,NB37-06,LMA,2021,2,NB37-06-02-LMA,NB37-06-02-LMA-SAVS,SAVS,2,1,1,2,,,,,
NB,37,06,NB37-06,LMA,2021,2,NB37-06-02-LMA,NB37-06-02-LMA-BOBO,BOBO,2,9,9,9,,,,,
NB,37,07,NB37-07,LMA,2021,2,NB37-07-02-LMA,NB37-07-02-LMA-SAVS,SAVS,2,2,2,2,,,,,
NB,37,07,NB37-07,LMA,2021,2,NB37-07-02-LMA,NB37-07-02-LMA-AMCR,AMCR,0,2,0,2,,,,,
NB,37,08,NB37-08,LMA,2021,2,NB37-08-02-LMA,NB37-08-02-LMA-AMCR,AMCR,2,0,0,2,,,,,
NB,37,08,NB37-08,LMA,2021,2,NB37-08-02-LMA,NB37-08-02-LMA-SAVS,SAVS,0,1,1,1,,,,,
NB,37,09,NB37-09,LMA,2021,2,NB37-09-02-LMA,NB37-09-02-LMA-SOSP,SOSP,1,1,1,1,,,,,
NB,37,09,NB37-09,LMA,2021,2,NB37-09-02-LMA,NB37-09-02-LMA-SAVS,SAVS,1,1,1,1,,,,,
NB,37,09,NB37-09,LMA,2021,2,NB37-09-02-LMA,NB37-09-02-LMA-BOBO,BOBO,0,2,3,3,,,,,
NB,37,10,NB37-10,LMA,2021,2,NB37-10-02-LMA,NB37-10-02-LMA-BOBO,BOBO,2,2,1,2,,,,,
NB,37,10,NB37-10,LMA,2021,2,NB37-10-02-LMA,NB37-10-02-LMA-SAVS,SAVS,2,2,2,2,,,,,
NB,37,10,NB37-10,LMA,2021,2,NB37-10-02-LMA,NB37-10-02-LMA-SOSP,SOSP,0,1,1,1,,,,,
NB,51,,NB51-,SBO,2021,1,NB51--01-SBO,NB51--01-SBO-ONLY COUNTED PRIMARY SPECIES,ONLY COUNTED PRIMARY SPECIES,,,,0,,,,,
NB,51,,NB51-,SBO,2021,2,NB51--02-SBO,NB51--02-SBO-ONLY COUNTED PRIMARY SPECIES,ONLY COUNTED PRIMARY SPECIES,,,,0,,,,,
NS,03,01,NS03-01,ZAW,2021,1,NS03-01-01-ZAW,NS03-01-01-ZAW-RNDU,RNDU,2,0,0,2,,2,,,
NS,03,01,NS03-01,ZAW,2021,1,NS03-01-01-ZAW,NS03-01-01-ZAW-BWTE,BWTE,1,0,0,1,OF,1,,,
NS,03,01,NS03-01,ZAW,2021,1,NS03-01-01-ZAW,NS03-01-01-ZAW-WODU,WODU,2,0,0,2,,2,,,
NS,03,01,NS03-01,ZAW,2021,1,NS03-01-01-ZAW,NS03-01-01-ZAW-SWSP,SWSP,2,1,0,2,,,,,
NS,03,01,NS03-01,ZAW,2021,1,NS03-01-01-ZAW,NS03-01-01-ZAW-YEWA,YEWA,1,0,1,1,,,,,
NS,03,01,NS03-01,ZAW,2021,1,NS03-01-01-ZAW,NS03-01-01-ZAW-MALL,MALL,0,0,1,1,,,,,
NS,03,02,NS03-02,ZAW,2021,1,NS03-02-01-ZAW,NS03-02-01-ZAW-RWBL,RWBL,2,3,4,4,,,,,
NS,03,02,NS03-02,ZAW,2021,1,NS03-02-01-ZAW,NS03-02-01-ZAW-YEWA,YEWA,1,2,2,2,,,,,
NS,03,02,NS03-02,ZAW,2021,1,NS03-02-01-ZAW,NS03-02-01-ZAW-ALFL,ALFL,1,1,1,1,,,,,
NS,03,02,NS03-02,ZAW,2021,1,NS03-02-01-ZAW,NS03-02-01-ZAW-GRCA,GRCA,1,1,1,1,,,,,
NS,03,02,NS03-02,ZAW,2021,1,NS03-02-01-ZAW,NS03-02-01-ZAW-CEDW,CEDW,3,0,4,4,OF,,,,Written as CEWA
NS,03,02,NS03-02,ZAW,2021,1,NS03-02-01-ZAW,NS03-02-01-ZAW-WODU,WODU,0,2,0,2,OF,2,,,
NS,03,02,NS03-02,ZAW,2021,1,NS03-02-01-ZAW,NS03-02-01-ZAW-COYE,COYE,0,0,1,1,,,,,
NS,03,03,NS03-03,ZAW,2021,1,NS03-03-01-ZAW,NS03-03-01-ZAW-WODU,WODU,4,0,0,4,OF,4,,,
NS,03,03,NS03-03,ZAW,2021,1,NS03-03-01-ZAW,NS03-03-01-ZAW-COGR,COGR,2,0,1,2,OF,,,,
NS,03,03,NS03-03,ZAW,2021,1,NS03-03-01-ZAW,NS03-03-01-ZAW-RWBL,RWBL,5,6,6,6,,,,,
NS,03,03,NS03-03,ZAW,2021,1,NS03-03-01-ZAW,NS03-03-01-ZAW-YEWA,YEWA,2,2,2,2,,,,,
NS,03,03,NS03-03,ZAW,2021,1,NS03-03-01-ZAW,NS03-03-01-ZAW-AMRO,AMRO,2,1,0,2,,,,,
NS,03,03,NS03-03,ZAW,2021,1,NS03-03-01-ZAW,NS03-03-01-ZAW-COYE,COYE,2,2,1,2,,,,,
NS,03,03,NS03-03,ZAW,2021,1,NS03-03-01-ZAW,NS03-03-01-ZAW-LEFL,LEFL,1,1,1,1,,,,,
NS,03,03,NS03-03,ZAW,2021,1,NS03-03-01-ZAW,NS03-03-01-ZAW-WISN,WISN,0,2,1,2,,,,,
NS,03,03,NS03-03,ZAW,2021,1,NS03-03-01-ZAW,NS03-03-01-ZAW-SWSP,SWSP,0,1,1,1,,,,,
NS,03,03,NS03-03,ZAW,2021,1,NS03-03-01-ZAW,NS03-03-01-ZAW-MALL,MALL,0,0,3,3,OF,3,,,
NS,03,03,NS03-03,ZAW,2021,1,NS03-03-01-ZAW,NS03-03-01-ZAW-RNDU,RNDU,0,0,1,1,OF,1,,,
NS,03,03,NS03-03,ZAW,2021,1,NS03-03-01-ZAW,NS03-03-01-ZAW-REVI,REVI,0,0,1,1,,,,,
NS,03,04,NS03-04,ZAW,2021,1,NS03-04-01-ZAW,NS03-04-01-ZAW-COYE,COYE,1,1,2,2,,,,,
NS,03,04,NS03-04,ZAW,2021,1,NS03-04-01-ZAW,NS03-04-01-ZAW-YEWA,YEWA,1,3,3,3,,,,,
NS,03,04,NS03-04,ZAW,2021,1,NS03-04-01-ZAW,NS03-04-01-ZAW-SWSP,SWSP,3,2,3,3,,,,,
NS,03,04,NS03-04,ZAW,2021,1,NS03-04-01-ZAW,NS03-04-01-ZAW-WODU,WODU,1,1,0,1,,1,,,
NS,03,04,NS03-04,ZAW,2021,1,NS03-04-01-ZAW,NS03-04-01-ZAW-RWBL,RWBL,2,2,2,2,,,,,
NS,03,04,NS03-04,ZAW,2021,1,NS03-04-01-ZAW,NS03-04-01-ZAW-SOSP,SOSP,0,1,1,1,,,,,
NS,03,04,NS03-04,ZAW,2021,1,NS03-04-01-ZAW,NS03-04-01-ZAW-TRES,TRES,0,0,1,1,AF,,,,
NS,03,04,NS03-04,ZAW,2021,1,NS03-04-01-ZAW,NS03-04-01-ZAW-CEDW,CEDW,0,0,2,2,OF,,,,Written as CEWA
NS,03,04,NS03-04,ZAW,2021,1,NS03-04-01-ZAW,NS03-04-01-ZAW-COGR,COGR,0,0,1,1,OF,,,,
NS,03,04,NS03-04,ZAW,2021,1,NS03-04-01-ZAW,NS03-04-01-ZAW-WISN,WISN,0,0,1,1,,,,,
NS,03,05,NS03-05,ZAW,2021,1,NS03-05-01-ZAW,NS03-05-01-ZAW-MALL,MALL,3,0,1,3,OF,2,1,,
NS,03,05,NS03-05,ZAW,2021,1,NS03-05-01-ZAW,NS03-05-01-ZAW-RWBL,RWBL,6,6,4,6,,,,,
NS,03,05,NS03-05,ZAW,2021,1,NS03-05-01-ZAW,NS03-05-01-ZAW-SOSP,SOSP,1,1,1,1,,,,,
NS,03,05,NS03-05,ZAW,2021,1,NS03-05-01-ZAW,NS03-05-01-ZAW-LEFL,LEFL,1,0,1,1,,,,,
NS,03,05,NS03-05,ZAW,2021,1,NS03-05-01-ZAW,NS03-05-01-ZAW-YEWA,YEWA,2,2,2,2,,,,,
NS,03,05,NS03-05,ZAW,2021,1,NS03-05-01-ZAW,NS03-05-01-ZAW-BEKI,BEKI,1,0,0,1,,,,,
NS,03,05,NS03-05,ZAW,2021,1,NS03-05-01-ZAW,NS03-05-01-ZAW-WISN,WISN,1,0,0,1,,,,,
NS,03,05,NS03-05,ZAW,2021,1,NS03-05-01-ZAW,NS03-05-01-ZAW-ROPI,ROPI,0,1,0,1,OF,,,,
NS,03,05,NS03-05,ZAW,2021,1,NS03-05-01-ZAW,NS03-05-01-ZAW-SWSP,SWSP,0,2,1,2,,,,,
NS,03,05,NS03-05,ZAW,2021,1,NS03-05-01-ZAW,NS03-05-01-ZAW-HOME,HOME,0,0,1,1,OF,,,,
NS,03,05,NS03-05,ZAW,2021,1,NS03-05-01-ZAW,NS03-05-01-ZAW-ALFL,ALFL,0,0,1,1,,,,,
NS,03,06,NS03-06,ZAW,2021,1,NS03-06-01-ZAW,NS03-06-01-ZAW-RWBL,RWBL,6,5,6,6,,,,,
NS,03,06,NS03-06,ZAW,2021,1,NS03-06-01-ZAW,NS03-06-01-ZAW-WISN,WISN,1,1,0,1,,,,,
NS,03,06,NS03-06,ZAW,2021,1,NS03-06-01-ZAW,NS03-06-01-ZAW-MALL,MALL,11,3,0,11,,6,5,,
NS,03,06,NS03-06,ZAW,2021,1,NS03-06-01-ZAW,NS03-06-01-ZAW-CANG,CANG,11,0,0,11,,,,9,
NS,03,06,NS03-06,ZAW,2021,1,NS03-06-01-ZAW,NS03-06-01-ZAW-COYE,COYE,0,1,2,2,,,,,
NS,03,06,NS03-06,ZAW,2021,1,NS03-06-01-ZAW,NS03-06-01-ZAW-COGR,COGR,0,1,0,1,OF,,,,
NS,03,06,NS03-06,ZAW,2021,1,NS03-06-01-ZAW,NS03-06-01-ZAW-SWSP,SWSP,0,1,1,1,,,,,
NS,03,07,NS03-07,ZAW,2021,1,NS03-07-01-ZAW,NS03-07-01-ZAW-RWBL,RWBL,4,5,5,5,,,,,
NS,03,07,NS03-07,ZAW,2021,1,NS03-07-01-ZAW,NS03-07-01-ZAW-SWSP,SWSP,2,3,2,3,,,,,
NS,03,07,NS03-07,ZAW,2021,1,NS03-07-01-ZAW,NS03-07-01-ZAW-COYE,COYE,1,2,1,2,,,,,
NS,03,07,NS03-07,ZAW,2021,1,NS03-07-01-ZAW,NS03-07-01-ZAW-COGR,COGR,0,1,2,2,OF,,,,
NS,03,07,NS03-07,ZAW,2021,1,NS03-07-01-ZAW,NS03-07-01-ZAW-YEWA,YEWA,0,1,1,1,,,,,
NS,03,07,NS03-07,ZAW,2021,1,NS03-07-01-ZAW,NS03-07-01-ZAW-AMWI,AMWI,0,1,1,1,OF,1,,,
NS,03,07,NS03-07,ZAW,2021,1,NS03-07-01-ZAW,NS03-07-01-ZAW-GWTE,GWTE,0,0,1,1,OF,,,,
NS,03,07,NS03-07,ZAW,2021,1,NS03-07-01-ZAW,NS03-07-01-ZAW-WODU,WODU,0,0,1,1,,1,,,
NS,03,08,NS03-08,ZAW,2021,1,NS03-08-01-ZAW,NS03-08-01-ZAW-MALL,MALL,1,0,2,2,OF,1,1,,
NS,03,08,NS03-08,ZAW,2021,1,NS03-08-01-ZAW,NS03-08-01-ZAW-RWBL,RWBL,9,7,7,9,,,,,
NS,03,08,NS03-08,ZAW,2021,1,NS03-08-01-ZAW,NS03-08-01-ZAW-YEWA,YEWA,1,2,2,2,,,,,
NS,03,08,NS03-08,ZAW,2021,1,NS03-08-01-ZAW,NS03-08-01-ZAW-SWSP,SWSP,3,3,4,4,,,,,
NS,03,08,NS03-08,ZAW,2021,1,NS03-08-01-ZAW,NS03-08-01-ZAW-AMWI,AMWI,1,0,0,1,,1,,,
NS,03,08,NS03-08,ZAW,2021,1,NS03-08-01-ZAW,NS03-08-01-ZAW-CEDW,CEDW,1,0,0,1,OF,,,,Written CEWA
NS,03,08,NS03-08,ZAW,2021,1,NS03-08-01-ZAW,NS03-08-01-ZAW-NSHO,NSHO,4,0,0,4,OF,2,2,,"Written NOSO, assumed to be NSHO"
NS,03,08,NS03-08,ZAW,2021,1,NS03-08-01-ZAW,NS03-08-01-ZAW-HETH,HETH,1,1,1,1,,,,,
NS,03,08,NS03-08,ZAW,2021,1,NS03-08-01-ZAW,NS03-08-01-ZAW-ABDU,ABDU,0,1,0,1,OF,1,,,
NS,03,08,NS03-08,ZAW,2021,1,NS03-08-01-ZAW,NS03-08-01-ZAW-SOSP,SOSP,0,0,2,2,,,,,
NS,03,08,NS03-08,ZAW,2021,1,NS03-08-01-ZAW,NS03-08-01-ZAW-WODU,WODU,0,0,1,1,,1,,,
NS,03,09,NS03-09,ZAW,2021,1,NS03-09-01-ZAW,NS03-09-01-ZAW-RWBL,RWBL,6,5,4,6,,,,,
NS,03,09,NS03-09,ZAW,2021,1,NS03-09-01-ZAW,NS03-09-01-ZAW-YEWA,YEWA,2,3,2,3,,,,,
NS,03,09,NS03-09,ZAW,2021,1,NS03-09-01-ZAW,NS03-09-01-ZAW-SWSP,SWSP,5,6,6,6,,,,,
NS,03,09,NS03-09,ZAW,2021,1,NS03-09-01-ZAW,NS03-09-01-ZAW-SOSP,SOSP,2,1,2,2,,,,,
NS,03,09,NS03-09,ZAW,2021,1,NS03-09-01-ZAW,NS03-09-01-ZAW-COYE,COYE,1,1,1,1,,,,,
NS,03,09,NS03-09,ZAW,2021,1,NS03-09-01-ZAW,NS03-09-01-ZAW-ALFL,ALFL,0,1,2,2,,,,,
NS,03,10,NS03-10,ZAW,2021,1,NS03-10-01-ZAW,NS03-10-01-ZAW-RWBL,RWBL,6,5,7,7,,,,,
NS,03,10,NS03-10,ZAW,2021,1,NS03-10-01-ZAW,NS03-10-01-ZAW-COGR,COGR,3,0,0,3,OF,,,,
NS,03,10,NS03-10,ZAW,2021,1,NS03-10-01-ZAW,NS03-10-01-ZAW-COYE,COYE,1,1,0,1,,,,,
NS,03,10,NS03-10,ZAW,2021,1,NS03-10-01-ZAW,NS03-10-01-ZAW-YEWA,YEWA,2,2,3,3,,,,,
NS,03,10,NS03-10,ZAW,2021,1,NS03-10-01-ZAW,NS03-10-01-ZAW-SAVS,SAVS,1,2,1,2,,,,,Written as SASP
NS,03,10,NS03-10,ZAW,2021,1,NS03-10-01-ZAW,NS03-10-01-ZAW-MALL,MALL,1,0,0,1,OF,1,,,
NS,03,10,NS03-10,ZAW,2021,1,NS03-10-01-ZAW,NS03-10-01-ZAW-EUST,EUST,25,7,5,25,OF,,,,
NS,03,10,NS03-10,ZAW,2021,1,NS03-10-01-ZAW,NS03-10-01-ZAW-AMGO,AMGO,0,4,0,4,,,,,
NS,03,01,NS03-01,ZAW,2021,2,NS03-01-02-ZAW,NS03-01-02-ZAW-YEWA,YEWA,2,2,1,2,,,,,
NS,03,01,NS03-01,ZAW,2021,2,NS03-01-02-ZAW,NS03-01-02-ZAW-SWSP,SWSP,3,4,3,4,,,,,
NS,03,01,NS03-01,ZAW,2021,2,NS03-01-02-ZAW,NS03-01-02-ZAW-RNDU,RNDU,0,2,0,2,OF,1,1,,
NS,03,01,NS03-01,ZAW,2021,2,NS03-01-02-ZAW,NS03-01-02-ZAW-AMCR,AMCR,0,0,1,1,OF,,,,
NS,03,02,NS03-02,ZAW,2021,2,NS03-02-02-ZAW,NS03-02-02-ZAW-YEWA,YEWA,2,2,3,3,,,,,
NS,03,02,NS03-02,ZAW,2021,2,NS03-02-02-ZAW,NS03-02-02-ZAW-COYE,COYE,1,1,1,1,,,,,
NS,03,02,NS03-02,ZAW,2021,2,NS03-02-02-ZAW,NS03-02-02-ZAW-SWSP,SWSP,3,2,4,4,,,,,
NS,03,02,NS03-02,ZAW,2021,2,NS03-02-02-ZAW,NS03-02-02-ZAW-ALFL,ALFL,1,1,1,1,,,,,
NS,03,02,NS03-02,ZAW,2021,2,NS03-02-02-ZAW,NS03-02-02-ZAW-BWTE,BWTE,2,0,0,2,OF,1,1,,
NS,03,02,NS03-02,ZAW,2021,2,NS03-02-02-ZAW,NS03-02-02-ZAW-MALL,MALL,0,1,0,1,OF,,1,,
NS,03,02,NS03-02,ZAW,2021,2,NS03-02-02-ZAW,NS03-02-02-ZAW-ABDU,ABDU,0,1,0,1,OF,1,,,
NS,03,02,NS03-02,ZAW,2021,2,NS03-02-02-ZAW,NS03-02-02-ZAW-WODU,WODU,0,1,0,1,,1,,,
NS,03,02,NS03-02,ZAW,2021,2,NS03-02-02-ZAW,NS03-02-02-ZAW-RWBL,RWBL,2,2,0,2,,,,,
NS,03,02,NS03-02,ZAW,2021,2,NS03-02-02-ZAW,NS03-02-02-ZAW-SOSP,SOSP,0,0,1,1,,,,,
NS,03,03,NS03-03,ZAW,2021,2,NS03-03-02-ZAW,NS03-03-02-ZAW-WISN,WISN,1,0,0,1,OF,,,,
NS,03,03,NS03-03,ZAW,2021,2,NS03-03-02-ZAW,NS03-03-02-ZAW-WODU,WODU,1,0,0,1,,1,,,
NS,03,03,NS03-03,ZAW,2021,2,NS03-03-02-ZAW,NS03-03-02-ZAW-SWSP,SWSP,4,4,4,4,,,,,
NS,03,03,NS03-03,ZAW,2021,2,NS03-03-02-ZAW,NS03-03-02-ZAW-REVI,REVI,1,1,1,1,,,,,
NS,03,03,NS03-03,ZAW,2021,2,NS03-03-02-ZAW,NS03-03-02-ZAW-LEFL,LEFL,1,1,2,2,,,,,
NS,03,03,NS03-03,ZAW,2021,2,NS03-03-02-ZAW,NS03-03-02-ZAW-YEWA,YEWA,3,2,3,3,,,,,
NS,03,03,NS03-03,ZAW,2021,2,NS03-03-02-ZAW,NS03-03-02-ZAW-COYE,COYE,2,1,2,2,,,,,
NS,03,03,NS03-03,ZAW,2021,2,NS03-03-02-ZAW,NS03-03-02-ZAW-RNDU,RNDU,0,1,0,1,OF,1,,,
NS,03,03,NS03-03,ZAW,2021,2,NS03-03-02-ZAW,NS03-03-02-ZAW-CEDW,CEDW,0,1,0,1,OF,,,,
NS,03,03,NS03-03,ZAW,2021,2,NS03-03-02-ZAW,NS03-03-02-ZAW-BLJA,BLJA,0,2,0,2,OF,,,,
NS,03,03,NS03-03,ZAW,2021,2,NS03-03-02-ZAW,NS03-03-02-ZAW-RWBL,RWBL,0,0,10,10,OF,,,,
NS,03,04,NS03-04,ZAW,2021,2,NS03-04-02-ZAW,NS03-04-02-ZAW-REVI,REVI,1,1,1,1,,,,,
NS,03,04,NS03-04,ZAW,2021,2,NS03-04-02-ZAW,NS03-04-02-ZAW-WODU,WODU,2,0,0,2,,2,,,
NS,03,04,NS03-04,ZAW,2021,2,NS03-04-02-ZAW,NS03-04-02-ZAW-SWSP,SWSP,3,4,4,4,,,,,
NS,03,04,NS03-04,ZAW,2021,2,NS03-04-02-ZAW,NS03-04-02-ZAW-ALFL,ALFL,2,3,3,3,,,,,
NS,03,04,NS03-04,ZAW,2021,2,NS03-04-02-ZAW,NS03-04-02-ZAW-AMRO,AMRO,1,1,1,1,,,,,
NS,03,04,NS03-04,ZAW,2021,2,NS03-04-02-ZAW,NS03-04-02-ZAW-MALL,MALL,1,0,0,1,OF,1,,,
NS,03,04,NS03-04,ZAW,2021,2,NS03-04-02-ZAW,NS03-04-02-ZAW-NOFL,NOFL,1,0,0,1,OF,,,,
NS,03,04,NS03-04,ZAW,2021,2,NS03-04-02-ZAW,NS03-04-02-ZAW-HETH,HETH,0,2,2,2,,,,,
NS,03,04,NS03-04,ZAW,2021,2,NS03-04-02-ZAW,NS03-04-02-ZAW-YEWA,YEWA,1,1,3,3,,,,,
NS,03,04,NS03-04,ZAW,2021,2,NS03-04-02-ZAW,NS03-04-02-ZAW-CANG,CANG,0,8,0,8,,,,,
NS,03,05,NS03-05,ZAW,2021,2,NS03-05-02-ZAW,NS03-05-02-ZAW-COYE,COYE,2,1,1,2,,,,,
NS,03,05,NS03-05,ZAW,2021,2,NS03-05-02-ZAW,NS03-05-02-ZAW-YEWA,YEWA,2,3,2,3,,,,,
NS,03,05,NS03-05,ZAW,2021,2,NS03-05-02-ZAW,NS03-05-02-ZAW-HETH,HETH,1,1,1,1,,,,,
NS,03,05,NS03-05,ZAW,2021,2,NS03-05-02-ZAW,NS03-05-02-ZAW-ALFL,ALFL,1,1,1,1,,,,,
NS,03,05,NS03-05,ZAW,2021,2,NS03-05-02-ZAW,NS03-05-02-ZAW-BWTE,BWTE,1,0,0,1,,1,,,
NS,03,05,NS03-05,ZAW,2021,2,NS03-05-02-ZAW,NS03-05-02-ZAW-SWSP,SWSP,4,4,5,5,,,,,
NS,03,05,NS03-05,ZAW,2021,2,NS03-05-02-ZAW,NS03-05-02-ZAW-RWBL,RWBL,1,3,6,6,,,,,
NS,03,06,NS03-06,ZAW,2021,2,NS03-06-02-ZAW,NS03-06-02-ZAW-SWSP,SWSP,5,6,7,7,,,,,
NS,03,06,NS03-06,ZAW,2021,2,NS03-06-02-ZAW,NS03-06-02-ZAW-WODU,WODU,2,0,0,2,,2,,,
NS,03,06,NS03-06,ZAW,2021,2,NS03-06-02-ZAW,NS03-06-02-ZAW-YEWA,YEWA,3,3,4,4,,,,,
NS,03,06,NS03-06,ZAW,2021,2,NS03-06-02-ZAW,NS03-06-02-ZAW-RWBL,RWBL,4,7,7,7,,,,,
NS,03,06,NS03-06,ZAW,2021,2,NS03-06-02-ZAW,NS03-06-02-ZAW-CANG,CANG,8,0,0,8,,,,,
NS,03,06,NS03-06,ZAW,2021,2,NS03-06-02-ZAW,NS03-06-02-ZAW-HETH,HETH,0,0,1,1,,,,,
NS,03,07,NS03-07,ZAW,2021,2,NS03-07-02-ZAW,NS03-07-02-ZAW-WODU,WODU,1,0,0,1,,1,,,
NS,03,07,NS03-07,ZAW,2021,2,NS03-07-02-ZAW,NS03-07-02-ZAW-SWSP,SWSP,4,7,7,7,,,,,
NS,03,07,NS03-07,ZAW,2021,2,NS03-07-02-ZAW,NS03-07-02-ZAW-YEWA,YEWA,3,3,2,3,,,,,
NS,03,07,NS03-07,ZAW,2021,2,NS03-07-02-ZAW,NS03-07-02-ZAW-RWBL,RWBL,4,6,6,6,,,,,
NS,03,07,NS03-07,ZAW,2021,2,NS03-07-02-ZAW,NS03-07-02-ZAW-COYE,COYE,2,2,3,3,,,,,
NS,03,07,NS03-07,ZAW,2021,2,NS03-07-02-ZAW,NS03-07-02-ZAW-REVI,REVI,1,0,1,1,,,,,
NS,03,07,NS03-07,ZAW,2021,2,NS03-07-02-ZAW,NS03-07-02-ZAW-HETH,HETH,0,1,0,1,,,,,
NS,03,07,NS03-07,ZAW,2021,2,NS03-07-02-ZAW,NS03-07-02-ZAW-MALL,MALL,0,0,1,1,,,1,,
NS,03,08,NS03-08,ZAW,2021,2,NS03-08-02-ZAW,NS03-08-02-ZAW-YEWA,YEWA,2,3,2,3,,,,,
NS,03,08,NS03-08,ZAW,2021,2,NS03-08-02-ZAW,NS03-08-02-ZAW-SWSP,SWSP,7,7,6,7,,,,,
NS,03,08,NS03-08,ZAW,2021,2,NS03-08-02-ZAW,NS03-08-02-ZAW-RWBL,RWBL,3,7,6,7,,,,,
NS,03,08,NS03-08,ZAW,2021,2,NS03-08-02-ZAW,NS03-08-02-ZAW-COGR,COGR,4,2,1,4,,,,,
NS,03,08,NS03-08,ZAW,2021,2,NS03-08-02-ZAW,NS03-08-02-ZAW-COYE,COYE,0,1,1,1,,,,,
NS,03,08,NS03-08,ZAW,2021,2,NS03-08-02-ZAW,NS03-08-02-ZAW-CEDW,CEDW,0,0,2,2,,,,,
NS,03,09,NS03-09,ZAW,2021,2,NS03-09-02-ZAW,NS03-09-02-ZAW-WODU,WODU,1,1,1,1,,1,,,
NS,03,09,NS03-09,ZAW,2021,2,NS03-09-02-ZAW,NS03-09-02-ZAW-COYE,COYE,1,2,2,2,,,,,
NS,03,09,NS03-09,ZAW,2021,2,NS03-09-02-ZAW,NS03-09-02-ZAW-YEWA,YEWA,2,1,3,3,,,,,
NS,03,09,NS03-09,ZAW,2021,2,NS03-09-02-ZAW,NS03-09-02-ZAW-HETH,HETH,1,1,0,1,,,,,
NS,03,09,NS03-09,ZAW,2021,2,NS03-09-02-ZAW,NS03-09-02-ZAW-SWSP,SWSP,7,6,7,7,,,,,
NS,03,09,NS03-09,ZAW,2021,2,NS03-09-02-ZAW,NS03-09-02-ZAW-TRES,TRES,2,2,0,2,OF,,,,
NS,03,09,NS03-09,ZAW,2021,2,NS03-09-02-ZAW,NS03-09-02-ZAW-CONI,CONI,1,0,1,1,OF,,,,
NS,03,09,NS03-09,ZAW,2021,2,NS03-09-02-ZAW,NS03-09-02-ZAW-AMGO,AMGO,2,0,0,2,OF,,,,
NS,03,09,NS03-09,ZAW,2021,2,NS03-09-02-ZAW,NS03-09-02-ZAW-RWBL,RWBL,5,4,5,5,,,,,
NS,03,09,NS03-09,ZAW,2021,2,NS03-09-02-ZAW,NS03-09-02-ZAW-MODO,MODO,0,1,0,1,OF,,,,
NS,03,10,NS03-10,ZAW,2021,2,NS03-10-02-ZAW,NS03-10-02-ZAW-COYE,COYE,3,3,2,3,,,,,
NS,03,10,NS03-10,ZAW,2021,2,NS03-10-02-ZAW,NS03-10-02-ZAW-AMGO,AMGO,2,0,3,3,OF,,,,
NS,03,10,NS03-10,ZAW,2021,2,NS03-10-02-ZAW,NS03-10-02-ZAW-RWBL,RWBL,8,9,7,9,OF,,,,
NS,03,10,NS03-10,ZAW,2021,2,NS03-10-02-ZAW,NS03-10-02-ZAW-YEWA,YEWA,4,4,4,4,,,,,
NS,03,10,NS03-10,ZAW,2021,2,NS03-10-02-ZAW,NS03-10-02-ZAW-EUST,EUST,25,25,25,25,,,,,
NS,03,10,NS03-10,ZAW,2021,2,NS03-10-02-ZAW,NS03-10-02-ZAW-SAVS,SAVS,1,1,2,2,,,,,Written as SASP
NS,03,10,NS03-10,ZAW,2021,2,NS03-10-02-ZAW,NS03-10-02-ZAW-SOSP,SOSP,1,2,2,2,,,,,
NS,03,10,NS03-10,ZAW,2021,2,NS03-10-02-ZAW,NS03-10-02-ZAW-COGR,COGR,9,7,6,9,OF,,,,
NS,03,10,NS03-10,ZAW,2021,2,NS03-10-02-ZAW,NS03-10-02-ZAW-TRES,TRES,2,0,2,2,OF,,,,
NB,LE,01,NBLE-01,MIM,2021,1,NBLE-01-01-MIM,NBLE-01-01-MIM-ONLY COUNTED PRIMARY SPECIES,ONLY COUNTED PRIMARY SPECIES,,,,0,,,,,
NB,LE,02,NBLE-02,MIM,2021,1,NBLE-02-01-MIM,NBLE-02-01-MIM-ONLY COUNTED PRIMARY SPECIES,ONLY COUNTED PRIMARY SPECIES,,,,0,,,,,
NB,LE,03,NBLE-03,MIM,2021,1,NBLE-03-01-MIM,NBLE-03-01-MIM-ONLY COUNTED PRIMARY SPECIES,ONLY COUNTED PRIMARY SPECIES,,,,0,,,,,
NB,LE,01,NBLE-01,MIM,2021,2,NBLE-01-02-MIM,NBLE-01-02-MIM-VEER,VEER,1,0,0,1,,,,,
NB,LE,01,NBLE-01,MIM,2021,2,NBLE-01-02-MIM,NBLE-01-02-MIM-AMRE,AMRE,1,0,1,1,,,,,
NB,LE,01,NBLE-01,MIM,2021,2,NBLE-01-02-MIM,NBLE-01-02-MIM-GCFL,GCFL,1,0,0,1,,,,,
NB,LE,01,NBLE-01,MIM,2021,2,NBLE-01-02-MIM,NBLE-01-02-MIM-SOSP,SOSP,3,2,3,3,,,,,
NB,LE,01,NBLE-01,MIM,2021,2,NBLE-01-02-MIM,NBLE-01-02-MIM-RWBL,RWBL,3,2,5,5,,,,,
NB,LE,01,NBLE-01,MIM,2021,2,NBLE-01-02-MIM,NBLE-01-02-MIM-AMCR,AMCR,0,2,1,2,,,,,
NB,LE,01,NBLE-01,MIM,2021,2,NBLE-01-02-MIM,NBLE-01-02-MIM-SAVS,SAVS,0,0,1,1,,,,,
NB,LE,01,NBLE-01,MIM,2021,2,NBLE-01-02-MIM,NBLE-01-02-MIM-YEWA,YEWA,0,0,2,2,,,,,
NB,LE,01,NBLE-01,MIM,2021,2,NBLE-01-02-MIM,NBLE-01-02-MIM-ALFL,ALFL,0,0,1,1,,,,,
NB,LE,02,NBLE-02,MIM,2021,2,NBLE-02-02-MIM,NBLE-02-02-MIM-SOSP,SOSP,2,2,2,2,,,,,
NB,LE,02,NBLE-02,MIM,2021,2,NBLE-02-02-MIM,NBLE-02-02-MIM-SAVS,SAVS,2,1,1,2,,,,,
NB,LE,02,NBLE-02,MIM,2021,2,NBLE-02-02-MIM,NBLE-02-02-MIM-YEWA,YEWA,2,2,1,2,,,,,
NB,LE,02,NBLE-02,MIM,2021,2,NBLE-02-02-MIM,NBLE-02-02-MIM-AMRE,AMRE,1,0,1,1,,,,,
NB,LE,02,NBLE-02,MIM,2021,2,NBLE-02-02-MIM,NBLE-02-02-MIM-AMCR,AMCR,1,0,1,1,,,,,
NB,LE,02,NBLE-02,MIM,2021,2,NBLE-02-02-MIM,NBLE-02-02-MIM-VEER,VEER,1,0,1,1,,,,,
NB,LE,02,NBLE-02,MIM,2021,2,NBLE-02-02-MIM,NBLE-02-02-MIM-EAWP,EAWP,1,0,1,1,,,,,
NB,LE,02,NBLE-02,MIM,2021,2,NBLE-02-02-MIM,NBLE-02-02-MIM-RWBL,RWBL,2,3,3,3,,,,,
NB,LE,02,NBLE-02,MIM,2021,2,NBLE-02-02-MIM,NBLE-02-02-MIM-ALFL,ALFL,1,1,1,1,,,,,
NB,LE,02,NBLE-02,MIM,2021,2,NBLE-02-02-MIM,NBLE-02-02-MIM-GCFL,GCFL,1,0,1,1,,,,,
NB,LE,03,NBLE-03,MIM,2021,2,NBLE-03-02-MIM,NBLE-03-02-MIM-VEER,VEER,1,0,1,1,,,,,
NB,LE,03,NBLE-03,MIM,2021,2,NBLE-03-02-MIM,NBLE-03-02-MIM-YEWA,YEWA,1,1,1,1,,,,,
NB,LE,03,NBLE-03,MIM,2021,2,NBLE-03-02-MIM,NBLE-03-02-MIM-AMRE,AMRE,2,1,1,2,,,,,
NB,LE,03,NBLE-03,MIM,2021,2,NBLE-03-02-MIM,NBLE-03-02-MIM-AMRO,AMRO,2,0,1,2,,,,,
NB,LE,03,NBLE-03,MIM,2021,2,NBLE-03-02-MIM,NBLE-03-02-MIM-Duck sp,Duck sp,2,0,0,2,,,,,Heard
NB,LE,03,NBLE-03,MIM,2021,2,NBLE-03-02-MIM,NBLE-03-02-MIM-AMCR,AMCR,1,1,1,1,,,,,
NB,LE,03,NBLE-03,MIM,2021,2,NBLE-03-02-MIM,NBLE-03-02-MIM-RWBL,RWBL,0,0,2,2,,,,,
NB,55,01,NB55-01,MAH,2021,1,NB55-01-01-MAH,NB55-01-01-MAH-RWBL,RWBL,4,4,0,4,,,,,
NB,55,01,NB55-01,MAH,2021,1,NB55-01-01-MAH,NB55-01-01-MAH-SWSP,SWSP,2,2,0,2,,,,,
NB,55,01,NB55-01,MAH,2021,1,NB55-01-01-MAH,NB55-01-01-MAH-BCCH,BCCH,1,0,0,1,,,,,
NB,55,01,NB55-01,MAH,2021,1,NB55-01-01-MAH,NB55-01-01-MAH-GBHE,GBHE,0,1,0,1,OF,,,,
NB,55,01,NB55-01,MAH,2021,1,NB55-01-01-MAH,NB55-01-01-MAH-AMCR,AMCR,0,1,0,1,,,,,
NB,55,01,NB55-01,MAH,2021,1,NB55-01-01-MAH,NB55-01-01-MAH-ICGU,ICGU,0,0,4,4,OF,,,,
NB,55,02,NB55-02,MAH,2021,1,NB55-02-01-MAH,NB55-02-01-MAH-MALL,MALL,2,0,0,2,,2,,,
NB,55,02,NB55-02,MAH,2021,1,NB55-02-01-MAH,NB55-02-01-MAH-CANG,CANG,2,1,1,2,,,,,
NB,55,02,NB55-02,MAH,2021,1,NB55-02-01-MAH,NB55-02-01-MAH-AMCR,AMCR,2,0,2,2,,,,,
NB,55,02,NB55-02,MAH,2021,1,NB55-02-01-MAH,NB55-02-01-MAH-GBBG,GBBG,1,6,0,6,OF,,,,
NB,55,02,NB55-02,MAH,2021,1,NB55-02-01-MAH,NB55-02-01-MAH-HERG,HERG,0,3,0,3,OF,,,,
NB,55,02,NB55-02,MAH,2021,1,NB55-02-01-MAH,NB55-02-01-MAH-GBHE,GBHE,0,0,1,1,OF,,,,
NB,55,03,NB55-03,MAH,2021,1,NB55-03-01-MAH,NB55-03-01-MAH-HERG,HERG,1,5,2,5,2,,,,"2 flyovers, time not noted"
NB,55,03,NB55-03,MAH,2021,1,NB55-03-01-MAH,NB55-03-01-MAH-GBHE,GBHE,1,0,0,1,,,,,
NB,55,03,NB55-03,MAH,2021,1,NB55-03-01-MAH,NB55-03-01-MAH-MALL,MALL,4,0,0,4,,,,,
NB,55,03,NB55-03,MAH,2021,1,NB55-03-01-MAH,NB55-03-01-MAH-RWBL,RWBL,1,0,0,1,,,,,
NB,55,03,NB55-03,MAH,2021,1,NB55-03-01-MAH,NB55-03-01-MAH-SWSP,SWSP,0,1,0,1,,,,,
NB,55,03,NB55-03,MAH,2021,1,NB55-03-01-MAH,NB55-03-01-MAH-WODU,WODU,0,0,1,1,,,,,
NB,55,04,NB55-04,MAH,2021,1,NB55-04-01-MAH,NB55-04-01-MAH-COGR,COGR,1,0,0,1,,,,,
NB,55,04,NB55-04,MAH,2021,1,NB55-04-01-MAH,NB55-04-01-MAH-HETH,HETH,1,0,0,1,,,,,
NB,55,04,NB55-04,MAH,2021,1,NB55-04-01-MAH,NB55-04-01-MAH-AMCR,AMCR,2,1,1,2,,,,,
NB,55,04,NB55-04,MAH,2021,1,NB55-04-01-MAH,NB55-04-01-MAH-BCCH,BCCH,1,1,1,1,,,,,
NB,55,04,NB55-04,MAH,2021,1,NB55-04-01-MAH,NB55-04-01-MAH-CANG,CANG,1,3,1,3,1,,,,"1 flyover, time not noted"
NB,55,04,NB55-04,MAH,2021,1,NB55-04-01-MAH,NB55-04-01-MAH-HERG,HERG,0,4,10,10,,,,,
NB,55,04,NB55-04,MAH,2021,1,NB55-04-01-MAH,NB55-04-01-MAH-AMRO,AMRO,0,1,0,1,,,,,
NB,55,04,NB55-04,MAH,2021,1,NB55-04-01-MAH,NB55-04-01-MAH-GBHE,GBHE,0,2,0,2,1,,,,"1 flyover, time not noted"
NB,55,04,NB55-04,MAH,2021,1,NB55-04-01-MAH,NB55-04-01-MAH-SWSP,SWSP,0,0,1,1,,,,,
NB,55,04,NB55-04,MAH,2021,1,NB55-04-01-MAH,NB55-04-01-MAH-ICGU,ICGU,0,0,2,2,,,,,
NB,55,01,NB55-01,MAH,2021,2,NB55-01-02-MAH,NB55-01-02-MAH-SWSP,SWSP,1,1,1,1,,,,,
NB,55,01,NB55-01,MAH,2021,2,NB55-01-02-MAH,NB55-01-02-MAH-RWBL,RWBL,1,1,1,1,,,,,
NB,55,01,NB55-01,MAH,2021,2,NB55-01-02-MAH,NB55-01-02-MAH-COGR,COGR,2,2,2,2,,,,,
NB,55,01,NB55-01,MAH,2021,2,NB55-01-02-MAH,NB55-01-02-MAH-DCCO,DCCO,,,,0,OF,,,,"22 flyovers, time not noted"
NB,55,02,NB55-02,MAH,2021,2,NB55-02-02-MAH,NB55-02-02-MAH-NOHA,NOHA,,,,0,OF,,,,"1 flyover, time not noted"
NB,55,02,NB55-02,MAH,2021,2,NB55-02-02-MAH,NB55-02-02-MAH-GBHE,GBHE,0,1,1,1,,,,,
NB,55,02,NB55-02,MAH,2021,2,NB55-02-02-MAH,NB55-02-02-MAH-GBBG,GBBG,2,5,1,5,,,,,
NB,55,02,NB55-02,MAH,2021,2,NB55-02-02-MAH,NB55-02-02-MAH-CANG,CANG,8,6,0,8,,,,,"2 flyovers, time not noted"
NB,55,02,NB55-02,MAH,2021,2,NB55-02-02-MAH,NB55-02-02-MAH-ABDU,ABDU,12,10,0,12,,,,,8 flyovers. Time not noted
NB,55,02,NB55-02,MAH,2021,2,NB55-02-02-MAH,NB55-02-02-MAH-MALL,MALL,4,2,0,4,2,,,,"2 flyovers, time not noted"
NB,55,03,NB55-03,MAH,2021,2,NB55-03-02-MAH,NB55-03-02-MAH-GBHE,GBHE,1,0,0,1,,,,,
NB,55,03,NB55-03,MAH,2021,2,NB55-03-02-MAH,NB55-03-02-MAH-ABDU,ABDU,4,4,4,4,,,,,
NB,55,03,NB55-03,MAH,2021,2,NB55-03-02-MAH,NB55-03-02-MAH-MALL,MALL,2,2,2,2,,,,,
NB,55,03,NB55-03,MAH,2021,2,NB55-03-02-MAH,NB55-03-02-MAH-RBGU,RBGU,2,2,0,2,,,,,
NB,55,03,NB55-03,MAH,2021,2,NB55-03-02-MAH,NB55-03-02-MAH-HERG,HERG,5,3,4,5,,,,,
NB,55,04,NB55-04,MAH,2021,2,NB55-04-02-MAH,NB55-04-02-MAH-CANG,CANG,3,5,1,5,,,,,
NB,55,04,NB55-04,MAH,2021,2,NB55-04-02-MAH,NB55-04-02-MAH-GBHE,GBHE,1,1,1,1,,,,,
NB,55,04,NB55-04,MAH,2021,2,NB55-04-02-MAH,NB55-04-02-MAH-MALL,MALL,1,0,0,1,,,,,
NB,55,04,NB55-04,MAH,2021,2,NB55-04-02-MAH,NB55-04-02-MAH-GRYE,GRYE,2,2,2,2,,,,,
NB,55,04,NB55-04,MAH,2021,2,NB55-04-02-MAH,NB55-04-02-MAH-GBBG,GBBG,,,,0,OF,,,,"37 flyovers, time not noted"
NB,55,04,NB55-04,MAH,2021,2,NB55-04-02-MAH,NB55-04-02-MAH-SWSP,SWSP,0,0,1,1,,,,,
NB,55,04,NB55-04,MAH,2021,2,NB55-04-02-MAH,NB55-04-02-MAH-RBGU,RBGU,0,0,2,2,,,,,
NB,55,04,NB55-04,MAH,2021,2,NB55-04-02-MAH,NB55-04-02-MAH-HERG,HERG,,,,0,OF,,,,"18 flyovers, time not noted"
NB,55,04,NB55-04,MAH,2021,2,NB55-04-02-MAH,NB55-04-02-MAH-AMCR,AMCR,0,0,1,1,,,,,
NB,57,01,NB57-01,LON,2021,1,NB57-01-01-LON,NB57-01-01-LON-SAVS,SAVS,1,1,2,2,,,,,
NB,57,01,NB57-01,LON,2021,1,NB57-01-01-LON,NB57-01-01-LON-RWBL,RWBL,5,3,4,5,,,,,
NB,57,01,NB57-01,LON,2021,1,NB57-01-01-LON,NB57-01-01-LON-BOBO,BOBO,2,1,1,2,,,,,
NB,57,01,NB57-01,LON,2021,1,NB57-01-01-LON,NB57-01-01-LON-COYE,COYE,1,0,1,1,,,,,
NB,57,01,NB57-01,LON,2021,1,NB57-01-01-LON,NB57-01-01-LON-RIPH,RIPH,1,0,1,1,,,,,Written RINP
NB,57,01,NB57-01,LON,2021,1,NB57-01-01-LON,NB57-01-01-LON-SWSP,SWSP,1,1,1,1,,,,,
NB,57,01,NB57-01,LON,2021,1,NB57-01-01-LON,NB57-01-01-LON-SOSP,SOSP,0,1,0,1,,,,,
NB,57,02,NB57-02,LON,2021,1,NB57-02-01-LON,NB57-02-01-LON-RWBL,RWBL,3,3,3,3,,,,,
NB,57,02,NB57-02,LON,2021,1,NB57-02-01-LON,NB57-02-01-LON-COYE,COYE,1,1,1,1,,,,,
NB,57,02,NB57-02,LON,2021,1,NB57-02-01-LON,NB57-02-01-LON-SWSP,SWSP,1,2,1,2,,,,,
NB,57,02,NB57-02,LON,2021,1,NB57-02-01-LON,NB57-02-01-LON-SOSP,SOSP,1,1,1,1,,,,,
NB,57,02,NB57-02,LON,2021,1,NB57-02-01-LON,NB57-02-01-LON-WODU,WODU,3,0,0,3,,3,,,
NB,57,02,NB57-02,LON,2021,1,NB57-02-01-LON,NB57-02-01-LON-RIPH,RIPH,0,1,0,1,,,,,Written RINP
NB,57,02,NB57-02,LON,2021,1,NB57-02-01-LON,NB57-02-01-LON-YEWA,YEWA,0,1,0,1,,,,,
NB,57,03,NB57-03,LON,2021,1,NB57-03-01-LON,NB57-03-01-LON-RWBL,RWBL,3,5,4,5,,,,,
NB,57,03,NB57-03,LON,2021,1,NB57-03-01-LON,NB57-03-01-LON-YEWA,YEWA,1,1,0,1,,,,,
NB,57,03,NB57-03,LON,2021,1,NB57-03-01-LON,NB57-03-01-LON-COYE,COYE,1,1,1,1,,,,,
NB,57,03,NB57-03,LON,2021,1,NB57-03-01-LON,NB57-03-01-LON-SAVS,SAVS,1,0,1,1,,,,,
NB,57,03,NB57-03,LON,2021,1,NB57-03-01-LON,NB57-03-01-LON-SWSP,SWSP,1,0,2,2,,,,,
NB,57,03,NB57-03,LON,2021,1,NB57-03-01-LON,NB57-03-01-LON-RNDU,RNDU,1,0,0,1,,1,,,
NB,57,03,NB57-03,LON,2021,1,NB57-03-01-LON,NB57-03-01-LON-SOSP,SOSP,0,1,1,1,,,,,
NB,57,03,NB57-03,LON,2021,1,NB57-03-01-LON,NB57-03-01-LON-GADW,GADW,1,0,0,1,,1,,,
NB,57,03,NB57-03,LON,2021,1,NB57-03-01-LON,NB57-03-01-LON-NSHO,NSHO,2,0,0,2,,1,1,,
NB,57,04,NB57-04,LON,2021,1,NB57-04-01-LON,NB57-04-01-LON-RNDU,RNDU,1,1,0,1,,1,,,
NB,57,04,NB57-04,LON,2021,1,NB57-04-01-LON,NB57-04-01-LON-RWBL,RWBL,3,2,2,3,,,,,
NB,57,04,NB57-04,LON,2021,1,NB57-04-01-LON,NB57-04-01-LON-SWSP,SWSP,1,1,0,1,,,,,
NB,57,04,NB57-04,LON,2021,1,NB57-04-01-LON,NB57-04-01-LON-COYE,COYE,0,1,1,1,,,,,
NB,57,04,NB57-04,LON,2021,1,NB57-04-01-LON,NB57-04-01-LON-ABDU,ABDU,0,1,0,1,,,,,
NB,57,04,NB57-04,LON,2021,1,NB57-04-01-LON,NB57-04-01-LON-MALL,MALL,0,2,0,2,,2,,,
NB,57,04,NB57-04,LON,2021,1,NB57-04-01-LON,NB57-04-01-LON-GADW,GADW,0,1,1,1,,1,,,
NB,57,04,NB57-04,LON,2021,1,NB57-04-01-LON,NB57-04-01-LON-YEWA,YEWA,0,0,1,1,,,,,
NB,57,04,NB57-04,LON,2021,1,NB57-04-01-LON,NB57-04-01-LON-GADW,GADW,0,2,0,2,OF,2,,,
NB,57,05,NB57-05,LON,2021,1,NB57-05-01-LON,NB57-05-01-LON-RWBL,RWBL,5,3,4,5,,,,,
NB,57,05,NB57-05,LON,2021,1,NB57-05-01-LON,NB57-05-01-LON-COYE,COYE,1,1,1,1,,,,,
NB,57,05,NB57-05,LON,2021,1,NB57-05-01-LON,NB57-05-01-LON-SWSP,SWSP,1,0,1,1,,,,,
NB,57,05,NB57-05,LON,2021,1,NB57-05-01-LON,NB57-05-01-LON-ABDU,ABDU,3,1,0,3,,,1,2,
NB,57,05,NB57-05,LON,2021,1,NB57-05-01-LON,NB57-05-01-LON-SOSP,SOSP,0,1,1,1,,,,,
NB,57,05,NB57-05,LON,2021,1,NB57-05-01-LON,NB57-05-01-LON-TRES,TRES,0,1,0,1,AF,,,,
NB,57,05,NB57-05,LON,2021,1,NB57-05-01-LON,NB57-05-01-LON-RNDU,RNDU,0,1,0,1,,1,,,
NB,57,05,NB57-05,LON,2021,1,NB57-05-01-LON,NB57-05-01-LON-YEWA,YEWA,0,0,1,1,,,,,
NB,57,06,NB57-06,LON,2021,1,NB57-06-01-LON,NB57-06-01-LON-RWBL,RWBL,5,4,5,5,,,,,
NB,57,06,NB57-06,LON,2021,1,NB57-06-01-LON,NB57-06-01-LON-BOBO,BOBO,1,2,2,2,,,,,
NB,57,06,NB57-06,LON,2021,1,NB57-06-01-LON,NB57-06-01-LON-MALL,MALL,2,0,0,2,OF,2,,,
NB,57,06,NB57-06,LON,2021,1,NB57-06-01-LON,NB57-06-01-LON-SWSP,SWSP,0,0,1,1,,,,,
NB,57,01,NB57-01,LON,2021,2,NB57-01-02-LON,NB57-01-02-LON-MALL,MALL,7,17,0,17,OF,,,,
NB,57,01,NB57-01,LON,2021,2,NB57-01-02-LON,NB57-01-02-LON-RWBL,RWBL,5,4,5,5,,,,,
NB,57,01,NB57-01,LON,2021,2,NB57-01-02-LON,NB57-01-02-LON-SWSP,SWSP,2,2,2,2,,,,,
NB,57,01,NB57-01,LON,2021,2,NB57-01-02-LON,NB57-01-02-LON-SOSP,SOSP,1,0,0,1,,,,,
NB,57,01,NB57-01,LON,2021,2,NB57-01-02-LON,NB57-01-02-LON-SAVS,SAVS,0,0,1,1,,,,,
NB,57,02,NB57-02,LON,2021,2,NB57-02-02-LON,NB57-02-02-LON-SOSP,SOSP,1,1,1,1,,,,,
NB,57,02,NB57-02,LON,2021,2,NB57-02-02-LON,NB57-02-02-LON-RWBL,RWBL,3,4,5,5,,,,,
NB,57,02,NB57-02,LON,2021,2,NB57-02-02-LON,NB57-02-02-LON-SWSP,SWSP,1,1,2,2,,,,,
NB,57,02,NB57-02,LON,2021,2,NB57-02-02-LON,NB57-02-02-LON-COYE,COYE,1,0,0,1,,,,,
NB,57,02,NB57-02,LON,2021,2,NB57-02-02-LON,NB57-02-02-LON-TRES,TRES,1,1,0,1,AF,,,,
NB,57,02,NB57-02,LON,2021,2,NB57-02-02-LON,NB57-02-02-LON-YEWA,YEWA,0,0,1,1,,,,,
NB,57,03,NB57-03,LON,2021,2,NB57-03-02-LON,NB57-03-02-LON-GWTE,GWTE,1,0,0,1,,1,,,
NB,57,03,NB57-03,LON,2021,2,NB57-03-02-LON,NB57-03-02-LON-RWBL,RWBL,5,3,2,5,,,,,
NB,57,03,NB57-03,LON,2021,2,NB57-03-02-LON,NB57-03-02-LON-GRYE,GRYE,6,0,0,6,,,,,Possibly LEYE
NB,57,03,NB57-03,LON,2021,2,NB57-03-02-LON,NB57-03-02-LON-COYE,COYE,0,1,1,1,,,,,
NB,57,03,NB57-03,LON,2021,2,NB57-03-02-LON,NB57-03-02-LON-YEWA,YEWA,0,1,0,1,,,,,
NB,57,03,NB57-03,LON,2021,2,NB57-03-02-LON,NB57-03-02-LON-SWSP,SWSP,0,0,1,1,,,,,
NB,57,03,NB57-03,LON,2021,2,NB57-03-02-LON,NB57-03-02-LON-BAEA,BAEA,0,0,1,1,OF,,,,
NB,57,04,NB57-04,LON,2021,2,NB57-04-02-LON,NB57-04-02-LON-RNDU,RNDU,2,0,0,2,,1,1,,
NB,57,04,NB57-04,LON,2021,2,NB57-04-02-LON,NB57-04-02-LON-RWBL,RWBL,3,3,4,4,,,,,
NB,57,04,NB57-04,LON,2021,2,NB57-04-02-LON,NB57-04-02-LON-SWSP,SWSP,1,1,1,1,,,,,
NB,57,05,NB57-05,LON,2021,2,NB57-05-02-LON,NB57-05-02-LON-RWBL,RWBL,3,6,4,6,,,,,
NB,57,05,NB57-05,LON,2021,2,NB57-05-02-LON,NB57-05-02-LON-SWSP,SWSP,1,0,0,1,,,,,
NB,57,05,NB57-05,LON,2021,2,NB57-05-02-LON,NB57-05-02-LON-BOBO,BOBO,1,0,0,1,,,,,
NB,57,05,NB57-05,LON,2021,2,NB57-05-02-LON,NB57-05-02-LON-TRES,TRES,0,1,0,1,AF,,,,
NB,57,06,NB57-06,LON,2021,2,NB57-06-02-LON,NB57-06-02-LON-SWSP,SWSP,2,2,2,2,,,,,
NB,57,06,NB57-06,LON,2021,2,NB57-06-02-LON,NB57-06-02-LON-BOBO,BOBO,5,5,7,7,,,,,
NB,57,06,NB57-06,LON,2021,2,NB57-06-02-LON,NB57-06-02-LON-RWBL,RWBL,2,2,4,4,,,,,
NB,57,06,NB57-06,LON,2021,2,NB57-06-02-LON,NB57-06-02-LON-TRES,TRES,1,0,2,2,AF,,,,
NB,57,06,NB57-06,LON,2021,2,NB57-06-02-LON,NB57-06-02-LON-SOSP,SOSP,0,0,1,1,,,,,
NB,34,01,NB34-01,MEB,2021,1,NB34-01-01-MEB,NB34-01-01-MEB-BOBO,BOBO,4,4,4,4,,,,,
NB,34,01,NB34-01,MEB,2021,1,NB34-01-01-MEB,NB34-01-01-MEB-COYE,COYE,2,0,0,2,,,,,
NB,34,01,NB34-01,MEB,2021,1,NB34-01-01-MEB,NB34-01-01-MEB-SWSP,SWSP,2,0,0,2,,,,,
NB,34,01,NB34-01,MEB,2021,1,NB34-01-01-MEB,NB34-01-01-MEB-SAVS,SAVS,2,0,0,2,,,,,Written as SASP
NB,34,01,NB34-01,MEB,2021,1,NB34-01-01-MEB,NB34-01-01-MEB-COLO,COLO,1,0,0,1,,,,,
NB,34,01,NB34-01,MEB,2021,1,NB34-01-01-MEB,NB34-01-01-MEB-ABDU,ABDU,1,0,0,1,,,,,Written as AMBL
NB,34,01,NB34-01,MEB,2021,1,NB34-01-01-MEB,NB34-01-01-MEB-RWBL,RWBL,1,2,0,2,,,,,Written as RWBB
NB,34,01,NB34-01,MEB,2021,1,NB34-01-01-MEB,NB34-01-01-MEB-ALFL,ALFL,2,0,0,2,,,,,Written as ALFC
NB,34,01,NB34-01,MEB,2021,1,NB34-01-01-MEB,NB34-01-01-MEB-MALL,MALL,0,2,3,3,,,,,
NB,34,05,NB34-05,MEB,2021,1,NB34-05-01-MEB,NB34-05-01-MEB-BWTE,BWTE,2,0,0,2,,,,,
NB,34,05,NB34-05,MEB,2021,1,NB34-05-01-MEB,NB34-05-01-MEB-RNDU,RNDU,1,0,0,1,,,,,
NB,34,05,NB34-05,MEB,2021,1,NB34-05-01-MEB,NB34-05-01-MEB-BOBO,BOBO,2,0,0,2,,,,,
NB,34,05,NB34-05,MEB,2021,1,NB34-05-01-MEB,NB34-05-01-MEB-YEWA,YEWA,1,0,1,1,,,,,
NB,34,05,NB34-05,MEB,2021,1,NB34-05-01-MEB,NB34-05-01-MEB-RWBL,RWBL,3,0,2,3,,,,,Written as RWBB
NB,34,05,NB34-05,MEB,2021,1,NB34-05-01-MEB,NB34-05-01-MEB-AMWI,AMWI,1,1,1,1,,,,,
NB,34,05,NB34-05,MEB,2021,1,NB34-05-01-MEB,NB34-05-01-MEB-COYE,COYE,1,0,1,1,,,,,
NB,34,05,NB34-05,MEB,2021,1,NB34-05-01-MEB,NB34-05-01-MEB-WODU,WODU,1,0,0,1,,,,,Written as WOOD
NB,34,05,NB34-05,MEB,2021,1,NB34-05-01-MEB,NB34-05-01-MEB-SWSP,SWSP,2,0,2,2,,,,,
NB,34,05,NB34-05,MEB,2021,1,NB34-05-01-MEB,NB34-05-01-MEB-MALL,MALL,1,0,1,1,,,,,
NB,34,05,NB34-05,MEB,2021,1,NB34-05-01-MEB,NB34-05-01-MEB-WISP,WISP,0,0,2,2,,,,,unknown species code
NB,34,06,NB34-06,MEB,2021,1,NB34-06-01-MEB,NB34-06-01-MEB-ALFL,ALFL,2,0,0,2,,,,,Written as ALFC
NB,34,06,NB34-06,MEB,2021,1,NB34-06-01-MEB,NB34-06-01-MEB-YEWA,YEWA,1,0,0,1,,,,,
NB,34,06,NB34-06,MEB,2021,1,NB34-06-01-MEB,NB34-06-01-MEB-RWBL,RWBL,2,4,0,4,,,,,Written as RWBB
NB,34,06,NB34-06,MEB,2021,1,NB34-06-01-MEB,NB34-06-01-MEB-WISP,WISP,2,1,0,2,,,,,unknown species code
NB,34,06,NB34-06,MEB,2021,1,NB34-06-01-MEB,NB34-06-01-MEB-SWSP,SWSP,1,0,0,1,,,,,
NB,34,06,NB34-06,MEB,2021,1,NB34-06-01-MEB,NB34-06-01-MEB-AMWI,AMWI,2,0,0,2,,,,,
NB,34,06,NB34-06,MEB,2021,1,NB34-06-01-MEB,NB34-06-01-MEB-COLO,COLO,0,0,1,1,,,,,
NB,34,06,NB34-06,MEB,2021,1,NB34-06-01-MEB,NB34-06-01-MEB-COYE,COYE,0,0,1,1,,,,,
NB,34,06,NB34-06,MEB,2021,1,NB34-06-01-MEB,NB34-06-01-MEB-WODU,WODU,0,0,1,1,,,,,Written as WOOD
NB,34,07,NB34-07,MEB,2021,1,NB34-07-01-MEB,NB34-07-01-MEB-WISN,WISN,1,3,2,3,,,,,
NB,34,07,NB34-07,MEB,2021,1,NB34-07-01-MEB,NB34-07-01-MEB-ALFL,ALFL,1,0,0,1,,,,,
NB,34,07,NB34-07,MEB,2021,1,NB34-07-01-MEB,NB34-07-01-MEB-MODO,MODO,1,0,0,1,,,,,
NB,34,07,NB34-07,MEB,2021,1,NB34-07-01-MEB,NB34-07-01-MEB-SWSP,SWSP,3,0,2,3,,,,,
NB,34,07,NB34-07,MEB,2021,1,NB34-07-01-MEB,NB34-07-01-MEB-COLO,COLO,1,0,0,1,,,,,
NB,34,07,NB34-07,MEB,2021,1,NB34-07-01-MEB,NB34-07-01-MEB-RNDU,RNDU,2,0,0,2,,,,,
NB,34,07,NB34-07,MEB,2021,1,NB34-07-01-MEB,NB34-07-01-MEB-RWBL,RWBL,3,0,0,3,,,,,Written as RWBB
NB,34,07,NB34-07,MEB,2021,1,NB34-07-01-MEB,NB34-07-01-MEB-GRYE,GRYE,0,1,0,1,,,,,
NB,34,07,NB34-07,MEB,2021,1,NB34-07-01-MEB,NB34-07-01-MEB-COYE,COYE,0,3,0,3,,,,,
NB,34,07,NB34-07,MEB,2021,1,NB34-07-01-MEB,NB34-07-01-MEB-HETH,HETH,0,1,0,1,,,,,
NB,34,07,NB34-07,MEB,2021,1,NB34-07-01-MEB,NB34-07-01-MEB-TRES,TRES,0,1,0,1,,,,,Written as TRSW
NB,34,07,NB34-07,MEB,2021,1,NB34-07-01-MEB,NB34-07-01-MEB-WODU,WODU,0,1,0,1,,,,,Written as WOOD
NB,34,07,NB34-07,MEB,2021,1,NB34-07-01-MEB,NB34-07-01-MEB-YEWA,YEWA,0,0,1,1,,,,,
NB,34,07,NB34-07,MEB,2021,1,NB34-07-01-MEB,NB34-07-01-MEB-MALL,MALL,0,0,1,1,,,,,
NB,34,08,NB34-08,MEB,2021,1,NB34-08-01-MEB,NB34-08-01-MEB-BOBO,BOBO,2,0,0,2,,,,,
NB,34,08,NB34-08,MEB,2021,1,NB34-08-01-MEB,NB34-08-01-MEB-SWSP,SWSP,1,0,0,1,,,,,
NB,34,08,NB34-08,MEB,2021,1,NB34-08-01-MEB,NB34-08-01-MEB-SAVS,SAVS,2,0,0,2,,,,,Written as SASP
NB,34,08,NB34-08,MEB,2021,1,NB34-08-01-MEB,NB34-08-01-MEB-RWBL,RWBL,1,3,0,3,,,,,"Written as RWBB, attacking RAVEN"
NB,34,08,NB34-08,MEB,2021,1,NB34-08-01-MEB,NB34-08-01-MEB-COYE,COYE,1,0,0,1,,,,,
NB,34,08,NB34-08,MEB,2021,1,NB34-08-01-MEB,NB34-08-01-MEB-TRES,TRES,3,0,0,3,AF,,,,Written as TRSW
NB,34,08,NB34-08,MEB,2021,1,NB34-08-01-MEB,NB34-08-01-MEB-MALL,MALL,1,0,0,1,,,,,
NB,34,08,NB34-08,MEB,2021,1,NB34-08-01-MEB,NB34-08-01-MEB-YEWA,YEWA,1,0,0,1,,,,,
NB,34,08,NB34-08,MEB,2021,1,NB34-08-01-MEB,NB34-08-01-MEB-AMCR,AMCR,1,0,0,1,,,,,
NB,34,08,NB34-08,MEB,2021,1,NB34-08-01-MEB,NB34-08-01-MEB-CANG,CANG,1,1,0,1,,,,,Written as CAGO
NB,34,08,NB34-08,MEB,2021,1,NB34-08-01-MEB,NB34-08-01-MEB-CORA,CORA,1,0,0,1,,,,,
NB,34,08,NB34-08,MEB,2021,1,NB34-08-01-MEB,NB34-08-01-MEB-WISN,WISN,1,3,1,3,,,,,
NB,34,09,NB34-09,MEB,2021,1,NB34-09-01-MEB,NB34-09-01-MEB-BOBO,BOBO,2,4,0,4,,,,,
NB,34,09,NB34-09,MEB,2021,1,NB34-09-01-MEB,NB34-09-01-MEB-COYE,COYE,1,0,0,1,,,,,
NB,34,09,NB34-09,MEB,2021,1,NB34-09-01-MEB,NB34-09-01-MEB-SWSP,SWSP,3,0,0,3,,,,,
NB,34,09,NB34-09,MEB,2021,1,NB34-09-01-MEB,NB34-09-01-MEB-WISN,WISN,2,0,0,2,,,,,
NB,34,09,NB34-09,MEB,2021,1,NB34-09-01-MEB,NB34-09-01-MEB-CORA,CORA,1,0,0,1,,,,,
NB,34,09,NB34-09,MEB,2021,1,NB34-09-01-MEB,NB34-09-01-MEB-SAVS,SAVS,1,1,0,1,,,,,Written as SASP
NB,34,09,NB34-09,MEB,2021,1,NB34-09-01-MEB,NB34-09-01-MEB-RWBL,RWBL,2,0,0,2,,,,,Written as RWBB
NB,34,09,NB34-09,MEB,2021,1,NB34-09-01-MEB,NB34-09-01-MEB-GRYE,GRYE,0,1,0,1,,,,,
NB,34,03,NB34-03,MEB,2021,1,NB34-03-01-MEB,NB34-03-01-MEB-WISN,WISN,1,1,2,2,,,,,
NB,34,03,NB34-03,MEB,2021,1,NB34-03-01-MEB,NB34-03-01-MEB-BOBO,BOBO,2,0,0,2,,,,,
NB,34,03,NB34-03,MEB,2021,1,NB34-03-01-MEB,NB34-03-01-MEB-RWBL,RWBL,2,0,3,3,,,,,Written as RWBB
NB,34,03,NB34-03,MEB,2021,1,NB34-03-01-MEB,NB34-03-01-MEB-COYE,COYE,1,0,0,1,,,,,
NB,34,03,NB34-03,MEB,2021,1,NB34-03-01-MEB,NB34-03-01-MEB-SWSP,SWSP,4,2,0,4,,,,,
NB,34,03,NB34-03,MEB,2021,1,NB34-03-01-MEB,NB34-03-01-MEB-SAVS,SAVS,1,0,0,1,,,,,Written as SASP
NB,34,03,NB34-03,MEB,2021,1,NB34-03-01-MEB,NB34-03-01-MEB-AMCR,AMCR,1,0,0,1,,,,,
NB,34,03,NB34-03,MEB,2021,1,NB34-03-01-MEB,NB34-03-01-MEB-YEWA,YEWA,0,1,0,1,,,,,
NB,34,03,NB34-03,MEB,2021,1,NB34-03-01-MEB,NB34-03-01-MEB-TRES,TRES,0,2,0,2,AF,,,,
NB,34,03,NB34-03,MEB,2021,1,NB34-03-01-MEB,NB34-03-01-MEB-GWTE,GWTE,0,0,1,1,OF,,,,
NB,34,04,NB34-04,MEB,2021,1,NB34-04-01-MEB,NB34-04-01-MEB-WISP,WISP,2,0,1,2,,,,,unknown species code
NB,34,04,NB34-04,MEB,2021,1,NB34-04-01-MEB,NB34-04-01-MEB-COYE,COYE,1,0,0,1,,,,,
NB,34,04,NB34-04,MEB,2021,1,NB34-04-01-MEB,NB34-04-01-MEB-SOSP,SOSP,1,0,0,1,,,,,
NB,34,04,NB34-04,MEB,2021,1,NB34-04-01-MEB,NB34-04-01-MEB-SWSP,SWSP,1,0,0,1,,,,,
NB,34,04,NB34-04,MEB,2021,1,NB34-04-01-MEB,NB34-04-01-MEB-RWBL,RWBL,1,0,0,1,,,,,Written as RWBB
NB,34,04,NB34-04,MEB,2021,1,NB34-04-01-MEB,NB34-04-01-MEB-AMCR,AMCR,1,0,0,1,,,,,
NB,34,04,NB34-04,MEB,2021,1,NB34-04-01-MEB,NB34-04-01-MEB-RNDU,RNDU,1,0,0,1,,,,,
NB,34,04,NB34-04,MEB,2021,1,NB34-04-01-MEB,NB34-04-01-MEB-YEWA,YEWA,1,0,0,1,,,,,
NB,34,04,NB34-04,MEB,2021,1,NB34-04-01-MEB,NB34-04-01-MEB-ALFL,ALFL,1,0,0,1,,,,,
NB,34,04,NB34-04,MEB,2021,1,NB34-04-01-MEB,NB34-04-01-MEB-BOBO,BOBO,0,1,0,1,,,,,
NB,34,01,NB34-01,MEB,2021,2,NB34-01-02-MEB,NB34-01-02-MEB-COYE,COYE,1,1,0,1,,,,,
NB,34,01,NB34-01,MEB,2021,2,NB34-01-02-MEB,NB34-01-02-MEB-SAVS,SAVS,2,2,0,2,,,,,Written as SASP
NB,34,01,NB34-01,MEB,2021,2,NB34-01-02-MEB,NB34-01-02-MEB-SOSP,SOSP,2,0,0,2,,,,,
NB,34,01,NB34-01,MEB,2021,2,NB34-01-02-MEB,NB34-01-02-MEB-YEWA,YEWA,1,1,0,1,,,,,
NB,34,01,NB34-01,MEB,2021,2,NB34-01-02-MEB,NB34-01-02-MEB-SWSP,SWSP,4,2,4,4,,,,,
NB,34,01,NB34-01,MEB,2021,2,NB34-01-02-MEB,NB34-01-02-MEB-RWBL,RWBL,2,0,1,2,,,,,
NB,34,01,NB34-01,MEB,2021,2,NB34-01-02-MEB,NB34-01-02-MEB-ALFL,ALFL,1,2,0,2,,,,,
NB,34,01,NB34-01,MEB,2021,2,NB34-01-02-MEB,NB34-01-02-MEB-BOBO,BOBO,0,0,1,1,,,,,
NB,34,05,NB34-05,MEB,2021,2,NB34-05-02-MEB,NB34-05-02-MEB-RWBL,RWBL,10,0,0,10,,,,,
NB,34,05,NB34-05,MEB,2021,2,NB34-05-02-MEB,NB34-05-02-MEB-SOSP,SOSP,2,1,0,2,,,,,
NB,34,05,NB34-05,MEB,2021,2,NB34-05-02-MEB,NB34-05-02-MEB-SAVS,SAVS,1,0,0,1,,,,,
NB,34,05,NB34-05,MEB,2021,2,NB34-05-02-MEB,NB34-05-02-MEB-SWSP,SWSP,5,0,0,5,,,,,
NB,34,05,NB34-05,MEB,2021,2,NB34-05-02-MEB,NB34-05-02-MEB-YEWA,YEWA,1,2,0,2,,,,,
NB,34,05,NB34-05,MEB,2021,2,NB34-05-02-MEB,NB34-05-02-MEB-COYE,COYE,1,0,0,1,,,,,
NB,34,05,NB34-05,MEB,2021,2,NB34-05-02-MEB,NB34-05-02-MEB-MALL,MALL,2,0,0,2,OF,,,,
NB,34,05,NB34-05,MEB,2021,2,NB34-05-02-MEB,NB34-05-02-MEB-BOBO,BOBO,0,1,1,1,,,,,
NB,34,05,NB34-05,MEB,2021,2,NB34-05-02-MEB,NB34-05-02-MEB-TRES,TRES,0,0,1,1,,,,,
NB,34,05,NB34-05,MEB,2021,2,NB34-05-02-MEB,NB34-05-02-MEB-CORA,CORA,0,0,1,1,,,,,
NB,34,05,NB34-05,MEB,2021,2,NB34-05-02-MEB,NB34-05-02-MEB-ALFL,ALFL,0,0,1,1,,,,,
NB,34,06,NB34-06,MEB,2021,2,NB34-06-02-MEB,NB34-06-02-MEB-MALL,MALL,2,1,0,2,,,,,
NB,34,06,NB34-06,MEB,2021,2,NB34-06-02-MEB,NB34-06-02-MEB-SOSP,SOSP,1,0,0,1,,,,,
NB,34,06,NB34-06,MEB,2021,2,NB34-06-02-MEB,NB34-06-02-MEB-RWBL,RWBL,7,2,0,7,,,,,
NB,34,06,NB34-06,MEB,2021,2,NB34-06-02-MEB,NB34-06-02-MEB-AMRO,AMRO,2,0,0,2,,,,,
NB,34,06,NB34-06,MEB,2021,2,NB34-06-02-MEB,NB34-06-02-MEB-SWSP,SWSP,6,3,0,6,,,,,
NB,34,06,NB34-06,MEB,2021,2,NB34-06-02-MEB,NB34-06-02-MEB-COYE,COYE,2,0,1,2,,,,,
NB,34,06,NB34-06,MEB,2021,2,NB34-06-02-MEB,NB34-06-02-MEB-COGR,COGR,0,4,0,4,,,,,
NB,34,06,NB34-06,MEB,2021,2,NB34-06-02-MEB,NB34-06-02-MEB-YEWA,YEWA,0,1,0,1,,,,,
NB,34,06,NB34-06,MEB,2021,2,NB34-06-02-MEB,NB34-06-02-MEB-ALFL,ALFL,0,1,2,2,,,,,
NB,34,06,NB34-06,MEB,2021,2,NB34-06-02-MEB,NB34-06-02-MEB-HETH,HETH,0,0,1,1,,,,,
NB,34,07,NB34-07,MEB,2021,2,NB34-07-02-MEB,NB34-07-02-MEB-SWSP,SWSP,6,0,2,6,,,,,
NB,34,07,NB34-07,MEB,2021,2,NB34-07-02-MEB,NB34-07-02-MEB-COYE,COYE,1,0,1,1,,,,,
NB,34,07,NB34-07,MEB,2021,2,NB34-07-02-MEB,NB34-07-02-MEB-YEWA,YEWA,1,0,0,1,,,,,
NB,34,07,NB34-07,MEB,2021,2,NB34-07-02-MEB,NB34-07-02-MEB-WISN,WISN,3,2,0,3,,,,,
NB,34,07,NB34-07,MEB,2021,2,NB34-07-02-MEB,NB34-07-02-MEB-MODO,MODO,1,0,0,1,,,,,
NB,34,07,NB34-07,MEB,2021,2,NB34-07-02-MEB,NB34-07-02-MEB-RWBL,RWBL,0,2,0,2,,,,,
NB,34,07,NB34-07,MEB,2021,2,NB34-07-02-MEB,NB34-07-02-MEB-MALL,MALL,0,0,0,0,,,,,Missing data
NB,34,07,NB34-07,MEB,2021,2,NB34-07-02-MEB,NB34-07-02-MEB-SOSP,SOSP,1,0,0,1,,,,,
NB,34,07,NB34-07,MEB,2021,2,NB34-07-02-MEB,NB34-07-02-MEB-CEDW,CEDW,2,0,0,2,,,,,Written as CEWA
NB,34,07,NB34-07,MEB,2021,2,NB34-07-02-MEB,NB34-07-02-MEB-WTSP,WTSP,2,0,0,2,,,,,
NB,34,07,NB34-07,MEB,2021,2,NB34-07-02-MEB,NB34-07-02-MEB-AMRO,AMRO,1,2,0,2,,,,,
NB,34,07,NB34-07,MEB,2021,2,NB34-07-02-MEB,NB34-07-02-MEB-ALFL,ALFL,1,0,0,1,,,,,
NB,34,07,NB34-07,MEB,2021,2,NB34-07-02-MEB,NB34-07-02-MEB-LEFL,LEFL,1,0,0,1,,,,,
NB,34,07,NB34-07,MEB,2021,2,NB34-07-02-MEB,NB34-07-02-MEB-BAWW,BAWW,1,1,0,1,,,,,
NB,34,07,NB34-07,MEB,2021,2,NB34-07-02-MEB,NB34-07-02-MEB-BCCH,BCCH,0,2,0,2,,,,,
NB,34,07,NB34-07,MEB,2021,2,NB34-07-02-MEB,NB34-07-02-MEB-NOPA,NOPA,0,0,1,1,,,,,
NB,34,07,NB34-07,MEB,2021,2,NB34-07-02-MEB,NB34-07-02-MEB-WODU,WODU,0,0,1,1,OF,,,,
NB,34,08,NB34-08,MEB,2021,2,NB34-08-02-MEB,NB34-08-02-MEB-WISN,WISN,1,1,1,1,,,,,
NB,34,08,NB34-08,MEB,2021,2,NB34-08-02-MEB,NB34-08-02-MEB-COYE,COYE,2,0,0,2,,,,,
NB,34,08,NB34-08,MEB,2021,2,NB34-08-02-MEB,NB34-08-02-MEB-SWSP,SWSP,7,0,0,7,,,,,
NB,34,08,NB34-08,MEB,2021,2,NB34-08-02-MEB,NB34-08-02-MEB-RWBL,RWBL,3,0,0,3,,,,,
NB,34,08,NB34-08,MEB,2021,2,NB34-08-02-MEB,NB34-08-02-MEB-YEWA,YEWA,1,0,0,1,,,,,
NB,34,08,NB34-08,MEB,2021,2,NB34-08-02-MEB,NB34-08-02-MEB-SOSP,SOSP,1,0,0,1,,,,,
NB,34,08,NB34-08,MEB,2021,2,NB34-08-02-MEB,NB34-08-02-MEB-BOBO,BOBO,1,2,0,2,,,,,
NB,34,08,NB34-08,MEB,2021,2,NB34-08-02-MEB,NB34-08-02-MEB-NOHA,NOHA,1,0,0,1,,,,,
NB,34,09,NB34-09,MEB,2021,2,NB34-09-02-MEB,NB34-09-02-MEB-BOBO,BOBO,5,1,0,5,,,,,
NB,34,09,NB34-09,MEB,2021,2,NB34-09-02-MEB,NB34-09-02-MEB-SWSP,SWSP,4,3,2,4,,,,,
NB,34,09,NB34-09,MEB,2021,2,NB34-09-02-MEB,NB34-09-02-MEB-AMRO,AMRO,1,0,0,1,,,,,
NB,34,09,NB34-09,MEB,2021,2,NB34-09-02-MEB,NB34-09-02-MEB-RIPH,RIPH,1,0,0,1,,,,,"Written as RNPH, assumed they meant RIPH"
NB,34,09,NB34-09,MEB,2021,2,NB34-09-02-MEB,NB34-09-02-MEB-SOSP,SOSP,1,1,0,1,,,,,
NB,34,09,NB34-09,MEB,2021,2,NB34-09-02-MEB,NB34-09-02-MEB-COYE,COYE,1,2,1,2,,,,,
NB,34,09,NB34-09,MEB,2021,2,NB34-09-02-MEB,NB34-09-02-MEB-RWBL,RWBL,2,1,0,2,,,,,
NB,34,09,NB34-09,MEB,2021,2,NB34-09-02-MEB,NB34-09-02-MEB-MALL,MALL,0,1,0,1,,,,,
NB,34,09,NB34-09,MEB,2021,2,NB34-09-02-MEB,NB34-09-02-MEB-OSPR,OSPR,0,0,1,1,,,,,
NB,BD,02,NBBD-02,DEM,2021,1,NBBD-02-01-DEM,NBBD-02-01-DEM-WTSP,WTSP,1,0,0,1,,,,,
NB,BD,02,NBBD-02,DEM,2021,1,NBBD-02-01-DEM,NBBD-02-01-DEM-SAVS,SAVS,2,1,1,2,,,,,
NB,BD,02,NBBD-02,DEM,2021,1,NBBD-02-01-DEM,NBBD-02-01-DEM-COYE,COYE,1,0,0,1,,,,,
NB,BD,02,NBBD-02,DEM,2021,1,NBBD-02-01-DEM,NBBD-02-01-DEM-ALFL,ALFL,1,1,0,1,,,,,
NB,BD,02,NBBD-02,DEM,2021,1,NBBD-02-01-DEM,NBBD-02-01-DEM-CANG,CANG,0,1,1,1,,,,,"2 heard, 6 seen, written as CAGO"
NB,BD,02,NBBD-02,DEM,2021,1,NBBD-02-01-DEM,NBBD-02-01-DEM-CHSP,CHSP,1,1,1,1,,,,,
NB,BD,02,NBBD-02,DEM,2021,1,NBBD-02-01-DEM,NBBD-02-01-DEM-TRES,TRES,0,0,1,1,OF,,,,
NB,BD,03,NBBD-03,DEM,2021,1,NBBD-03-01-DEM,NBBD-03-01-DEM-COYE,COYE,1,1,1,1,,,,,
NB,BD,03,NBBD-03,DEM,2021,1,NBBD-03-01-DEM,NBBD-03-01-DEM-SAVS,SAVS,2,2,2,2,,,,,
NB,BD,03,NBBD-03,DEM,2021,1,NBBD-03-01-DEM,NBBD-03-01-DEM-CANG,CANG,1,1,1,1,,,,,written as CAGO
NB,BD,03,NBBD-03,DEM,2021,1,NBBD-03-01-DEM,NBBD-03-01-DEM-TRES,TRES,1,0,0,1,OF,,,,
NB,BD,03,NBBD-03,DEM,2021,1,NBBD-03-01-DEM,NBBD-03-01-DEM-WTSP,WTSP,1,0,1,1,,,,,
NB,BD,03,NBBD-03,DEM,2021,1,NBBD-03-01-DEM,NBBD-03-01-DEM-GRYE,GRYE,0,0,1,1,,,,,
NB,BD,04,NBBD-04,DEM,2021,1,NBBD-04-01-DEM,NBBD-04-01-DEM-COYE,COYE,1,0,0,1,,,,,
NB,BD,04,NBBD-04,DEM,2021,1,NBBD-04-01-DEM,NBBD-04-01-DEM-SAVS,SAVS,1,1,0,1,,,,,
NB,BD,04,NBBD-04,DEM,2021,1,NBBD-04-01-DEM,NBBD-04-01-DEM-CANG,CANG,1,1,1,1,,,,,written as CAGO
NB,BD,04,NBBD-04,DEM,2021,1,NBBD-04-01-DEM,NBBD-04-01-DEM-BBPL,BBPL,1,0,0,1,,,,,
NB,BD,04,NBBD-04,DEM,2021,1,NBBD-04-01-DEM,NBBD-04-01-DEM-GBHE,GBHE,0,1,0,1,,,,,
NB,BD,04,NBBD-04,DEM,2021,1,NBBD-04-01-DEM,NBBD-04-01-DEM-TRES,TRES,0,0,1,1,AF,,,,"Indicated ""y"" for Flythrough and noted ""arial forager"""
NB,BD,05,NBBD-05,DEM,2021,1,NBBD-05-01-DEM,NBBD-05-01-DEM-SAVS,SAVS,1,1,2,2,,,,,
NB,BD,05,NBBD-05,DEM,2021,1,NBBD-05-01-DEM,NBBD-05-01-DEM-TRES,TRES,0,0,1,1,AF,,,,"Indicated ""y"" for Flythrough and noted ""arial forager"""
NB,BD,05,NBBD-05,DEM,2021,1,NBBD-05-01-DEM,NBBD-05-01-DEM-CANG,CANG,0,0,1,1,,,,,written as CAGO
NB,BD,02,NBBD-02,DEM,2021,2,NBBD-02-02-DEM,NBBD-02-02-DEM-COYE,COYE,2,2,1,2,,,,,
NB,BD,02,NBBD-02,DEM,2021,2,NBBD-02-02-DEM,NBBD-02-02-DEM-ALFL,ALFL,1,2,2,2,,,,,
NB,BD,02,NBBD-02,DEM,2021,2,NBBD-02-02-DEM,NBBD-02-02-DEM-CANG,CANG,1,0,0,1,,,,,written as CAGO
NB,BD,02,NBBD-02,DEM,2021,2,NBBD-02-02-DEM,NBBD-02-02-DEM-SAVS,SAVS,2,2,2,2,,,,,
NB,BD,02,NBBD-02,DEM,2021,2,NBBD-02-02-DEM,NBBD-02-02-DEM-GBHE,GBHE,0,0,1,1,,,,,
NB,BD,03,NBBD-03,DEM,2021,2,NBBD-03-02-DEM,NBBD-03-02-DEM-COYE,COYE,1,1,1,1,,,,,
NB,BD,03,NBBD-03,DEM,2021,2,NBBD-03-02-DEM,NBBD-03-02-DEM-SAVS,SAVS,3,3,3,3,,,,,
NB,BD,03,NBBD-03,DEM,2021,2,NBBD-03-02-DEM,NBBD-03-02-DEM-COLO,COLO,1,0,1,1,,,,,
NB,BD,03,NBBD-03,DEM,2021,2,NBBD-03-02-DEM,NBBD-03-02-DEM-ALFL,ALFL,0,1,0,1,,,,,
NB,BD,04,NBBD-04,DEM,2021,2,NBBD-04-02-DEM,NBBD-04-02-DEM-SAVS,SAVS,2,2,2,2,,,,,
NB,BD,04,NBBD-04,DEM,2021,2,NBBD-04-02-DEM,NBBD-04-02-DEM-COLO,COLO,1,0,0,1,,,,,
NB,BD,04,NBBD-04,DEM,2021,2,NBBD-04-02-DEM,NBBD-04-02-DEM-ALFL,ALFL,1,0,0,1,,,,,
NB,BD,04,NBBD-04,DEM,2021,2,NBBD-04-02-DEM,NBBD-04-02-DEM-GRYE,GRYE,0,1,0,1,,,,,
NB,BD,05,NBBD-05,DEM,2021,2,NBBD-05-02-DEM,NBBD-05-02-DEM-SAVS,SAVS,2,2,2,2,,,,,
NB,CH,01,NBCH-01,DEM,2021,1,NBCH-01-01-DEM,NBCH-01-01-DEM-COYE,COYE,1,1,1,1,,,,,
NB,CH,01,NBCH-01,DEM,2021,1,NBCH-01-01-DEM,NBCH-01-01-DEM-ALFL,ALFL,1,1,1,1,,,,,
NB,CH,01,NBCH-01,DEM,2021,1,NBCH-01-01-DEM,NBCH-01-01-DEM-CHSP,CHSP,1,2,2,2,,,,,
NB,CH,01,NBCH-01,DEM,2021,1,NBCH-01-01-DEM,NBCH-01-01-DEM-RWBL,RWBL,1,1,2,2,,,,,
NB,CH,03,NBCH-03,DEM,2021,1,NBCH-03-01-DEM,NBCH-03-01-DEM-RWBL,RWBL,3,2,2,3,,,,,
NB,CH,03,NBCH-03,DEM,2021,1,NBCH-03-01-DEM,NBCH-03-01-DEM-WTSP,WTSP,1,0,0,1,,,,,
NB,CH,03,NBCH-03,DEM,2021,1,NBCH-03-01-DEM,NBCH-03-01-DEM-COYE,COYE,1,1,1,1,,,,,
NB,CH,03,NBCH-03,DEM,2021,1,NBCH-03-01-DEM,NBCH-03-01-DEM-CHSP,CHSP,1,1,1,1,,,,,
NB,CH,03,NBCH-03,DEM,2021,1,NBCH-03-01-DEM,NBCH-03-01-DEM-ALFL,ALFL,1,1,0,1,,,,,
NB,CH,04,NBCH-04,DEM,2021,1,NBCH-04-01-DEM,NBCH-04-01-DEM-CANG,CANG,1,0,0,1,,,,,"6 or more seen, written as CAGO"
NB,CH,04,NBCH-04,DEM,2021,1,NBCH-04-01-DEM,NBCH-04-01-DEM-RWBL,RWBL,1,0,0,1,,,,,
NB,CH,04,NBCH-04,DEM,2021,1,NBCH-04-01-DEM,NBCH-04-01-DEM-SAVS,SAVS,1,0,0,1,,,,,
NB,CH,04,NBCH-04,DEM,2021,1,NBCH-04-01-DEM,NBCH-04-01-DEM-CHSP,CHSP,1,0,0,1,,,,,
NB,CH,04,NBCH-04,DEM,2021,1,NBCH-04-01-DEM,NBCH-04-01-DEM-MODO,MODO,1,1,1,1,,,,,
NB,CH,04,NBCH-04,DEM,2021,1,NBCH-04-01-DEM,NBCH-04-01-DEM-ALFL,ALFL,1,0,1,1,,,,,
NB,CH,02,NBCH-02,DEM,2021,1,NBCH-02-01-DEM,NBCH-02-01-DEM-SAVS,SAVS,3,0,2,3,,,,,
NB,CH,02,NBCH-02,DEM,2021,1,NBCH-02-01-DEM,NBCH-02-01-DEM-COYE,COYE,1,1,1,1,,,,,
NB,CH,02,NBCH-02,DEM,2021,1,NBCH-02-01-DEM,NBCH-02-01-DEM-ALFL,ALFL,1,1,1,1,,,,,
NB,CH,02,NBCH-02,DEM,2021,1,NBCH-02-01-DEM,NBCH-02-01-DEM-WTSP,WTSP,0,1,1,1,,,,,
NB,CH,02,NBCH-02,DEM,2021,1,NBCH-02-01-DEM,NBCH-02-01-DEM-COLO,COLO,0,2,0,2,OF,,,,
NB,CH,02,NBCH-02,DEM,2021,1,NBCH-02-01-DEM,NBCH-02-01-DEM-HETH,HETH,0,0,1,1,,,,,
NB,CH,01,NBCH-01,DEM,2021,2,NBCH-01-02-DEM,NBCH-01-02-DEM-ALFL,ALFL,2,2,2,2,,,,,
NB,CH,01,NBCH-01,DEM,2021,2,NBCH-01-02-DEM,NBCH-01-02-DEM-RWBL,RWBL,0,1,1,1,,,,,
NB,CH,01,NBCH-01,DEM,2021,2,NBCH-01-02-DEM,NBCH-01-02-DEM-COYE,COYE,0,0,1,1,,,,,
NB,CH,03,NBCH-03,DEM,2021,2,NBCH-03-02-DEM,NBCH-03-02-DEM-RWBL,RWBL,2,1,2,2,,,,,
NB,CH,03,NBCH-03,DEM,2021,2,NBCH-03-02-DEM,NBCH-03-02-DEM-ALFL,ALFL,1,0,0,1,,,,,
NB,CH,03,NBCH-03,DEM,2021,2,NBCH-03-02-DEM,NBCH-03-02-DEM-WTSP,WTSP,1,1,0,1,,,,,
NB,CH,03,NBCH-03,DEM,2021,2,NBCH-03-02-DEM,NBCH-03-02-DEM-COYE,COYE,0,1,1,1,,,,,
NB,CH,03,NBCH-03,DEM,2021,2,NBCH-03-02-DEM,NBCH-03-02-DEM-RUDU,RUDU,1,1,1,1,,,,,
NB,CH,04,NBCH-04,DEM,2021,2,NBCH-04-02-DEM,NBCH-04-02-DEM-COLO,COLO,1,0,0,1,,,,,"""Light"" written in notes"
NB,CH,04,NBCH-04,DEM,2021,2,NBCH-04-02-DEM,NBCH-04-02-DEM-RWBL,RWBL,1,1,2,2,,,,,"""Light"" written in notes"
NB,CH,04,NBCH-04,DEM,2021,2,NBCH-04-02-DEM,NBCH-04-02-DEM-GRYE,GRYE,0,1,0,1,,,,,"""Light"" written in notes"
NB,CH,04,NBCH-04,DEM,2021,2,NBCH-04-02-DEM,NBCH-04-02-DEM-COYE,COYE,0,0,1,1,,,,,"""Light"" written in notes"
NB,CH,02,NBCH-02,DEM,2021,2,NBCH-02-02-DEM,NBCH-02-02-DEM-WTSP,WTSP,1,0,0,1,,,,,
NB,CH,02,NBCH-02,DEM,2021,2,NBCH-02-02-DEM,NBCH-02-02-DEM-RWBL,RWBL,1,0,0,1,,,,,
NB,CH,02,NBCH-02,DEM,2021,2,NBCH-02-02-DEM,NBCH-02-02-DEM-ALFL,ALFL,0,0,1,1,,,,,
NB,CH,02,NBCH-02,DEM,2021,2,NBCH-02-02-DEM,NBCH-02-02-DEM-AMWI,AMWI,0,0,1,1,,,,,
NB,CV,02,NBCV-02,DEM,2021,1,NBCV-02-01-DEM,NBCV-02-01-DEM-CHSP,CHSP,1,1,1,1,,,,,
NB,CV,02,NBCV-02,DEM,2021,1,NBCV-02-01-DEM,NBCV-02-01-DEM-SAVS,SAVS,3,0,0,3,,,,,
NB,CV,02,NBCV-02,DEM,2021,1,NBCV-02-01-DEM,NBCV-02-01-DEM-COYE,COYE,1,1,2,2,,,,,
NB,CV,02,NBCV-02,DEM,2021,1,NBCV-02-01-DEM,NBCV-02-01-DEM-ALFL,ALFL,1,1,2,2,,,,,
NB,CV,02,NBCV-02,DEM,2021,1,NBCV-02-01-DEM,NBCV-02-01-DEM-RWBL,RWBL,1,1,1,1,,,,,
NB,CV,02,NBCV-02,DEM,2021,1,NBCV-02-01-DEM,NBCV-02-01-DEM-CANG,CANG,0,0,1,1,OF,,,,written as CAGO
NB,CV,02,NBCV-02,DEM,2021,1,NBCV-02-01-DEM,NBCV-02-01-DEM-GBHE,GBHE,1,1,1,1,,,,,
NB,CV,01,NBCV-01,DEM,2021,1,NBCV-01-01-DEM,NBCV-01-01-DEM-TRES,TRES,1,1,1,1,OF,,,,
NB,CV,01,NBCV-01,DEM,2021,1,NBCV-01-01-DEM,NBCV-01-01-DEM-CHSP,CHSP,2,1,1,2,,,,,
NB,CV,01,NBCV-01,DEM,2021,1,NBCV-01-01-DEM,NBCV-01-01-DEM-ALFL,ALFL,1,1,1,1,,,,,
NB,CV,01,NBCV-01,DEM,2021,1,NBCV-01-01-DEM,NBCV-01-01-DEM-COYE,COYE,1,1,1,1,,,,,
NB,CV,01,NBCV-01,DEM,2021,1,NBCV-01-01-DEM,NBCV-01-01-DEM-RWBL,RWBL,1,1,2,2,,,,,
NB,CV,01,NBCV-01,DEM,2021,1,NBCV-01-01-DEM,NBCV-01-01-DEM-BOBO,BOBO,1,2,2,2,,,,,
NB,CV,03,NBCV-03,DEM,2021,1,NBCV-03-01-DEM,NBCV-03-01-DEM-RWBL,RWBL,2,2,2,2,,,,,
NB,CV,03,NBCV-03,DEM,2021,1,NBCV-03-01-DEM,NBCV-03-01-DEM-GBHE,GBHE,2,1,1,2,,,,,
NB,CV,03,NBCV-03,DEM,2021,1,NBCV-03-01-DEM,NBCV-03-01-DEM-ALFL,ALFL,2,1,1,2,,,,,
NB,CV,03,NBCV-03,DEM,2021,1,NBCV-03-01-DEM,NBCV-03-01-DEM-CHSP,CHSP,2,0,1,2,,,,,
NB,CV,03,NBCV-03,DEM,2021,1,NBCV-03-01-DEM,NBCV-03-01-DEM-GRYE,GRYE,0,1,1,1,,,,,
NB,CV,04,NBCV-04,DEM,2021,1,NBCV-04-01-DEM,NBCV-04-01-DEM-RWBL,RWBL,3,3,3,3,,,,,
NB,CV,04,NBCV-04,DEM,2021,1,NBCV-04-01-DEM,NBCV-04-01-DEM-CHSP,CHSP,1,1,1,1,,,,,
NB,CV,02,NBCV-02,DEM,2021,2,NBCV-02-02-DEM,NBCV-02-02-DEM-COYE,COYE,1,1,1,1,,,,,
NB,CV,02,NBCV-02,DEM,2021,2,NBCV-02-02-DEM,NBCV-02-02-DEM-RWBL,RWBL,2,2,2,2,,,,,
NB,CV,02,NBCV-02,DEM,2021,2,NBCV-02-02-DEM,NBCV-02-02-DEM-SAVS,SAVS,0,1,1,1,,,,,
NB,CV,02,NBCV-02,DEM,2021,2,NBCV-02-02-DEM,NBCV-02-02-DEM-ALFL,ALFL,0,1,1,1,,,,,
NB,CV,02,NBCV-02,DEM,2021,2,NBCV-02-02-DEM,NBCV-02-02-DEM-GBHE,GBHE,0,0,1,1,,,,,
NB,CV,01,NBCV-01,DEM,2021,2,NBCV-01-02-DEM,NBCV-01-02-DEM-COYE,COYE,1,0,0,1,,,,,
NB,CV,01,NBCV-01,DEM,2021,2,NBCV-01-02-DEM,NBCV-01-02-DEM-RWBL,RWBL,1,1,1,1,,,,,
NB,CV,01,NBCV-01,DEM,2021,2,NBCV-01-02-DEM,NBCV-01-02-DEM-GBHE,GBHE,1,0,1,1,,,,,
NB,CV,01,NBCV-01,DEM,2021,2,NBCV-01-02-DEM,NBCV-01-02-DEM-OSPR,OSPR,1,0,0,1,,,,,
NB,CV,01,NBCV-01,DEM,2021,2,NBCV-01-02-DEM,NBCV-01-02-DEM-SAVS,SAVS,1,1,1,1,,,,,
NB,CV,01,NBCV-01,DEM,2021,2,NBCV-01-02-DEM,NBCV-01-02-DEM-GWTE,GWTE,1,0,0,1,,,,,
NB,CV,03,NBCV-03,DEM,2021,2,NBCV-03-02-DEM,NBCV-03-02-DEM-RWBL,RWBL,3,2,2,3,,,,,
NB,CV,03,NBCV-03,DEM,2021,2,NBCV-03-02-DEM,NBCV-03-02-DEM-SAVS,SAVS,1,0,0,1,,,,,
NB,CV,03,NBCV-03,DEM,2021,2,NBCV-03-02-DEM,NBCV-03-02-DEM-CHSP,CHSP,1,0,0,1,,,,,
NB,CV,03,NBCV-03,DEM,2021,2,NBCV-03-02-DEM,NBCV-03-02-DEM-GWTE,GWTE,1,0,1,1,,,,,
NB,CV,03,NBCV-03,DEM,2021,2,NBCV-03-02-DEM,NBCV-03-02-DEM-COYE,COYE,0,0,1,1,,,,,
NB,CV,04,NBCV-04,DEM,2021,2,NBCV-04-02-DEM,NBCV-04-02-DEM-RWBL,RWBL,3,3,3,3,,,,,
NB,CV,04,NBCV-04,DEM,2021,2,NBCV-04-02-DEM,NBCV-04-02-DEM-COYE,COYE,1,0,1,1,,,,,
NB,CV,04,NBCV-04,DEM,2021,2,NBCV-04-02-DEM,NBCV-04-02-DEM-CHSP,CHSP,1,1,0,1,,,,,
NB,08,01,NB08-01,REG,2021,1,NB08-01-01-REG,NB08-01-01-REG-TRES,TRES,8,0,0,8,AF,,,,
NB,08,01,NB08-01,REG,2021,1,NB08-01-01-REG,NB08-01-01-REG-AMRO,AMRO,1,0,0,1,OF,,,,
NB,08,01,NB08-01,REG,2021,1,NB08-01-01-REG,NB08-01-01-REG-CHSP,CHSP,1,0,1,1,OF,,,,
NB,08,01,NB08-01,REG,2021,1,NB08-01-01-REG,NB08-01-01-REG-RWBL,RWBL,2,1,1,2,"OF, AF",,,,
NB,08,01,NB08-01,REG,2021,1,NB08-01-01-REG,NB08-01-01-REG-COYE,COYE,1,0,0,1,AF,,,,
NB,08,01,NB08-01,REG,2021,1,NB08-01-01-REG,NB08-01-01-REG-TUVU,TUVU,0,1,0,1,OF,,,,
NB,08,01,NB08-01,REG,2021,1,NB08-01-01-REG,NB08-01-01-REG-ABDU,ABDU,0,0,1,1,OF,,,,
NB,08,01,NB08-01,REG,2021,1,NB08-01-01-REG,NB08-01-01-REG-BWHA,BWHA,0,0,1,1,OF,,,,Written as BRHA
NB,08,01,NB08-01,REG,2021,2,NB08-01-02-REG,NB08-01-02-REG-EAKI,EAKI,2,0,0,2,AF,,,,
NB,08,01,NB08-01,REG,2021,2,NB08-01-02-REG,NB08-01-02-REG-RWBL,RWBL,1,0,0,1,AF,,,,
NB,08,01,NB08-01,REG,2021,2,NB08-01-02-REG,NB08-01-02-REG-CHSP,CHSP,1,0,0,1,AF,,,,
NB,08,01,NB08-01,REG,2021,2,NB08-01-02-REG,NB08-01-02-REG-CEDW,CEDW,1,5,0,5,AF,,,,
NB,08,02,NB08-02,REG,2021,1,NB08-02-01-REG,NB08-02-01-REG-TRES,TRES,5,0,2,5,AF,,,,
NB,08,02,NB08-02,REG,2021,1,NB08-02-01-REG,NB08-02-01-REG-ABDU,ABDU,1,0,4,4,OF,,,,
NB,08,02,NB08-02,REG,2021,1,NB08-02-01-REG,NB08-02-01-REG-EAKI,EAKI,1,0,0,1,AF,,,,
NB,08,02,NB08-02,REG,2021,1,NB08-02-01-REG,NB08-02-01-REG-RWBL,RWBL,0,1,0,1,OF,,,,
NB,08,02,NB08-02,REG,2021,1,NB08-02-01-REG,NB08-02-01-REG-CORA,CORA,0,1,0,1,OF,,,,chased by sm bird
NB,08,02,NB08-02,REG,2021,1,NB08-02-01-REG,NB08-02-01-REG-COGR,COGR,0,0,1,1,AF,,,,
NB,08,02,NB08-02,REG,2021,2,NB08-02-02-REG,NB08-02-02-REG-CEDW,CEDW,1,0,0,1,AF,,,,
NB,08,02,NB08-02,REG,2021,2,NB08-02-02-REG,NB08-02-02-REG-RWBL,RWBL,0,1,0,1,,,,,
NB,08,02,NB08-02,REG,2021,2,NB08-02-02-REG,NB08-02-02-REG-TRES,TRES,0,0,7,7,,,,,
NB,08,02,NB08-02,REG,2021,2,NB08-02-02-REG,NB08-02-02-REG-COGR,COGR,0,0,3,3,,,,,
NB,08,03,NB08-03,REG,2021,1,NB08-03-01-REG,NB08-03-01-REG-COGR,COGR,0,1,0,1,OF,,,,
NB,08,03,NB08-03,REG,2021,2,NB08-03-02-REG,NB08-03-02-REG-EAKI,EAKI,2,5,0,5,AF,,,,
NB,08,03,NB08-03,REG,2021,2,NB08-03-02-REG,NB08-03-02-REG-RNDU,RNDU,3,5,0,5,AF,,,,
NB,08,03,NB08-03,REG,2021,2,NB08-03-02-REG,NB08-03-02-REG-COGR,COGR,1,0,0,1,AF,,,,
NB,08,03,NB08-03,REG,2021,2,NB08-03-02-REG,NB08-03-02-REG-TRES,TRES,2,1,0,2,AF,,,,
NB,08,03,NB08-03,REG,2021,2,NB08-03-02-REG,NB08-03-02-REG-CANG,CANG,4,0,0,4,AF,,,,"Written as CAGE, assuming it's CANG"
NB,08,03,NB08-03,REG,2021,2,NB08-03-02-REG,NB08-03-02-REG-WISN,WISN,0,0,2,2,AF,,,,
NB,08,03,NB08-03,REG,2021,2,NB08-03-02-REG,NB08-03-02-REG-RWBL,RWBL,0,0,2,2,AF,,,,
NB,08,03,NB08-03,REG,2021,2,NB08-03-02-REG,NB08-03-02-REG-AMRO,AMRO,0,0,2,2,AF,,,,
NB,08,04,NB08-04,REG,2021,1,NB08-04-01-REG,NB08-04-01-REG-RWBL,RWBL,5,5,0,5,OF,,,,
NB,08,04,NB08-04,REG,2021,1,NB08-04-01-REG,NB08-04-01-REG-TRES,TRES,3,5,0,5,AF,,,,
NB,08,04,NB08-04,REG,2021,1,NB08-04-01-REG,NB08-04-01-REG-EAKI,EAKI,1,1,0,1,OF,,,,
NB,08,04,NB08-04,REG,2021,1,NB08-04-01-REG,NB08-04-01-REG-YEWA,YEWA,0,4,0,4,OF,,,,
NB,08,04,NB08-04,REG,2021,1,NB08-04-01-REG,NB08-04-01-REG-COGR,COGR,0,1,0,1,OF,,,,
NB,08,04,NB08-04,REG,2021,1,NB08-04-01-REG,NB08-04-01-REG-NOFL,NOFL,0,0,1,1,OF,,,,
NB,08,04,NB08-04,REG,2021,2,NB08-04-02-REG,NB08-04-02-REG-BAOR,BAOR,1,0,0,1,OF,,,,
NB,08,04,NB08-04,REG,2021,2,NB08-04-02-REG,NB08-04-02-REG-COGR,COGR,1,0,1,1,AF,,,,
NB,08,04,NB08-04,REG,2021,2,NB08-04-02-REG,NB08-04-02-REG-YEWA,YEWA,0,1,0,1,AF,,,,
NB,08,04,NB08-04,REG,2021,2,NB08-04-02-REG,NB08-04-02-REG-EAKI,EAKI,0,0,1,1,AF,,,,
NB,09,01,NB09-01,REG,2021,1,NB09-01-01-REG,NB09-01-01-REG-RWBL,RWBL,1,0,1,1,OF,,,,
NB,09,01,NB09-01,REG,2021,1,NB09-01-01-REG,NB09-01-01-REG-COGR,COGR,3,0,0,3,OF,,,,
NB,09,01,NB09-01,REG,2021,1,NB09-01-01-REG,NB09-01-01-REG-TRES,TRES,0,3,2,3,AF,,,,"Written as TRSW, assumed to be TRES"
NB,09,01,NB09-01,REW,2021,2,NB09-01-02-REW,NB09-01-02-REW-RWBL,RWBL,4,1,0,4,OF,,,,
NB,09,01,NB09-01,REW,2021,2,NB09-01-02-REW,NB09-01-02-REW-CEDW,CEDW,1,0,0,1,OF,,,,
NB,09,01,NB09-01,REW,2021,2,NB09-01-02-REW,NB09-01-02-REW-TRES,TRES,2,1,0,2,OF,,,,
NB,09,01,NB09-01,REW,2021,2,NB09-01-02-REW,NB09-01-02-REW-EAKI,EAKI,0,1,3,3,OF,,,,
NB,09,01,NB09-01,REW,2021,2,NB09-01-02-REW,NB09-01-02-REW-NOFL,NOFL,0,0,2,2,,,,,
NB,09,01,NB09-01,REW,2021,2,NB09-01-02-REW,NB09-01-02-REW-RNDU,RNDU,2,0,1,2,AF,,,,2
NB,09,02,NB09-02,REG,2021,1,NB09-02-01-REG,NB09-02-01-REG-TRES,TRES,2,0,1,2,AF,,,,2
NB,09,02,NB09-02,REG,2021,1,NB09-02-01-REG,NB09-02-01-REG-ABDU,ABDU,2,0,0,2,OF,,,,2 adults
NB,09,02,NB09-02,REG,2021,1,NB09-02-01-REG,NB09-02-01-REG-CEDW,CEDW,0,0,3,3,OF,,,,
NB,09,02,NB09-02,REG,2021,1,NB09-02-01-REG,NB09-02-01-REG-RWBL,RWBL,0,0,1,1,OF,,,,
NB,09,02,NB09-02,REG,2021,1,NB09-02-01-REG,NB09-02-01-REG-RNDU,RNDU,0,0,1,1,OF,1,,,
NB,09,02,NB09-02,DRG,2021,2,NB09-02-02-DRG,NB09-02-02-DRG-RWBL,RWBL,2,1,0,2,OF,,,,
NB,09,02,NB09-02,DRG,2021,2,NB09-02-02-DRG,NB09-02-02-DRG-COGR,COGR,1,0,7,7,,,,,
NB,09,02,NB09-02,DRG,2021,2,NB09-02-02-DRG,NB09-02-02-DRG-TRES,TRES,3,3,0,3,,,,,
NB,09,02,NB09-02,DRG,2021,2,NB09-02-02-DRG,NB09-02-02-DRG-COYE,COYE,2,0,0,2,,,,,
NB,09,02,NB09-02,DRG,2021,2,NB09-02-02-DRG,NB09-02-02-DRG-MALL,MALL,0,0,5,5,,,1,4,
NB,09,03,NB09-03,REG,2021,1,NB09-03-01-REG,NB09-03-01-REG-CEDW,CEDW,0,2,0,2,OF,,,,2 adults
NB,09,03,NB09-03,REG,2021,1,NB09-03-01-REG,NB09-03-01-REG-COGR,COGR,0,1,0,1,OF,,,,1 adult (1F)
NB,09,03,NB09-03,REG,2021,1,NB09-03-01-REG,NB09-03-01-REG-PUFI,PUFI,0,0,1,1,OF,,,,
NB,09,03,NB09-03,REG,2021,1,NB09-03-01-REG,NB09-03-01-REG-COYE,COYE,0,0,1,1,OF,,,,1 adult (treetop)
NB,09,03,NB09-03,REW,2021,2,NB09-03-02-REW,NB09-03-02-REW-CANG,CANG,1,0,0,1,,,,,"written as CAGE, assumed CANG"
NB,10,01,NB10-01,REG,2021,1,NB10-01-01-REG,NB10-01-01-REG-BLJA,BLJA,1,0,0,1,OF,,,,
NB,10,01,NB10-01,REG,2021,1,NB10-01-01-REG,NB10-01-01-REG-TRES,TRES,1,0,0,1,AF,,,,
NB,10,01,NB10-01,REG,2021,1,NB10-01-01-REG,NB10-01-01-REG-EAKI,EAKI,0,3,0,3,AF,,,,3 adults
NB,10,01,NB10-01,REG,2021,1,NB10-01-01-REG,NB10-01-01-REG-RNDU,RNDU,0,0,2,2,,1,1,,
NB,10,01,NB10-01,TAS,2021,2,NB10-01-02-TAS,NB10-01-02-TAS-RWBL,RWBL,1,2,0,2,"OF, AF",,,,
NB,10,01,NB10-01,TAS,2021,2,NB10-01-02-TAS,NB10-01-02-TAS-EAKI,EAKI,0,0,1,1,OF,,,,
NB,10,01,NB10-01,TAS,2021,2,NB10-01-02-TAS,NB10-01-02-TAS-COGR,COGR,1,0,7,7,OF,,,,
NB,10,02,NB10-02,TAS,2021,2,NB10-02-02-TAS,NB10-02-02-TAS-RWBL,RWBL,0,1,0,1,OF,,,,note says all were OF
NB,10,03,NB10-03,DRG,2021,2,NB10-03-02-DRG,NB10-03-02-DRG-CEDW,CEDW,2,0,0,2,OF,,,,
NB,10,03,NB10-03,DRG,2021,2,NB10-03-02-DRG,NB10-03-02-DRG-COGR,COGR,1,0,0,1,OF,,,,
NB,10,03,NB10-03,DRG,2021,2,NB10-03-02-DRG,NB10-03-02-DRG-TRES,TRES,0,2,0,2,AF,,,,
NB,10,04,NB10-04,HOS,2021,1,NB10-04-01-HOS,NB10-04-01-HOS-RWBL,RWBL,3,0,1,3,OF,,,,
NB,10,04,NB10-04,HOS,2021,1,NB10-04-01-HOS,NB10-04-01-HOS-COGR,COGR,0,1,0,1,OF,,,,
NB,10,04,NB10-04,HOS,2021,1,NB10-04-01-HOS,NB10-04-01-HOS-RNDU,RNDU,0,1,0,1,OF,,,,
NB,10,04,NB10-04,HOS,2021,1,NB10-04-01-HOS,NB10-04-01-HOS-TRES,TRES,0,0,1,1,AF,,,,written as TRSW
NB,10,04,NB10-04,HOS,2021,1,NB10-04-01-HOS,NB10-04-01-HOS-YEWA,YEWA,0,0,1,1,AF,,,,Written as YLWA
NB,10,04,NB10-04,DRG,2021,2,NB10-04-02-DRG,NB10-04-02-DRG-RWBL,RWBL,4,0,6,6,OF,,,,
NB,10,04,NB10-04,DRG,2021,2,NB10-04-02-DRG,NB10-04-02-DRG-TRES,TRES,0,4,1,4,AF,,,,
NB,10,04,NB10-04,DRG,2021,2,NB10-04-02-DRG,NB10-04-02-DRG-MALL,MALL,0,0,1,1,,,1,,
NB,10,05,NB10-05,DRG,2021,1,NB10-05-01-DRG,NB10-05-01-DRG-RWBL,RWBL,2,3,6,6,OF,,,,
NB,10,05,NB10-05,DRG,2021,1,NB10-05-01-DRG,NB10-05-01-DRG-TRES,TRES,5,0,5,5,AF,,,,
NB,10,05,NB10-05,DRG,2021,1,NB10-05-01-DRG,NB10-05-01-DRG-COGR,COGR,2,2,0,2,,,,,
NB,10,05,NB10-05,DRG,2021,1,NB10-05-01-DRG,NB10-05-01-DRG-MALL,MALL,0,2,2,2,OF,,,,
NB,10,05,NB10-05,DRG,2021,1,NB10-05-01-DRG,NB10-05-01-DRG-CANG,CANG,0,0,9,9,,,,,"4 adults, 5 ducklings"
NB,10,05,NB10-05,DRG,2021,1,NB10-05-01-DRG,NB10-05-01-DRG-BWTE,BWTE,0,0,1,1,OF,,,,
NB,10,05,NB10-05,JES,2021,2,NB10-05-02-JES,NB10-05-02-JES-TRES,TRES,1,0,0,1,OF,,,,8x + 2x
NB,10,05,NB10-05,JES,2021,2,NB10-05-02-JES,NB10-05-02-JES-RNDU,RNDU,1,0,1,1,OF,,,,2x
NB,10,05,NB10-05,JES,2021,2,NB10-05-02-JES,NB10-05-02-JES-EAKI,EAKI,1,0,0,1,,,,,
NB,10,05,NB10-05,JES,2021,2,NB10-05-02-JES,NB10-05-02-JES-RWBL,RWBL,0,1,0,1,,,,,
NB,10,05,NB10-05,JES,2021,2,NB10-05-02-JES,NB10-05-02-JES-CHSP,CHSP,0,1,0,1,,,,,
NB,10,05,NB10-05,JES,2021,2,NB10-05-02-JES,NB10-05-02-JES-SWSP,SWSP,0,0,1,1,,,,,
NB,10,06,NB10-06,DRG,2021,1,NB10-06-01-DRG,NB10-06-01-DRG-COGR,COGR,1,1,2,2,OF,,,,
NB,10,06,NB10-06,DRG,2021,1,NB10-06-01-DRG,NB10-06-01-DRG-MALL,MALL,1,0,1,1,OF,,,,
NB,10,06,NB10-06,DRG,2021,1,NB10-06-01-DRG,NB10-06-01-DRG-RWBL,RWBL,0,1,0,1,OF,,,,
NB,10,06,NB10-06,DRG,2021,1,NB10-06-01-DRG,NB10-06-01-DRG-YEWA,YEWA,0,1,0,1,OF,,,,
NB,10,06,NB10-06,DRG,2021,1,NB10-06-01-DRG,NB10-06-01-DRG-TRES,TRES,1,1,1,1,AF,,,,
NB,10,06,NB10-06,DRG,2021,1,NB10-06-01-DRG,NB10-06-01-DRG-RNDU,RNDU,0,1,1,1,OF,,,,
NB,10,06,NB10-06,DRG,2021,1,NB10-06-01-DRG,NB10-06-01-DRG-REVI,REVI,0,0,0,0,,,,,Did not indicate when observed
NB,10,06,NB10-06,JES,2021,2,NB10-06-02-JES,NB10-06-02-JES-RNDU,RNDU,1,0,0,1,,,,,2x
NB,10,06,NB10-06,JES,2021,2,NB10-06-02-JES,NB10-06-02-JES-NOHA,NOHA,1,0,0,1,OF,,,,
NB,10,06,NB10-06,JES,2021,2,NB10-06-02-JES,NB10-06-02-JES-TRES,TRES,1,1,0,1,,,,,2x + 1x
NB,10,07,NB10-07,DRG,2021,1,NB10-07-01-DRG,NB10-07-01-DRG-COGR,COGR,1,0,0,1,OF,,,,
NB,10,07,NB10-07,DRG,2021,1,NB10-07-01-DRG,NB10-07-01-DRG-TRES,TRES,1,1,4,4,AF,,,,
NB,10,07,NB10-07,DRG,2021,1,NB10-07-01-DRG,NB10-07-01-DRG-RWBL,RWBL,0,0,1,1,OF,,,,
NB,10,07,NB10-07,JES,2021,2,NB10-07-02-JES,NB10-07-02-JES-EAKI,EAKI,1,0,0,1,,,,,
NB,10,07,NB10-07,JES,2021,2,NB10-07-02-JES,NB10-07-02-JES-COGR,COGR,1,1,0,1,OF,,,,2x
NB,10,07,NB10-07,JES,2021,2,NB10-07-02-JES,NB10-07-02-JES-RWBL,RWBL,0,2,1,2,OF,,,,
NB,10,07,NB10-07,JES,2021,2,NB10-07-02-JES,NB10-07-02-JES-REVI,REVI,0,0,1,1,,,,,
NB,10,07,NB10-07,JES,2021,2,NB10-07-02-JES,NB10-07-02-JES-TRES,TRES,0,0,1,1,OF,,,,2x
NB,10,08,NB10-08,DRG,2021,1,NB10-08-01-DRG,NB10-08-01-DRG-COGR,COGR,2,3,0,3,OF,,,,
NB,10,08,NB10-08,JES,2021,2,NB10-08-02-JES,NB10-08-02-JES-ABDU,ABDU,1,0,0,1,OF,,,,
NB,10,08,NB10-08,JES,2021,2,NB10-08-02-JES,NB10-08-02-JES-TRES,TRES,0,2,0,2,,,,,#3
NB,10,08,NB10-08,JES,2021,2,NB10-08-02-JES,NB10-08-02-JES-MALL,MALL,1,0,0,1,OF,,1,,Landing
NB,12,01,NB12-01,TAS,2021,1,NB12-01-01-TAS,NB12-01-01-TAS-RWBL,RWBL,5,0,0,5,AF,,,,
NB,12,01,NB12-01,TAS,2021,1,NB12-01-01-TAS,NB12-01-01-TAS-AMRO,AMRO,2,0,0,2,OF,,,,
NB,12,01,NB12-01,TAS,2021,1,NB12-01-01-TAS,NB12-01-01-TAS-YEWA,YEWA,1,0,1,1,AF,,,,
NB,12,01,NB12-01,TAS,2021,1,NB12-01-01-TAS,NB12-01-01-TAS-TS??,TS??,0,1,0,1,AF,,,,
NB,12,01,NB12-01,TAS,2021,1,NB12-01-01-TAS,NB12-01-01-TAS-WTSP,WTSP,0,0,1,1,AF,,,,
NB,12,01,NB12-01,DRG,2021,2,NB12-01-02-DRG,NB12-01-02-DRG-COYE,COYE,1,0,0,1,,,,,"written as COYT, assumed to be COYE"
NB,12,01,NB12-01,DRG,2021,2,NB12-01-02-DRG,NB12-01-02-DRG-RWBL,RWBL,4,4,0,4,OF,,,,perching
NB,12,01,NB12-01,DRG,2021,2,NB12-01-02-DRG,NB12-01-02-DRG-COGR,COGR,0,2,0,2,,,,,
NB,12,01,NB12-01,DRG,2021,2,NB12-01-02-DRG,NB12-01-02-DRG-TRES,TRES,0,0,3,3,AF,,,,
NB,12,01,NB12-01,DRG,2021,2,NB12-01-02-DRG,NB12-01-02-DRG-LEFL,LEFL,0,0,1,1,,,,,
NB,12,02,NB12-02,TAS,2021,1,NB12-02-01-TAS,NB12-02-01-TAS-RWBL,RWBL,4,2,0,4,"OF, AF",,,,
NB,12,02,NB12-02,TAS,2021,1,NB12-02-01-TAS,NB12-02-01-TAS-CG,CG,1,1,0,1,AF,,,,unknown species code
NB,12,02,NB12-02,TAS,2021,1,NB12-02-01-TAS,NB12-02-01-TAS-TS,TS,4,1,0,4,OF,,,,unknown species code
NB,12,02,NB12-02,TAS,2021,1,NB12-02-01-TAS,NB12-02-01-TAS-EAKI,EAKI,0,1,0,1,AF,,,,"written as EKB, assuming EAKI"
NB,12,02,NB12-02,DRG,2021,2,NB12-02-02-DRG,NB12-02-02-DRG-LEFL,LEFL,1,0,0,1,,,,,perch
NB,12,02,NB12-02,DRG,2021,2,NB12-02-02-DRG,NB12-02-02-DRG-SWSP,SWSP,0,0,1,1,,,,,
NB,12,02,NB12-02,DRG,2021,2,NB12-02-02-DRG,NB12-02-02-DRG-RWBL,RWBL,0,3,8,8,,,,,
NB,12,02,NB12-02,DRG,2021,2,NB12-02-02-DRG,NB12-02-02-DRG-EAKI,EAKI,0,2,1,2,,,,,
NB,12,03,NB12-03,TAS,2021,1,NB12-03-01-TAS,NB12-03-01-TAS-RWBL,RWBL,1,1,0,1,AF,,,,
NB,12,03,NB12-03,TAS,2021,1,NB12-03-01-TAS,NB12-03-01-TAS-COGR,COGR,1,0,0,1,OF,,,,
NB,12,03,NB12-03,TAS,2021,1,NB12-03-01-TAS,NB12-03-01-TAS-ABDU,ABDU,0,2,0,2,OF,,,,"written as BLDU, assumed to be ABDU"
NB,12,03,NB12-03,TAS,2021,1,NB12-03-01-TAS,NB12-03-01-TAS-YEWA,YEWA,0,0,1,1,AF,,,,
NB,12,03,NB12-03,TAS,2021,1,NB12-03-01-TAS,NB12-03-01-TAS-CHSP,CHSP,0,0,1,1,AF,,,,
NB,12,03,NB12-03,DRG,2021,2,NB12-03-02-DRG,NB12-03-02-DRG-RTHU,RTHU,1,0,0,1,,,,,
NB,12,03,NB12-03,DRG,2021,2,NB12-03-02-DRG,NB12-03-02-DRG-RWBL,RWBL,8,0,0,8,,,,,
NB,12,03,NB12-03,DRG,2021,2,NB12-03-02-DRG,NB12-03-02-DRG-RNDU,RNDU,6,0,0,6,,,1,5,
NB,12,03,NB12-03,DRG,2021,2,NB12-03-02-DRG,NB12-03-02-DRG-TRES,TRES,2,2,0,2,AF,,,,
NB,12,03,NB12-03,DRG,2021,2,NB12-03-02-DRG,NB12-03-02-DRG-COME,COME,0,2,0,2,,,,,small
NB,12,03,NB12-03,DRG,2021,2,NB12-03-02-DRG,NB12-03-02-DRG-SWSP,SWSP,0,2,2,2,,,,,
NB,12,03,NB12-03,DRG,2021,2,NB12-03-02-DRG,NB12-03-02-DRG-EAKI,EAKI,0,0,2,2,,,,,
NB,12,03,NB12-03,DRG,2021,2,NB12-03-02-DRG,NB12-03-02-DRG-CEDW,CEDW,0,0,1,1,,,,,perch; written as CEWA
NB,12,04,NB12-04,HOS,2021,1,NB12-04-01-HOS,NB12-04-01-HOS-RWBL,RWBL,6,0,0,6,"OF, AF",,,,
NB,12,04,NB12-04,HOS,2021,1,NB12-04-01-HOS,NB12-04-01-HOS-COGR,COGR,1,0,0,1,OF,,,,
NB,12,04,NB12-04,HOS,2021,1,NB12-04-01-HOS,NB12-04-01-HOS-EAKI,EAKI,0,2,0,2,AF,,,,
NB,12,04,NB12-04,TAS,2021,2,NB12-04-02-TAS,NB12-04-02-TAS-BARS,BARS,3,0,0,3,AF,,,,
NB,12,04,NB12-04,TAS,2021,2,NB12-04-02-TAS,NB12-04-02-TAS-TRES,TRES,7,3,5,7,AF,,,,
NB,12,04,NB12-04,TAS,2021,2,NB12-04-02-TAS,NB12-04-02-TAS-RWBL,RWBL,2,0,2,2,,,,,
NB,12,04,NB12-04,TAS,2021,2,NB12-04-02-TAS,NB12-04-02-TAS-CEDW,CEDW,2,0,0,2,,,,,
NB,12,04,NB12-04,TAS,2021,2,NB12-04-02-TAS,NB12-04-02-TAS-EAKI,EAKI,0,2,0,2,AF,,,,
NB,12,04,NB12-04,TAS,2021,2,NB12-04-02-TAS,NB12-04-02-TAS-ABDU,ABDU,0,1,0,1,AF,,,,"written as BLAD, assumed to be ABDU"
NB,12,05,NB12-05,HOS,2021,1,NB12-05-01-HOS,NB12-05-01-HOS-TRES,TRES,1,0,0,1,OF,,,,
NB,12,05,NB12-05,HOS,2021,1,NB12-05-01-HOS,NB12-05-01-HOS-RNDU,RNDU,0,1,0,1,OF,,,,
NB,12,05,NB12-05,HOS,2021,1,NB12-05-01-HOS,NB12-05-01-HOS-RWBL,RWBL,0,1,0,1,OF,,,,
NB,12,05,NB12-05,ASH,2021,2,NB12-05-02-ASH,NB12-05-02-ASH-RWBL,RWBL,2,0,1,2,OF,,,,
NB,12,05,NB12-05,ASH,2021,2,NB12-05-02-ASH,NB12-05-02-ASH-EAKI,EAKI,2,0,0,2,AF,,,,
NB,12,05,NB12-05,ASH,2021,2,NB12-05-02-ASH,NB12-05-02-ASH-BARS,BARS,2,1,0,2,AF,,,,
NB,12,05,NB12-05,ASH,2021,2,NB12-05-02-ASH,NB12-05-02-ASH-TRES,TRES,2,3,2,3,AF,,,,
NB,12,05,NB12-05,ASH,2021,2,NB12-05-02-ASH,NB12-05-02-ASH-CEDW,CEDW,1,0,0,1,OF,,,,
NB,12,05,NB12-05,ASH,2021,2,NB12-05-02-ASH,NB12-05-02-ASH-SWSP,SWSP,0,0,1,1,AF,,,,
NB,12,05,NB12-05,ASH,2021,2,NB12-05-02-ASH,NB12-05-02-ASH-CLSW,CLSW,0,0,3,3,AF,,,,
NB,12,06,NB12-06,HOS,2021,1,NB12-06-01-HOS,NB12-06-01-HOS-YEWA,YEWA,2,0,0,2,OF,,,,
NB,12,06,NB12-06,HOS,2021,1,NB12-06-01-HOS,NB12-06-01-HOS-RWBL,RWBL,0,1,0,1,AF,,,,
NB,12,06,NB12-06,TAS,2021,2,NB12-06-02-TAS,NB12-06-02-TAS-TRES,TRES,3,2,4,4,OF,,,,
NB,12,06,NB12-06,TAS,2021,2,NB12-06-02-TAS,NB12-06-02-TAS-WISN,WISN,1,0,0,1,OF,,,,
NB,12,06,NB12-06,TAS,2021,2,NB12-06-02-TAS,NB12-06-02-TAS-EAKI,EAKI,1,0,1,1,OF,,,,
NB,12,06,NB12-06,TAS,2021,2,NB12-06-02-TAS,NB12-06-02-TAS-COGR,COGR,1,0,0,1,OF,,,,
NB,12,06,NB12-06,TAS,2021,2,NB12-06-02-TAS,NB12-06-02-TAS-BARS,BARS,2,0,2,2,OF,,,,
NB,12,06,NB12-06,TAS,2021,2,NB12-06-02-TAS,NB12-06-02-TAS-RWBL,RWBL,0,3,0,3,OF,,,,
NB,12,06,NB12-06,TAS,2021,2,NB12-06-02-TAS,NB12-06-02-TAS-ABDU,ABDU,0,1,0,1,AF ,,,,"written as BLAD, made note it's a Black Duck"
NB,12,06,NB12-06,TAS,2021,2,NB12-06-02-TAS,NB12-06-02-TAS-CEDW,CEDW,0,1,1,1,AF,,,,
NB,12,06,NB12-06,TAS,2021,2,NB12-06-02-TAS,NB12-06-02-TAS-YEWA,YEWA,0,0,1,1,AF ,,,,
NB,12,07,NB12-07,HOS,2021,1,NB12-07-01-HOS,NB12-07-01-HOS-RWBL,RWBL,2,1,0,2,OF,,,,
NB,12,07,NB12-07,HOS,2021,1,NB12-07-01-HOS,NB12-07-01-HOS-RBGR,RBGR,0,0,0,0,OF,,,,did not indicate when it was observed
NB,12,07,NB12-07,HOS,2021,1,NB12-07-01-HOS,NB12-07-01-HOS-REVI,REVI,0,0,1,1,OF,,,,
NB,12,07,NB12-07,HOS,2021,1,NB12-07-01-HOS,NB12-07-01-HOS-SS,SS,1,0,0,1,OF,,,,unknown species code
NB,12,07,NB12-07,HOS,2021,1,NB12-07-01-HOS,NB12-07-01-HOS-COYE,COYE,0,1,0,1,OF,,,,
NB,12,07,NB12-07,HOS,2021,1,NB12-07-01-HOS,NB12-07-01-HOS-COGR,COGR,0,0,1,1,OF,,,,
NB,12,07,NB12-07,ASH,2021,2,NB12-07-02-ASH,NB12-07-02-ASH-RWBL,RWBL,1,0,0,1,AF,,,,
NB,12,07,NB12-07,ASH,2021,2,NB12-07-02-ASH,NB12-07-02-ASH-EAKI,EAKI,1,0,0,1,OF,,,,
NB,12,07,NB12-07,ASH,2021,2,NB12-07-02-ASH,NB12-07-02-ASH-SWSP,SWSP,1,0,0,1,,,,,
NB,12,07,NB12-07,ASH,2021,2,NB12-07-02-ASH,NB12-07-02-ASH-CANG,CANG,1,1,0,1,,,,,
NB,12,07,NB12-07,ASH,2021,2,NB12-07-02-ASH,NB12-07-02-ASH-CHSP,CHSP,1,1,0,1,,,,,
NB,12,07,NB12-07,ASH,2021,2,NB12-07-02-ASH,NB12-07-02-ASH-TRES,TRES,0,0,2,2,,,,,
NB,12,08,NB12-08,HOS,2021,1,NB12-08-01-HOS,NB12-08-01-HOS-TRES,TRES,0,3,0,3,OF,,,,
NB,12,08,NB12-08,HOS,2021,1,NB12-08-01-HOS,NB12-08-01-HOS-BARS,BARS,1,0,0,1,OF,,,,
NB,12,08,NB12-08,HOS,2021,1,NB12-08-01-HOS,NB12-08-01-HOS-EAKI,EAKI,1,1,2,2,OF,,,,
NB,12,08,NB12-08,HOS,2021,1,NB12-08-01-HOS,NB12-08-01-HOS-RWBL,RWBL,3,2,0,3,OF,,,,
NB,12,08,NB12-08,HOS,2021,1,NB12-08-01-HOS,NB12-08-01-HOS-RNDU,RNDU,0,0,0,0,OF,,,,
NB,12,08,NB12-08,HOS,2021,1,NB12-08-01-HOS,NB12-08-01-HOS-COGR,COGR,0,0,1,1,OF,,,,"written as COGP, assuming to be COGR"
NB,12,08,NB12-08,JES,2021,2,NB12-08-02-JES,NB12-08-02-JES-TRES,TRES,4,1,0,4,OF,,,,2x - 2x - 3x
NB,12,08,NB12-08,JES,2021,2,NB12-08-02-JES,NB12-08-02-JES-RWBL,RWBL,3,1,3,3,OF,,,,juvi 2x - 2x
NB,12,08,NB12-08,JES,2021,2,NB12-08-02-JES,NB12-08-02-JES-RNDU,RNDU,0,1,0,1,,,,,4x
NB,12,08,NB12-08,JES,2021,2,NB12-08-02-JES,NB12-08-02-JES-EAKI,EAKI,0,1,0,1,OF,,,,1x
NB,12,08,NB12-08,JES,2021,2,NB12-08-02-JES,NB12-08-02-JES-BARS,BARS,0,0,4,4,,,,,
NB,12,08,NB12-08,ASH,2021,3,NB12-08-03-ASH,NB12-08-03-ASH-CHSP,CHSP,1,0,0,1,OF,,,,
NB,12,08,NB12-08,ASH,2021,3,NB12-08-03-ASH,NB12-08-03-ASH-TRES,TRES,3,0,0,3,AF,,,,
NB,12,08,NB12-08,ASH,2021,3,NB12-08-03-ASH,NB12-08-03-ASH-BARS,BARS,3,0,0,3,AF,,,,
NB,12,08,NB12-08,ASH,2021,3,NB12-08-03-ASH,NB12-08-03-ASH-CEDW,CEDW,0,3,0,3,OF,,,,
NB,12,08,NB12-08,ASH,2021,3,NB12-08-03-ASH,NB12-08-03-ASH-RWBL,RWBL,0,0,1,1,AF,,,,
NB,TH,02,NBTH-02,DAR,2021,1,NBTH-02-01-DAR,NBTH-02-01-DAR-HERG,HERG,0,0,1,1,,,,,
NB,TH,02,NBTH-02,DAR,2021,1,NBTH-02-01-DAR,NBTH-02-01-DAR-SOSP,SOSP,0,0,1,1,,,,,
NB,TH,01,NBTH-01,DAR,2021,2,NBTH-01-02-DAR,NBTH-01-02-DAR-SOSP,SOSP,2,2,2,2,,,,,
NB,TH,01,NBTH-01,DAR,2021,2,NBTH-01-02-DAR,NBTH-01-02-DAR-AMRO,AMRO,1,0,0,1,,,,,
NB,TH,01,NBTH-01,DAR,2021,2,NBTH-01-02-DAR,NBTH-01-02-DAR-COYE,COYE,1,1,0,1,,,,,
NB,TH,01,NBTH-01,DAR,2021,2,NBTH-01-02-DAR,NBTH-01-02-DAR-AMCR,AMCR,0,0,1,1,,,,,
NB,TH,02,NBTH-02,DAR,2021,2,NBTH-02-02-DAR,NBTH-02-02-DAR-COYE,COYE,1,0,1,1,,,,,
NB,TH,02,NBTH-02,DAR,2021,2,NBTH-02-02-DAR,NBTH-02-02-DAR-WTSP,WTSP,1,1,0,1,,,,,
NB,TH,02,NBTH-02,DAR,2021,2,NBTH-02-02-DAR,NBTH-02-02-DAR-BCCH,BCCH,1,0,0,1,,,,,
NB,TH,02,NBTH-02,DAR,2021,2,NBTH-02-02-DAR,NBTH-02-02-DAR-AMCR,AMCR,2,0,0,2,,,,,
NB,TH,02,NBTH-02,DAR,2021,2,NBTH-02-02-DAR,NBTH-02-02-DAR-HERG,HERG,0,0,1,1,,,,,
NB,TH,03,NBTH-03,DAR,2021,1,NBTH-03-01-DAR,NBTH-03-01-DAR-SOSP,SOSP,1,0,0,1,,,,,
NB,TH,03,NBTH-03,DAR,2021,1,NBTH-03-01-DAR,NBTH-03-01-DAR-HETH,HETH,0,1,0,1,,,,,
NB,TH,03,NBTH-03,DAR,2021,2,NBTH-03-02-DAR,NBTH-03-02-DAR-SOSP,SOSP,0,1,1,1,,,,,
NB,TH,03,NBTH-03,DAR,2021,2,NBTH-03-02-DAR,NBTH-03-02-DAR-HETH,HETH,2,1,0,2,,,,,
NB,TH,03,NBTH-03,DAR,2021,2,NBTH-03-02-DAR,NBTH-03-02-DAR-AMCR,AMCR,2,0,0,2,,,,,
NB,TH,04,NBTH-04,DAR,2021,2,NBTH-04-02-DAR,NBTH-04-02-DAR-AMCR,AMCR,1,2,0,2,,,,,
NB,TH,04,NBTH-04,DAR,2021,2,NBTH-04-02-DAR,NBTH-04-02-DAR-UNSP,UNSP,1,1,0,1,,,,,unknown species code
PE,05,01,PE05-01,MAG,2021,1,PE05-01-01-MAG,PE05-01-01-MAG-SWSP,SWSP,4,4,4,4,,,,,
PE,05,01,PE05-01,MAG,2021,1,PE05-01-01-MAG,PE05-01-01-MAG-GBHE,GBHE,7,3,2,7,,,,,Visual
PE,05,01,PE05-01,MAG,2021,1,PE05-01-01-MAG,PE05-01-01-MAG-BAEA,BAEA,0,0,0,0,OF,,,,
PE,05,01,PE05-01,MAG,2021,1,PE05-01-01-MAG,PE05-01-01-MAG-RWBL,RWBL,2,5,0,5,,,,,
PE,05,01,PE05-01,MAG,2021,1,PE05-01-01-MAG,PE05-01-01-MAG-COYE,COYE,1,1,,1,,,,,
PE,05,01,PE05-01,MAG,2021,1,PE05-01-01-MAG,PE05-01-01-MAG-GADW,GADW,0,1,0,1,OF,,,,
PE,05,01,PE05-01,MAG,2021,1,PE05-01-01-MAG,PE05-01-01-MAG-SOSP,SOSP,0,1,0,1,,,,,
PE,05,02,PE05-02,MAG,2021,1,PE05-02-01-MAG,PE05-02-01-MAG-ALFL,ALFL,2,2,2,2,,,,,
PE,05,02,PE05-02,MAG,2021,1,PE05-02-01-MAG,PE05-02-01-MAG-SOSP,SOSP,1,3,1,3,,,,,
PE,05,02,PE05-02,MAG,2021,1,PE05-02-01-MAG,PE05-02-01-MAG-NOFL,NOFL,0,0,0,0,OF,,,,
PE,05,02,PE05-02,MAG,2021,1,PE05-02-01-MAG,PE05-02-01-MAG-RWBL,RWBL,3,2,0,3,OF,,,,
PE,05,02,PE05-02,MAG,2021,1,PE05-02-01-MAG,PE05-02-01-MAG-YEWA,YEWA,1,1,3,3,,,,,
PE,05,02,PE05-02,MAG,2021,1,PE05-02-01-MAG,PE05-02-01-MAG-MALL,MALL,0,0,0,0,OF,,,,
PE,05,02,PE05-02,MAG,2021,1,PE05-02-01-MAG,PE05-02-01-MAG-COYE,COYE,1,1,2,2,,,,,
PE,05,02,PE05-02,MAG,2021,1,PE05-02-01-MAG,PE05-02-01-MAG-COGR,COGR,0,0,0,0,OF,,,,
PE,05,02,PE05-02,MAG,2021,1,PE05-02-01-MAG,PE05-02-01-MAG-SWSP,SWSP,1,1,2,2,,,,,
PE,05,02,PE05-02,MAG,2021,1,PE05-02-01-MAG,PE05-02-01-MAG-BAEA,BAEA,0,0,0,0,OF,,,,
PE,05,02,PE05-02,MAG,2021,1,PE05-02-01-MAG,PE05-02-01-MAG-GBHE,GBHE,0,0,0,0,OF,,,,
PE,05,03,PE05-03,MAG,2021,1,PE05-03-01-MAG,PE05-03-01-MAG-SWSP,SWSP,3,3,3,3,,,,,
PE,05,03,PE05-03,MAG,2021,1,PE05-03-01-MAG,PE05-03-01-MAG-CEDW,CEDW,0,0,0,0,OF,,,,
PE,05,03,PE05-03,MAG,2021,1,PE05-03-01-MAG,PE05-03-01-MAG-COYE,COYE,2,2,0,2,,,,,
PE,05,03,PE05-03,MAG,2021,1,PE05-03-01-MAG,PE05-03-01-MAG-GBHE,GBHE,0,0,0,0,OF,,,,
PE,05,03,PE05-03,MAG,2021,1,PE05-03-01-MAG,PE05-03-01-MAG-YEWA,YEWA,2,2,2,2,,,,,
PE,05,03,PE05-03,MAG,2021,1,PE05-03-01-MAG,PE05-03-01-MAG-RWBL,RWBL,2,2,2,2,,,,,
PE,05,03,PE05-03,MAG,2021,1,PE05-03-01-MAG,PE05-03-01-MAG-NOPA,NOPA,1,0,0,1,,,,,
PE,05,03,PE05-03,MAG,2021,1,PE05-03-01-MAG,PE05-03-01-MAG-SOSP,SOSP,1,0,1,1,,,,,
PE,05,03,PE05-03,MAG,2021,1,PE05-03-01-MAG,PE05-03-01-MAG-ABDU,ABDU,0,0,0,0,OF,,,,
PE,05,03,PE05-03,MAG,2021,1,PE05-03-01-MAG,PE05-03-01-MAG-BWWA,BWWA,0,1,0,1,,,,,
PE,05,03,PE05-03,MAG,2021,1,PE05-03-01-MAG,PE05-03-01-MAG-MOWA,MOWA,0,1,0,1,,,,,"Not 100% of code, looks like ""MDWA"""
PE,05,03,PE05-03,MAG,2021,1,PE05-03-01-MAG,PE05-03-01-MAG-AMRE,AMRE,0,1,1,1,,,,,
PE,05,03,PE05-03,MAG,2021,1,PE05-03-01-MAG,PE05-03-01-MAG-MALL,MALL,0,0,0,0,OF,,,,
PE,05,03,PE05-03,MAG,2021,1,PE05-03-01-MAG,PE05-03-01-MAG-REVI,REVI,0,0,1,1,,,,,
PE,05,04,PE05-04,MAG,2021,1,PE05-04-01-MAG,PE05-04-01-MAG-SWSP,SWSP,3,3,2,3,,,,,
PE,05,04,PE05-04,MAG,2021,1,PE05-04-01-MAG,PE05-04-01-MAG-COYE,COYE,3,2,2,3,,,,,
PE,05,04,PE05-04,MAG,2021,1,PE05-04-01-MAG,PE05-04-01-MAG-RWBL,RWBL,4,3,3,4,,,,,
PE,05,04,PE05-04,MAG,2021,1,PE05-04-01-MAG,PE05-04-01-MAG-ALFL,ALFL,1,1,0,1,,,,,
PE,05,04,PE05-04,MAG,2021,1,PE05-04-01-MAG,PE05-04-01-MAG-SOSP,SOSP,1,1,1,1,,,,,
PE,05,04,PE05-04,MAG,2021,1,PE05-04-01-MAG,PE05-04-01-MAG-GBHE,GBHE,0,0,0,0,OF,,,,
PE,05,04,PE05-04,MAG,2021,1,PE05-04-01-MAG,PE05-04-01-MAG-CEDW,CEDW,1,2,2,2,,,,,
PE,05,04,PE05-04,MAG,2021,1,PE05-04-01-MAG,PE05-04-01-MAG-MODO,MODO,1,1,1,1,,,,,
PE,05,04,PE05-04,MAG,2021,1,PE05-04-01-MAG,PE05-04-01-MAG-LEYE,LEYE,0,1,0,1,,,,,
PE,05,04,PE05-04,MAG,2021,1,PE05-04-01-MAG,PE05-04-01-MAG-YEWA,YEWA,0,1,2,2,,,,,
PE,05,04,PE05-04,MAG,2021,1,PE05-04-01-MAG,PE05-04-01-MAG-MALL,MALL,0,0,0,0,OF,,,,
PE,05,04,PE05-04,MAG,2021,1,PE05-04-01-MAG,PE05-04-01-MAG-AMRE,AMRE,0,0,2,2,,,,,
PE,05,04,PE05-04,MAG,2021,1,PE05-04-01-MAG,PE05-04-01-MAG-BCCH,BCCH,0,0,1,1,,,,,
PE,05,05,PE05-05,MAG,2021,1,PE05-05-01-MAG,PE05-05-01-MAG-RWBL,RWBL,3,2,2,3,OF,,,,
PE,05,05,PE05-05,MAG,2021,1,PE05-05-01-MAG,PE05-05-01-MAG-SOSP,SOSP,2,2,2,2,,,,,
PE,05,05,PE05-05,MAG,2021,1,PE05-05-01-MAG,PE05-05-01-MAG-REVI,REVI,1,1,1,1,,,,,
PE,05,05,PE05-05,MAG,2021,1,PE05-05-01-MAG,PE05-05-01-MAG-MODO,MODO,1,1,1,1,,,,,
PE,05,05,PE05-05,MAG,2021,1,PE05-05-01-MAG,PE05-05-01-MAG-SWSP,SWSP,3,3,3,3,,,,,
PE,05,05,PE05-05,MAG,2021,1,PE05-05-01-MAG,PE05-05-01-MAG-BLJA,BLJA,1,0,0,1,,,,,
PE,05,05,PE05-05,MAG,2021,1,PE05-05-01-MAG,PE05-05-01-MAG-GBHE,GBHE,0,0,0,0,OF,,,,
PE,05,05,PE05-05,MAG,2021,1,PE05-05-01-MAG,PE05-05-01-MAG-COYE,COYE,1,1,2,2,,,,,
PE,05,05,PE05-05,MAG,2021,1,PE05-05-01-MAG,PE05-05-01-MAG-YEWA,YEWA,1,3,2,3,,,,,
PE,05,05,PE05-05,MAG,2021,1,PE05-05-01-MAG,PE05-05-01-MAG-AMRE,AMRE,1,2,0,2,,,,,
PE,05,05,PE05-05,MAG,2021,1,PE05-05-01-MAG,PE05-05-01-MAG-SAVS,SAVS,0,0,1,1,,,,,Written as SASP
PE,05,05,PE05-05,MAG,2021,1,PE05-05-01-MAG,PE05-05-01-MAG-CEDW,CEDW,0,0,1,1,,,,,
PE,05,05,PE05-05,MAG,2021,1,PE05-05-01-MAG,PE05-05-01-MAG-DCCO,DCCO,0,0,0,0,OF,,,,
PE,05,06,PE05-06,MAG,2021,1,PE05-06-01-MAG,PE05-06-01-MAG-COYE,COYE,2,2,3,3,,,,,
PE,05,06,PE05-06,MAG,2021,1,PE05-06-01-MAG,PE05-06-01-MAG-RWBL,RWBL,2,3,4,4,,,,,
PE,05,06,PE05-06,MAG,2021,1,PE05-06-01-MAG,PE05-06-01-MAG-YEWA,YEWA,3,3,2,3,,,,,
PE,05,06,PE05-06,MAG,2021,1,PE05-06-01-MAG,PE05-06-01-MAG-SOSP,SOSP,3,3,2,3,,,,,
PE,05,06,PE05-06,MAG,2021,1,PE05-06-01-MAG,PE05-06-01-MAG-GBHE,GBHE,0,0,0,0,OF,,,,
PE,05,06,PE05-06,MAG,2021,1,PE05-06-01-MAG,PE05-06-01-MAG-REVI,REVI,1,2,1,2,,,,,
PE,05,06,PE05-06,MAG,2021,1,PE05-06-01-MAG,PE05-06-01-MAG-SWSP,SWSP,1,2,1,2,,,,,
PE,05,06,PE05-06,MAG,2021,1,PE05-06-01-MAG,PE05-06-01-MAG-ALFL,ALFL,1,1,1,1,,,,,
PE,05,06,PE05-06,MAG,2021,1,PE05-06-01-MAG,PE05-06-01-MAG-CEDW,CEDW,0,0,0,0,OF,,,,
PE,05,07,PE05-07,MAG,2021,1,PE05-07-01-MAG,PE05-07-01-MAG-YEWA,YEWA,4,4,4,4,,,,,
PE,05,07,PE05-07,MAG,2021,1,PE05-07-01-MAG,PE05-07-01-MAG-SOSP,SOSP,2,2,2,2,,,,,
PE,05,07,PE05-07,MAG,2021,1,PE05-07-01-MAG,PE05-07-01-MAG-COYE,COYE,2,1,1,2,,,,,
PE,05,07,PE05-07,MAG,2021,1,PE05-07-01-MAG,PE05-07-01-MAG-SWSP,SWSP,3,4,4,4,,,,,
PE,05,07,PE05-07,MAG,2021,1,PE05-07-01-MAG,PE05-07-01-MAG-GBHE,GBHE,0,0,0,0,OF,,,,
PE,05,07,PE05-07,MAG,2021,1,PE05-07-01-MAG,PE05-07-01-MAG-RWBL,RWBL,2,2,2,2,,,,,
PE,05,07,PE05-07,MAG,2021,1,PE05-07-01-MAG,PE05-07-01-MAG-AMGO,AMGO,0,0,0,0,OF,,,,
PE,05,07,PE05-07,MAG,2021,1,PE05-07-01-MAG,PE05-07-01-MAG-ALFL,ALFL,0,3,3,3,,,,,
PE,05,07,PE05-07,MAG,2021,1,PE05-07-01-MAG,PE05-07-01-MAG-RNDU,RNDU,0,0,0,0,OF,,,,
PE,05,07,PE05-07,MAG,2021,1,PE05-07-01-MAG,PE05-07-01-MAG-REVI,REVI,0,0,1,1,,,,,
PE,10,01,PE10-01,MAG,2021,1,PE10-01-01-MAG,PE10-01-01-MAG-RWBL,RWBL,8,4,4,8,,,,,
PE,10,01,PE10-01,MAG,2021,1,PE10-01-01-MAG,PE10-01-01-MAG-COYE,COYE,4,2,3,4,,,,,
PE,10,01,PE10-01,MAG,2021,1,PE10-01-01-MAG,PE10-01-01-MAG-GBHE,GBHE,1,1,1,1,OF,,,,
PE,10,01,PE10-01,MAG,2021,1,PE10-01-01-MAG,PE10-01-01-MAG-YEWA,YEWA,4,3,3,4,,,,,
PE,10,01,PE10-01,MAG,2021,1,PE10-01-01-MAG,PE10-01-01-MAG-CANG,CANG,3,0,0,3,,,,,
PE,10,01,PE10-01,MAG,2021,1,PE10-01-01-MAG,PE10-01-01-MAG-MODO,MODO,2,0,1,2,,,,,
PE,10,01,PE10-01,MAG,2021,1,PE10-01-01-MAG,PE10-01-01-MAG-ALFL,ALFL,2,2,2,2,,,,,
PE,10,01,PE10-01,MAG,2021,1,PE10-01-01-MAG,PE10-01-01-MAG-AMRO,AMRO,1,1,1,1,,,,,
PE,10,01,PE10-01,MAG,2021,1,PE10-01-01-MAG,PE10-01-01-MAG-SOSP,SOSP,0,1,0,1,,,,,
PE,10,01,PE10-01,MAG,2021,1,PE10-01-01-MAG,PE10-01-01-MAG-LEYE,LEYE,0,1,0,1,,,,,
PE,10,01,PE10-01,MAG,2021,1,PE10-01-01-MAG,PE10-01-01-MAG-SWSP,SWSP,0,1,0,1,,,,,
PE,10,01,PE10-01,MAG,2021,1,PE10-01-01-MAG,PE10-01-01-MAG-AMCR,AMCR,0,0,1,1,,,,,
PE,10,01,PE10-01,MAG,2021,1,PE10-01-01-MAG,PE10-01-01-MAG-CEDW,CEDW,0,0,1,1,,,,,
PE,10,02,PE10-02,MAG,2021,1,PE10-02-01-MAG,PE10-02-01-MAG-RWBL,RWBL,6,8,5,8,OF,,,,
PE,10,02,PE10-02,MAG,2021,1,PE10-02-01-MAG,PE10-02-01-MAG-YEWA,YEWA,3,4,3,4,,,,,
PE,10,02,PE10-02,MAG,2021,1,PE10-02-01-MAG,PE10-02-01-MAG-COYE,COYE,2,3,3,3,,,,,
PE,10,02,PE10-02,MAG,2021,1,PE10-02-01-MAG,PE10-02-01-MAG-SOSP,SOSP,1,1,0,1,,,,,
PE,10,02,PE10-02,MAG,2021,1,PE10-02-01-MAG,PE10-02-01-MAG-SWSP,SWSP,1,1,2,2,,,,,
PE,10,02,PE10-02,MAG,2021,1,PE10-02-01-MAG,PE10-02-01-MAG-AMRO,AMRO,1,0,0,1,,,,,
PE,10,02,PE10-02,MAG,2021,1,PE10-02-01-MAG,PE10-02-01-MAG-MODO,MODO,1,1,1,1,,,,,
PE,10,02,PE10-02,MAG,2021,1,PE10-02-01-MAG,PE10-02-01-MAG-ALFL,ALFL,0,1,1,1,,,,,
PE,10,02,PE10-02,MAG,2021,1,PE10-02-01-MAG,PE10-02-01-MAG-AMCR,AMCR,0,1,1,1,,,,,
PE,10,02,PE10-02,MAG,2021,1,PE10-02-01-MAG,PE10-02-01-MAG-GBHE,GBHE,0,0,0,0,OF,,,,
PE,10,03,PE10-03,MAG,2021,1,PE10-03-01-MAG,PE10-03-01-MAG-RWBL,RWBL,8,9,8,9,,,,,
PE,10,03,PE10-03,MAG,2021,1,PE10-03-01-MAG,PE10-03-01-MAG-WODU,WODU,0,0,0,0,OF,6,2,,
PE,10,03,PE10-03,MAG,2021,1,PE10-03-01-MAG,PE10-03-01-MAG-ALFL,ALFL,1,1,1,1,,,,,
PE,10,03,PE10-03,MAG,2021,1,PE10-03-01-MAG,PE10-03-01-MAG-YEWA,YEWA,3,3,3,3,,,,,
PE,10,03,PE10-03,MAG,2021,1,PE10-03-01-MAG,PE10-03-01-MAG-SWSP,SWSP,1,1,1,1,,,,,
PE,10,04,PE10-04,MAG,2021,1,PE10-04-01-MAG,PE10-04-01-MAG-RWBL,RWBL,4,5,4,5,,,,,
PE,10,04,PE10-04,MAG,2021,1,PE10-04-01-MAG,PE10-04-01-MAG-AMRO,AMRO,2,1,1,2,,,,,forest edge
PE,10,04,PE10-04,MAG,2021,1,PE10-04-01-MAG,PE10-04-01-MAG-COYE,COYE,2,2,1,2,,,,,
PE,10,04,PE10-04,MAG,2021,1,PE10-04-01-MAG,PE10-04-01-MAG-YRWA,YRWA,1,0,0,1,,,,,forest edge
PE,10,04,PE10-04,MAG,2021,1,PE10-04-01-MAG,PE10-04-01-MAG-SWSP,SWSP,2,1,1,2,,,,,
PE,10,04,PE10-04,MAG,2021,1,PE10-04-01-MAG,PE10-04-01-MAG-BWWA,BWWA,1,0,0,1,,,,,forest edge
PE,10,04,PE10-04,MAG,2021,1,PE10-04-01-MAG,PE10-04-01-MAG-YEWA,YEWA,2,2,1,2,,,,,
PE,10,04,PE10-04,MAG,2021,1,PE10-04-01-MAG,PE10-04-01-MAG-RNDU,RNDU,0,0,0,0,OF,1,,,
PE,10,04,PE10-04,MAG,2021,1,PE10-04-01-MAG,PE10-04-01-MAG-ALFL,ALFL,1,1,1,1,,,,,
PE,10,04,PE10-04,MAG,2021,1,PE10-04-01-MAG,PE10-04-01-MAG-BWTE,BWTE,0,0,0,0,OF,1,,,
PE,10,04,PE10-04,MAG,2021,1,PE10-04-01-MAG,PE10-04-01-MAG-TRES,TRES,0,0,0,0,AF,,,,
PE,10,05,PE10-05,MAG,2021,1,PE10-05-01-MAG,PE10-05-01-MAG-YEWA,YEWA,1,1,0,1,,,,,
PE,10,05,PE10-05,MAG,2021,1,PE10-05-01-MAG,PE10-05-01-MAG-ALFL,ALFL,1,2,2,2,,,,,
PE,10,05,PE10-05,MAG,2021,1,PE10-05-01-MAG,PE10-05-01-MAG-BWWA,BWWA,1,0,0,1,,,,,
PE,10,05,PE10-05,MAG,2021,1,PE10-05-01-MAG,PE10-05-01-MAG-RWBL,RWBL,4,5,4,5,,,,,
PE,10,05,PE10-05,MAG,2021,1,PE10-05-01-MAG,PE10-05-01-MAG-AMRO,AMRO,1,1,0,1,,,,,
PE,10,05,PE10-05,MAG,2021,1,PE10-05-01-MAG,PE10-05-01-MAG-SWSP,SWSP,1,1,3,3,,,,,
PE,10,05,PE10-05,MAG,2021,1,PE10-05-01-MAG,PE10-05-01-MAG-TRES,TRES,0,0,0,0,AF,,,,
PE,10,05,PE10-05,MAG,2021,1,PE10-05-01-MAG,PE10-05-01-MAG-RNDU,RNDU,0,0,0,0,OF,1,,,
PE,10,05,PE10-05,MAG,2021,1,PE10-05-01-MAG,PE10-05-01-MAG-BEKI,BEKI,0,0,0,0,OF,,,,
PE,10,05,PE10-05,MAG,2021,1,PE10-05-01-MAG,PE10-05-01-MAG-COYE,COYE,0,0,1,1,,,,,
PE,10,06,PE10-06,MAG,2021,1,PE10-06-01-MAG,PE10-06-01-MAG-RWBL,RWBL,5,4,5,5,,,,,
PE,10,06,PE10-06,MAG,2021,1,PE10-06-01-MAG,PE10-06-01-MAG-BWWA,BWWA,3,1,0,3,,,,,
PE,10,06,PE10-06,MAG,2021,1,PE10-06-01-MAG,PE10-06-01-MAG-SWSP,SWSP,2,1,1,2,,,,,
PE,10,06,PE10-06,MAG,2021,1,PE10-06-01-MAG,PE10-06-01-MAG-DEJU,DEJU,0,0,0,0,OF,,,,
PE,10,06,PE10-06,MAG,2021,1,PE10-06-01-MAG,PE10-06-01-MAG-COYE,COYE,2,3,3,3,,,,,
PE,10,06,PE10-06,MAG,2021,1,PE10-06-01-MAG,PE10-06-01-MAG-YEWA,YEWA,1,0,1,1,,,,,
PE,10,06,PE10-06,MAG,2021,1,PE10-06-01-MAG,PE10-06-01-MAG-REVI,REVI,1,2,2,2,,,,,
PE,10,06,PE10-06,MAG,2021,1,PE10-06-01-MAG,PE10-06-01-MAG-AMRO,AMRO,1,2,2,2,,,,,
PE,10,06,PE10-06,MAG,2021,1,PE10-06-01-MAG,PE10-06-01-MAG-BCCH,BCCH,3,3,1,3,,,,,
PE,10,06,PE10-06,MAG,2021,1,PE10-06-01-MAG,PE10-06-01-MAG-HAWO,HAWO,0,0,0,0,OF,,,,
PE,10,06,PE10-06,MAG,2021,1,PE10-06-01-MAG,PE10-06-01-MAG-NOPA,NOPA,0,0,1,1,,,,,
PE,10,06,PE10-06,MAG,2021,1,PE10-06-01-MAG,PE10-06-01-MAG-YRWA,YRWA,0,0,1,1,,,,,
PE,10,06,PE10-06,MAG,2021,1,PE10-06-01-MAG,PE10-06-01-MAG-TRES,TRES,0,0,0,0,OF,,,,
PE,10,07,PE10-07,MAG,2021,1,PE10-07-01-MAG,PE10-07-01-MAG-BANS,BANS,0,0,0,0,,,,,"seen and heard after survey, >100 m, 15-20 flying over cattails"
PE,10,07,PE10-07,MAG,2021,1,PE10-07-01-MAG,PE10-07-01-MAG-ALFL,ALFL,3,1,0,3,,,,,
PE,10,07,PE10-07,MAG,2021,1,PE10-07-01-MAG,PE10-07-01-MAG-BWWA,BWWA,2,0,1,2,,,,,
PE,10,07,PE10-07,MAG,2021,1,PE10-07-01-MAG,PE10-07-01-MAG-COYE,COYE,2,2,2,2,,,,,
PE,10,07,PE10-07,MAG,2021,1,PE10-07-01-MAG,PE10-07-01-MAG-GCKI,GCKI,1,1,1,1,,,,,
PE,10,07,PE10-07,MAG,2021,1,PE10-07-01-MAG,PE10-07-01-MAG-RWBL,RWBL,4,3,4,4,,,,,
PE,10,07,PE10-07,MAG,2021,1,PE10-07-01-MAG,PE10-07-01-MAG-COGR,COGR,0,0,0,0,OF,,,,written as GRAC (assumed COGR)
PE,10,07,PE10-07,MAG,2021,1,PE10-07-01-MAG,PE10-07-01-MAG-YEWA,YEWA,1,2,1,2,,,,,
PE,10,07,PE10-07,MAG,2021,1,PE10-07-01-MAG,PE10-07-01-MAG-AMRO,AMRO,1,1,0,1,,,,,
PE,10,07,PE10-07,MAG,2021,1,PE10-07-01-MAG,PE10-07-01-MAG-CEDW,CEDW,0,0,0,0,OF,,,,
PE,10,07,PE10-07,MAG,2021,1,PE10-07-01-MAG,PE10-07-01-MAG-NOPA,NOPA,0,2,2,2,,,,,
PE,10,07,PE10-07,MAG,2021,1,PE10-07-01-MAG,PE10-07-01-MAG-NOFL,NOFL,0,1,0,1,,,,,
PE,10,07,PE10-07,MAG,2021,1,PE10-07-01-MAG,PE10-07-01-MAG-YRWA,YRWA,0,0,1,1,,,,,
PE,10,07,PE10-07,MAG,2021,1,PE10-07-01-MAG,PE10-07-01-MAG-SWSP,SWSP,0,0,1,1,,,,,
PE,10,01,PE10-01,MAG,2021,2,PE10-01-02-MAG,PE10-01-02-MAG-YEWA,YEWA,2,1,1,2,,,,,
PE,10,01,PE10-01,MAG,2021,2,PE10-01-02-MAG,PE10-01-02-MAG-RWBL,RWBL,2,3,2,3,,,,,
PE,10,01,PE10-01,MAG,2021,2,PE10-01-02-MAG,PE10-01-02-MAG-MODO,MODO,1,0,0,1,,,,,
PE,10,01,PE10-01,MAG,2021,2,PE10-01-02-MAG,PE10-01-02-MAG-COYE,COYE,1,1,1,1,,,,,
PE,10,01,PE10-01,MAG,2021,2,PE10-01-02-MAG,PE10-01-02-MAG-SWSP,SWSP,0,2,0,2,,,,,
PE,10,01,PE10-01,MAG,2021,2,PE10-01-02-MAG,PE10-01-02-MAG-GBHE,GBHE,0,0,1,1,,,,,
PE,10,02,PE10-02,MAG,2021,2,PE10-02-02-MAG,PE10-02-02-MAG-RWBL,RWBL,4,4,4,4,,,,,
PE,10,02,PE10-02,MAG,2021,2,PE10-02-02-MAG,PE10-02-02-MAG-SWSP,SWSP,1,3,3,3,,,,,
PE,10,02,PE10-02,MAG,2021,2,PE10-02-02-MAG,PE10-02-02-MAG-YEWA,YEWA,1,0,0,1,,,,,
PE,10,02,PE10-02,MAG,2021,2,PE10-02-02-MAG,PE10-02-02-MAG-ABDU,ABDU,0,0,0,0,OF,,,,
PE,10,02,PE10-02,MAG,2021,2,PE10-02-02-MAG,PE10-02-02-MAG-CEDW,CEDW,0,0,0,0,OF,,,,
PE,10,02,PE10-02,MAG,2021,2,PE10-02-02-MAG,PE10-02-02-MAG-MALL,MALL,0,0,0,0,OF,,,,
PE,10,03,PE10-03,MAG,2021,2,PE10-03-02-MAG,PE10-03-02-MAG-RWBL,RWBL,3,2,3,3,,,,,
PE,10,03,PE10-03,MAG,2021,2,PE10-03-02-MAG,PE10-03-02-MAG-SWSP,SWSP,2,3,4,4,,,,,
PE,10,03,PE10-03,MAG,2021,2,PE10-03-02-MAG,PE10-03-02-MAG-COYE,COYE,0,1,0,1,,,,,
PE,10,03,PE10-03,MAG,2021,2,PE10-03-02-MAG,PE10-03-02-MAG-MALL,MALL,0,0,0,0,OF,,,,
PE,10,03,PE10-03,MAG,2021,2,PE10-03-02-MAG,PE10-03-02-MAG-CEDW,CEDW,0,0,1,1,OF,,,,
PE,10,04,PE10-04,MAG,2021,2,PE10-04-02-MAG,PE10-04-02-MAG-SWSP,SWSP,4,4,4,4,,,,,
PE,10,04,PE10-04,MAG,2021,2,PE10-04-02-MAG,PE10-04-02-MAG-RWBL,RWBL,4,2,3,4,,,,,
PE,10,04,PE10-04,MAG,2021,2,PE10-04-02-MAG,PE10-04-02-MAG-COYE,COYE,1,1,1,1,,,,,
PE,10,04,PE10-04,MAG,2021,2,PE10-04-02-MAG,PE10-04-02-MAG-BWWA,BWWA,1,1,0,1,,,,,
PE,10,04,PE10-04,MAG,2021,2,PE10-04-02-MAG,PE10-04-02-MAG-CEDW,CEDW,0,0,0,0,OF,,,,
PE,10,04,PE10-04,MAG,2021,2,PE10-04-02-MAG,PE10-04-02-MAG-ALFL,ALFL,0,2,0,2,,,,,
PE,10,04,PE10-04,MAG,2021,2,PE10-04-02-MAG,PE10-04-02-MAG-REVI,REVI,0,0,1,1,,,,,
PE,10,05,PE10-05,MAG,2021,2,PE10-05-02-MAG,PE10-05-02-MAG-COYE,COYE,3,3,2,3,,,,,
PE,10,05,PE10-05,MAG,2021,2,PE10-05-02-MAG,PE10-05-02-MAG-SWSP,SWSP,2,2,3,3,,,,,
PE,10,05,PE10-05,MAG,2021,2,PE10-05-02-MAG,PE10-05-02-MAG-YEWA,YEWA,0,1,1,1,,,,,
PE,10,05,PE10-05,MAG,2021,2,PE10-05-02-MAG,PE10-05-02-MAG-EAWP,EAWP,1,0,0,1,,,,,">100m, Written as EWPE, assumed EAWP"
PE,10,06,PE10-06,MAG,2021,2,PE10-06-02-MAG,PE10-06-02-MAG-YRWA,YRWA,1,1,1,1,,,,,
PE,10,06,PE10-06,MAG,2021,2,PE10-06-02-MAG,PE10-06-02-MAG-REVI,REVI,1,0,1,1,,,,,
PE,10,06,PE10-06,MAG,2021,2,PE10-06-02-MAG,PE10-06-02-MAG-YBSA,YBSA,1,0,0,1,,,,,
PE,10,06,PE10-06,MAG,2021,2,PE10-06-02-MAG,PE10-06-02-MAG-MALL,MALL,1,0,0,1,,,,,YOY
PE,10,06,PE10-06,MAG,2021,2,PE10-06-02-MAG,PE10-06-02-MAG-DEJU,DEJU,1,1,1,1,,,,,
PE,10,06,PE10-06,MAG,2021,2,PE10-06-02-MAG,PE10-06-02-MAG-SWSP,SWSP,1,1,0,1,,,,,
PE,10,06,PE10-06,MAG,2021,2,PE10-06-02-MAG,PE10-06-02-MAG-BLJA,BLJA,1,2,1,2,,,,,
PE,10,06,PE10-06,MAG,2021,2,PE10-06-02-MAG,PE10-06-02-MAG-NOFL,NOFL,1,1,0,1,,,,,
PE,10,06,PE10-06,MAG,2021,2,PE10-06-02-MAG,PE10-06-02-MAG-AMRO,AMRO,0,1,2,2,,,,,
PE,10,06,PE10-06,MAG,2021,2,PE10-06-02-MAG,PE10-06-02-MAG-ALFL,ALFL,0,0,1,1,,,,,
PE,10,06,PE10-06,MAG,2021,2,PE10-06-02-MAG,PE10-06-02-MAG-BWWA,BWWA,0,0,1,1,,,,,
PE,10,06,PE10-06,MAG,2021,2,PE10-06-02-MAG,PE10-06-02-MAG-BCCH,BCCH,0,0,1,1,,,,,
PE,10,07,PE10-07,MAG,2021,2,PE10-07-02-MAG,PE10-07-02-MAG-SWSP,SWSP,3,4,4,4,,,,,
PE,10,07,PE10-07,MAG,2021,2,PE10-07-02-MAG,PE10-07-02-MAG-REVI,REVI,1,1,1,1,,,,,
PE,10,07,PE10-07,MAG,2021,2,PE10-07-02-MAG,PE10-07-02-MAG-RBNU,RBNU,1,0,0,1,,,,,
PE,10,07,PE10-07,MAG,2021,2,PE10-07-02-MAG,PE10-07-02-MAG-RWBL,RWBL,3,3,3,3,,,,,
PE,10,07,PE10-07,MAG,2021,2,PE10-07-02-MAG,PE10-07-02-MAG-YRWA,YRWA,1,0,1,1,,,,,
PE,10,07,PE10-07,MAG,2021,2,PE10-07-02-MAG,PE10-07-02-MAG-CEDW,CEDW,2,0,1,2,,,,,
PE,10,07,PE10-07,MAG,2021,2,PE10-07-02-MAG,PE10-07-02-MAG-YEWA,YEWA,3,2,3,3,,,,,
PE,10,07,PE10-07,MAG,2021,2,PE10-07-02-MAG,PE10-07-02-MAG-COYE,COYE,0,0,1,1,,,,,
PE,07,01,PE07-01,MAG,2021,1,PE07-01-01-MAG,PE07-01-01-MAG-COYE,COYE,3,3,3,3,,,,,
PE,07,01,PE07-01,MAG,2021,1,PE07-01-01-MAG,PE07-01-01-MAG-AMRE,AMRE,4,4,4,4,,,,,
PE,07,01,PE07-01,MAG,2021,1,PE07-01-01-MAG,PE07-01-01-MAG-REVI,REVI,2,3,2,3,,,,,
PE,07,01,PE07-01,MAG,2021,1,PE07-01-01-MAG,PE07-01-01-MAG-SWSP,SWSP,1,1,0,1,,,,,
PE,07,01,PE07-01,MAG,2021,1,PE07-01-01-MAG,PE07-01-01-MAG-AMRO,AMRO,2,1,1,2,,,,,
PE,07,01,PE07-01,MAG,2021,1,PE07-01-01-MAG,PE07-01-01-MAG-RWBL,RWBL,2,3,2,3,,,,,
PE,07,01,PE07-01,MAG,2021,1,PE07-01-01-MAG,PE07-01-01-MAG-YEWA,YEWA,0,1,1,1,,,,,"Written YEWR, assumed YEWA"
PE,07,01,PE07-01,MAG,2021,1,PE07-01-01-MAG,PE07-01-01-MAG-ALFL,ALFL,0,0,1,1,,,,,
PE,07,01,PE07-01,MAG,2021,1,PE07-01-01-MAG,PE07-01-01-MAG-COGR,COGR,0,0,0,0,OF,,,,"Written as GRAC, assumed COGR; 3 written in FT column"
PE,07,01,PE07-01,MAG,2021,1,PE07-01-01-MAG,PE07-01-01-MAG-CORA,CORA,0,0,0,0,OF,,,,1 written in FT column
PE,07,02,PE07-02,MAG,2021,1,PE07-02-01-MAG,PE07-02-01-MAG-AMRE,AMRE,3,3,3,3,,,,,
PE,07,02,PE07-02,MAG,2021,1,PE07-02-01-MAG,PE07-02-01-MAG-BWWA,BWWA,2,3,2,3,,,,,
PE,07,02,PE07-02,MAG,2021,1,PE07-02-01-MAG,PE07-02-01-MAG-NOPA,NOPA,1,2,1,2,,,,,
PE,07,02,PE07-02,MAG,2021,1,PE07-02-01-MAG,PE07-02-01-MAG-DEJU,DEJU,1,0,0,1,,,,,
PE,07,02,PE07-02,MAG,2021,1,PE07-02-01-MAG,PE07-02-01-MAG-MAWA,MAWA,2,1,0,2,,,,,
PE,07,02,PE07-02,MAG,2021,1,PE07-02-01-MAG,PE07-02-01-MAG-ALFL,ALFL,3,4,4,4,,,,,
PE,07,02,PE07-02,MAG,2021,1,PE07-02-01-MAG,PE07-02-01-MAG-YEWA,YEWA,3,3,3,3,,,,,
PE,07,02,PE07-02,MAG,2021,1,PE07-02-01-MAG,PE07-02-01-MAG-SWSP,SWSP,1,2,1,2,,,,,
PE,07,02,PE07-02,MAG,2021,1,PE07-02-01-MAG,PE07-02-01-MAG-RNDU,RNDU,2,2,2,2,,,,,pair
PE,07,02,PE07-02,MAG,2021,1,PE07-02-01-MAG,PE07-02-01-MAG-YRWA,YRWA,1,1,1,1,,,,,
PE,07,02,PE07-02,MAG,2021,1,PE07-02-01-MAG,PE07-02-01-MAG-WTSP,WTSP,0,1,0,1,,,,,
PE,07,02,PE07-02,MAG,2021,1,PE07-02-01-MAG,PE07-02-01-MAG-RWBL,RWBL,0,1,0,1,,,,,
PE,07,02,PE07-02,MAG,2021,1,PE07-02-01-MAG,PE07-02-01-MAG-COYE,COYE,0,3,3,3,,,,,
PE,07,02,PE07-02,MAG,2021,1,PE07-02-01-MAG,PE07-02-01-MAG-LEYE,LEYE,0,1,0,1,,,,,
PE,07,02,PE07-02,MAG,2021,1,PE07-02-01-MAG,PE07-02-01-MAG-WISN,WISN,0,1,0,1,,,,,
PE,07,02,PE07-02,MAG,2021,1,PE07-02-01-MAG,PE07-02-01-MAG-AMGO,AMGO,0,0,0,0,OF,,,,3 marked in FT column
PE,07,02,PE07-02,MAG,2021,1,PE07-02-01-MAG,PE07-02-01-MAG-AMRO,AMRO,0,1,1,1,,,,,
PE,07,02,PE07-02,MAG,2021,1,PE07-02-01-MAG,PE07-02-01-MAG-BLJA,BLJA,0,0,1,1,,,,,
PE,07,01,PE07-01,MAG,2021,2,PE07-01-02-MAG,PE07-01-02-MAG-REVI,REVI,2,2,2,2,,,,,
PE,07,01,PE07-01,MAG,2021,2,PE07-01-02-MAG,PE07-01-02-MAG-SWSP,SWSP,3,3,3,3,,,,,
PE,07,01,PE07-01,MAG,2021,2,PE07-01-02-MAG,PE07-01-02-MAG-AMRO,AMRO,1,1,1,1,,,,,
PE,07,01,PE07-01,MAG,2021,2,PE07-01-02-MAG,PE07-01-02-MAG-YEWA,YEWA,2,1,2,2,,,,,
PE,07,01,PE07-01,MAG,2021,2,PE07-01-02-MAG,PE07-01-02-MAG-CEDW,CEDW,1,2,2,2,,,,,
PE,07,02,PE07-02,MAG,2021,2,PE07-02-02-MAG,PE07-02-02-MAG-AMRO,AMRO,2,1,1,2,,,,,
PE,07,02,PE07-02,MAG,2021,2,PE07-02-02-MAG,PE07-02-02-MAG-SWSP,SWSP,2,2,2,2,,,,,
PE,07,02,PE07-02,MAG,2021,2,PE07-02-02-MAG,PE07-02-02-MAG-YEWA,YEWA,2,2,2,2,,,,,
PE,07,02,PE07-02,MAG,2021,2,PE07-02-02-MAG,PE07-02-02-MAG-REVI,REVI,1,0,0,1,,,,,
PE,07,02,PE07-02,MAG,2021,2,PE07-02-02-MAG,PE07-02-02-MAG-BWWA,BWWA,1,0,0,1,,,,,
PE,07,02,PE07-02,MAG,2021,2,PE07-02-02-MAG,PE07-02-02-MAG-ALFL,ALFL,2,2,0,2,,,,,
PE,07,02,PE07-02,MAG,2021,2,PE07-02-02-MAG,PE07-02-02-MAG-CSWA,CSWA,2,2,1,2,,,,,
PE,07,02,PE07-02,MAG,2021,2,PE07-02-02-MAG,PE07-02-02-MAG-COYE,COYE,0,0,1,1,,,,,
PE,07,02,PE07-02,MAG,2021,2,PE07-02-02-MAG,PE07-02-02-MAG-RNDU,RNDU,0,0,3,3,,1,,2,
NB,36,03,NB36-03,KAP,2021,1,NB36-03-01-KAP,NB36-03-01-KAP-RWBL,RWBL,6,0,0,6,,,,,
NB,36,03,NB36-03,KAP,2021,1,NB36-03-01-KAP,NB36-03-01-KAP-CANG,CANG,1,0,0,1,,,,,
NB,36,03,NB36-03,KAP,2021,1,NB36-03-01-KAP,NB36-03-01-KAP-SWSP,SWSP,0,1,0,1,,,,,
NB,36,03,NB36-03,KAP,2021,1,NB36-03-01-KAP,NB36-03-01-KAP-TRES,TRES,0,0,20,20,,,,,"Written as TRSW, in distance"
NB,36,03,NB36-03,KAP,2021,1,NB36-03-01-KAP,NB36-03-01-KAP-COLO,COLO,0,0,1,1,,,,,
NB,36,04,NB36-04,KAP,2021,1,NB36-04-01-KAP,NB36-04-01-KAP-COLO,COLO,1,0,0,1,,,,,
NB,36,04,NB36-04,KAP,2021,1,NB36-04-01-KAP,NB36-04-01-KAP-CANG,CANG,1,0,2,2,,,,,
NB,36,04,NB36-04,KAP,2021,1,NB36-04-01-KAP,NB36-04-01-KAP-RWBL,RWBL,2,3,0,3,,,,,
NB,36,04,NB36-04,KAP,2021,1,NB36-04-01-KAP,NB36-04-01-KAP-BWTE,BWTE,0,2,0,2,,,,,"Written as BWTL, assumed BWTE"
NB,36,04,NB36-04,KAP,2021,1,NB36-04-01-KAP,NB36-04-01-KAP-TRES,TRES,0,2,0,2,,,,,Written as TRSW
NB,36,04,NB36-04,KAP,2021,1,NB36-04-01-KAP,NB36-04-01-KAP-YEWA,YEWA,0,1,0,1,,,,,Written as YEWB
NB,36,04,NB36-04,KAP,2021,1,NB36-04-01-KAP,NB36-04-01-KAP-SWSP,SWSP,0,1,0,1,,,,,
NB,36,05,NB36-05,KAP,2021,1,NB36-05-01-KAP,NB36-05-01-KAP-TRES,TRES,1,0,0,1,,,,,Written as TRSW
NB,36,05,NB36-05,KAP,2021,1,NB36-05-01-KAP,NB36-05-01-KAP-MALL,MALL,1,0,30,30,,,,,
NB,36,05,NB36-05,KAP,2021,1,NB36-05-01-KAP,NB36-05-01-KAP-ABDU,ABDU,2,0,0,2,,,,,
NB,36,05,NB36-05,KAP,2021,1,NB36-05-01-KAP,NB36-05-01-KAP-BAEA,BAEA,1,0,0,1,,,,,
NB,36,05,NB36-05,KAP,2021,1,NB36-05-01-KAP,NB36-05-01-KAP-ALFL,ALFL,1,0,0,1,,,,,
NB,36,05,NB36-05,KAP,2021,1,NB36-05-01-KAP,NB36-05-01-KAP-SWSP,SWSP,1,1,0,1,,,,,
NB,36,05,NB36-05,KAP,2021,1,NB36-05-01-KAP,NB36-05-01-KAP-RNDU,RNDU,0,2,6,6,,,,,
NB,36,05,NB36-05,KAP,2021,1,NB36-05-01-KAP,NB36-05-01-KAP-COLO,COLO,0,1,0,1,,,,,
NB,36,05,NB36-05,KAP,2021,1,NB36-05-01-KAP,NB36-05-01-KAP-GWTE,GWTE,0,0,1,1,,,,,Written as GWTL
NB,36,05,NB36-05,KAP,2021,1,NB36-05-01-KAP,NB36-05-01-KAP-TRES,TRES,0,0,0,0,OF,,,,"Written as TRSW, 40 written in FT column"
NB,36,05,NB36-05,KAP,2021,1,NB36-05-01-KAP,NB36-05-01-KAP-HETH,HETH,0,0,1,1,,,,,
NB,36,06,NB36-06,KAP,2021,1,NB36-06-01-KAP,NB36-06-01-KAP-CHSP,CHSP,1,1,0,1,,,,,
NB,36,06,NB36-06,KAP,2021,1,NB36-06-01-KAP,NB36-06-01-KAP-ALFL,ALFL,1,1,0,1,,,,,
NB,36,06,NB36-06,KAP,2021,1,NB36-06-01-KAP,NB36-06-01-KAP-SWSP,SWSP,1,0,0,1,,,,,
NB,36,06,NB36-06,KAP,2021,1,NB36-06-01-KAP,NB36-06-01-KAP-COYE,COYE,2,0,0,2,,,,,"nest material, written as COYT, assumed COYE"
NB,36,06,NB36-06,KAP,2021,1,NB36-06-01-KAP,NB36-06-01-KAP-REVI,REVI,0,0,0,0,,,,,"Written as REVE, assumed REVI, did not indicate when observed"
NB,36,06,NB36-06,KAP,2021,1,NB36-06-01-KAP,NB36-06-01-KAP-BOBO,BOBO,2,0,0,2,,,,,
NB,36,06,NB36-06,KAP,2021,1,NB36-06-01-KAP,NB36-06-01-KAP-RWBL,RWBL,2,0,0,2,,,,,
NB,36,06,NB36-06,KAP,2021,1,NB36-06-01-KAP,NB36-06-01-KAP-WODU,WODU,0,0,1,1,,,,,
NB,36,06,NB36-06,KAP,2021,1,NB36-06-01-KAP,NB36-06-01-KAP-AMGO,AMGO,0,0,1,1,,,,,"Written AMGF, assumed AMGO"
NB,36,06,NB36-06,KAP,2021,1,NB36-06-01-KAP,NB36-06-01-KAP-MODO,MODO,0,2,0,2,,,,,
NB,36,06,NB36-06,KAP,2021,1,NB36-06-01-KAP,NB36-06-01-KAP-HETH,HETH,0,0,0,0,,,,,Did not indicated when observed
NB,36,07,NB36-07,KAP,2021,1,NB36-07-01-KAP,NB36-07-01-KAP-CHSP,CHSP,0,1,0,1,,,,,
NB,36,07,NB36-07,KAP,2021,1,NB36-07-01-KAP,NB36-07-01-KAP-TRES,TRES,0,1,0,1,,,,,Written as TRSW
NB,36,07,NB36-07,KAP,2021,1,NB36-07-01-KAP,NB36-07-01-KAP-AMCR,AMCR,0,1,0,1,,,,,
NB,36,07,NB36-07,KAP,2021,1,NB36-07-01-KAP,NB36-07-01-KAP-RWBL,RWBL,0,4,4,4,,,,,
NB,36,07,NB36-07,KAP,2021,1,NB36-07-01-KAP,NB36-07-01-KAP-CORA,CORA,0,0,1,1,,,,,
NB,36,08,NB36-08,KAP,2021,1,NB36-08-01-KAP,NB36-08-01-KAP-AMCR,AMCR,1,0,0,1,,,,,
NB,36,08,NB36-08,KAP,2021,1,NB36-08-01-KAP,NB36-08-01-KAP-COGR,COGR,1,0,0,1,,,,,
NB,36,08,NB36-08,KAP,2021,1,NB36-08-01-KAP,NB36-08-01-KAP-SOSP,SOSP,1,0,0,1,,,,,
NB,36,08,NB36-08,KAP,2021,1,NB36-08-01-KAP,NB36-08-01-KAP-MALL,MALL,0,0,2,2,,,,,
NB,36,08,NB36-08,KAP,2021,1,NB36-08-01-KAP,NB36-08-01-KAP-YEWA,YEWA,0,0,1,1,,,,,"Written YEWB, assumed YEWA"
NB,36,08,NB36-08,KAP,2021,1,NB36-08-01-KAP,NB36-08-01-KAP-CHSP,CHSP,0,0,1,1,,,,,
NB,36,08,NB36-08,KAP,2021,1,NB36-08-01-KAP,NB36-08-01-KAP-BWTE,BWTE,0,0,1,1,,,,,"Written as BWTL, assumed BWTE"
NB,36,08,NB36-08,KAP,2021,1,NB36-08-01-KAP,NB36-08-01-KAP-COYE,COYE,0,1,0,1,,,,,"Written as COYT, assumed COYE"
NB,SE,01,NBSE-01,BIW,2021,1,NBSE-01-01-BIW,NBSE-01-01-BIW-TRES,TRES,7,1,1,7,,,,,
NB,SE,01,NBSE-01,BIW,2021,1,NBSE-01-01-BIW,NBSE-01-01-BIW-BANS,BANS,2,0,0,2,,,,,
NB,SE,01,NBSE-01,BIW,2021,1,NBSE-01-01-BIW,NBSE-01-01-BIW-COYE,COYE,1,1,1,1,,,,,
NB,SE,01,NBSE-01,BIW,2021,1,NBSE-01-01-BIW,NBSE-01-01-BIW-RWBL,RWBL,1,5,1,5,,,,,
NB,SE,01,NBSE-01,BIW,2021,1,NBSE-01-01-BIW,NBSE-01-01-BIW-RIPH,RIPH,0,1,1,1,,,,,Written RINP
NB,SE,01,NBSE-01,BIW,2021,1,NBSE-01-01-BIW,NBSE-01-01-BIW-WODU,WODU,12,2,2,12,OF,,,,
NB,SE,01,NBSE-01,BIW,2021,1,NBSE-01-01-BIW,NBSE-01-01-BIW-YEWA,YEWA,0,0,2,2,,,,,
NB,SE,01,NBSE-01,BIW,2021,1,NBSE-01-01-BIW,NBSE-01-01-BIW-MALL,MALL,6,0,0,6,,,,,
NB,SE,01,NBSE-01,BIW,2021,1,NBSE-01-01-BIW,NBSE-01-01-BIW-RNDU,RNDU,6,0,0,6,,,,,
NB,SE,01,NBSE-01,BIW,2021,2,NBSE-01-02-BIW,NBSE-01-02-BIW-WODU,WODU,17,1,,17,OF,,,,
NB,SE,01,NBSE-01,BIW,2021,2,NBSE-01-02-BIW,NBSE-01-02-BIW-AMWI,AMWI,2,0,0,2,,,,,
NB,SE,01,NBSE-01,BIW,2021,2,NBSE-01-02-BIW,NBSE-01-02-BIW-MALL,MALL,5,0,0,5,,,,,
NB,SE,01,NBSE-01,BIW,2021,2,NBSE-01-02-BIW,NBSE-01-02-BIW-NSHO,NSHO,1,0,0,1,,,,,
NB,SE,01,NBSE-01,BIW,2021,2,NBSE-01-02-BIW,NBSE-01-02-BIW-COGR,COGR,3,0,0,3,,,,,
NB,SE,01,NBSE-01,BIW,2021,2,NBSE-01-02-BIW,NBSE-01-02-BIW-TRES,TRES,13,0,14,14,,,,,
NB,SE,01,NBSE-01,BIW,2021,2,NBSE-01-02-BIW,NBSE-01-02-BIW-COYE,COYE,0,0,0,0,OF,,,,
NB,SE,01,NBSE-01,BIW,2021,2,NBSE-01-02-BIW,NBSE-01-02-BIW-RWBL,RWBL,1,1,2,2,,,,,
NB,SE,02,NBSE-02,BIW,2021,1,NBSE-02-01-BIW,NBSE-02-01-BIW-CANG,CANG,4,0,0,4,,,,,
NB,SE,02,NBSE-02,BIW,2021,1,NBSE-02-01-BIW,NBSE-02-01-BIW-SOSP,SOSP,1,0,0,1,,,,,
NB,SE,02,NBSE-02,BIW,2021,1,NBSE-02-01-BIW,NBSE-02-01-BIW-RWBL,RWBL,2,2,2,2,,,,,
NB,SE,02,NBSE-02,BIW,2021,1,NBSE-02-01-BIW,NBSE-02-01-BIW-REVI,REVI,0,0,1,1,,,,,
NB,SE,02,NBSE-02,BIW,2021,1,NBSE-02-01-BIW,NBSE-02-01-BIW-AMCR,AMCR,0,0,1,1,,,,,
NB,SE,02,NBSE-02,BIW,2021,1,NBSE-02-01-BIW,NBSE-02-01-BIW-SPSA,SPSA,0,0,1,1,,,,,
NB,SE,02,NBSE-02,BIW,2021,2,NBSE-02-02-BIW,NBSE-02-02-BIW-WODU,WODU,5,3,0,5,,,,,
NB,SE,02,NBSE-02,BIW,2021,2,NBSE-02-02-BIW,NBSE-02-02-BIW-MALL,MALL,1,0,0,1,,,,,
NB,SE,02,NBSE-02,BIW,2021,2,NBSE-02-02-BIW,NBSE-02-02-BIW-BAEA,BAEA,1,1,0,1,,,,,adult
NB,SE,02,NBSE-02,BIW,2021,2,NBSE-02-02-BIW,NBSE-02-02-BIW-SWSP,SWSP,2,1,1,2,,,,,singing
NB,SE,02,NBSE-02,BIW,2021,2,NBSE-02-02-BIW,NBSE-02-02-BIW-RWBL,RWBL,2,1,2,2,OF,,,,
NB,SE,02,NBSE-02,BIW,2021,2,NBSE-02-02-BIW,NBSE-02-02-BIW-BLJA,BLJA,1,1,0,1,,,,,aural
NB,SE,02,NBSE-02,BIW,2021,2,NBSE-02-02-BIW,NBSE-02-02-BIW-COYE,COYE,1,1,1,1,,,,,aural
NB,SE,02,NBSE-02,BIW,2021,2,NBSE-02-02-BIW,NBSE-02-02-BIW-BEKI,BEKI,1,0,0,1,,,,,aural
NB,SE,02,NBSE-02,BIW,2021,2,NBSE-02-02-BIW,NBSE-02-02-BIW-COGR,COGR,0,1,0,1,,,,,
NB,SE,03,NBSE-03,BIW,2021,1,NBSE-03-01-BIW,NBSE-03-01-BIW-YEWA,YEWA,1,2,2,2,,,,,
NB,SE,03,NBSE-03,BIW,2021,1,NBSE-03-01-BIW,NBSE-03-01-BIW-RWBL,RWBL,2,2,1,2,,,,,
NB,SE,03,NBSE-03,BIW,2021,1,NBSE-03-01-BIW,NBSE-03-01-BIW-RBGR,RBGR,1,0,0,1,,,,,
NB,SE,03,NBSE-03,BIW,2021,1,NBSE-03-01-BIW,NBSE-03-01-BIW-COGR,COGR,1,1,1,1,,,,,
NB,SE,03,NBSE-03,BIW,2021,1,NBSE-03-01-BIW,NBSE-03-01-BIW-CANG,CANG,6,0,1,6,,,,,
NB,SE,03,NBSE-03,BIW,2021,1,NBSE-03-01-BIW,NBSE-03-01-BIW-AMRO,AMRO,0,1,0,1,OF,,,,
NB,SE,03,NBSE-03,BIW,2021,1,NBSE-03-01-BIW,NBSE-03-01-BIW-COYE,COYE,0,1,1,1,,,,,
NB,SE,03,NBSE-03,BIW,2021,1,NBSE-03-01-BIW,NBSE-03-01-BIW-ALFL,ALFL,0,1,2,2,,,,,
NB,SE,03,NBSE-03,BIW,2021,1,NBSE-03-01-BIW,NBSE-03-01-BIW-BEKI,BEKI,0,0,1,1,OF,,,,
NB,SE,04,NBSE-04,BIW,2021,1,NBSE-04-01-BIW,NBSE-04-01-BIW-YEWA,YEWA,1,1,1,1,,,,,
NB,SE,04,NBSE-04,BIW,2021,1,NBSE-04-01-BIW,NBSE-04-01-BIW-RWBL,RWBL,2,0,0,2,OF,,,,
NB,SE,04,NBSE-04,BIW,2021,1,NBSE-04-01-BIW,NBSE-04-01-BIW-ALFL,ALFL,1,1,1,1,,,,,
NB,SE,04,NBSE-04,BIW,2021,1,NBSE-04-01-BIW,NBSE-04-01-BIW-AMCR,AMCR,0,1,1,1,,,,,
NB,SE,04,NBSE-04,BIW,2021,1,NBSE-04-01-BIW,NBSE-04-01-BIW-GRCA,GRCA,0,0,1,1,,,,,
NB,SE,04,NBSE-04,BIW,2021,1,NBSE-04-01-BIW,NBSE-04-01-BIW-WODU,WODU,18,0,0,18,,18,,,all males
NB,SE,04,NBSE-04,BIW,2021,1,NBSE-04-01-BIW,NBSE-04-01-BIW-AMWI,AMWI,5,0,0,5,,,,,
NB,SE,04,NBSE-04,BIW,2021,1,NBSE-04-01-BIW,NBSE-04-01-BIW-MALL,MALL,8,0,0,8,,,,,
NB,SE,04,NBSE-04,BIW,2021,1,NBSE-04-01-BIW,NBSE-04-01-BIW-BWTE,BWTE,3,0,0,3,,,,,
NB,SE,04,NBSE-04,BIW,2021,1,NBSE-04-01-BIW,NBSE-04-01-BIW-NSHO,NSHO,1,0,0,1,,,,,
NB,SE,04,NBSE-04,BIW,2021,2,NBSE-04-02-BIW,NBSE-04-02-BIW-MALL,MALL,4,0,0,4,,,,,
NB,SE,04,NBSE-04,BIW,2021,2,NBSE-04-02-BIW,NBSE-04-02-BIW-GWTE,GWTE,1,0,0,1,,,,,
NB,SE,04,NBSE-04,BIW,2021,2,NBSE-04-02-BIW,NBSE-04-02-BIW-RWBL,RWBL,3,3,1,3,,,,,
NB,SE,04,NBSE-04,BIW,2021,2,NBSE-04-02-BIW,NBSE-04-02-BIW-BEKI,BEKI,1,0,0,1,,,,,AURAL
NB,SE,04,NBSE-04,BIW,2021,2,NBSE-04-02-BIW,NBSE-04-02-BIW-BLJA,BLJA,0,1,0,1,,,,,AURAL
NB,SE,04,NBSE-04,BIW,2021,2,NBSE-04-02-BIW,NBSE-04-02-BIW-SWSP,SWSP,0,1,0,1,,,,,
NB,SE,04,NBSE-04,BIW,2021,2,NBSE-04-02-BIW,NBSE-04-02-BIW-COYE,COYE,0,1,0,1,,,,,AURAL
NB,SE,04,NBSE-04,BIW,2021,2,NBSE-04-02-BIW,NBSE-04-02-BIW-SOSP,SOSP,0,0,1,1,,,,,
NB,SE,05,NBSE-05,BIW,2021,1,NBSE-05-01-BIW,NBSE-05-01-BIW-COYE,COYE,1,1,1,1,,,,,
NB,SE,05,NBSE-05,BIW,2021,1,NBSE-05-01-BIW,NBSE-05-01-BIW-RWBL,RWBL,2,1,0,2,OF,,,,
NB,SE,05,NBSE-05,BIW,2021,1,NBSE-05-01-BIW,NBSE-05-01-BIW-TRES,TRES,1,2,1,2,AF,,,,
NB,SE,05,NBSE-05,BIW,2021,1,NBSE-05-01-BIW,NBSE-05-01-BIW-COGR,COGR,1,0,0,1,,,,,
NB,SE,05,NBSE-05,BIW,2021,1,NBSE-05-01-BIW,NBSE-05-01-BIW-AMCR,AMCR,1,0,1,1,,,,,
NB,SE,05,NBSE-05,BIW,2021,1,NBSE-05-01-BIW,NBSE-05-01-BIW-NOPA,NOPA,0,1,1,1,,,,,
NB,SE,05,NBSE-05,BIW,2021,1,NBSE-05-01-BIW,NBSE-05-01-BIW-YEWA,YEWA,0,0,1,1,,,,,
NB,SE,05,NBSE-05,BIW,2021,1,NBSE-05-01-BIW,NBSE-05-01-BIW-MALL,MALL,19,0,5,19,,,,,
NB,SE,05,NBSE-05,BIW,2021,1,NBSE-05-01-BIW,NBSE-05-01-BIW-AMWI,AMWI,2,0,1,2,,,,,
NB,SE,05,NBSE-05,BIW,2021,1,NBSE-05-01-BIW,NBSE-05-01-BIW-BAEA,BAEA,0,0,1,1,OF,,,,adult
NB,SE,05,NBSE-05,BIW,2021,1,NBSE-05-01-BIW,NBSE-05-01-BIW-CEDW,CEDW,0,0,1,1,,,,,
NB,SE,05,NBSE-05,BIW,2021,1,NBSE-05-01-BIW,NBSE-05-01-BIW-WODU,WODU,2,0,0,2,,,,,
NB,SE,05,NBSE-05,BIW,2021,1,NBSE-05-01-BIW,NBSE-05-01-BIW-RNDU,RNDU,6,0,0,6,,,,,
NB,SE,05,NBSE-05,BIW,2021,1,NBSE-05-01-BIW,NBSE-05-01-BIW-NSHO,NSHO,5,0,0,5,,,,,
NB,SE,05,NBSE-05,BIW,2021,2,NBSE-05-02-BIW,NBSE-05-02-BIW-MALL,MALL,20,0,0,20,,,,,
NB,SE,05,NBSE-05,BIW,2021,2,NBSE-05-02-BIW,NBSE-05-02-BIW-AMWI,AMWI,2,0,0,2,,,,,
NB,SE,05,NBSE-05,BIW,2021,2,NBSE-05-02-BIW,NBSE-05-02-BIW-COGO,COGO,1,0,0,1,,,,,
NB,SE,05,NBSE-05,BIW,2021,2,NBSE-05-02-BIW,NBSE-05-02-BIW-RNDU,RNDU,3,0,0,3,,,,,
NB,SE,05,NBSE-05,BIW,2021,2,NBSE-05-02-BIW,NBSE-05-02-BIW-WODU,WODU,1,0,0,1,,,,,
NB,SE,05,NBSE-05,BIW,2021,2,NBSE-05-02-BIW,NBSE-05-02-BIW-NSHO,NSHO,1,0,0,1,,,,,
NB,SE,05,NBSE-05,BIW,2021,2,NBSE-05-02-BIW,NBSE-05-02-BIW-BEKI,BEKI,1,0,0,1,,,,,aural
NB,SE,05,NBSE-05,BIW,2021,2,NBSE-05-02-BIW,NBSE-05-02-BIW-BAEA,BAEA,1,0,0,1,,,,,adult
NB,SE,05,NBSE-05,BIW,2021,2,NBSE-05-02-BIW,NBSE-05-02-BIW-AMRO,AMRO,1,0,0,1,,,,,
NB,SE,05,NBSE-05,BIW,2021,2,NBSE-05-02-BIW,NBSE-05-02-BIW-REVI,REVI,1,1,1,1,,,,,
NB,SE,05,NBSE-05,BIW,2021,2,NBSE-05-02-BIW,NBSE-05-02-BIW-COYE,COYE,1,2,1,2,,,,,aural
NB,SE,05,NBSE-05,BIW,2021,2,NBSE-05-02-BIW,NBSE-05-02-BIW-YEWA,YEWA,0,1,0,1,,,,,aural
NB,SE,05,NBSE-05,BIW,2021,2,NBSE-05-02-BIW,NBSE-05-02-BIW-CEDW,CEDW,0,0,2,2,OF,,,,
NB,SE,05,NBSE-05,BIW,2021,2,NBSE-05-02-BIW,NBSE-05-02-BIW-MODO,MODO,0,0,1,1,OF,,,,
NB,SE,05,NBSE-05,BIW,2021,2,NBSE-05-02-BIW,NBSE-05-02-BIW-GRCA,GRCA,0,0,1,1,OF,,,,
NB,SW,01,NBSW-01,BIW,2021,1,NBSW-01-01-BIW,NBSW-01-01-BIW-COYE,COYE,1,0,0,1,,,,,
NB,SW,01,NBSW-01,BIW,2021,1,NBSW-01-01-BIW,NBSW-01-01-BIW-RWBL,RWBL,3,5,4,5,,,,,
NB,SW,01,NBSW-01,BIW,2021,1,NBSW-01-01-BIW,NBSW-01-01-BIW-RIPH,RIPH,1,0,1,1,,,,,Written RINP; aural
NB,SW,01,NBSW-01,BIW,2021,1,NBSW-01-01-BIW,NBSW-01-01-BIW-BLJA,BLJA,1,0,0,1,,,,,
NB,SW,01,NBSW-01,BIW,2021,1,NBSW-01-01-BIW,NBSW-01-01-BIW-CEDW,CEDW,0,1,0,1,,,,,
NB,SW,01,NBSW-01,BIW,2021,1,NBSW-01-01-BIW,NBSW-01-01-BIW-MODO,MODO,0,1,0,1,,,,,
NB,SW,01,NBSW-01,BIW,2021,1,NBSW-01-01-BIW,NBSW-01-01-BIW-MALL,MALL,0,0,2,2,,,,,
NB,SW,01,NBSW-01,BIW,2021,1,NBSW-01-01-BIW,NBSW-01-01-BIW-COGR,COGR,0,0,3,3,,,,,
NB,SW,01,NBSW-01,BIW,2021,1,NBSW-01-01-BIW,NBSW-01-01-BIW-AMCR,AMCR,0,0,1,1,,,,,
NB,SW,01,NBSW-01,BIW,2021,2,NBSW-01-02-BIW,NBSW-01-02-BIW-AMWI,AMWI,3,0,0,3,,,,,
NB,SW,01,NBSW-01,BIW,2021,2,NBSW-01-02-BIW,NBSW-01-02-BIW-GWTE,GWTE,1,0,0,1,,,,,
NB,SW,01,NBSW-01,BIW,2021,2,NBSW-01-02-BIW,NBSW-01-02-BIW-MALL,MALL,40,0,0,40,,,,,
NB,SW,01,NBSW-01,BIW,2021,2,NBSW-01-02-BIW,NBSW-01-02-BIW-RWBL,RWBL,2,1,0,2,,,,,
NB,SW,01,NBSW-01,BIW,2021,2,NBSW-01-02-BIW,NBSW-01-02-BIW-MODO,MODO,1,0,0,1,,,,,
NB,SW,01,NBSW-01,BIW,2021,2,NBSW-01-02-BIW,NBSW-01-02-BIW-COGR,COGR,0,4,3,4,,,,,
NB,SW,01,NBSW-01,BIW,2021,2,NBSW-01-02-BIW,NBSW-01-02-BIW-BLJA,BLJA,0,0,1,1,,,,,
NB,SW,01,NBSW-01,BIW,2021,2,NBSW-01-02-BIW,NBSW-01-02-BIW-BAEA,BAEA,0,0,1,1,OF,,,,adult
NB,SW,01,NBSW-01,BIW,2021,2,NBSW-01-02-BIW,NBSW-01-02-BIW-YEWA,YEWA,0,0,3,3,,,,,
NB,SW,01,NBSW-01,BIW,2021,2,NBSW-01-02-BIW,NBSW-01-02-BIW-AMCR,AMCR,0,0,0,0,,,,,did not indicate when observed
NB,SW,02,NBSW-02,BIW,2021,1,NBSW-02-01-BIW,NBSW-02-01-BIW-RWBL,RWBL,3,0,0,3,,,,,
NB,SW,02,NBSW-02,BIW,2021,1,NBSW-02-01-BIW,NBSW-02-01-BIW-AMRO,AMRO,0,0,0,0,,,,,did not indicate when observed
NB,SW,02,NBSW-02,BIW,2021,1,NBSW-02-01-BIW,NBSW-02-01-BIW-YEWA,YEWA,0,0,1,1,,,,,
NB,SW,02,NBSW-02,BIW,2021,1,NBSW-02-01-BIW,NBSW-02-01-BIW-AMWI,AMWI,0,0,1,1,,,,,
NB,SW,02,NBSW-02,BIW,2021,2,NBSW-02-02-BIW,NBSW-02-02-BIW-RWBL,RWBL,3,3,1,3,,,,,
NB,SW,02,NBSW-02,BIW,2021,2,NBSW-02-02-BIW,NBSW-02-02-BIW-MALL,MALL,3,15,0,15,,,,,
NB,SW,02,NBSW-02,BIW,2021,2,NBSW-02-02-BIW,NBSW-02-02-BIW-BWTE,BWTE,0,1,0,1,,,,,
NB,SW,02,NBSW-02,BIW,2021,2,NBSW-02-02-BIW,NBSW-02-02-BIW-HOME,HOME,0,4,0,4,,,,,
NB,SW,02,NBSW-02,BIW,2021,2,NBSW-02-02-BIW,NBSW-02-02-BIW-BLJA,BLJA,0,0,1,1,,,,,aural
NB,SW,02,NBSW-02,BIW,2021,2,NBSW-02-02-BIW,NBSW-02-02-BIW-AMCR,AMCR,0,0,1,1,OF,,,,
NB,SW,03,NBSW-03,BIW,2021,1,NBSW-03-01-BIW,NBSW-03-01-BIW-RWBL,RWBL,2,1,0,2,,,,,
NB,SW,03,NBSW-03,BIW,2021,1,NBSW-03-01-BIW,NBSW-03-01-BIW-MALL,MALL,8,0,0,8,OF,,,,
NB,SW,03,NBSW-03,BIW,2021,1,NBSW-03-01-BIW,NBSW-03-01-BIW-COYE,COYE,0,0,1,1,,,,,
NB,SW,03,NBSW-03,BIW,2021,2,NBSW-03-02-BIW,NBSW-03-02-BIW-MALL,MALL,39,0,0,39,,,,,
NB,SW,03,NBSW-03,BIW,2021,2,NBSW-03-02-BIW,NBSW-03-02-BIW-BWTE,BWTE,1,0,0,1,,,,,
NB,SW,03,NBSW-03,BIW,2021,2,NBSW-03-02-BIW,NBSW-03-02-BIW-RWBL,RWBL,2,1,0,2,,,,,
NB,SW,03,NBSW-03,BIW,2021,2,NBSW-03-02-BIW,NBSW-03-02-BIW-BEKI,BEKI,0,2,1,2,,,,,
NB,SW,03,NBSW-03,BIW,2021,2,NBSW-03-02-BIW,NBSW-03-02-BIW-SOSP,SOSP,0,0,1,1,,,,,
NB,38,01,NB38-01,ADC,2021,1,NB38-01-01-ADC,NB38-01-01-ADC-RWBL,RWBL,2,0,0,2,,,,,
NB,38,01,NB38-01,ADC,2021,1,NB38-01-01-ADC,NB38-01-01-ADC-GADW,GADW,0,1,0,1,,,,,
NB,38,01,NB38-01,ADC,2021,1,NB38-01-01-ADC,NB38-01-01-ADC-MALL,MALL,0,0,1,1,,,,,
NB,38,02,NB38-02,ADC,2021,1,NB38-02-01-ADC,NB38-02-01-ADC-YEWA,YEWA,1,0,1,1,,,,,
NB,38,02,NB38-02,ADC,2021,1,NB38-02-01-ADC,NB38-02-01-ADC-COGR,COGR,0,0,1,1,,,,,
NB,38,02,NB38-02,ADC,2021,1,NB38-02-01-ADC,NB38-02-01-ADC-RWBL,RWBL,1,0,0,1,,,,,
NB,38,02,NB38-02,ADC,2021,1,NB38-02-01-ADC,NB38-02-01-ADC-RWBL,RWBL,0,2,0,2,OF,,,,
NB,38,03,NB38-03,ADC,2021,1,NB38-03-01-ADC,NB38-03-01-ADC-YEWA,YEWA,2,0,0,2,,,,,
NB,38,03,NB38-03,ADC,2021,1,NB38-03-01-ADC,NB38-03-01-ADC-RWBL,RWBL,0,1,0,1,,,,,
NB,38,04,NB38-04,ADC,2021,1,NB38-04-01-ADC,NB38-04-01-ADC-MALL,MALL,0,0,1,1,OF,,,,flew in circles
NB,38,04,NB38-04,ADC,2021,1,NB38-04-01-ADC,NB38-04-01-ADC-YEWA,YEWA,0,1,0,1,,,,,
NB,38,04,NB38-04,ADC,2021,1,NB38-04-01-ADC,NB38-04-01-ADC-RWBL,RWBL,3,0,0,3,,,,,
NB,38,05,NB38-05,ADC,2021,1,NB38-05-01-ADC,NB38-05-01-ADC-RWBL,RWBL,0,1,0,1,,,,,
NB,38,05,NB38-05,ADC,2021,1,NB38-05-01-ADC,NB38-05-01-ADC-TRES,TRES,1,1,0,1,OF,,,,
NB,38,05,NB38-05,ADC,2021,1,NB38-05-01-ADC,NB38-05-01-ADC-CHSP,CHSP,0,0,2,2,,,,,
NB,38,05,NB38-05,ADC,2021,1,NB38-05-01-ADC,NB38-05-01-ADC-YEWA,YEWA,0,1,0,1,,,,,
NB,38,06,NB38-06,ADC,2021,1,NB38-06-01-ADC,NB38-06-01-ADC-MALL,MALL,0,1,1,1,OF,,,,
NB,38,06,NB38-06,ADC,2021,1,NB38-06-01-ADC,NB38-06-01-ADC-COYE,COYE,0,1,1,1,,,,,
NB,38,06,NB38-06,ADC,2021,1,NB38-06-01-ADC,NB38-06-01-ADC-RWBL,RWBL,1,0,0,1,,,,,
NB,38,07,NB38-07,ADC,2021,1,NB38-07-01-ADC,NB38-07-01-ADC-MALL,MALL,0,1,0,1,,,,,
NB,38,07,NB38-07,ADC,2021,1,NB38-07-01-ADC,NB38-07-01-ADC-CHSP,CHSP,0,2,0,2,,,,,
NB,SV,01,NBSV-01,AP,2021,1,NBSV-01-01-AP,NBSV-01-01-AP-ALFL,ALFL,1,1,1,1,,,,,
NB,SV,01,NBSV-01,AP,2021,1,NBSV-01-01-AP,NBSV-01-01-AP-SWSP,SWSP,1,,1,1,,,,,
NB,SV,01,NBSV-01,AP,2021,1,NBSV-01-01-AP,NBSV-01-01-AP-RWBL,RWBL,2,2,1,2,,,,,
NB,SV,01,NBSV-01,AP,2021,1,NBSV-01-01-AP,NBSV-01-01-AP-ABDU,ABDU,8,6,1,8,,,,5,
NB,SV,01,NBSV-01,AP,2021,1,NBSV-01-01-AP,NBSV-01-01-AP-YEWA,YEWA,1,1,1,1,,,,,
NB,SV,01,NBSV-01,AP,2021,1,NBSV-01-01-AP,NBSV-01-01-AP-COYE,COYE,0,1,1,1,,,,,
NB,SV,01,NBSV-01,AP,2021,1,NBSV-01-01-AP,NBSV-01-01-AP-COGR,COGR,0,1,0,1,,,,,
NB,SV,01,NBSV-01,AP,2021,1,NBSV-01-01-AP,NBSV-01-01-AP-duck sp,duck sp,0,8,1,8,,,,,
NB,SV,01,NBSV-01,AP,2021,1,NBSV-01-01-AP,NBSV-01-01-AP-NOWA,NOWA,0,1,0,1,,,,,
NB,SV,01,NBSV-01,AP,2021,1,NBSV-01-01-AP,NBSV-01-01-AP-WODU,WODU,0,6,1,6,,,,,
NB,SV,03,NBSV-03,AP,2021,1,NBSV-03-01-AP,NBSV-03-01-AP-RWBL,RWBL,1,3,1,3,,,,,
NB,SV,03,NBSV-03,AP,2021,1,NBSV-03-01-AP,NBSV-03-01-AP-WODU,WODU,1,1,0,1,,,,,
NB,SV,04,NBSV-04,AP,2021,1,NBSV-04-01-AP,NBSV-04-01-AP-TRES,TRES,0,1,0,1,AF,,,,
NB,SV,04,NBSV-04,AP,2021,1,NBSV-04-01-AP,NBSV-04-01-AP-WODU,WODU,0,1,1,1,,,,,
NB,SV,04,NBSV-04,AP,2021,1,NBSV-04-01-AP,NBSV-04-01-AP-BOBO,BOBO,0,0,3,3,,,,,
NB,SV,04,NBSV-04,AP,2021,1,NBSV-04-01-AP,NBSV-04-01-AP-MALL,MALL,0,0,1,1,,,,,
NB,SV,05,NBSV-05,AP,2021,1,NBSV-05-01-AP,NBSV-05-01-AP-RWBL,RWBL,2,1,2,2,,,,,
NB,SV,05,NBSV-05,AP,2021,1,NBSV-05-01-AP,NBSV-05-01-AP-WISN,WISN,3,2,2,3,,,,,
NB,SV,05,NBSV-05,AP,2021,1,NBSV-05-01-AP,NBSV-05-01-AP-BOBO,BOBO,0,0,1,1,,,,,
NB,SV,06,NBSV-06,AP,2021,1,NBSV-06-01-AP,NBSV-06-01-AP-RWBL,RWBL,3,2,2,3,,,,,
NB,SV,06,NBSV-06,AP,2021,1,NBSV-06-01-AP,NBSV-06-01-AP-WISN,WISN,0,0,1,1,,,,,
NB,SV,06,NBSV-06,AP,2021,1,NBSV-06-01-AP,NBSV-06-01-AP-ALFL,ALFL,1,1,0,1,,,,,
NB,SV,06,NBSV-06,AP,2021,1,NBSV-06-01-AP,NBSV-06-01-AP-SWSP,SWSP,1,1,0,1,,,,,
NB,SV,07,NBSV-07,AP,2021,1,NBSV-07-01-AP,NBSV-07-01-AP-WISN,WISN,1,0,1,1,,,,,
NB,SV,07,NBSV-07,AP,2021,1,NBSV-07-01-AP,NBSV-07-01-AP-RWBL,RWBL,1,2,0,2,,,,,
NB,SV,07,NBSV-07,AP,2021,1,NBSV-07-01-AP,NBSV-07-01-AP-SWSP,SWSP,2,1,4,4,,,,,
NB,SV,07,NBSV-07,AP,2021,1,NBSV-07-01-AP,NBSV-07-01-AP-COYE,COYE,0,1,1,1,,,,,
NB,SV,01,NBSV-01,AP,2021,2,NBSV-01-02-AP,NBSV-01-02-AP-VEER,VEER,2,0,0,2,,,,,
NB,SV,01,NBSV-01,AP,2021,2,NBSV-01-02-AP,NBSV-01-02-AP-SWSP,SWSP,4,4,3,4,,,,,
NB,SV,01,NBSV-01,AP,2021,2,NBSV-01-02-AP,NBSV-01-02-AP-SOSP,SOSP,1,0,0,1,,,,,
NB,SV,01,NBSV-01,AP,2021,2,NBSV-01-02-AP,NBSV-01-02-AP-YEWA,YEWA,1,1,1,1,,,,,
NB,SV,01,NBSV-01,AP,2021,2,NBSV-01-02-AP,NBSV-01-02-AP-RWBL,RWBL,1,1,1,1,,,,,
NB,SV,01,NBSV-01,AP,2021,2,NBSV-01-02-AP,NBSV-01-02-AP-duck sp,duck sp,1,0,1,1,,,,,
NB,SV,01,NBSV-01,AP,2021,2,NBSV-01-02-AP,NBSV-01-02-AP-COYE,COYE,0,1,1,1,,,,,
NB,SV,01,NBSV-01,AP,2021,2,NBSV-01-02-AP,NBSV-01-02-AP-COGR,COGR,0,0,4,4,,,,,
NB,SV,01,NBSV-01,AP,2021,2,NBSV-01-02-AP,NBSV-01-02-AP-AMGO,AMGO,0,0,1,1,,,,,
NB,SV,03,NBSV-03,AP,2021,2,NBSV-03-02-AP,NBSV-03-02-AP-COYE,COYE,1,0,0,1,,,,,
NB,SV,03,NBSV-03,AP,2021,2,NBSV-03-02-AP,NBSV-03-02-AP-RWBL,RWBL,2,1,1,2,,,,,
NB,SV,03,NBSV-03,AP,2021,2,NBSV-03-02-AP,NBSV-03-02-AP-WODU,WODU,1,0,0,1,,,,,
NB,SV,03,NBSV-03,AP,2021,2,NBSV-03-02-AP,NBSV-03-02-AP-PIWO,PIWO,0,0,1,1,,,,,
NB,SV,03,NBSV-03,AP,2021,2,NBSV-03-02-AP,NBSV-03-02-AP-OVEN,OVEN,0,0,1,1,,,,,
NB,SV,04,NBSV-04,AP,2021,2,NBSV-04-02-AP,NBSV-04-02-AP-RWBL,RWBL,1,2,0,2,,,,,
NB,SV,04,NBSV-04,AP,2021,2,NBSV-04-02-AP,NBSV-04-02-AP-WISN,WISN,1,0,0,1,,,,,
NB,SV,04,NBSV-04,AP,2021,2,NBSV-04-02-AP,NBSV-04-02-AP-SWSP,SWSP,0,1,0,1,,,,,
NB,SV,05,NBSV-05,AP,2021,2,NBSV-05-02-AP,NBSV-05-02-AP-RWBL,RWBL,2,2,3,3,,,,,
NB,SV,06,NBSV-06,AP,2021,2,NBSV-06-02-AP,NBSV-06-02-AP-RWBL,RWBL,2,2,5,5,,,,,
NB,SV,06,NBSV-06,AP,2021,2,NBSV-06-02-AP,NBSV-06-02-AP-SWSP,SWSP,0,1,0,1,,,,,
NB,SV,06,NBSV-06,AP,2021,2,NBSV-06-02-AP,NBSV-06-02-AP-WISN,WISN,0,0,1,1,,,,,
NB,SV,07,NBSV-07,AP,2021,2,NBSV-07-02-AP,NBSV-07-02-AP-RWBL,RWBL,2,1,2,2,,,,,
NB,SV,07,NBSV-07,AP,2021,2,NBSV-07-02-AP,NBSV-07-02-AP-SWSP,SWSP,1,0,0,1,,,,,
NB,SV,07,NBSV-07,AP,2021,2,NBSV-07-02-AP,NBSV-07-02-AP-WISN,WISN,0,0,1,1,,,,,
NB,SV,07,NBSV-07,AP,2021,2,NBSV-07-02-AP,NBSV-07-02-AP-TRES,TRES,1,2,1,2,AF,,,,
NB,36,01,NB36-01,KAP,2021,1,NB36-01-01-KAP,NB36-01-01-KAP-ALFL,ALFL,1,0,0,1,,,,,
NB,36,01,NB36-01,KAP,2021,1,NB36-01-01-KAP,NB36-01-01-KAP-YEWA,YEWA,1,0,0,1,,,,,
NB,36,01,NB36-01,KAP,2021,1,NB36-01-01-KAP,NB36-01-01-KAP-NOPA,NOPA,1,0,0,1,,,,,
NB,36,01,NB36-01,KAP,2021,1,NB36-01-01-KAP,NB36-01-01-KAP-SOSP,SOSP,1,0,0,1,,,,,
NB,36,01,NB36-01,KAP,2021,1,NB36-01-01-KAP,NB36-01-01-KAP-BOBO,BOBO,4,0,0,4,,,,,
NB,36,01,NB36-01,KAP,2021,1,NB36-01-01-KAP,NB36-01-01-KAP-YETH,YETH,1,0,0,1,,,,,unknown species code
NB,36,01,NB36-01,KAP,2021,1,NB36-01-01-KAP,NB36-01-01-KAP-COYE,COYE,2,0,0,2,,,,,
NB,36,01,NB36-01,KAP,2021,1,NB36-01-01-KAP,NB36-01-01-KAP-COGR,COGR,2,0,0,2,,,,,
NB,36,01,NB36-01,KAP,2021,1,NB36-01-01-KAP,NB36-01-01-KAP-RWBL,RWBL,7,0,0,7,,,,,written as RWBB
NB,36,01,NB36-01,KAP,2021,1,NB36-01-01-KAP,NB36-01-01-KAP-AMRO,AMRO,2,0,0,2,,,,,
NB,36,01,NB36-01,KAP,2021,1,NB36-01-01-KAP,NB36-01-01-KAP-ABDU,ABDU,0,0,0,0,OF,,,,
NB,36,01,NB36-01,KAP,2021,1,NB36-01-01-KAP,NB36-01-01-KAP-OVEN,OVEN,1,0,0,1,,,,,
NB,36,01,NB36-01,KAP,2021,2,NB36-01-02-KAP,NB36-01-02-KAP-SOSP,SOSP,1,0,0,1,,,,,
NB,36,01,NB36-01,KAP,2021,2,NB36-01-02-KAP,NB36-01-02-KAP-COYE,COYE,1,0,0,1,,,,,
NB,36,01,NB36-01,KAP,2021,2,NB36-01-02-KAP,NB36-01-02-KAP-CANG,CANG,2,0,0,2,,,,,6 juvenile
NB,36,01,NB36-01,KAP,2021,2,NB36-01-02-KAP,NB36-01-02-KAP-COLO,COLO,1,0,0,1,,,,,flying
NB,36,01,NB36-01,KAP,2021,2,NB36-01-02-KAP,NB36-01-02-KAP-BOBO,BOBO,1,0,0,1,,,,,
NB,36,01,NB36-01,KAP,2021,2,NB36-01-02-KAP,NB36-01-02-KAP-RWBL,RWBL,7,0,0,7,,,,,
NB,36,01,NB36-01,KAP,2021,2,NB36-01-02-KAP,NB36-01-02-KAP-SWSP,SWSP,1,0,0,1,,,,,
NB,36,01,NB36-01,KAP,2021,2,NB36-01-02-KAP,NB36-01-02-KAP-AMCR,AMCR,1,0,0,1,,,,,
NB,36,01,NB36-01,KAP,2021,2,NB36-01-02-KAP,NB36-01-02-KAP-duck sp,duck sp,0,0,0,0,OF,,,,fly
NB,36,02,NB36-02,KAP,2021,1,NB36-02-01-KAP,NB36-02-01-KAP-SOSP,SOSP,1,0,0,1,,,,,
NB,36,02,NB36-02,KAP,2021,1,NB36-02-01-KAP,NB36-02-01-KAP-YEWA,YEWA,1,0,0,1,,,,,
NB,36,02,NB36-02,KAP,2021,1,NB36-02-01-KAP,NB36-02-01-KAP-REVI,REVI,1,0,0,1,,,,,"written as REVE, assumed to be REVI"
NB,36,02,NB36-02,KAP,2021,1,NB36-02-01-KAP,NB36-02-01-KAP-CANG,CANG,4,0,0,4,,,,,Written as CAGO
NB,36,02,NB36-02,KAP,2021,1,NB36-02-01-KAP,NB36-02-01-KAP-ALFL,ALFL,1,0,0,1,,,,,
NB,36,02,NB36-02,KAP,2021,1,NB36-02-01-KAP,NB36-02-01-KAP-RWBL,RWBL,3,0,0,3,,,,,
NB,36,02,NB36-02,KAP,2021,1,NB36-02-01-KAP,NB36-02-01-KAP-TRES,TRES,20,0,0,20,AF,,,,"written as TRSW, ""outside circle"""
NB,36,02,NB36-02,KAP,2021,2,NB36-02-02-KAP,NB36-02-02-KAP-SOSP,SOSP,1,0,0,1,,,,,
NB,36,02,NB36-02,KAP,2021,2,NB36-02-02-KAP,NB36-02-02-KAP-SWSP,SWSP,0,1,0,1,,,,,
NB,36,02,NB36-02,KAP,2021,2,NB36-02-02-KAP,NB36-02-02-KAP-WTSP,WTSP,0,1,0,1,,,,,
NB,36,02,NB36-02,KAP,2021,2,NB36-02-02-KAP,NB36-02-02-KAP-COYE,COYE,0,1,0,1,,,,,
NB,36,02,NB36-02,KAP,2021,2,NB36-02-02-KAP,NB36-02-02-KAP-RWBL,RWBL,0,2,0,2,,,,,
NB,36,02,NB36-02,KAP,2021,2,NB36-02-02-KAP,NB36-02-02-KAP-AMRO,AMRO,0,0,1,1,,,,,
NB,36,03,NB36-03,KAP,2021,2,NB36-03-02-KAP,NB36-03-02-KAP-BAEA,BAEA,1,0,0,1,OF,,,,
NB,36,03,NB36-03,KAP,2021,2,NB36-03-02-KAP,NB36-03-02-KAP-COYE,COYE,0,1,0,1,,,,,
NB,36,03,NB36-03,KAP,2021,2,NB36-03-02-KAP,NB36-03-02-KAP-COGR,COGR,0,1,0,1,,,,,
NB,36,03,NB36-03,KAP,2021,2,NB36-03-02-KAP,NB36-03-02-KAP-SWSP,SWSP,0,1,0,1,,,,,
NB,36,03,NB36-03,KAP,2021,2,NB36-03-02-KAP,NB36-03-02-KAP-YEWA,YEWA,0,1,0,1,,,,,
NB,36,03,NB36-03,KAP,2021,2,NB36-03-02-KAP,NB36-03-02-KAP-RWBL,RWBL,0,0,0,0,,,,,did not indicated when observed
NB,36,03,NB36-03,KAP,2021,2,NB36-03-02-KAP,NB36-03-02-KAP-TRES,TRES,0,0,2,2,,,,,written as TRSW
NB,36,03,NB36-03,KAP,2021,2,NB36-03-02-KAP,NB36-03-02-KAP-AMRE,AMRE,0,0,0,0,,,,,"""extra"""
NB,36,03,NB36-03,KAP,2021,2,NB36-03-02-KAP,NB36-03-02-KAP-BHVI,BHVI,0,0,0,0,,,,,"""extra"""
NB,36,04,NB36-04,KAP,2021,2,NB36-04-02-KAP,NB36-04-02-KAP-MALL,MALL,3,0,0,3,,,,,
NB,36,04,NB36-04,KAP,2021,2,NB36-04-02-KAP,NB36-04-02-KAP-RWBL,RWBL,0,0,0,0,,,,,did not indicated when observed
NB,36,04,NB36-04,KAP,2021,2,NB36-04-02-KAP,NB36-04-02-KAP-SOSP,SOSP,0,0,0,0,,,,,did not indicated when observed
NB,36,04,NB36-04,KAP,2021,2,NB36-04-02-KAP,NB36-04-02-KAP-TRES,TRES,0,2,0,2,OF,,,,
NB,36,04,NB36-04,KAP,2021,2,NB36-04-02-KAP,NB36-04-02-KAP-BAEA,BAEA,0,0,0,0,OF,,,,may be same
NB,36,04,NB36-04,KAP,2021,2,NB36-04-02-KAP,NB36-04-02-KAP-WODU,WODU,0,0,1,1,,,,,
NB,36,05,NB36-05,KAP,2021,2,NB36-05-02-KAP,NB36-05-02-KAP-WTSP,WTSP,1,0,0,1,,,,,
NB,36,05,NB36-05,KAP,2021,2,NB36-05-02-KAP,NB36-05-02-KAP-SOSP,SOSP,1,0,0,1,,,,,
NB,36,05,NB36-05,KAP,2021,2,NB36-05-02-KAP,NB36-05-02-KAP-ALFL,ALFL,1,0,0,1,,,,,
NB,36,05,NB36-05,KAP,2021,2,NB36-05-02-KAP,NB36-05-02-KAP-SWSP,SWSP,0,0,1,1,,,,,
NB,36,05,NB36-05,KAP,2021,2,NB36-05-02-KAP,NB36-05-02-KAP-COYE,COYE,1,0,0,1,,,,,
NB,36,05,NB36-05,KAP,2021,2,NB36-05-02-KAP,NB36-05-02-KAP-CORA,CORA,0,1,0,1,,,,,
NB,36,05,NB36-05,KAP,2021,2,NB36-05-02-KAP,NB36-05-02-KAP-LEFL,LEFL,0,0,1,1,,,,,
NB,36,05,NB36-05,KAP,2021,2,NB36-05-02-KAP,NB36-05-02-KAP-RNDU,RNDU,0,0,1,1,,,,,
NB,36,05,NB36-05,KAP,2021,2,NB36-05-02-KAP,NB36-05-02-KAP-MALL,MALL,0,0,1,1,,,,,
NB,36,06,NB36-06,KAP,2021,2,NB36-06-02-KAP,NB36-06-02-KAP-WISN,WISN,0,0,0,0,,,,,did not indicate when observed
NB,36,06,NB36-06,KAP,2021,2,NB36-06-02-KAP,NB36-06-02-KAP-BAEA,BAEA,0,0,0,0,OF,,,,did not indicate when observed
NB,36,06,NB36-06,KAP,2021,2,NB36-06-02-KAP,NB36-06-02-KAP-COYE,COYE,0,0,0,0,,,,,did not indicate when observed
NB,36,06,NB36-06,KAP,2021,2,NB36-06-02-KAP,NB36-06-02-KAP-RWBL,RWBL,0,0,0,0,,,,,did not indicate when observed
NB,36,06,NB36-06,KAP,2021,2,NB36-06-02-KAP,NB36-06-02-KAP-CHSP,CHSP,0,0,0,0,,,,,did not indicate when observed
NB,36,06,NB36-06,KAP,2021,2,NB36-06-02-KAP,NB36-06-02-KAP-YEWA,YEWA,0,0,0,0,,,,,did not indicate when observed
NB,36,06,NB36-06,KAP,2021,2,NB36-06-02-KAP,NB36-06-02-KAP-UIDU,UIDU,0,0,0,0,,,,,did not indicate when observed; unknown species code
NB,36,06,NB36-06,KAP,2021,2,NB36-06-02-KAP,NB36-06-02-KAP-BHVI,BHVI,0,0,0,0,,,,,did not indicate when observed
NB,36,06,NB36-06,KAP,2021,2,NB36-06-02-KAP,NB36-06-02-KAP-LEFL,LEFL,0,0,0,0,,,,,did not indicate when observed
NB,36,06,NB36-06,KAP,2021,2,NB36-06-02-KAP,NB36-06-02-KAP-ALFL,ALFL,0,0,0,0,,,,,did not indicate when observed
NB,36,06,NB36-06,KAP,2021,2,NB36-06-02-KAP,NB36-06-02-KAP-CEDW,CEDW,0,0,0,0,,,,,did not indicate when observed
NB,36,06,NB36-06,KAP,2021,2,NB36-06-02-KAP,NB36-06-02-KAP-AMRE,AMRE,0,0,0,0,,,,,did not indicate when observed
NB,36,07,NB36-07,KAP,2021,2,NB36-07-02-KAP,NB36-07-02-KAP-RWBL,RWBL,1,0,0,1,,,,,
NB,36,07,NB36-07,KAP,2021,2,NB36-07-02-KAP,NB36-07-02-KAP-YEWA,YEWA,1,0,0,1,,,,,
NB,36,07,NB36-07,KAP,2021,2,NB36-07-02-KAP,NB36-07-02-KAP-SOSP,SOSP,0,0,0,0,,,,,did not indicate when observed
NB,36,07,NB36-07,KAP,2021,2,NB36-07-02-KAP,NB36-07-02-KAP-SWSP,SWSP,0,0,0,0,,,,,did not indicate when observed
NB,36,07,NB36-07,KAP,2021,2,NB36-07-02-KAP,NB36-07-02-KAP-WISN,WISN,0,0,0,0,,,,,did not indicate when observed
NB,36,07,NB36-07,KAP,2021,2,NB36-07-02-KAP,NB36-07-02-KAP-REVI,REVI,0,0,0,0,,,,,did not indicate when observed
NB,36,07,NB36-07,KAP,2021,2,NB36-07-02-KAP,NB36-07-02-KAP-AMCR,AMCR,0,0,0,0,,,,,did not indicate when observed
NB,36,07,NB36-07,KAP,2021,2,NB36-07-02-KAP,NB36-07-02-KAP-CORA,CORA,0,0,0,0,,,,,did not indicate when observed
NB,36,08,NB36-08,KAP,2021,2,NB36-08-02-KAP,NB36-08-02-KAP-RWBL,RWBL,1,0,0,1,,,,,
NB,36,08,NB36-08,KAP,2021,2,NB36-08-02-KAP,NB36-08-02-KAP-SWSP,SWSP,1,0,0,1,,,,,
NB,36,08,NB36-08,KAP,2021,2,NB36-08-02-KAP,NB36-08-02-KAP-AMCR,AMCR,1,0,0,1,,,,,
NB,36,08,NB36-08,KAP,2021,2,NB36-08-02-KAP,NB36-08-02-KAP-AMRE,AMRE,1,0,0,1,,,,,
NB,36,08,NB36-08,KAP,2021,2,NB36-08-02-KAP,NB36-08-02-KAP-SOSP,SOSP,0,1,0,1,,,,,
NB,36,08,NB36-08,KAP,2021,2,NB36-08-02-KAP,NB36-08-02-KAP-COYE,COYE,0,1,0,1,,,,,
NB,36,08,NB36-08,KAP,2021,2,NB36-08-02-KAP,NB36-08-02-KAP-WISN,WISN,0,0,0,0,,,,,did not indicate when observed
PE,13,01,PE13-01,DAJ,2021,1,PE13-01-01-DAJ,PE13-01-01-DAJ-RWBL,RWBL,2,2,4,4,OF,,,,
PE,13,01,PE13-01,DAJ,2021,1,PE13-01-01-DAJ,PE13-01-01-DAJ-COYE,COYE,2,2,1,2,,,,,
PE,13,01,PE13-01,DAJ,2021,1,PE13-01-01-DAJ,PE13-01-01-DAJ-ALFL,ALFL,2,2,0,2,,,,,
PE,13,01,PE13-01,DAJ,2021,1,PE13-01-01-DAJ,PE13-01-01-DAJ-GBHE,GBHE,0,0,0,0,OF,,,,
PE,13,01,PE13-01,DAJ,2021,1,PE13-01-01-DAJ,PE13-01-01-DAJ-GWTE,GWTE,0,0,0,0,OF,,,,
PE,13,01,PE13-01,DAJ,2021,1,PE13-01-01-DAJ,PE13-01-01-DAJ-AMCR,AMCR,0,0,0,0,OF,,,,
PE,13,01,PE13-01,DAJ,2021,1,PE13-01-01-DAJ,PE13-01-01-DAJ-SWSP,SWSP,0,1,0,1,,,,,
PE,13,01,PE13-01,DAJ,2021,1,PE13-01-01-DAJ,PE13-01-01-DAJ-COGR,COGR,0,0,0,0,OF,,,,
PE,13,02,PE13-02,DAJ,2021,1,PE13-02-01-DAJ,PE13-02-01-DAJ-RWBL,RWBL,3,3,4,4,,,,,
PE,13,02,PE13-02,DAJ,2021,1,PE13-02-01-DAJ,PE13-02-01-DAJ-COYE,COYE,2,3,3,3,,,,,
PE,13,02,PE13-02,DAJ,2021,1,PE13-02-01-DAJ,PE13-02-01-DAJ-ALFL,ALFL,2,2,2,2,,,,,
PE,13,02,PE13-02,DAJ,2021,1,PE13-02-01-DAJ,PE13-02-01-DAJ-SWSP,SWSP,1,1,2,2,,,,,
PE,13,02,PE13-02,DAJ,2021,1,PE13-02-01-DAJ,PE13-02-01-DAJ-YEWA,YEWA,1,1,0,1,,,,,
PE,13,02,PE13-02,DAJ,2021,1,PE13-02-01-DAJ,PE13-02-01-DAJ-SOSP,SOSP,2,0,1,2,,,,,
PE,13,02,PE13-02,DAJ,2021,1,PE13-02-01-DAJ,PE13-02-01-DAJ-WTSP,WTSP,0,0,1,1,,,,,
PE,13,02,PE13-02,DAJ,2021,1,PE13-02-01-DAJ,PE13-02-01-DAJ-OSPR,OSPR,0,0,0,0,OF,,,,
PE,13,03,PE13-03,DAJ,2021,1,PE13-03-01-DAJ,PE13-03-01-DAJ-ALFL,ALFL,2,2,2,2,,,,,
PE,13,03,PE13-03,DAJ,2021,1,PE13-03-01-DAJ,PE13-03-01-DAJ-RWBL,RWBL,2,3,2,3,,,,,
PE,13,03,PE13-03,DAJ,2021,1,PE13-03-01-DAJ,PE13-03-01-DAJ-GBHE,GBHE,0,0,0,0,OF,,,,
PE,13,03,PE13-03,DAJ,2021,1,PE13-03-01-DAJ,PE13-03-01-DAJ-COYE,COYE,1,1,2,2,,,,,
PE,13,03,PE13-03,DAJ,2021,1,PE13-03-01-DAJ,PE13-03-01-DAJ-CANG,CANG,0,0,0,0,OF,,,,
PE,13,03,PE13-03,DAJ,2021,1,PE13-03-01-DAJ,PE13-03-01-DAJ-SWSP,SWSP,1,2,2,2,,,,,
PE,13,03,PE13-03,DAJ,2021,1,PE13-03-01-DAJ,PE13-03-01-DAJ-TRES,TRES,0,0,0,0,OF,,,,Written as TRSW
PE,13,03,PE13-03,DAJ,2021,1,PE13-03-01-DAJ,PE13-03-01-DAJ-BCCH,BCCH,0,1,0,1,,,,,
PE,13,03,PE13-03,DAJ,2021,1,PE13-03-01-DAJ,PE13-03-01-DAJ-AMRO,AMRO,0,1,2,2,,,,,
PE,13,03,PE13-03,DAJ,2021,1,PE13-03-01-DAJ,PE13-03-01-DAJ-WODU,WODU,0,0,0,0,OF,,,,
PE,13,03,PE13-03,DAJ,2021,1,PE13-03-01-DAJ,PE13-03-01-DAJ-YEWA,YEWA,0,0,1,1,,,,,
PE,13,04,PE13-04,DAJ,2021,1,PE13-04-01-DAJ,PE13-04-01-DAJ-AMRO,AMRO,1,2,1,2,,,,,
PE,13,04,PE13-04,DAJ,2021,1,PE13-04-01-DAJ,PE13-04-01-DAJ-ALFL,ALFL,2,1,2,2,,,,,
PE,13,04,PE13-04,DAJ,2021,1,PE13-04-01-DAJ,PE13-04-01-DAJ-COYE,COYE,1,1,1,1,,,,,
PE,13,04,PE13-04,DAJ,2021,1,PE13-04-01-DAJ,PE13-04-01-DAJ-RWBL,RWBL,1,1,1,1,OF,,,,
PE,13,04,PE13-04,DAJ,2021,1,PE13-04-01-DAJ,PE13-04-01-DAJ-BCCH,BCCH,1,1,1,1,,,,,
PE,13,04,PE13-04,DAJ,2021,1,PE13-04-01-DAJ,PE13-04-01-DAJ-SWSP,SWSP,2,1,0,2,,,,,
PE,13,04,PE13-04,DAJ,2021,1,PE13-04-01-DAJ,PE13-04-01-DAJ-REVI,REVI,0,0,1,1,,,,,
PE,13,04,PE13-04,DAJ,2021,1,PE13-04-01-DAJ,PE13-04-01-DAJ-SOSP,SOSP,1,1,1,1,,,,,
PE,13,05,PE13-05,DAJ,2021,1,PE13-05-01-DAJ,PE13-05-01-DAJ-BCCH,BCCH,2,1,1,2,,,,,
PE,13,05,PE13-05,DAJ,2021,1,PE13-05-01-DAJ,PE13-05-01-DAJ-SWSP,SWSP,1,1,1,1,,,,,
PE,13,05,PE13-05,DAJ,2021,1,PE13-05-01-DAJ,PE13-05-01-DAJ-AMRO,AMRO,1,1,1,1,,,,,
PE,13,05,PE13-05,DAJ,2021,1,PE13-05-01-DAJ,PE13-05-01-DAJ-REVI,REVI,1,0,1,1,,,,,
PE,13,05,PE13-05,DAJ,2021,1,PE13-05-01-DAJ,PE13-05-01-DAJ-COYE,COYE,2,1,1,2,,,,,
PE,13,05,PE13-05,DAJ,2021,1,PE13-05-01-DAJ,PE13-05-01-DAJ-MODO,MODO,1,0,0,1,,,,,
PE,13,05,PE13-05,DAJ,2021,1,PE13-05-01-DAJ,PE13-05-01-DAJ-YEWA,YEWA,0,2,2,2,,,,,
PE,13,05,PE13-05,DAJ,2021,1,PE13-05-01-DAJ,PE13-05-01-DAJ-EUST,EUST,0,2,0,2,,,,,
PE,13,05,PE13-05,DAJ,2021,1,PE13-05-01-DAJ,PE13-05-01-DAJ-TRES,TRES,0,0,0,0,OF,,,,Written as TRSW
PE,13,06,PE13-06,DAJ,2021,1,PE13-06-01-DAJ,PE13-06-01-DAJ-ALFL,ALFL,3,2,4,4,,,,,
PE,13,06,PE13-06,DAJ,2021,1,PE13-06-01-DAJ,PE13-06-01-DAJ-COYE,COYE,2,2,2,2,,,,,
PE,13,06,PE13-06,DAJ,2021,1,PE13-06-01-DAJ,PE13-06-01-DAJ-RWBL,RWBL,2,2,2,2,,,,,
PE,13,06,PE13-06,DAJ,2021,1,PE13-06-01-DAJ,PE13-06-01-DAJ-AMRO,AMRO,1,1,1,1,,,,,
PE,13,06,PE13-06,DAJ,2021,1,PE13-06-01-DAJ,PE13-06-01-DAJ-SWSP,SWSP,2,3,2,3,,,,,
PE,13,06,PE13-06,DAJ,2021,1,PE13-06-01-DAJ,PE13-06-01-DAJ-GBHE,GBHE,0,0,0,0,OF,,,,
PE,13,06,PE13-06,DAJ,2021,1,PE13-06-01-DAJ,PE13-06-01-DAJ-SOSP,SOSP,0,1,0,1,,,,,
PE,13,06,PE13-06,DAJ,2021,1,PE13-06-01-DAJ,PE13-06-01-DAJ-OSPR,OSPR,0,0,0,0,OF,,,,
PE,13,06,PE13-06,DAJ,2021,1,PE13-06-01-DAJ,PE13-06-01-DAJ-NOPA,NOPA,0,1,1,1,,,,,
PE,13,06,PE13-06,DAJ,2021,1,PE13-06-01-DAJ,PE13-06-01-DAJ-BTNW,BTNW,0,0,1,1,,,,,Written as BTGW
PE,13,07,PE13-07,DAJ,2021,1,PE13-07-01-DAJ,PE13-07-01-DAJ-ALFL,ALFL,1,1,1,1,,,,,
PE,13,07,PE13-07,DAJ,2021,1,PE13-07-01-DAJ,PE13-07-01-DAJ-RWBL,RWBL,3,3,2,3,OF,,,,
PE,13,07,PE13-07,DAJ,2021,1,PE13-07-01-DAJ,PE13-07-01-DAJ-CANG,CANG,0,0,0,0,OF,,,,
PE,13,07,PE13-07,DAJ,2021,1,PE13-07-01-DAJ,PE13-07-01-DAJ-AMRO,AMRO,0,1,2,2,OF,,,,
PE,13,07,PE13-07,DAJ,2021,1,PE13-07-01-DAJ,PE13-07-01-DAJ-REVI,REVI,0,1,0,1,,,,,
PE,13,07,PE13-07,DAJ,2021,1,PE13-07-01-DAJ,PE13-07-01-DAJ-SWSP,SWSP,0,1,0,1,,,,,
PE,13,07,PE13-07,DAJ,2021,1,PE13-07-01-DAJ,PE13-07-01-DAJ-COYE,COYE,2,2,1,2,OF,,,,
PE,13,07,PE13-07,DAJ,2021,1,PE13-07-01-DAJ,PE13-07-01-DAJ-DEJU,DEJU,0,1,1,1,,,,,
PE,13,08,PE13-08,DAJ,2021,1,PE13-08-01-DAJ,PE13-08-01-DAJ-COYE,COYE,3,2,2,3,,,,,
PE,13,08,PE13-08,DAJ,2021,1,PE13-08-01-DAJ,PE13-08-01-DAJ-AMRO,AMRO,1,2,0,2,,,,,
PE,13,08,PE13-08,DAJ,2021,1,PE13-08-01-DAJ,PE13-08-01-DAJ-RWBL,RWBL,1,1,0,1,,,,,
PE,13,08,PE13-08,DAJ,2021,1,PE13-08-01-DAJ,PE13-08-01-DAJ-NOGO,NOGO,0,0,0,0,OF,,,,
PE,13,08,PE13-08,DAJ,2021,1,PE13-08-01-DAJ,PE13-08-01-DAJ-SWSP,SWSP,1,1,2,2,,,,seen/heard,
PE,13,08,PE13-08,DAJ,2021,1,PE13-08-01-DAJ,PE13-08-01-DAJ-DEJU,DEJU,1,1,1,1,,,,,
PE,13,08,PE13-08,DAJ,2021,1,PE13-08-01-DAJ,PE13-08-01-DAJ-TRES,TRES,0,0,0,0,OF,,,,Written as TRSW
PE,13,08,PE13-08,DAJ,2021,1,PE13-08-01-DAJ,PE13-08-01-DAJ-BWWA,BWWA,0,1,1,1,,,,,
PE,13,08,PE13-08,DAJ,2021,1,PE13-08-01-DAJ,PE13-08-01-DAJ-EUST,EUST,1,1,0,1,OF,,,,
PE,13,08,PE13-08,DAJ,2021,1,PE13-08-01-DAJ,PE13-08-01-DAJ-AMCR,AMCR,0,0,0,0,OF,,,,
PE,13,08,PE13-08,DAJ,2021,1,PE13-08-01-DAJ,PE13-08-01-DAJ-ALFL,ALFL,0,0,1,1,,,,,
PE,13,09,PE13-09,DAJ,2021,1,PE13-09-01-DAJ,PE13-09-01-DAJ-RWBL,RWBL,4,5,4,5,OF,,,,
PE,13,09,PE13-09,DAJ,2021,1,PE13-09-01-DAJ,PE13-09-01-DAJ-CANG,CANG,3,3,0,3,,,,,
PE,13,09,PE13-09,DAJ,2021,1,PE13-09-01-DAJ,PE13-09-01-DAJ-DEJU,DEJU,1,1,0,1,,,,,
PE,13,09,PE13-09,DAJ,2021,1,PE13-09-01-DAJ,PE13-09-01-DAJ-ALFL,ALFL,3,1,1,3,,,,,
PE,13,09,PE13-09,DAJ,2021,1,PE13-09-01-DAJ,PE13-09-01-DAJ-COYE,COYE,2,1,2,2,,,,,
PE,13,09,PE13-09,DAJ,2021,1,PE13-09-01-DAJ,PE13-09-01-DAJ-OVEN,OVEN,1,0,0,1,,,,,
PE,13,09,PE13-09,DAJ,2021,1,PE13-09-01-DAJ,PE13-09-01-DAJ-AMRO,AMRO,0,1,2,2,,,,,
PE,13,09,PE13-09,DAJ,2021,1,PE13-09-01-DAJ,PE13-09-01-DAJ-YEWA,YEWA,0,1,1,1,,,,,
PE,13,09,PE13-09,DAJ,2021,1,PE13-09-01-DAJ,PE13-09-01-DAJ-SWSP,SWSP,1,1,2,2,,,,,
PE,13,09,PE13-09,DAJ,2021,1,PE13-09-01-DAJ,PE13-09-01-DAJ-WODU,WODU,0,0,0,0,OF,,,,
PE,13,09,PE13-09,DAJ,2021,1,PE13-09-01-DAJ,PE13-09-01-DAJ-AMWI,AMWI,0,0,2,2,,,,,
PE,13,10,PE13-10,DAJ,2021,1,PE13-10-01-DAJ,PE13-10-01-DAJ-ALFL,ALFL,1,1,2,2,,,,,
PE,13,10,PE13-10,DAJ,2021,1,PE13-10-01-DAJ,PE13-10-01-DAJ-NOPA,NOPA,1,1,0,1,,,,,
PE,13,10,PE13-10,DAJ,2021,1,PE13-10-01-DAJ,PE13-10-01-DAJ-MODO,MODO,2,1,0,2,,,,,
PE,13,10,PE13-10,DAJ,2021,1,PE13-10-01-DAJ,PE13-10-01-DAJ-RWBL,RWBL,1,1,2,2,OF,,,,
PE,13,10,PE13-10,DAJ,2021,1,PE13-10-01-DAJ,PE13-10-01-DAJ-COGR,COGR,2,2,1,2,OF,,,,
PE,13,10,PE13-10,DAJ,2021,1,PE13-10-01-DAJ,PE13-10-01-DAJ-EAPE,EAPE,1,1,0,1,,,,,
PE,13,10,PE13-10,DAJ,2021,1,PE13-10-01-DAJ,PE13-10-01-DAJ-AMRO,AMRO,2,1,2,2,OF,,,,
PE,13,10,PE13-10,DAJ,2021,1,PE13-10-01-DAJ,PE13-10-01-DAJ-COYE,COYE,1,1,3,3,,,,,
PE,13,10,PE13-10,DAJ,2021,1,PE13-10-01-DAJ,PE13-10-01-DAJ-YEWA,YEWA,0,1,1,1,OF,,,,
PE,13,10,PE13-10,DAJ,2021,1,PE13-10-01-DAJ,PE13-10-01-DAJ-DCCO,DCCO,0,0,0,0,OF,,,,
PE,13,10,PE13-10,DAJ,2021,1,PE13-10-01-DAJ,PE13-10-01-DAJ-SWSP,SWSP,0,1,1,1,,,,,
PE,13,10,PE13-10,DAJ,2021,1,PE13-10-01-DAJ,PE13-10-01-DAJ-DEJU,DEJU,0,1,0,1,,,,,
PE,13,10,PE13-10,DAJ,2021,1,PE13-10-01-DAJ,PE13-10-01-DAJ-BCCH,BCCH,0,0,1,1,,,,,
PE,13,01,PE13-01,DAJ,2021,2,PE13-01-02-DAJ,PE13-01-02-DAJ-RWBL,RWBL,3,3,2,3,,,,,
PE,13,01,PE13-01,DAJ,2021,2,PE13-01-02-DAJ,PE13-01-02-DAJ-SWSP,SWSP,2,2,3,3,,,,,
PE,13,01,PE13-01,DAJ,2021,2,PE13-01-02-DAJ,PE13-01-02-DAJ-COYE,COYE,2,2,1,2,,,,,
PE,13,01,PE13-01,DAJ,2021,2,PE13-01-02-DAJ,PE13-01-02-DAJ-YEWA,YEWA,0,0,1,1,,,,,
PE,13,02,PE13-02,DAJ,2021,2,PE13-02-02-DAJ,PE13-02-02-DAJ-SWSP,SWSP,3,3,3,3,,,,,
PE,13,02,PE13-02,DAJ,2021,2,PE13-02-02-DAJ,PE13-02-02-DAJ-COYE,COYE,2,2,2,2,,,,,
PE,13,03,PE13-03,DAJ,2021,2,PE13-03-02-DAJ,PE13-03-02-DAJ-SWSP,SWSP,2,3,3,3,,,,,
PE,13,03,PE13-03,DAJ,2021,2,PE13-03-02-DAJ,PE13-03-02-DAJ-COYE,COYE,2,2,1,2,,,,,
PE,13,03,PE13-03,DAJ,2021,2,PE13-03-02-DAJ,PE13-03-02-DAJ-YEWA,YEWA,2,0,0,2,,,,,
PE,13,03,PE13-03,DAJ,2021,2,PE13-03-02-DAJ,PE13-03-02-DAJ-NOHA,NOHA,0,0,0,0,OF,,,,
PE,13,03,PE13-03,DAJ,2021,2,PE13-03-02-DAJ,PE13-03-02-DAJ-RWBL,RWBL,0,0,0,0,OF,,,,
PE,13,04,PE13-04,DAJ,2021,2,PE13-04-02-DAJ,PE13-04-02-DAJ-SWSP,SWSP,2,2,1,2,,,,,
PE,13,04,PE13-04,DAJ,2021,2,PE13-04-02-DAJ,PE13-04-02-DAJ-RWBL,RWBL,1,1,1,1,,,,,
PE,13,04,PE13-04,DAJ,2021,2,PE13-04-02-DAJ,PE13-04-02-DAJ-AMRO,AMRO,1,1,1,1,,,,,
PE,13,04,PE13-04,DAJ,2021,2,PE13-04-02-DAJ,PE13-04-02-DAJ-SOSP,SOSP,1,1,1,1,,,,,
PE,13,04,PE13-04,DAJ,2021,2,PE13-04-02-DAJ,PE13-04-02-DAJ-NOHA,NOHA,0,0,0,0,OF,,,,
PE,13,05,PE13-05,DAJ,2021,2,PE13-05-02-DAJ,PE13-05-02-DAJ-BWTE,BWTE,4,0,0,4,,,,,
PE,13,05,PE13-05,DAJ,2021,2,PE13-05-02-DAJ,PE13-05-02-DAJ-SWSP,SWSP,2,2,2,2,,,,,
PE,13,05,PE13-05,DAJ,2021,2,PE13-05-02-DAJ,PE13-05-02-DAJ-COYE,COYE,1,2,3,3,,,,,
PE,13,05,PE13-05,DAJ,2021,2,PE13-05-02-DAJ,PE13-05-02-DAJ-AMRO,AMRO,1,1,0,1,,,,,
PE,13,05,PE13-05,DAJ,2021,2,PE13-05-02-DAJ,PE13-05-02-DAJ-RWBL,RWBL,1,1,1,1,,,,,
PE,13,06,PE13-06,DAJ,2021,2,PE13-06-02-DAJ,PE13-06-02-DAJ-COYE,COYE,3,2,2,3,,,,,
PE,13,06,PE13-06,DAJ,2021,2,PE13-06-02-DAJ,PE13-06-02-DAJ-WODU,WODU,0,0,0,0,OF,,,,
PE,13,06,PE13-06,DAJ,2021,2,PE13-06-02-DAJ,PE13-06-02-DAJ-SWSP,SWSP,2,2,2,2,,,,,
PE,13,06,PE13-06,DAJ,2021,2,PE13-06-02-DAJ,PE13-06-02-DAJ-YEWA,YEWA,0,1,1,1,,,,,
PE,13,07,PE13-07,DAJ,2021,2,PE13-07-02-DAJ,PE13-07-02-DAJ-AMRO,AMRO,2,2,2,2,,,,,
PE,13,07,PE13-07,DAJ,2021,2,PE13-07-02-DAJ,PE13-07-02-DAJ-COYE,COYE,3,3,2,3,,,,,
PE,13,07,PE13-07,DAJ,2021,2,PE13-07-02-DAJ,PE13-07-02-DAJ-SWSP,SWSP,2,3,4,4,,,,,
PE,13,08,PE13-08,DAJ,2021,2,PE13-08-02-DAJ,PE13-08-02-DAJ-SWSP,SWSP,3,3,4,4,,,,,
PE,13,08,PE13-08,DAJ,2021,2,PE13-08-02-DAJ,PE13-08-02-DAJ-COYE,COYE,4,3,3,4,,,,,
PE,13,08,PE13-08,DAJ,2021,2,PE13-08-02-DAJ,PE13-08-02-DAJ-RWBL,RWBL,2,3,2,3,,,,,
PE,13,08,PE13-08,DAJ,2021,2,PE13-08-02-DAJ,PE13-08-02-DAJ-AMRO,AMRO,0,1,1,1,,,,,
PE,13,08,PE13-08,DAJ,2021,2,PE13-08-02-DAJ,PE13-08-02-DAJ-GBHE,GBHE,0,0,0,0,OF,,,,
PE,13,09,PE13-09,DAJ,2021,2,PE13-09-02-DAJ,PE13-09-02-DAJ-COYE,COYE,1,1,1,1,,,,,
PE,13,09,PE13-09,DAJ,2021,2,PE13-09-02-DAJ,PE13-09-02-DAJ-SWSP,SWSP,2,2,3,3,,,,,
PE,13,09,PE13-09,DAJ,2021,2,PE13-09-02-DAJ,PE13-09-02-DAJ-TRES,TRES,0,0,0,0,AF,,,,Written as TRSW
PE,13,09,PE13-09,DAJ,2021,2,PE13-09-02-DAJ,PE13-09-02-DAJ-CEDW,CEDW,0,0,0,0,AF,,,,Written as CEWA
PE,13,10,PE13-10,DAJ,2021,2,PE13-10-02-DAJ,PE13-10-02-DAJ-CEDW,CEDW,2,2,2,2,,,,,Written as CEWA
PE,13,10,PE13-10,DAJ,2021,2,PE13-10-02-DAJ,PE13-10-02-DAJ-SWSP,SWSP,3,3,3,3,,,,,
PE,13,10,PE13-10,DAJ,2021,2,PE13-10-02-DAJ,PE13-10-02-DAJ-COYE,COYE,2,2,1,2,,,,,
PE,13,10,PE13-10,DAJ,2021,2,PE13-10-02-DAJ,PE13-10-02-DAJ-NOPA,NOPA,1,1,0,1,,,,,
PE,13,10,PE13-10,DAJ,2021,2,PE13-10-02-DAJ,PE13-10-02-DAJ-YEWA,YEWA,1,2,1,2,,,,,
PE,13,10,PE13-10,DAJ,2021,2,PE13-10-02-DAJ,PE13-10-02-DAJ-AMRO,AMRO,1,1,1,1,,,,,
PE,13,10,PE13-10,DAJ,2021,2,PE13-10-02-DAJ,PE13-10-02-DAJ-RWBL,RWBL,1,1,2,2,,,,,
PE,13,10,PE13-10,DAJ,2021,2,PE13-10-02-DAJ,PE13-10-02-DAJ-BCCH,BCCH,0,1,1,1,,,,,
PE,13,10,PE13-10,DAJ,2021,2,PE13-10-02-DAJ,PE13-10-02-DAJ-ALFL,ALFL,0,0,1,1,,,,,
PE,03,01,PE03-01,DAJ,2021,1,PE03-01-01-DAJ,PE03-01-01-DAJ-COYE,COYE,1,0,0,1,,,,,
PE,03,01,PE03-01,DAJ,2021,1,PE03-01-01-DAJ,PE03-01-01-DAJ-RWBL,RWBL,4,4,4,4,OF,,,,
PE,03,01,PE03-01,DAJ,2021,1,PE03-01-01-DAJ,PE03-01-01-DAJ-WTSP,WTSP,1,0,1,1,,,,,
PE,03,01,PE03-01,DAJ,2021,1,PE03-01-01-DAJ,PE03-01-01-DAJ-MODO,MODO,1,0,0,1,,,,,
PE,03,01,PE03-01,DAJ,2021,1,PE03-01-01-DAJ,PE03-01-01-DAJ-CANG,CANG,1,1,0,1,,,,,
PE,03,01,PE03-01,DAJ,2021,1,PE03-01-01-DAJ,PE03-01-01-DAJ-DCCO,DCCO,1,1,0,1,,,,,
PE,03,01,PE03-01,DAJ,2021,1,PE03-01-01-DAJ,PE03-01-01-DAJ-YBSA,YBSA,0,0,0,0,OF,,,,
PE,03,01,PE03-01,DAJ,2021,1,PE03-01-01-DAJ,PE03-01-01-DAJ-DEJU,DEJU,0,0,0,0,OF,,,,
PE,03,01,PE03-01,DAJ,2021,1,PE03-01-01-DAJ,PE03-01-01-DAJ-TRES,TRES,0,0,0,0,AF,,,,Written as TRSW
PE,03,01,PE03-01,DAJ,2021,1,PE03-01-01-DAJ,PE03-01-01-DAJ-AMRO,AMRO,0,1,0,1,,,,,
PE,03,01,PE03-01,DAJ,2021,1,PE03-01-01-DAJ,PE03-01-01-DAJ-YCKI,YCKI,0,0,0,0,OF,,,,
PE,03,02,PE03-02,DAJ,2021,1,PE03-02-01-DAJ,PE03-02-01-DAJ-RWBL,RWBL,5,4,6,6,OF,,,,
PE,03,02,PE03-02,DAJ,2021,1,PE03-02-01-DAJ,PE03-02-01-DAJ-ALFL,ALFL,1,1,2,2,,,,,
PE,03,02,PE03-02,DAJ,2021,1,PE03-02-01-DAJ,PE03-02-01-DAJ-REVI,REVI,1,0,0,1,,,,,
PE,03,02,PE03-02,DAJ,2021,1,PE03-02-01-DAJ,PE03-02-01-DAJ-EAKI,EAKI,1,1,2,2,,,,,
PE,03,02,PE03-02,DAJ,2021,1,PE03-02-01-DAJ,PE03-02-01-DAJ-GCKI,GCKI,1,1,1,1,,,,,
PE,03,02,PE03-02,DAJ,2021,1,PE03-02-01-DAJ,PE03-02-01-DAJ-COYE,COYE,1,1,2,2,,,,,
PE,03,02,PE03-02,DAJ,2021,1,PE03-02-01-DAJ,PE03-02-01-DAJ-MODO,MODO,2,0,0,2,,,,,
PE,03,02,PE03-02,DAJ,2021,1,PE03-02-01-DAJ,PE03-02-01-DAJ-CANG,CANG,0,0,0,0,OF,,,,
PE,03,02,PE03-02,DAJ,2021,1,PE03-02-01-DAJ,PE03-02-01-DAJ-TRES,TRES,0,0,0,0,AF,,,,Written as TRSW
PE,03,02,PE03-02,DAJ,2021,1,PE03-02-01-DAJ,PE03-02-01-DAJ-WISN,WISN,0,2,3,3,,,,,
PE,03,02,PE03-02,DAJ,2021,1,PE03-02-01-DAJ,PE03-02-01-DAJ-AMRO,AMRO,0,0,0,0,OF,,,,
PE,03,03,PE03-03,DAJ,2021,1,PE03-03-01-DAJ,PE03-03-01-DAJ-WISN,WISN,1,1,2,2,OF,,,,
PE,03,03,PE03-03,DAJ,2021,1,PE03-03-01-DAJ,PE03-03-01-DAJ-ALFL,ALFL,2,2,2,2,,,,,
PE,03,03,PE03-03,DAJ,2021,1,PE03-03-01-DAJ,PE03-03-01-DAJ-RWBL,RWBL,6,4,5,6,OF,,,,
PE,03,03,PE03-03,DAJ,2021,1,PE03-03-01-DAJ,PE03-03-01-DAJ-SOSP,SOSP,1,0,0,1,,,,,
PE,03,03,PE03-03,DAJ,2021,1,PE03-03-01-DAJ,PE03-03-01-DAJ-YEWA,YEWA,2,1,1,2,OF,,,,
PE,03,03,PE03-03,DAJ,2021,1,PE03-03-01-DAJ,PE03-03-01-DAJ-BCCH,BCCH,1,1,0,1,,,,,
PE,03,03,PE03-03,DAJ,2021,1,PE03-03-01-DAJ,PE03-03-01-DAJ-BOCH,BOCH,1,1,0,1,,,,,
PE,03,03,PE03-03,DAJ,2021,1,PE03-03-01-DAJ,PE03-03-01-DAJ-EUST,EUST,0,0,0,0,OF,,,,
PE,03,03,PE03-03,DAJ,2021,1,PE03-03-01-DAJ,PE03-03-01-DAJ-COYE,COYE,0,0,0,0,OF,,,,
PE,03,04,PE03-04,DAJ,2021,1,PE03-04-01-DAJ,PE03-04-01-DAJ-WISN,WISN,1,1,0,1,,,,,
PE,03,04,PE03-04,DAJ,2021,1,PE03-04-01-DAJ,PE03-04-01-DAJ-RWBL,RWBL,5,6,4,6,OF,,,,
PE,03,04,PE03-04,DAJ,2021,1,PE03-04-01-DAJ,PE03-04-01-DAJ-BLJA,BLJA,0,0,0,0,OF,,,,
PE,03,04,PE03-04,DAJ,2021,1,PE03-04-01-DAJ,PE03-04-01-DAJ-WTSP,WTSP,1,0,0,1,,,,,
PE,03,04,PE03-04,DAJ,2021,1,PE03-04-01-DAJ,PE03-04-01-DAJ-AMCR,AMCR,1,0,0,1,,,,,
PE,03,04,PE03-04,DAJ,2021,1,PE03-04-01-DAJ,PE03-04-01-DAJ-NOPA,NOPA,0,1,1,1,,,,,
PE,03,04,PE03-04,DAJ,2021,1,PE03-04-01-DAJ,PE03-04-01-DAJ-YEWA,YEWA,0,1,1,1,,,,,
PE,03,04,PE03-04,DAJ,2021,1,PE03-04-01-DAJ,PE03-04-01-DAJ-COYE,COYE,0,1,1,1,,,,,
PE,03,04,PE03-04,DAJ,2021,1,PE03-04-01-DAJ,PE03-04-01-DAJ-ALFL,ALFL,0,0,1,1,,,,,
PE,03,05,PE03-05,DAJ,2021,1,PE03-05-01-DAJ,PE03-05-01-DAJ-DEJU,DEJU,2,2,1,2,,,,,
PE,03,05,PE03-05,DAJ,2021,1,PE03-05-01-DAJ,PE03-05-01-DAJ-ALFL,ALFL,1,2,1,2,,,,,
PE,03,05,PE03-05,DAJ,2021,1,PE03-05-01-DAJ,PE03-05-01-DAJ-SOSP,SOSP,2,1,0,2,,,,,
PE,03,05,PE03-05,DAJ,2021,1,PE03-05-01-DAJ,PE03-05-01-DAJ-AMRO,AMRO,1,1,1,1,,,,,
PE,03,05,PE03-05,DAJ,2021,1,PE03-05-01-DAJ,PE03-05-01-DAJ-AMCR,AMCR,0,0,0,0,OF,,,,
PE,03,05,PE03-05,DAJ,2021,1,PE03-05-01-DAJ,PE03-05-01-DAJ-RWBL,RWBL,1,1,0,1,OF,,,,
PE,03,05,PE03-05,DAJ,2021,1,PE03-05-01-DAJ,PE03-05-01-DAJ-CANG,CANG,1,2,1,2,,,,,
PE,03,05,PE03-05,DAJ,2021,1,PE03-05-01-DAJ,PE03-05-01-DAJ-COYE,COYE,0,1,1,1,,,,,
PE,03,05,PE03-05,DAJ,2021,1,PE03-05-01-DAJ,PE03-05-01-DAJ-REVI,REVI,0,1,0,1,,,,,
PE,03,05,PE03-05,DAJ,2021,1,PE03-05-01-DAJ,PE03-05-01-DAJ-SWSP,SWSP,0,1,0,1,,,,,
PE,03,05,PE03-05,DAJ,2021,1,PE03-05-01-DAJ,PE03-05-01-DAJ-NOPA,NOPA,0,0,1,1,,,,,
PE,03,05,PE03-05,DAJ,2021,1,PE03-05-01-DAJ,PE03-05-01-DAJ-WTSP,WTSP,0,0,1,1,,,,,
PE,03,05,PE03-05,DAJ,2021,1,PE03-05-01-DAJ,PE03-05-01-DAJ-UNKN,UNKN,0,0,1,1,,,,,
PE,03,06,PE03-06,DAJ,2021,1,PE03-06-01-DAJ,PE03-06-01-DAJ-CANG,CANG,5,0,0,5,,,,,
PE,03,06,PE03-06,DAJ,2021,1,PE03-06-01-DAJ,PE03-06-01-DAJ-DEJU,DEJU,1,0,1,1,,,,,
PE,03,06,PE03-06,DAJ,2021,1,PE03-06-01-DAJ,PE03-06-01-DAJ-WTSP,WTSP,1,1,0,1,,,,,
PE,03,06,PE03-06,DAJ,2021,1,PE03-06-01-DAJ,PE03-06-01-DAJ-SPSA,SPSA,1,0,0,1,,,,,
PE,03,06,PE03-06,DAJ,2021,1,PE03-06-01-DAJ,PE03-06-01-DAJ-AMRO,AMRO,1,0,0,1,OF,,,,
PE,03,06,PE03-06,DAJ,2021,1,PE03-06-01-DAJ,PE03-06-01-DAJ-BAEA,BAEA,0,1,0,1,,,,,
PE,03,06,PE03-06,DAJ,2021,1,PE03-06-01-DAJ,PE03-06-01-DAJ-RWBL,RWBL,0,2,2,2,OF,,,,
PE,03,06,PE03-06,DAJ,2021,1,PE03-06-01-DAJ,PE03-06-01-DAJ-REVI,REVI,0,1,0,1,,,,,
PE,03,06,PE03-06,DAJ,2021,1,PE03-06-01-DAJ,PE03-06-01-DAJ-YEWA,YEWA,0,0,1,1,,,,,
PE,03,06,PE03-06,DAJ,2021,1,PE03-06-01-DAJ,PE03-06-01-DAJ-SOSP,SOSP,1,1,1,1,,,,,
PE,03,01,PE03-01,DAJ,2021,2,PE03-01-02-DAJ,PE03-01-02-DAJ-RWBL,RWBL,3,3,2,3,,,,,
PE,03,01,PE03-01,DAJ,2021,2,PE03-01-02-DAJ,PE03-01-02-DAJ-COYE,COYE,1,1,1,1,,,,,
PE,03,01,PE03-01,DAJ,2021,2,PE03-01-02-DAJ,PE03-01-02-DAJ-AMRO,AMRO,1,0,0,1,,,,,
PE,03,01,PE03-01,DAJ,2021,2,PE03-01-02-DAJ,PE03-01-02-DAJ-DUCKLINGS,DUCKLINGS,3,0,0,3,,,,,
PE,03,01,PE03-01,DAJ,2021,2,PE03-01-02-DAJ,PE03-01-02-DAJ-EAKI,EAKI,1,0,0,1,,,,,
PE,03,01,PE03-01,DAJ,2021,2,PE03-01-02-DAJ,PE03-01-02-DAJ-ALFL,ALFL,0,1,1,1,,,,,
PE,03,01,PE03-01,DAJ,2021,2,PE03-01-02-DAJ,PE03-01-02-DAJ-DEJU,DEJU,0,2,1,2,,,,,
PE,03,02,PE03-02,DAJ,2021,2,PE03-02-02-DAJ,PE03-02-02-DAJ-RWBL,RWBL,7,7,7,7,,,,,
PE,03,02,PE03-02,DAJ,2021,2,PE03-02-02-DAJ,PE03-02-02-DAJ-SWSP,SWSP,1,1,1,1,,,,,
PE,03,02,PE03-02,DAJ,2021,2,PE03-02-02-DAJ,PE03-02-02-DAJ-EAKI,EAKI,1,1,2,2,,,,,
PE,03,02,PE03-02,DAJ,2021,2,PE03-02-02-DAJ,PE03-02-02-DAJ-CEDW,CEDW,0,1,1,1,,,,,Written as CEWA
PE,03,02,PE03-02,DAJ,2021,2,PE03-02-02-DAJ,PE03-02-02-DAJ-MALL,MALL,0,1,0,1,,,,,
PE,03,02,PE03-02,DAJ,2021,2,PE03-02-02-DAJ,PE03-02-02-DAJ-WISN,WISN,0,1,1,1,,,,,
PE,03,03,PE03-03,DAJ,2021,2,PE03-03-02-DAJ,PE03-03-02-DAJ-COYE,COYE,2,1,2,2,,,,,
PE,03,03,PE03-03,DAJ,2021,2,PE03-03-02-DAJ,PE03-03-02-DAJ-RWBL,RWBL,3,3,3,3,OF,,,,
PE,03,03,PE03-03,DAJ,2021,2,PE03-03-02-DAJ,PE03-03-02-DAJ-WISN,WISN,2,2,2,2,,,,,
PE,03,03,PE03-03,DAJ,2021,2,PE03-03-02-DAJ,PE03-03-02-DAJ-ALFL,ALFL,1,0,0,1,,,,,
PE,03,03,PE03-03,DAJ,2021,2,PE03-03-02-DAJ,PE03-03-02-DAJ-SWSP,SWSP,1,2,2,2,,,,,
PE,03,03,PE03-03,DAJ,2021,2,PE03-03-02-DAJ,PE03-03-02-DAJ-DEJU,DEJU,1,0,0,1,,,,,
PE,03,03,PE03-03,DAJ,2021,2,PE03-03-02-DAJ,PE03-03-02-DAJ-YEWA,YEWA,0,1,1,1,,,,,
PE,03,03,PE03-03,DAJ,2021,2,PE03-03-02-DAJ,PE03-03-02-DAJ-SOSP,SOSP,0,1,1,1,,,,,
PE,03,03,PE03-03,DAJ,2021,2,PE03-03-02-DAJ,PE03-03-02-DAJ-REVI,REVI,0,1,1,1,,,,,
PE,03,03,PE03-03,DAJ,2021,2,PE03-03-02-DAJ,PE03-03-02-DAJ-BCCH,BCCH,0,0,1,1,,,,,
PE,03,04,PE03-04,DAJ,2021,2,PE03-04-02-DAJ,PE03-04-02-DAJ-SWSP,SWSP,1,2,1,2,,,,,
PE,03,04,PE03-04,DAJ,2021,2,PE03-04-02-DAJ,PE03-04-02-DAJ-COYE,COYE,1,1,1,1,,,,,
PE,03,04,PE03-04,DAJ,2021,2,PE03-04-02-DAJ,PE03-04-02-DAJ-RWBL,RWBL,3,3,3,3,,,,,
PE,03,04,PE03-04,DAJ,2021,2,PE03-04-02-DAJ,PE03-04-02-DAJ-WISN,WISN,2,2,1,2,,,,,
PE,03,04,PE03-04,DAJ,2021,2,PE03-04-02-DAJ,PE03-04-02-DAJ-DEJU,DEJU,1,1,0,1,,,,,
PE,03,04,PE03-04,DAJ,2021,2,PE03-04-02-DAJ,PE03-04-02-DAJ-NOPA,NOPA,1,1,0,1,,,,,
PE,03,04,PE03-04,DAJ,2021,2,PE03-04-02-DAJ,PE03-04-02-DAJ-TRES,TRES,0,0,0,0,OF,,,,Written as TRSW
PE,03,05,PE03-05,DAJ,2021,2,PE03-05-02-DAJ,PE03-05-02-DAJ-DEJU,DEJU,1,1,1,1,,,,,
PE,03,05,PE03-05,DAJ,2021,2,PE03-05-02-DAJ,PE03-05-02-DAJ-RWBL,RWBL,4,3,2,4,,,,,
PE,03,05,PE03-05,DAJ,2021,2,PE03-05-02-DAJ,PE03-05-02-DAJ-AMRO,AMRO,1,0,1,1,,,,,
PE,03,05,PE03-05,DAJ,2021,2,PE03-05-02-DAJ,PE03-05-02-DAJ-WTSP,WTSP,1,1,2,2,,,,,
PE,03,05,PE03-05,DAJ,2021,2,PE03-05-02-DAJ,PE03-05-02-DAJ-SOSP,SOSP,2,2,2,2,,,,,
PE,03,05,PE03-05,DAJ,2021,2,PE03-05-02-DAJ,PE03-05-02-DAJ-MALL,MALL,1,0,0,1,,,,,
PE,03,05,PE03-05,DAJ,2021,2,PE03-05-02-DAJ,PE03-05-02-DAJ-GBHE,GBHE,0,0,0,0,OF,,,,
PE,03,05,PE03-05,DAJ,2021,2,PE03-05-02-DAJ,PE03-05-02-DAJ-SWSP,SWSP,0,2,1,2,,,,,Written as SWPA
PE,03,05,PE03-05,DAJ,2021,2,PE03-05-02-DAJ,PE03-05-02-DAJ-NOPA,NOPA,0,1,1,1,,,,,
PE,03,06,PE03-06,DAJ,2021,2,PE03-06-02-DAJ,PE03-06-02-DAJ-DEJU,DEJU,1,1,0,1,,,,,
PE,03,06,PE03-06,DAJ,2021,2,PE03-06-02-DAJ,PE03-06-02-DAJ-SOSP,SOSP,1,2,1,2,,,,,
PE,03,06,PE03-06,DAJ,2021,2,PE03-06-02-DAJ,PE03-06-02-DAJ-RWBL,RWBL,1,1,1,1,,,,,
PE,03,06,PE03-06,DAJ,2021,2,PE03-06-02-DAJ,PE03-06-02-DAJ-YEWA,YEWA,1,1,1,1,,,,,
PE,03,06,PE03-06,DAJ,2021,2,PE03-06-02-DAJ,PE03-06-02-DAJ-COYE,COYE,1,1,1,1,,,,,
PE,03,06,PE03-06,DAJ,2021,2,PE03-06-02-DAJ,PE03-06-02-DAJ-NOPA,NOPA,1,0,0,1,,,,,
PE,03,06,PE03-06,DAJ,2021,2,PE03-06-02-DAJ,PE03-06-02-DAJ-ALFL,ALFL,1,1,0,1,,,,,seen/no call
PE,03,06,PE03-06,DAJ,2021,2,PE03-06-02-DAJ,PE03-06-02-DAJ-AMRO,AMRO,2,1,2,2,,,,,
PE,03,06,PE03-06,DAJ,2021,2,PE03-06-02-DAJ,PE03-06-02-DAJ-WTSP,WTSP,1,1,1,1,,,,,
PE,03,06,PE03-06,DAJ,2021,2,PE03-06-02-DAJ,PE03-06-02-DAJ-GBHE,GBHE,0,0,0,0,OF,,,,
PE,03,06,PE03-06,DAJ,2021,2,PE03-06-02-DAJ,PE03-06-02-DAJ-BAEA,BAEA,0,0,0,0,OF,,,,
PE,11,01,PE11-01,DAJ,2021,1,PE11-01-01-DAJ,PE11-01-01-DAJ-ALFL,ALFL,1,1,0,1,,,,,
PE,11,01,PE11-01,DAJ,2021,1,PE11-01-01-DAJ,PE11-01-01-DAJ-BTNW,BTNW,2,1,1,2,,,,,Written as BTGW
PE,11,01,PE11-01,DAJ,2021,1,PE11-01-01-DAJ,PE11-01-01-DAJ-AMRO,AMRO,2,2,2,2,,,,,
PE,11,01,PE11-01,DAJ,2021,1,PE11-01-01-DAJ,PE11-01-01-DAJ-WTSP,WTSP,1,1,0,1,,,,,
PE,11,01,PE11-01,DAJ,2021,1,PE11-01-01-DAJ,PE11-01-01-DAJ-RCKI,RCKI,1,1,1,1,,,,,
PE,11,01,PE11-01,DAJ,2021,1,PE11-01-01-DAJ,PE11-01-01-DAJ-BLJA,BLJA,0,1,0,1,,,,,
PE,11,01,PE11-01,DAJ,2021,1,PE11-01-01-DAJ,PE11-01-01-DAJ-HETH,HETH,0,1,1,1,,,,,
PE,11,01,PE11-01,DAJ,2021,1,PE11-01-01-DAJ,PE11-01-01-DAJ-COYE,COYE,0,0,1,1,,,,,
PE,11,02,PE11-02,DAJ,2021,1,PE11-02-01-DAJ,PE11-02-01-DAJ-SWSP,SWSP,1,1,1,1,,,,,
PE,11,02,PE11-02,DAJ,2021,1,PE11-02-01-DAJ,PE11-02-01-DAJ-ALFL,ALFL,2,2,1,2,,,,,
PE,11,02,PE11-02,DAJ,2021,1,PE11-02-01-DAJ,PE11-02-01-DAJ-RWBL,RWBL,1,1,2,2,OF,,,,
PE,11,02,PE11-02,DAJ,2021,1,PE11-02-01-DAJ,PE11-02-01-DAJ-GBHE,GBHE,1,0,0,1,,,,,
PE,11,02,PE11-02,DAJ,2021,1,PE11-02-01-DAJ,PE11-02-01-DAJ-COYE,COYE,1,1,1,1,,,,,
PE,11,02,PE11-02,DAJ,2021,1,PE11-02-01-DAJ,PE11-02-01-DAJ-COGR,COGR,0,2,0,2,,,,,
PE,11,03,PE11-03,DAJ,2021,1,PE11-03-01-DAJ,PE11-03-01-DAJ-ALFL,ALFL,2,2,2,2,,,,,
PE,11,03,PE11-03,DAJ,2021,1,PE11-03-01-DAJ,PE11-03-01-DAJ-OVEN,OVEN,1,0,0,1,,,,,
PE,11,03,PE11-03,DAJ,2021,1,PE11-03-01-DAJ,PE11-03-01-DAJ-REVI,REVI,1,0,1,1,,,,,
PE,11,03,PE11-03,DAJ,2021,1,PE11-03-01-DAJ,PE11-03-01-DAJ-RWBL,RWBL,2,2,4,4,OF,,,,
PE,11,03,PE11-03,DAJ,2021,1,PE11-03-01-DAJ,PE11-03-01-DAJ-AMRO,AMRO,1,1,0,1,,,,,
PE,11,03,PE11-03,DAJ,2021,1,PE11-03-01-DAJ,PE11-03-01-DAJ-DEJU,DEJU,1,1,0,1,,,,,
PE,11,03,PE11-03,DAJ,2021,1,PE11-03-01-DAJ,PE11-03-01-DAJ-RCKI,RCKI,0,0,1,1,OF,,,,
PE,11,03,PE11-03,DAJ,2021,1,PE11-03-01-DAJ,PE11-03-01-DAJ-BWWA,BWWA,0,0,1,1,,,,,
PE,11,03,PE11-03,DAJ,2021,1,PE11-03-01-DAJ,PE11-03-01-DAJ-BLJA,BLJA,0,0,1,1,,,,,
PE,11,03,PE11-03,DAJ,2021,1,PE11-03-01-DAJ,PE11-03-01-DAJ-RTHU,RTHU,0,0,1,1,,,,,
PE,11,04,PE11-04,DAJ,2021,1,PE11-04-01-DAJ,PE11-04-01-DAJ-ALFL,ALFL,2,1,2,2,,,,,
PE,11,04,PE11-04,DAJ,2021,1,PE11-04-01-DAJ,PE11-04-01-DAJ-DEJU,DEJU,1,1,0,1,,,,,
PE,11,04,PE11-04,DAJ,2021,1,PE11-04-01-DAJ,PE11-04-01-DAJ-AMWI,AMWI,2,2,0,2,,,,,
PE,11,04,PE11-04,DAJ,2021,1,PE11-04-01-DAJ,PE11-04-01-DAJ-GCKI,GCKI,1,1,1,1,,,,,
PE,11,04,PE11-04,DAJ,2021,1,PE11-04-01-DAJ,PE11-04-01-DAJ-RWBL,RWBL,1,1,1,1,,,,,
PE,11,04,PE11-04,DAJ,2021,1,PE11-04-01-DAJ,PE11-04-01-DAJ-GBHE,GBHE,0,0,0,0,OF,,,,
PE,11,04,PE11-04,DAJ,2021,1,PE11-04-01-DAJ,PE11-04-01-DAJ-RNDU,RNDU,2,2,2,2,,,,,
PE,11,04,PE11-04,DAJ,2021,1,PE11-04-01-DAJ,PE11-04-01-DAJ-NOPA,NOPA,1,0,2,2,,,,,
PE,11,04,PE11-04,DAJ,2021,1,PE11-04-01-DAJ,PE11-04-01-DAJ-RBNU,RBNU,0,0,1,1,,,,,
PE,11,04,PE11-04,DAJ,2021,1,PE11-04-01-DAJ,PE11-04-01-DAJ-WTSP,WTSP,0,0,1,1,,,,,
PE,11,05,PE11-05,DAJ,2021,1,PE11-05-01-DAJ,PE11-05-01-DAJ-WTSP,WTSP,1,1,0,1,,,,,
PE,11,05,PE11-05,DAJ,2021,1,PE11-05-01-DAJ,PE11-05-01-DAJ-RWBL,RWBL,3,2,2,3,OF,,,,
PE,11,05,PE11-05,DAJ,2021,1,PE11-05-01-DAJ,PE11-05-01-DAJ-AMRO,AMRO,1,1,1,1,,,,,
PE,11,05,PE11-05,DAJ,2021,1,PE11-05-01-DAJ,PE11-05-01-DAJ-DEJU,DEJU,1,1,0,1,,,,,
PE,11,05,PE11-05,DAJ,2021,1,PE11-05-01-DAJ,PE11-05-01-DAJ-REVI,REVI,0,1,1,1,,,,,
PE,11,05,PE11-05,DAJ,2021,1,PE11-05-01-DAJ,PE11-05-01-DAJ-BAEA,BAEA,0,0,0,0,OF,,,,
PE,11,05,PE11-05,DAJ,2021,1,PE11-05-01-DAJ,PE11-05-01-DAJ-ALFL,ALFL,0,0,1,1,,,,,
PE,11,05,PE11-05,DAJ,2021,1,PE11-05-01-DAJ,PE11-05-01-DAJ-YEWA,YEWA,0,0,1,1,,,,,
PE,11,05,PE11-05,DAJ,2021,1,PE11-05-01-DAJ,PE11-05-01-DAJ-SWSP,SWSP,0,1,1,1,,,,,
PE,11,06,PE11-06,DAJ,2021,1,PE11-06-01-DAJ,PE11-06-01-DAJ-YEWA,YEWA,3,3,3,3,,,,,
PE,11,06,PE11-06,DAJ,2021,1,PE11-06-01-DAJ,PE11-06-01-DAJ-RWBL,RWBL,2,1,1,2,OF,,,,
PE,11,06,PE11-06,DAJ,2021,1,PE11-06-01-DAJ,PE11-06-01-DAJ-REVI,REVI,1,1,0,1,,,,,
PE,11,06,PE11-06,DAJ,2021,1,PE11-06-01-DAJ,PE11-06-01-DAJ-BTNW,BTNW,1,1,0,1,,,,,Written as BTGW
PE,11,06,PE11-06,DAJ,2021,1,PE11-06-01-DAJ,PE11-06-01-DAJ-OSFL,OSFL,1,0,0,1,,,,,
PE,11,06,PE11-06,DAJ,2021,1,PE11-06-01-DAJ,PE11-06-01-DAJ-DEJU,DEJU,0,1,0,1,,,,,
PE,11,06,PE11-06,DAJ,2021,1,PE11-06-01-DAJ,PE11-06-01-DAJ-NOPA,NOPA,0,1,0,1,,,,,
PE,11,06,PE11-06,DAJ,2021,1,PE11-06-01-DAJ,PE11-06-01-DAJ-ALFL,ALFL,0,0,1,1,,,,,
PE,11,06,PE11-06,DAJ,2021,1,PE11-06-01-DAJ,PE11-06-01-DAJ-AMRO,AMRO,0,0,0,0,OF,,,,
PE,11,07,PE11-07,DAJ,2021,1,PE11-07-01-DAJ,PE11-07-01-DAJ-ALFL,ALFL,1,1,1,1,,,,,
PE,11,07,PE11-07,DAJ,2021,1,PE11-07-01-DAJ,PE11-07-01-DAJ-RCKI,RCKI,1,0,1,1,,,,,
PE,11,07,PE11-07,DAJ,2021,1,PE11-07-01-DAJ,PE11-07-01-DAJ-AMRO,AMRO,1,1,1,1,,,,,
PE,11,07,PE11-07,DAJ,2021,1,PE11-07-01-DAJ,PE11-07-01-DAJ-DEJU,DEJU,1,0,1,1,,,,,
PE,11,07,PE11-07,DAJ,2021,1,PE11-07-01-DAJ,PE11-07-01-DAJ-BLJA,BLJA,0,1,2,2,OF,,,,
PE,11,07,PE11-07,DAJ,2021,1,PE11-07-01-DAJ,PE11-07-01-DAJ-HETH,HETH,1,0,0,1,,,,,
PE,11,07,PE11-07,DAJ,2021,1,PE11-07-01-DAJ,PE11-07-01-DAJ-BWTE,BWTE,0,0,0,0,OF,,,,
PE,11,07,PE11-07,DAJ,2021,1,PE11-07-01-DAJ,PE11-07-01-DAJ-REVI,REVI,1,1,1,1,,,,,
PE,11,07,PE11-07,DAJ,2021,1,PE11-07-01-DAJ,PE11-07-01-DAJ-RWBL,RWBL,1,1,3,3,,,,,
PE,11,07,PE11-07,DAJ,2021,1,PE11-07-01-DAJ,PE11-07-01-DAJ-SWSP,SWSP,0,1,1,1,,,,,
PE,11,07,PE11-07,DAJ,2021,1,PE11-07-01-DAJ,PE11-07-01-DAJ-COGR,COGR,0,1,0,1,OF,,,,
PE,11,07,PE11-07,DAJ,2021,1,PE11-07-01-DAJ,PE11-07-01-DAJ-BTBW,BTBW,0,0,1,1,,,,,Written as BTBL
PE,11,08,PE11-08,DAJ,2021,1,PE11-08-01-DAJ,PE11-08-01-DAJ-RWBL,RWBL,2,3,3,3,,,,,
PE,11,08,PE11-08,DAJ,2021,1,PE11-08-01-DAJ,PE11-08-01-DAJ-AMRO,AMRO,1,1,1,1,,,,,
PE,11,08,PE11-08,DAJ,2021,1,PE11-08-01-DAJ,PE11-08-01-DAJ-WODU,WODU,0,0,0,0,OF,,,,
PE,11,08,PE11-08,DAJ,2021,1,PE11-08-01-DAJ,PE11-08-01-DAJ-YEWA,YEWA,2,2,0,2,,,,,
PE,11,08,PE11-08,DAJ,2021,1,PE11-08-01-DAJ,PE11-08-01-DAJ-AMWI,AMWI,0,0,0,0,OF,,,,
PE,11,08,PE11-08,DAJ,2021,1,PE11-08-01-DAJ,PE11-08-01-DAJ-COGR,COGR,1,0,1,1,,,,,
PE,11,08,PE11-08,DAJ,2021,1,PE11-08-01-DAJ,PE11-08-01-DAJ-DEJU,DEJU,1,1,1,1,,,,,
PE,11,08,PE11-08,DAJ,2021,1,PE11-08-01-DAJ,PE11-08-01-DAJ-GCKI,GCKI,0,0,1,1,,,,,
PE,11,08,PE11-08,DAJ,2021,1,PE11-08-01-DAJ,PE11-08-01-DAJ-CEDW,CEDW,0,0,1,1,,,,,Written as CEWA
PE,11,08,PE11-08,DAJ,2021,1,PE11-08-01-DAJ,PE11-08-01-DAJ-ALFL,ALFL,0,0,1,1,,,,,
PE,11,09,PE11-09,DAJ,2021,1,PE11-09-01-DAJ,PE11-09-01-DAJ-RWBL,RWBL,2,2,3,3,OF,,,,
PE,11,09,PE11-09,DAJ,2021,1,PE11-09-01-DAJ,PE11-09-01-DAJ-SWSP,SWSP,1,0,0,1,,,,,
PE,11,09,PE11-09,DAJ,2021,1,PE11-09-01-DAJ,PE11-09-01-DAJ-YEWA,YEWA,1,1,1,1,,,,,
PE,11,09,PE11-09,DAJ,2021,1,PE11-09-01-DAJ,PE11-09-01-DAJ-WISN,WISN,2,2,2,2,,,,,
PE,11,09,PE11-09,DAJ,2021,1,PE11-09-01-DAJ,PE11-09-01-DAJ-COYE,COYE,0,0,1,1,,,,,
PE,11,10,PE11-10,DAJ,2021,1,PE11-10-01-DAJ,PE11-10-01-DAJ-RWBL,RWBL,1,1,1,1,,,,,
PE,11,10,PE11-10,DAJ,2021,1,PE11-10-01-DAJ,PE11-10-01-DAJ-COYE,COYE,1,2,1,2,,,,,
PE,11,10,PE11-10,DAJ,2021,1,PE11-10-01-DAJ,PE11-10-01-DAJ-SWSP,SWSP,1,2,0,2,,,,,
PE,11,10,PE11-10,DAJ,2021,1,PE11-10-01-DAJ,PE11-10-01-DAJ-WISN,WISN,1,0,0,1,,,,,
PE,11,10,PE11-10,DAJ,2021,1,PE11-10-01-DAJ,PE11-10-01-DAJ-WTSP,WTSP,1,1,1,1,,,,,
PE,11,10,PE11-10,DAJ,2021,1,PE11-10-01-DAJ,PE11-10-01-DAJ-BCCH,BCCH,1,0,0,1,,,,,
PE,11,10,PE11-10,DAJ,2021,1,PE11-10-01-DAJ,PE11-10-01-DAJ-ALFL,ALFL,1,0,0,1,,,,,
PE,11,10,PE11-10,DAJ,2021,1,PE11-10-01-DAJ,PE11-10-01-DAJ-AMRO,AMRO,1,1,0,1,,,,,
PE,11,10,PE11-10,DAJ,2021,1,PE11-10-01-DAJ,PE11-10-01-DAJ-GBHE,GBHE,0,0,0,0,OF,,,,
PE,11,01,PE11-01,DAJ,2021,2,PE11-01-02-DAJ,PE11-01-02-DAJ-AMRO,AMRO,1,1,1,1,,,,,
PE,11,01,PE11-01,DAJ,2021,2,PE11-01-02-DAJ,PE11-01-02-DAJ-BCCH,BCCH,2,2,2,2,,,,,
PE,11,01,PE11-01,DAJ,2021,2,PE11-01-02-DAJ,PE11-01-02-DAJ-ALFL,ALFL,1,1,2,2,,,,,
PE,11,01,PE11-01,DAJ,2021,2,PE11-01-02-DAJ,PE11-01-02-DAJ-SOSP,SOSP,2,2,1,2,,,,,
PE,11,01,PE11-01,DAJ,2021,2,PE11-01-02-DAJ,PE11-01-02-DAJ-NOPA,NOPA,2,2,1,2,,,,,
PE,11,02,PE11-02,DAJ,2021,2,PE11-02-02-DAJ,PE11-02-02-DAJ-ALFL,ALFL,1,1,1,1,OF,,,,
PE,11,02,PE11-02,DAJ,2021,2,PE11-02-02-DAJ,PE11-02-02-DAJ-AMRO,AMRO,1,1,1,1,OF,,,,
PE,11,02,PE11-02,DAJ,2021,2,PE11-02-02-DAJ,PE11-02-02-DAJ-CEDW,CEDW,1,0,0,1,,,,,Written as CEWA
PE,11,02,PE11-02,DAJ,2021,2,PE11-02-02-DAJ,PE11-02-02-DAJ-RWBL,RWBL,0,1,2,2,OF,,,,
PE,11,02,PE11-02,DAJ,2021,2,PE11-02-02-DAJ,PE11-02-02-DAJ-SWSP,SWSP,0,1,1,1,OF,,,,
PE,11,03,PE11-03,DAJ,2021,2,PE11-03-02-DAJ,PE11-03-02-DAJ-AMRO,AMRO,2,2,1,2,OF,,,,
PE,11,03,PE11-03,DAJ,2021,2,PE11-03-02-DAJ,PE11-03-02-DAJ-GCKI,GCKI,1,1,1,1,,,,,
PE,11,03,PE11-03,DAJ,2021,2,PE11-03-02-DAJ,PE11-03-02-DAJ-CEDW,CEDW,1,1,2,2,,,,,Written as CEWA
PE,11,03,PE11-03,DAJ,2021,2,PE11-03-02-DAJ,PE11-03-02-DAJ-NOPA,NOPA,1,1,0,1,,,,,
PE,11,03,PE11-03,DAJ,2021,2,PE11-03-02-DAJ,PE11-03-02-DAJ-COGR,COGR,3,0,0,3,,,,,
PE,11,03,PE11-03,DAJ,2021,2,PE11-03-02-DAJ,PE11-03-02-DAJ-NOFL,NOFL,1,0,1,1,,,,,
PE,11,03,PE11-03,DAJ,2021,2,PE11-03-02-DAJ,PE11-03-02-DAJ-RTHU,RTHU,1,1,0,1,,,,,
PE,11,03,PE11-03,DAJ,2021,2,PE11-03-02-DAJ,PE11-03-02-DAJ-YEWA,YEWA,0,1,1,1,,,,,
PE,11,03,PE11-03,DAJ,2021,2,PE11-03-02-DAJ,PE11-03-02-DAJ-REVI,REVI,0,0,1,1,,,,,
PE,11,03,PE11-03,DAJ,2021,2,PE11-03-02-DAJ,PE11-03-02-DAJ-RWBL,RWBL,0,0,1,1,,,,,
PE,11,04,PE11-04,DAJ,2021,2,PE11-04-02-DAJ,PE11-04-02-DAJ-COYE,COYE,1,1,0,1,,,,,
PE,11,04,PE11-04,DAJ,2021,2,PE11-04-02-DAJ,PE11-04-02-DAJ-AMRO,AMRO,1,1,1,1,OF,,,,
PE,11,04,PE11-04,DAJ,2021,2,PE11-04-02-DAJ,PE11-04-02-DAJ-SOSP,SOSP,1,0,0,1,,,,,
PE,11,04,PE11-04,DAJ,2021,2,PE11-04-02-DAJ,PE11-04-02-DAJ-SWSP,SWSP,1,1,1,1,,,,,
PE,11,04,PE11-04,DAJ,2021,2,PE11-04-02-DAJ,PE11-04-02-DAJ-GCKI,GCKI,1,1,0,1,,,,,
PE,11,04,PE11-04,DAJ,2021,2,PE11-04-02-DAJ,PE11-04-02-DAJ-YEWA,YEWA,1,1,0,1,,,,,
PE,11,04,PE11-04,DAJ,2021,2,PE11-04-02-DAJ,PE11-04-02-DAJ-NOPA,NOPA,0,2,0,2,,,,,
PE,11,05,PE11-05,DAJ,2021,2,PE11-05-02-DAJ,PE11-05-02-DAJ-SWSP,SWSP,2,1,1,2,,,,,
PE,11,05,PE11-05,DAJ,2021,2,PE11-05-02-DAJ,PE11-05-02-DAJ-RWBL,RWBL,2,0,1,2,,,,,
PE,11,05,PE11-05,DAJ,2021,2,PE11-05-02-DAJ,PE11-05-02-DAJ-YEWA,YEWA,3,2,1,3,,,,,
PE,11,05,PE11-05,DAJ,2021,2,PE11-05-02-DAJ,PE11-05-02-DAJ-ALFL,ALFL,1,0,1,1,,,,,
PE,11,05,PE11-05,DAJ,2021,2,PE11-05-02-DAJ,PE11-05-02-DAJ-AMRO,AMRO,1,1,0,1,,,,,
PE,11,05,PE11-05,DAJ,2021,2,PE11-05-02-DAJ,PE11-05-02-DAJ-BWTE,BWTE,0,0,0,0,OF,,,,
PE,11,06,PE11-06,DAJ,2021,2,PE11-06-02-DAJ,PE11-06-02-DAJ-YEWA,YEWA,1,1,1,1,,,,,
PE,11,06,PE11-06,DAJ,2021,2,PE11-06-02-DAJ,PE11-06-02-DAJ-COYE,COYE,1,1,1,1,,,,,
PE,11,06,PE11-06,DAJ,2021,2,PE11-06-02-DAJ,PE11-06-02-DAJ-AMRO,AMRO,1,1,0,1,,,,,
PE,11,07,PE11-07,DAJ,2021,2,PE11-07-02-DAJ,PE11-07-02-DAJ-SWSP,SWSP,2,2,2,2,,,,,
PE,11,07,PE11-07,DAJ,2021,2,PE11-07-02-DAJ,PE11-07-02-DAJ-RWBL,RWBL,1,1,1,1,,,,,
PE,11,07,PE11-07,DAJ,2021,2,PE11-07-02-DAJ,PE11-07-02-DAJ-CEDW,CEDW,1,1,1,1,,,,,Written as CEWA
PE,11,07,PE11-07,DAJ,2021,2,PE11-07-02-DAJ,PE11-07-02-DAJ-WODU,WODU,0,0,0,0,OF,,,,
PE,11,07,PE11-07,DAJ,2021,2,PE11-07-02-DAJ,PE11-07-02-DAJ-RCKI,RCKI,1,1,1,1,,,,,
PE,11,08,PE11-08,DAJ,2021,2,PE11-08-02-DAJ,PE11-08-02-DAJ-YEWA,YEWA,1,1,1,1,,,,,
PE,11,08,PE11-08,DAJ,2021,2,PE11-08-02-DAJ,PE11-08-02-DAJ-RWBL,RWBL,2,2,1,2,OF,,,,
PE,11,08,PE11-08,DAJ,2021,2,PE11-08-02-DAJ,PE11-08-02-DAJ-CEDW,CEDW,1,1,1,1,,,,,Written as CEWA
PE,11,08,PE11-08,DAJ,2021,2,PE11-08-02-DAJ,PE11-08-02-DAJ-COYE,COYE,0,1,1,1,,,,,
PE,11,08,PE11-08,DAJ,2021,2,PE11-08-02-DAJ,PE11-08-02-DAJ-SWSP,SWSP,0,1,1,1,,,,,
PE,11,09,PE11-09,DAJ,2021,2,PE11-09-02-DAJ,PE11-09-02-DAJ-SWSP,SWSP,3,3,4,4,,,,,
PE,11,09,PE11-09,DAJ,2021,2,PE11-09-02-DAJ,PE11-09-02-DAJ-WTSP,WTSP,1,1,0,1,,,,,
PE,11,09,PE11-09,DAJ,2021,2,PE11-09-02-DAJ,PE11-09-02-DAJ-YEWA,YEWA,1,1,1,1,,,,,
PE,11,09,PE11-09,DAJ,2021,2,PE11-09-02-DAJ,PE11-09-02-DAJ-AMRO,AMRO,0,1,1,1,,,,,
PE,11,09,PE11-09,DAJ,2021,2,PE11-09-02-DAJ,PE11-09-02-DAJ-RWBL,RWBL,0,0,0,0,OF,,,,
PE,11,09,PE11-09,DAJ,2021,2,PE11-09-02-DAJ,PE11-09-02-DAJ-NOPA,NOPA,0,0,1,1,,,,,
PE,11,10,PE11-10,DAJ,2021,2,PE11-10-02-DAJ,PE11-10-02-DAJ-RWBL,RWBL,1,1,1,1,,,,,
PE,11,10,PE11-10,DAJ,2021,2,PE11-10-02-DAJ,PE11-10-02-DAJ-SWSP,SWSP,1,2,2,2,,,,,
PE,11,10,PE11-10,DAJ,2021,2,PE11-10-02-DAJ,PE11-10-02-DAJ-YEWA,YEWA,0,1,1,1,,,,,
PE,11,10,PE11-10,DAJ,2021,2,PE11-10-02-DAJ,PE11-10-02-DAJ-BWTE,BWTE,0,1,0,1,,,,,
PE,11,10,PE11-10,DAJ,2021,2,PE11-10-02-DAJ,PE11-10-02-DAJ-COYE,COYE,0,0,1,1,,,,,
PE,11,10,PE11-10,DAJ,2021,2,PE11-10-02-DAJ,PE11-10-02-DAJ-WISN,WISN,0,0,0,0,OF,,,,
